,execution_cycles,compute_cycles,idle_cycles,loads,stores,hit_count,miss_count,miss_rate,private,shared,private_rate,benchmark,protocol,cache_size,associativity,line_size
5033,15231124,10394904,4836220,1493736,1009391,2479500,23627,0.009438994,2026332,475010,0.8100979,blackscholes,MOESI,8192,2,16
5034,15177017,10394904,4782113,1493736,1009391,2480073,23054,0.00921008,2026754,474891,0.8101685,blackscholes,MOESI,8192,2,32
5035,17040157,10394904,6645253,1493736,1009391,2461253,41874,0.01672868,2040804,460085,0.8160314,blackscholes,MOESI,8192,2,64
5036,17170718,10394904,6775814,1493736,1009391,2459954,43173,0.01724763,2061103,438895,0.8244419,blackscholes,MOESI,8192,2,128
5039,20033123,10394904,9638219,1493736,1009391,2431063,72064,0.02878959,2088235,407783,0.8366266,blackscholes,MOESI,8192,2,256
5040,30022694,10394904,19627790,1493736,1009391,2330190,172937,0.06908838,2157201,322809,0.8698356,blackscholes,MOESI,8192,2,512
5042,42750556,10394904,32355652,1493736,1009391,2202144,300983,0.1202428,2259095,185136,0.9242559,blackscholes,MOESI,8192,2,1024
5046,49199945,10394904,38805041,1493736,1009391,2136581,366546,0.1464352,2325821,100416,0.9586125,blackscholes,MOESI,8192,2,2048
