,execution_cycles,compute_cycles,idle_cycles,loads,stores,hit_count,miss_count,miss_rate,private,shared,private_rate,benchmark,protocol,cache_size,associativity,line_size
2010,21021047,10394904,10626143,1493736,1009391,2412649,90478,0.03614599,2080026,416303,0.8332339,blackscholes,Dragon,4096,1,32
2023,17176725,10394904,6781821,1493736,1009391,2466134,36993,0.01477871,2023315,471694,0.810945,blackscholes,Dragon,4096,2,32
2034,16746226,10394904,6351322,1493736,1009391,2469053,34074,0.01361257,2023172,474161,0.810133,blackscholes,Dragon,4096,4,32
2046,15266066,10394904,4871162,1493736,1009391,2486730,16397,0.006550607,2024366,475712,0.8097211,blackscholes,Dragon,4096,8,32
2054,14381877,10394904,3986973,1493736,1009391,2497857,5270,0.002105367,2024788,477252,0.8092548,blackscholes,Dragon,4096,16,32
2068,14374733,10394904,3979829,1493736,1009391,2497978,5149,0.002057027,2024797,477279,0.8092468,blackscholes,Dragon,4096,32,32
2082,14374233,10394904,3979329,1493736,1009391,2497995,5132,0.002050236,2024872,477215,0.8092732,blackscholes,Dragon,4096,64,32
2097,14372736,10394904,3977832,1493736,1009391,2497994,5133,0.002050635,2024868,477214,0.8092732,blackscholes,Dragon,4096,128,32
