,execution_cycles,compute_cycles,idle_cycles,loads,stores,hit_count,miss_count,miss_rate,private,shared,private_rate,benchmark,protocol,cache_size,associativity,line_size
1343,39264078,17140113,22123965,2416052,908867,3100481,224438,0.06750179,2312949,970845,0.7043526,bodytrack,Dragon,4096,1,32
1365,36298739,17140113,19158626,2416052,908867,3139593,185326,0.0557385,2310411,988670,0.7003196,bodytrack,Dragon,4096,2,32
1382,35626844,17140113,18486731,2416052,908867,3147111,177808,0.05347739,2294374,1006770,0.6950239,bodytrack,Dragon,4096,4,32
1393,35387703,17140113,18247590,2416052,908867,3149653,175266,0.05271286,2292064,1010268,0.6940744,bodytrack,Dragon,4096,8,32
1402,35418002,17140113,18277889,2416052,908867,3149801,175118,0.05266835,2290317,1012198,0.6935069,bodytrack,Dragon,4096,16,32
1411,35515321,17140113,18375208,2416052,908867,3149161,175758,0.05286084,2292893,1009526,0.6943071,bodytrack,Dragon,4096,32,32
1420,35650707,17140113,18510594,2416052,908867,3147959,176960,0.05322235,2294564,1007677,0.6948506,bodytrack,Dragon,4096,64,32
1435,35793880,17140113,18653767,2416052,908867,3146751,178168,0.05358567,2293339,1008519,0.6945602,bodytrack,Dragon,4096,128,32
