,execution_cycles,compute_cycles,idle_cycles,loads,stores,hit_count,miss_count,miss_rate,private,shared,private_rate,benchmark,protocol,cache_size,associativity,line_size
497,15237104,10394904,4842200,1493736,1009391,2479500,23627,0.009438994,2026329,475020,0.8100945,blackscholes,MESI,8192,2,16
502,15180674,10394904,4785770,1493736,1009391,2480070,23057,0.009211279,2026729,474919,0.8101575,blackscholes,MESI,8192,2,32
507,17043161,10394904,6648257,1493736,1009391,2461257,41870,0.01672708,2042120,458775,0.8165557,blackscholes,MESI,8192,2,64
514,17171960,10394904,6777056,1493736,1009391,2459956,43171,0.01724683,2059314,440692,0.8237236,blackscholes,MESI,8192,2,128
517,20032466,10394904,9637562,1493736,1009391,2431062,72065,0.02878999,2089211,406813,0.8370156,blackscholes,MESI,8192,2,256
522,30018695,10394904,19623791,1493736,1009391,2330191,172936,0.06908798,2148267,331751,0.8662304,blackscholes,MESI,8192,2,512
527,42695249,10394904,32300345,1493736,1009391,2202145,300982,0.1202424,2262984,181274,0.9258368,blackscholes,MESI,8192,2,1024
530,49186283,10394904,38791379,1493736,1009391,2136579,366548,0.146436,2313314,112948,0.9534477,blackscholes,MESI,8192,2,2048
