pid,execution_cycles,compute_cycles,idle_cycles,loads,stores,hit_count,miss_count,miss_rate,private,shared,private_rate
0,39897284,10430314,29466970,1489888,1007461,2224930,272419,0.1090833,2217783,219561,0.9099179
1,39739654,10383276,29356378,1485857,1004611,2219098,271370,0.1089635,2214137,216586,0.9108965
2,40094383,10430338,29664045,1492629,1016428,2234769,274288,0.1093192,2228461,219709,0.9102558
3,39934236,10394904,29539332,1493736,1009391,2230036,273091,0.1090999,2207397,235571,0.9035718
