pid,execution_cycles,compute_cycles,idle_cycles,loads,stores,hit_count,miss_count,miss_rate,private,shared,private_rate
0,13976002,10430314,3545688,1489888,1007461,2496982,367,0.0001469558,1857227,640122,0.7436794
1,13909396,10383276,3526120,1485857,1004611,2490183,285,0.0001144363,218799,2271669,0.08785457
2,14044034,10430338,3613696,1492629,1016428,2508209,848,0.0003379756,2029518,479305,0.8089522
3,13946191,10394904,3551287,1493736,1009391,2502763,364,0.0001454181,2009628,493492,0.8028492
