pid,execution_cycles,compute_cycles,idle_cycles,loads,stores,hit_count,miss_count,miss_rate,private,shared,private_rate
0,13016961,10430314,2586647,1489888,1007461,2496447,902,0.000361183,2023162,474187,0.8101239
1,12948588,10383276,2565312,1485857,1004611,2489712,756,0.0003035574,2017285,473183,0.8100024
2,13163828,10430338,2733490,1492629,1016428,2506790,2267,0.0009035267,2034191,473816,0.8110787
3,12985151,10394904,2590247,1493736,1009391,2502247,880,0.0003515603,2027844,475283,0.8101243
