pid,execution_cycles,compute_cycles,idle_cycles,loads,stores,hit_count,miss_count,miss_rate,private,shared,private_rate
0,12964986,10430314,2534672,1489888,1007461,2496972,377,0.0001509601,2020313,477036,0.808983
1,12907206,10383276,2523930,1485857,1004611,2490130,338,0.0001357175,2014551,475915,0.8089052
2,13015229,10430338,2584891,1492629,1016428,2508291,766,0.000305294,2032803,476047,0.8102529
3,12938819,10394904,2543915,1493736,1009391,2502715,412,0.0001645941,2025645,477475,0.8092481
