pid,execution_cycles,compute_cycles,idle_cycles,loads,stores,hit_count,miss_count,miss_rate,private,shared,private_rate
0,21521527,10430314,11091213,1489888,1007461,2410921,86428,0.0346079,2053645,435251,0.8251229
1,21428784,10383276,11045508,1485857,1004611,2404428,86040,0.03454772,2046968,435225,0.8246611
2,21659190,10430338,11228852,1492629,1016428,2421332,87725,0.03496333,2066195,434080,0.8263871
3,21569125,10394904,11174221,1493736,1009391,2415973,87154,0.03481805,2063576,430935,0.8272467
