pid,execution_cycles,compute_cycles,idle_cycles,loads,stores,hit_count,miss_count,miss_rate,private,shared,private_rate
0,13980001,10430314,3549687,1489888,1007461,2496833,516,0.0002066191,1215419,1281930,0.4866837
1,13916507,10383276,3533231,1485857,1004611,2490041,427,0.0001714537,129965,2360503,0.05218497
2,14074094,10430338,3643756,1492629,1016428,2507787,1270,0.0005061663,2030609,478227,0.8093829
3,13953412,10394904,3558508,1493736,1009391,2502624,503,0.0002009487,1636108,867019,0.6536256
