pid,execution_cycles,compute_cycles,idle_cycles,loads,stores,hit_count,miss_count,miss_rate,private,shared,private_rate
0,15255153,10430314,4824839,1489888,1007461,2473839,23510,0.009413983,2020729,473667,0.8101075
1,15103818,10383276,4720542,1485857,1004611,2467942,22526,0.009044886,2018276,469954,0.8111292
2,15945827,10430338,5515489,1492629,1016428,2478689,30368,0.01210335,2029037,471829,0.8113338
3,15168497,10394904,4773593,1493736,1009391,2480193,22934,0.00916214,2025836,474901,0.8100956
