pid,execution_cycles,compute_cycles,idle_cycles,loads,stores,hit_count,miss_count,miss_rate,private,shared,private_rate
0,36148212,10430314,25717898,1489888,1007461,2262798,234551,0.09391999,2006983,399387,0.8340293
1,35990343,10383276,25607067,1485857,1004611,2256967,233501,0.09375788,2001515,398701,0.8338895
2,37027976,10430338,26597638,1492629,1016428,2265738,243319,0.09697627,2027046,384781,0.8404608
3,36222035,10394904,25827131,1493736,1009391,2267531,235596,0.09412067,2031977,379968,0.8424641
