pid,execution_cycles,compute_cycles,idle_cycles,loads,stores,hit_count,miss_count,miss_rate,private,shared,private_rate
0,14182379,10430314,3752065,1489888,1007461,2495014,2335,0.0009349915,2019131,477970,0.80859
1,14101537,10383276,3718261,1485857,1004611,2488333,2135,0.0008572686,2014499,475816,0.8089334
2,14332996,10430338,3902658,1492629,1016428,2505463,3594,0.001432411,2031371,476865,0.8098803
3,14169836,10394904,3774932,1493736,1009391,2500647,2480,0.0009907608,2024532,478380,0.8088706
