pid,execution_cycles,compute_cycles,idle_cycles,loads,stores,hit_count,miss_count,miss_rate,private,shared,private_rate
0,22768747,10430314,12338433,1489888,1007461,2397929,99420,0.03981021,2036750,438001,0.8230121
1,22658138,10383276,12274862,1485857,1004611,2391622,98846,0.03968973,2030962,437173,0.8228731
2,23129331,10430338,12698993,1492629,1016428,2406105,102952,0.04103215,2047934,436461,0.824319
3,22787167,10394904,12392263,1493736,1009391,2403223,99904,0.03991168,2042071,438376,0.8232673
