pid,execution_cycles,compute_cycles,idle_cycles,loads,stores,hit_count,miss_count,miss_rate,private,shared,private_rate
0,21044901,10430314,10614587,1489888,1007461,2407196,90153,0.03609948,2078254,412100,0.8345215
1,20929154,10383276,10545878,1485857,1004611,2401122,89346,0.03587518,2074810,409196,0.8352677
2,21488568,10430338,11058230,1492629,1016428,2413431,95626,0.03811233,2088116,410436,0.8357305
3,21021047,10394904,10626143,1493736,1009391,2412649,90478,0.03614599,2080026,416303,0.8332339
