pid,execution_cycles,compute_cycles,idle_cycles,loads,stores,hit_count,miss_count,miss_rate,private,shared,private_rate
0,12983823,10430314,2553509,1489888,1007461,2496741,608,0.0002434582,2022241,475102,0.809757
1,12922596,10383276,2539320,1485857,1004611,2489928,540,0.0002168267,2016562,473904,0.8097127
2,13096058,10430338,2665720,1492629,1016428,2507424,1633,0.0006508421,2034027,474347,0.8108946
3,12955577,10394904,2560673,1493736,1009391,2502513,614,0.0002452932,2027355,475759,0.8099331
