pid,execution_cycles,compute_cycles,idle_cycles,loads,stores,hit_count,miss_count,miss_rate,private,shared,private_rate
0,13404348,10430314,2974034,1489888,1007461,2492534,4815,0.001928044,2022424,473908,0.8101583
1,13290534,10383276,2907258,1485857,1004611,2486258,4210,0.001690445,2019703,470139,0.8111772
2,13835147,10430338,3404809,1492629,1016428,2500009,9048,0.003606136,2032298,472837,0.8112529
3,13346402,10394904,2951498,1493736,1009391,2498598,4529,0.001809337,2027316,475067,0.8101542
