pid,execution_cycles,compute_cycles,idle_cycles,loads,stores,hit_count,miss_count,miss_rate,private,shared,private_rate
0,69967515,10430314,59537201,1489888,1007461,1921177,576172,0.2307134,2149622,141717,0.938151
1,69732204,10383276,59348928,1485857,1004611,1916124,574344,0.2306169,2144577,140618,0.9384656
2,70445930,10430338,60015592,1492629,1016428,1928160,580897,0.23152,2161633,138270,0.9398801
3,70085675,10394904,59690771,1493736,1009391,1925463,577664,0.2307769,2153752,142955,0.9377565
