pid,execution_cycles,compute_cycles,idle_cycles,loads,stores,hit_count,miss_count,miss_rate,private,shared,private_rate
0,87642666,10430314,77212352,1489888,1007461,1742652,754697,0.3021993,2230071,20832,0.990745
1,87322239,10383276,76938963,1485857,1004611,1738463,752005,0.3019533,2226122,18686,0.9916759
2,88060298,10430338,77629960,1492629,1016428,1750260,758797,0.3024232,2240818,19664,0.991301
3,87747179,10394904,77352275,1493736,1009391,1747075,756052,0.302043,2235257,20865,0.9907518
