pid,execution_cycles,compute_cycles,idle_cycles,loads,stores,hit_count,miss_count,miss_rate,private,shared,private_rate
0,14293713,10430314,3863399,1489888,1007461,2493529,3820,0.001529622,2005740,491103,0.8033104
1,14222051,10383276,3838775,1485857,1004611,2486839,3629,0.001457156,1999911,490164,0.8031529
2,14636286,10430338,4205948,1492629,1016428,2501872,7185,0.002863626,2029628,476323,0.8099233
3,14271375,10394904,3876471,1493736,1009391,2499321,3806,0.001520498,2009836,492854,0.8030703
