pid,execution_cycles,compute_cycles,idle_cycles,loads,stores,hit_count,miss_count,miss_rate,private,shared,private_rate
0,12962709,10430314,2532395,1489888,1007461,2496995,354,0.0001417503,2020314,477035,0.8089834
1,12906711,10383276,2523435,1485857,1004611,2490135,333,0.0001337098,2014547,475921,0.808903
2,13011665,10430338,2581327,1492629,1016428,2508327,730,0.000290946,2032815,476052,0.8102522
3,12938225,10394904,2543321,1493736,1009391,2502721,406,0.0001621971,2025616,477505,0.8092361
