pid,execution_cycles,compute_cycles,idle_cycles,loads,stores,hit_count,miss_count,miss_rate,private,shared,private_rate
0,14893902,10430314,4463588,1489888,1007461,2477488,19861,0.007952833,2019412,475100,0.8095419
1,14986206,10383276,4602930,1485857,1004611,2469130,21338,0.008567868,2011927,473919,0.809353
2,15192140,10430338,4761802,1492629,1016428,2486302,22755,0.009069144,2032743,472359,0.8114412
3,14616572,10394904,4221668,1493736,1009391,2485768,17359,0.006934926,2024960,474869,0.8100394
