pid,execution_cycles,compute_cycles,idle_cycles,loads,stores,hit_count,miss_count,miss_rate,private,shared,private_rate
0,70373587,10430314,59943273,1489888,1007461,1933610,563739,0.225735,2309485,22671,0.990279
1,69986862,10383276,59603586,1485857,1004611,1929950,560518,0.2250653,2304877,21581,0.9907237
2,70688767,10430338,60258429,1492629,1016428,1942375,566682,0.2258546,2320090,22451,0.990416
3,70351001,10394904,59956097,1493736,1009391,1939318,563809,0.2252419,2315407,22691,0.9902951
