pid,execution_cycles,compute_cycles,idle_cycles,loads,stores,hit_count,miss_count,miss_rate,private,shared,private_rate
0,14372679,10430314,3942365,1489888,1007461,2492546,4803,0.001923239,2018419,477864,0.8085698
1,14285789,10383276,3902513,1485857,1004611,2486270,4198,0.001685627,2015688,474127,0.8095734
2,14811968,10430338,4381630,1492629,1016428,2499944,9113,0.003632042,2030269,474783,0.8104698
3,14320036,10394904,3925132,1493736,1009391,2498579,4548,0.001816927,2023372,478961,0.8085942
