pid,execution_cycles,compute_cycles,idle_cycles,loads,stores,hit_count,miss_count,miss_rate,private,shared,private_rate
0,15777423,10430314,5347109,1489888,1007461,2468729,28620,0.01146015,2020427,474118,0.8099381
1,15448203,10383276,5064927,1485857,1004611,2464539,25929,0.0104113,2014863,472154,0.8101525
2,15950000,10430338,5519662,1492629,1016428,2478806,30251,0.01205672,2033117,472574,0.8113997
3,15485933,10394904,5091029,1493736,1009391,2477089,26038,0.01040219,2024531,475066,0.809943
