pid,execution_cycles,compute_cycles,idle_cycles,loads,stores,hit_count,miss_count,miss_rate,private,shared,private_rate
0,12978899,10430314,2548585,1489888,1007461,2496877,472,0.0001890004,2021574,475775,0.809488
1,12918280,10383276,2535004,1485857,1004611,2490060,408,0.0001638246,2015787,474681,0.8094009
2,13031092,10430338,2600754,1492629,1016428,2508178,879,0.0003503308,2034037,475004,0.810683
3,12944161,10394904,2549257,1493736,1009391,2502693,434,0.0001733831,2026607,476520,0.8096301
