pid,execution_cycles,compute_cycles,idle_cycles,loads,stores,hit_count,miss_count,miss_rate,private,shared,private_rate
0,15593535,10430314,5163221,1489888,1007461,2470421,26928,0.01078263,2022954,470767,0.8112191
1,15513876,10383276,5130600,1485857,1004611,2463800,26668,0.01070803,2019605,467516,0.8120252
2,15957806,10430338,5527468,1492629,1016428,2478568,30489,0.01215158,2035017,468500,0.8128633
3,15623699,10394904,5228795,1493736,1009391,2475595,27532,0.01099904,2027059,472438,0.8109868
