pid,execution_cycles,compute_cycles,idle_cycles,loads,stores,hit_count,miss_count,miss_rate,private,shared,private_rate
0,13400442,10430314,2970128,1489888,1007461,2492520,4829,0.00193365,2022398,473907,0.8101566
1,13287897,10383276,2904621,1485857,1004611,2486249,4219,0.001694059,2019770,470063,0.811207
2,13832399,10430338,3402061,1492629,1016428,2499957,9100,0.003626861,2032507,472614,0.8113408
3,13344227,10394904,2949323,1493736,1009391,2498575,4552,0.001818525,2027275,475090,0.8101436
