pid,execution_cycles,compute_cycles,idle_cycles,loads,stores,hit_count,miss_count,miss_rate,private,shared,private_rate
0,41015826,10430314,30585512,1489888,1007461,2213624,283725,0.1136105,2137607,277303,0.8851705
1,40866960,10383276,30483684,1485857,1004611,2207700,282768,0.1135401,2127851,280563,0.8835072
2,41355230,10430338,30924892,1492629,1016428,2222016,287041,0.1144019,2165222,259386,0.8930194
3,41083870,10394904,30688966,1493736,1009391,2218414,284713,0.1137429,2145464,275005,0.8863836
