pid,execution_cycles,compute_cycles,idle_cycles,loads,stores,hit_count,miss_count,miss_rate,private,shared,private_rate
0,13225455,10430314,2795141,1489888,1007461,2494341,3008,0.001204477,2022639,474652,0.8099332
1,13144707,10383276,2761431,1485857,1004611,2487731,2737,0.00109899,1995878,494507,0.8014335
2,13729811,10430338,3299473,1492629,1016428,2501073,7984,0.003182072,2032205,473619,0.8109927
3,13198694,10394904,2803790,1493736,1009391,2500090,3037,0.001213282,2026981,476001,0.8098264
