pid,execution_cycles,compute_cycles,idle_cycles,loads,stores,hit_count,miss_count,miss_rate,private,shared,private_rate
0,12987360,10430314,2557046,1489888,1007461,2496746,603,0.000241456,2022194,475155,0.8097362
1,12926709,10383276,2543433,1485857,1004611,2489933,535,0.0002148191,2016521,473947,0.8096956
2,13078292,10430338,2647954,1492629,1016428,2507654,1403,0.0005591742,2034039,474388,0.8108823
3,12956342,10394904,2561438,1493736,1009391,2502538,589,0.0002353057,2027348,475779,0.8099261
