pid,execution_cycles,compute_cycles,idle_cycles,loads,stores,hit_count,miss_count,miss_rate,private,shared,private_rate
0,18605372,10430314,8175058,1489888,1007461,2455089,42260,0.01692194,2056837,439317,0.8240024
1,18258797,10383276,7875521,1485857,1004611,2450648,39820,0.01598896,2049079,439955,0.8232427
2,18810526,10430338,8380188,1492629,1016428,2465003,44054,0.01755799,2068384,438713,0.8250116
3,18348110,10394904,7953206,1493736,1009391,2462737,40390,0.01613582,2059429,442149,0.823252
