pid,execution_cycles,compute_cycles,idle_cycles,loads,stores,hit_count,miss_count,miss_rate,private,shared,private_rate
0,13121442,10430314,2691128,1489888,1007461,2495356,1993,0.0007980462,2022190,474989,0.8097898
1,13199607,10383276,2816331,1485857,1004611,2487143,3325,0.00133509,2016150,473706,0.8097456
2,13237421,10430338,2807083,1492629,1016428,2505995,3062,0.001220379,2034043,474262,0.8109233
3,13210889,10394904,2815985,1493736,1009391,2499929,3198,0.001277602,2026864,475648,0.8099318
