pid,execution_cycles,compute_cycles,idle_cycles,loads,stores,hit_count,miss_count,miss_rate,private,shared,private_rate
0,13160511,10430314,2730197,1489888,1007461,2497041,308,0.0001233308,2012788,484561,0.8059699
1,13094514,10383276,2711238,1485857,1004611,2490170,298,0.0001196562,2006964,483504,0.8058582
2,13156403,10430338,2726065,1492629,1016428,2508657,400,0.0001594224,2026506,482491,0.8076957
3,13147049,10394904,2752145,1493736,1009391,2502777,350,0.0001398251,2018689,484438,0.8064669
