pid,execution_cycles,compute_cycles,idle_cycles,loads,stores,hit_count,miss_count,miss_rate,private,shared,private_rate
0,13980073,10430314,3549759,1489888,1007461,2496833,516,0.0002066191,2011438,485910,0.8054296
1,13916579,10383276,3533303,1485857,1004611,2490041,427,0.0001714537,1933008,557460,0.7761626
2,14079650,10430338,3649312,1492629,1016428,2507761,1296,0.0005165287,2030237,478173,0.8093721
3,13953448,10394904,3558544,1493736,1009391,2502624,503,0.0002009487,2011787,491340,0.8037095
