pid,execution_cycles,compute_cycles,idle_cycles,loads,stores,hit_count,miss_count,miss_rate,private,shared,private_rate
0,13054371,10430314,2624057,1489888,1007461,2496993,356,0.0001425512,2018021,479328,0.8080653
1,12991896,10383276,2608620,1485857,1004611,2490136,332,0.0001333083,2012245,478223,0.8079787
2,13071592,10430338,2641254,1492629,1016428,2508554,503,0.0002004737,2030394,478617,0.8092408
3,13028533,10394904,2633629,1493736,1009391,2502741,386,0.0001542071,2023315,479812,0.808315
