pid,execution_cycles,compute_cycles,idle_cycles,loads,stores,hit_count,miss_count,miss_rate,private,shared,private_rate
0,14042403,10430314,3612089,1489888,1007461,2486089,11260,0.004508781,2024393,471360,0.8111352
1,13980168,10383276,3596892,1485857,1004611,2479292,11176,0.00448751,2020675,468453,0.8118004
2,14415980,10430338,3985642,1492629,1016428,2494142,14915,0.005944464,2036867,468682,0.8129424
3,14055836,10394904,3660932,1493736,1009391,2491432,11695,0.004672156,2028056,473491,0.8107207
