pid,execution_cycles,compute_cycles,idle_cycles,loads,stores,hit_count,miss_count,miss_rate,private,shared,private_rate
0,110810510,10430314,100380196,1489888,1007461,1508632,988717,0.3959066,2141848,8192,0.9961898
1,110415635,10383276,100032359,1485857,1004611,1505195,985273,0.3956176,2137352,6936,0.9967654
2,111075187,10430338,100644849,1492629,1016428,1517785,991272,0.3950775,2151427,8646,0.9959974
3,110950533,10394904,100555629,1493736,1009391,1512697,990430,0.3956771,2146811,8340,0.9961302
