pid,execution_cycles,compute_cycles,idle_cycles,loads,stores,hit_count,miss_count,miss_rate,private,shared,private_rate
0,13980001,10430314,3549687,1489888,1007461,2496833,516,0.0002066191,93336,2404013,0.03737403
1,13916507,10383276,3533231,1485857,1004611,2490041,427,0.0001714537,42057,2448411,0.01688719
2,14073996,10430338,3643658,1492629,1016428,2507788,1269,0.0005057677,2030601,478232,0.8093807
3,13953412,10394904,3558508,1493736,1009391,2502624,503,0.0002009487,1519508,983619,0.6070439
