pid,execution_cycles,compute_cycles,idle_cycles,loads,stores,hit_count,miss_count,miss_rate,private,shared,private_rate
0,67514283,10430314,57083969,1489888,1007461,1945969,551380,0.2207861,2293590,24214,0.989553
1,67233951,10383276,56850675,1485857,1004611,1941375,549093,0.2204778,2286389,25384,0.9890197
2,67834796,10430338,57404458,1492629,1016428,1954558,554499,0.220999,2303154,25186,0.9891829
3,67562564,10394904,57167660,1493736,1009391,1950960,552167,0.2205909,2299170,24244,0.9895654
