pid,execution_cycles,compute_cycles,idle_cycles,loads,stores,hit_count,miss_count,miss_rate,private,shared,private_rate
0,14019727,10430314,3589413,1489888,1007461,2497213,136,5.445775e-05,461441,2035892,0.1847735
1,36421877,10383276,26038601,1485857,1004611,2401234,89234,0.03583021,1819005,626890,0.7436971
2,14118179,10430338,3687841,1492629,1016428,2508667,390,0.0001554369,2018947,490040,0.8046861
3,13959318,10394904,3564414,1493736,1009391,2502976,151,6.032455e-05,21458,2481658,0.008572515
