pid,execution_cycles,compute_cycles,idle_cycles,loads,stores,hit_count,miss_count,miss_rate,private,shared,private_rate
0,69968394,10430314,59538080,1489888,1007461,1921180,576169,0.2307122,2149340,142001,0.9380271
1,69734196,10383276,59350920,1485857,1004611,1916120,574348,0.2306185,2149178,136017,0.940479
2,70447901,10430338,60017563,1492629,1016428,1928163,580894,0.2315189,2159958,139953,0.9391485
3,70086668,10394904,59691764,1493736,1009391,1925464,577663,0.2307765,2152258,144451,0.9371052
