pid,execution_cycles,compute_cycles,idle_cycles,loads,stores,hit_count,miss_count,miss_rate,private,shared,private_rate
0,15674814,10430314,5244500,1489888,1007461,2469600,27749,0.01111138,2019730,473271,0.8101601
1,15524469,10383276,5141193,1485857,1004611,2463693,26775,0.01075099,2018304,468527,0.8115968
2,16439540,10430338,6009202,1492629,1016428,2473702,35355,0.01409095,2030937,468120,0.8126813
3,15623996,10394904,5229092,1493736,1009391,2475592,27535,0.01100024,2024930,474280,0.810228
