pid,execution_cycles,compute_cycles,idle_cycles,loads,stores,hit_count,miss_count,miss_rate,private,shared,private_rate
0,22492841,10430314,12062527,1489888,1007461,2445403,51946,0.02080046,546931,1928116,0.220978
1,25001061,10383276,14617785,1485857,1004611,2397353,93115,0.03738856,1960106,485739,0.8014024
2,17999087,10430338,7568749,1492629,1016428,2501357,7700,0.003068882,2023537,485142,0.8066146
3,20363922,10394904,9969018,1493736,1009391,2454681,48446,0.01935419,439222,2041490,0.1770548
