pid,execution_cycles,compute_cycles,idle_cycles,loads,stores,hit_count,miss_count,miss_rate,private,shared,private_rate
0,14100322,10430314,3670008,1489888,1007461,2495845,1504,0.0006022386,2021282,475806,0.8094557
1,14008428,10383276,3625152,1485857,1004611,2489229,1239,0.0004974969,2017749,472560,0.8102404
2,14279399,10430338,3849061,1492629,1016428,2505958,3099,0.001235125,2032487,475629,0.810364
3,14097262,10394904,3702358,1493736,1009391,2501381,1746,0.0006975275,2026880,475996,0.8098204
