pid,execution_cycles,compute_cycles,idle_cycles,loads,stores,hit_count,miss_count,miss_rate,private,shared,private_rate
0,13050596,10430314,2620282,1489888,1007461,2497002,347,0.0001389473,2018041,479308,0.8080733
1,12991286,10383276,2608010,1485857,1004611,2490138,330,0.0001325052,2012256,478212,0.8079831
2,13067881,10430338,2637543,1492629,1016428,2508579,478,0.0001905098,2030670,478385,0.8093366
3,13028335,10394904,2633431,1493736,1009391,2502743,384,0.0001534081,2023296,479831,0.8083074
