pid,execution_cycles,compute_cycles,idle_cycles,loads,stores,hit_count,miss_count,miss_rate,private,shared,private_rate
0,15590444,10430314,5160130,1489888,1007461,2470422,26927,0.01078223,2022968,470753,0.8112247
1,15511762,10383276,5128486,1485857,1004611,2463798,26670,0.01070883,2019626,467493,0.8120343
2,15954895,10430338,5524557,1492629,1016428,2478561,30496,0.01215437,2035042,468464,0.8128768
3,15622043,10394904,5227139,1493736,1009391,2475587,27540,0.01100224,2027060,472432,0.8109888
