pid,execution_cycles,compute_cycles,idle_cycles,loads,stores,hit_count,miss_count,miss_rate,private,shared,private_rate
0,12982644,10430314,2552330,1489888,1007461,2496750,599,0.0002398543,2022165,475184,0.8097246
1,12921786,10383276,2538510,1485857,1004611,2489934,534,0.0002144175,2016507,473961,0.80969
2,13070966,10430338,2640628,1492629,1016428,2507668,1389,0.0005535944,2034361,474439,0.8108901
3,12953129,10394904,2558225,1493736,1009391,2502529,598,0.0002389012,2027286,475837,0.8099027
