pid,execution_cycles,compute_cycles,idle_cycles,loads,stores,hit_count,miss_count,miss_rate,private,shared,private_rate
0,16097241,10430314,5666927,1489888,1007461,2473876,23473,0.009399167,2015059,479309,0.8078435
1,15988221,10383276,5604945,1485857,1004611,2467983,22485,0.009028424,2012386,475828,0.8087673
2,16800009,10430338,6369671,1492629,1016428,2478672,30385,0.01211013,2027105,473717,0.8105755
3,16020816,10394904,5625912,1493736,1009391,2480227,22900,0.009148557,2019750,480963,0.8076697
