pid,execution_cycles,compute_cycles,idle_cycles,loads,stores,hit_count,miss_count,miss_rate,private,shared,private_rate
0,42615684,10430314,32185370,1489888,1007461,2197470,299879,0.1200789,2252409,186325,0.9235977
1,42499197,10383276,32115921,1485857,1004611,2191221,299247,0.1201569,2257486,174511,0.9282437
2,42789875,10430338,32359537,1492629,1016428,2207537,301520,0.1201726,2274849,174956,0.9285837
3,42695249,10394904,32300345,1493736,1009391,2202145,300982,0.1202424,2262984,181274,0.9258368
