pid,execution_cycles,compute_cycles,idle_cycles,loads,stores,hit_count,miss_count,miss_rate,private,shared,private_rate
0,13071165,10430314,2640851,1489888,1007461,2495807,1542,0.0006174547,2023103,474246,0.8101002
1,12989370,10383276,2606094,1485857,1004611,2489166,1302,0.0005227933,2017299,473169,0.810008
2,13322429,10430338,2892091,1492629,1016428,2504975,4082,0.001626906,2035216,473837,0.8111491
3,13027037,10394904,2632133,1493736,1009391,2501689,1438,0.0005744814,2027693,475434,0.810064
