pid,execution_cycles,compute_cycles,idle_cycles,loads,stores,hit_count,miss_count,miss_rate,private,shared,private_rate
0,14174659,10430314,3744345,1489888,1007461,2494674,2675,0.001071136,1723216,774133,0.6900181
1,14077254,10383276,3693978,1485857,1004611,2488208,2260,0.00090746,521103,1969365,0.209239
2,14665106,10430338,4234768,1492629,1016428,2501464,7593,0.003026237,2029703,476059,0.8100143
3,14123692,10394904,3728788,1493736,1009391,2500705,2422,0.0009675897,1958595,544532,0.7824593
