pid,execution_cycles,compute_cycles,idle_cycles,loads,stores,hit_count,miss_count,miss_rate,private,shared,private_rate
0,20547891,10430314,10117577,1489888,1007461,2421889,75460,0.03021604,2018831,452270,0.8169763
1,25465587,10383276,15082311,1485857,1004611,2365359,125109,0.05023514,1973541,464163,0.8095901
2,16053935,10430338,5623597,1492629,1016428,2478633,30424,0.01212567,2030989,471204,0.8116836
3,20720846,10394904,10325942,1493736,1009391,2427674,75453,0.0301435,2021069,452321,0.8171251
