pid,execution_cycles,compute_cycles,idle_cycles,loads,stores,hit_count,miss_count,miss_rate,private,shared,private_rate
0,13399575,10430314,2969261,1489888,1007461,2492533,4816,0.001928445,2022370,473938,0.8101444
1,13286517,10383276,2903241,1485857,1004611,2486257,4211,0.001690847,2019693,470150,0.8111728
2,13825433,10430338,3395095,1492629,1016428,2500007,9050,0.003606933,2032275,472848,0.8112476
3,13342331,10394904,2947427,1493736,1009391,2498595,4532,0.001810535,2027331,475044,0.8101627
