pid,execution_cycles,compute_cycles,idle_cycles,loads,stores,hit_count,miss_count,miss_rate,private,shared,private_rate
0,13135860,10430314,2705546,1489888,1007461,2495246,2103,0.000842093,2023073,474130,0.8101356
1,13107285,10383276,2724009,1485857,1004611,2488109,2359,0.0009472115,2017205,473030,0.810046
2,13415387,10430338,2985049,1492629,1016428,2504249,4808,0.001916258,2033466,473702,0.8110609
3,13139492,10394904,2744588,1493736,1009391,2500688,2439,0.0009743812,2027651,475310,0.8101009
