pid,execution_cycles,compute_cycles,idle_cycles,loads,stores,hit_count,miss_count,miss_rate,private,shared,private_rate
0,13088026,10430314,2657712,1489888,1007461,2495760,1589,0.0006362747,2022682,474414,0.8100137
1,13007508,10383276,2624232,1485857,1004611,2489144,1324,0.000531627,2018944,471372,0.810718
2,13249250,10430338,2818912,1492629,1016428,2505956,3101,0.001235922,2034743,473403,0.8112538
3,13076058,10394904,2681154,1493736,1009391,2501346,1781,0.00071151,2027623,475265,0.8101134
