pid,execution_cycles,compute_cycles,idle_cycles,loads,stores,hit_count,miss_count,miss_rate,private,shared,private_rate
0,107287678,10430314,96857364,1489888,1007461,1546135,951214,0.3808895,2122303,38670,0.9821053
1,106869366,10383276,96486090,1485857,1004611,1542943,947525,0.3804606,2120409,35044,0.9837417
2,107656742,10430338,97226404,1492629,1016428,1554344,954713,0.3805067,2128768,41933,0.9806823
3,107381869,10394904,96986965,1493736,1009391,1550551,952576,0.3805544,2125490,40882,0.9811288
