pid,execution_cycles,compute_cycles,idle_cycles,loads,stores,hit_count,miss_count,miss_rate,private,shared,private_rate
0,13978739,10430314,3548425,1489888,1007461,2497102,247,9.890488e-05,134452,2362887,0.05383811
1,13912969,10383276,3529693,1485857,1004611,2490260,208,8.351844e-05,1492454,998005,0.5992686
2,14032755,10430338,3602417,1492629,1016428,2508508,549,0.0002188073,2027558,481453,0.8081104
3,13945859,10394904,3550955,1493736,1009391,2502863,264,0.0001054681,26530,2476587,0.01059879
