pid,execution_cycles,compute_cycles,idle_cycles,loads,stores,hit_count,miss_count,miss_rate,private,shared,private_rate
0,12986124,10430314,2555810,1489888,1007461,2496998,351,0.000140549,2020308,477041,0.808981
1,12929319,10383276,2546043,1485857,1004611,2490143,325,0.0001304976,2014565,475903,0.8089102
2,13023302,10430338,2592964,1492629,1016428,2508460,597,0.000237938,2032926,476123,0.8102377
3,12965852,10394904,2570948,1493736,1009391,2502724,403,0.0001609986,2025556,477571,0.8092102
