pid,execution_cycles,compute_cycles,idle_cycles,loads,stores,hit_count,miss_count,miss_rate,private,shared,private_rate
0,49533237,10430314,39102923,1489888,1007461,2127591,369758,0.1480602,2090105,253663,0.8917713
1,49365495,10383276,38982219,1485857,1004611,2121859,368609,0.1480079,2079426,257844,0.8896816
2,49819721,10430338,39389383,1492629,1016428,2136519,372538,0.1484773,2104649,249419,0.8940477
3,49609409,10394904,39214505,1493736,1009391,2132301,370826,0.1481451,2090586,258536,0.8899436
