pid,execution_cycles,compute_cycles,idle_cycles,loads,stores,hit_count,miss_count,miss_rate,private,shared,private_rate
0,84943461,10430314,74513147,1489888,1007461,1769923,727426,0.2912793,2269059,3576,0.9984265
1,84562503,10383276,74179227,1485857,1004611,1766347,724121,0.290757,2263568,3292,0.9985478
2,85355408,10430338,74925070,1492629,1016428,1777590,731467,0.2915306,2279047,3501,0.9984662
3,84990977,10394904,74596073,1493736,1009391,1774917,728210,0.2909201,2273976,4275,0.9981236
