pid,execution_cycles,compute_cycles,idle_cycles,loads,stores,hit_count,miss_count,miss_rate,private,shared,private_rate
0,97171215,10430314,86740901,1489888,1007461,1645293,852056,0.3411842,2039635,99776,0.9533629
1,96855068,10383276,86471792,1485857,1004611,1640852,849616,0.3411471,2029366,104058,0.9512249
2,97715253,10430338,87284915,1492629,1016428,1651780,857277,0.341673,2048086,99674,0.9535916
3,97341500,10394904,86946596,1493736,1009391,1648957,854170,0.3412412,2041170,103106,0.9519157
