pid,execution_cycles,compute_cycles,idle_cycles,loads,stores,hit_count,miss_count,miss_rate,private,shared,private_rate
0,13555917,10430314,3125603,1489888,1007461,2491003,6346,0.002541095,2022271,474395,0.8099886
1,13302018,10383276,2918742,1485857,1004611,2486142,4326,0.001737023,2016721,473403,0.8098878
2,14036117,10430338,3605779,1492629,1016428,2497979,11078,0.004415205,2029953,473606,0.8108269
3,13449956,10394904,3055052,1493736,1009391,2497552,5575,0.002227214,2026794,475765,0.8098886
