pid,execution_cycles,compute_cycles,idle_cycles,loads,stores,hit_count,miss_count,miss_rate,private,shared,private_rate
0,13980001,10430314,3549687,1489888,1007461,2496833,516,0.0002066191,203592,2293757,0.08152325
1,13916507,10383276,3533231,1485857,1004611,2490041,427,0.0001714537,129574,2360894,0.05202797
2,14074219,10430338,3643881,1492629,1016428,2507785,1272,0.0005069634,2030570,478230,0.809379
3,13953574,10394904,3558670,1493736,1009391,2502622,505,0.0002017477,677074,1826051,0.2704915
