pid,execution_cycles,compute_cycles,idle_cycles,loads,stores,hit_count,miss_count,miss_rate,private,shared,private_rate
0,41822793,10430314,31392479,1489888,1007461,2205479,291870,0.1168719,2234300,219452,0.9105647
1,41663340,10383276,31280064,1485857,1004611,2199664,290804,0.1167668,2229344,217894,0.9109633
2,42013715,10430338,31583377,1492629,1016428,2215377,293680,0.117048,2252247,212364,0.9138347
3,41866223,10394904,31471319,1493736,1009391,2210519,292608,0.116897,2241887,217657,0.9115051
