pid,execution_cycles,compute_cycles,idle_cycles,loads,stores,hit_count,miss_count,miss_rate,private,shared,private_rate
0,45386463,10430314,34956149,1489888,1007461,2169669,327680,0.1312111,2252528,182095,0.9252061
1,44471937,10383276,34088661,1485857,1004611,2171453,319015,0.1280944,2269432,163310,0.93287
2,45607976,10430338,35177638,1492629,1016428,2179230,329827,0.1314546,2263074,182201,0.9254885
3,44694554,10394904,34299650,1493736,1009391,2182062,321065,0.1282656,2275649,169437,0.9307031
