pid,execution_cycles,compute_cycles,idle_cycles,loads,stores,hit_count,miss_count,miss_rate,private,shared,private_rate
0,13012654,10430314,2582340,1489888,1007461,2496428,921,0.0003687911,2023137,474205,0.8101161
1,12943082,10383276,2559806,1485857,1004611,2489690,778,0.0003123911,2017154,473308,0.8099517
2,13165306,10430338,2734968,1492629,1016428,2506648,2409,0.0009601217,2034945,473806,0.8111387
3,12977375,10394904,2582471,1493736,1009391,2502239,888,0.0003547563,2027811,475313,0.8101121
