pid,execution_cycles,compute_cycles,idle_cycles,loads,stores,hit_count,miss_count,miss_rate,private,shared,private_rate
0,13016961,10430314,2586647,1489888,1007461,2496447,902,0.000361183,2023030,474319,0.810071
1,12948588,10383276,2565312,1485857,1004611,2489712,756,0.0003035574,2017163,473305,0.8099534
2,13163432,10430338,2733094,1492629,1016428,2506794,2263,0.0009019325,2035103,473891,0.8111231
3,12985151,10394904,2590247,1493736,1009391,2502247,880,0.0003515603,2027776,475351,0.8100971
