pid,execution_cycles,compute_cycles,idle_cycles,loads,stores,hit_count,miss_count,miss_rate,private,shared,private_rate
0,14071984,10430314,3641670,1489888,1007461,2495846,1503,0.0006018382,2017549,479548,0.8079578
1,14001176,10383276,3617900,1485857,1004611,2489163,1305,0.0005239979,2012075,478235,0.8079617
2,14229354,10430338,3799016,1492629,1016428,2506134,2923,0.00116498,2030225,477764,0.8095032
3,14038678,10394904,3643774,1493736,1009391,2501709,1418,0.0005664914,2022082,480870,0.8078789
