pid,execution_cycles,compute_cycles,idle_cycles,loads,stores,hit_count,miss_count,miss_rate,private,shared,private_rate
0,13001121,10430314,2570807,1489888,1007461,2496607,742,0.0002971151,2021518,475747,0.8094928
1,12935421,10383276,2552145,1485857,1004611,2489845,623,0.0002501538,2016666,473754,0.8097694
2,13087004,10430338,2656666,1492629,1016428,2507566,1491,0.0005942472,2032694,475975,0.8102679
3,12975053,10394904,2580149,1493736,1009391,2502349,778,0.0003108112,2027374,475680,0.8099602
