pid,execution_cycles,compute_cycles,idle_cycles,loads,stores,hit_count,miss_count,miss_rate,private,shared,private_rate
0,52468164,10430314,42037850,1489888,1007461,2097950,399399,0.1599292,2235544,146066,0.9386692
1,52305840,10383276,41922564,1485857,1004611,2092164,398304,0.1599314,2218265,156749,0.9340008
2,52722347,10430338,42292009,1492629,1016428,2107209,401848,0.160159,2230366,161647,0.9324222
3,52558520,10394904,42163616,1493736,1009391,2102516,400611,0.1600442,2250692,136308,0.9428957
