pid,execution_cycles,compute_cycles,idle_cycles,loads,stores,hit_count,miss_count,miss_rate,private,shared,private_rate
0,14440086,10430314,4009772,1489888,1007461,2482072,15277,0.006117287,2022324,474615,0.8099213
1,14339637,10383276,3956361,1485857,1004611,2475661,14807,0.005945469,2016590,472856,0.8100557
2,14619425,10430338,4189087,1492629,1016428,2492087,16970,0.006763497,2034142,473648,0.8111293
3,14383922,10394904,3989018,1493736,1009391,2488118,15009,0.0059961,2026807,475250,0.8100563
