pid,execution_cycles,compute_cycles,idle_cycles,loads,stores,hit_count,miss_count,miss_rate,private,shared,private_rate
0,13755035,10430314,3324721,1489888,1007461,2488909,8440,0.003379584,2021730,474134,0.8100321
1,13621260,10383276,3237984,1485857,1004611,2482764,7704,0.003093394,2018593,470844,0.8108633
2,14384153,10430338,3953815,1492629,1016428,2494299,14758,0.005881891,2029159,473265,0.8108774
3,13681116,10394904,3286212,1493736,1009391,2495152,7975,0.003186015,2026817,475164,0.8100849
