pid,execution_cycles,compute_cycles,idle_cycles,loads,stores,hit_count,miss_count,miss_rate,private,shared,private_rate
0,13591161,10430314,3160847,1489888,1007461,2490647,6702,0.002683646,2022083,474837,0.8098309
1,13682871,10383276,3299595,1485857,1004611,2482295,8173,0.003281713,2016096,473412,0.8098371
2,14180954,10430338,3750616,1492629,1016428,2496516,12541,0.004998292,2033522,473524,0.8111227
3,13417286,10394904,3022382,1493736,1009391,2497882,5245,0.002095379,2026427,475363,0.8099908
