pid,execution_cycles,compute_cycles,idle_cycles,loads,stores,hit_count,miss_count,miss_rate,private,shared,private_rate
0,13072449,10430314,2642135,1489888,1007461,2495811,1538,0.0006158531,2023246,474103,0.8101575
1,12989592,10383276,2606316,1485857,1004611,2489168,1300,0.0005219902,2017436,473032,0.810063
2,13326254,10430338,2895916,1492629,1016428,2504972,4085,0.001628102,2033506,473733,0.8110539
3,13028801,10394904,2633897,1493736,1009391,2501689,1438,0.0005744814,2027854,475273,0.8101283
