pid,execution_cycles,compute_cycles,idle_cycles,loads,stores,hit_count,miss_count,miss_rate,private,shared,private_rate
0,12996765,10430314,2566451,1489888,1007461,2496651,698,0.0002794964,2021844,475424,0.8096224
1,12929778,10383276,2546502,1485857,1004611,2489902,566,0.0002272665,2016703,473726,0.8097814
2,13086905,10430338,2656567,1492629,1016428,2507567,1490,0.0005938486,2033409,475195,0.8105739
3,12959510,10394904,2564606,1493736,1009391,2502506,621,0.0002480897,2027512,475566,0.8100075
