pid,execution_cycles,compute_cycles,idle_cycles,loads,stores,hit_count,miss_count,miss_rate,private,shared,private_rate
0,15054480,10430314,4624166,1489888,1007461,2475866,21483,0.008602322,2021214,474049,0.8100204
1,14925222,10383276,4541946,1485857,1004611,2469746,20722,0.008320524,2017473,471503,0.8105635
2,15689615,10430338,5259277,1492629,1016428,2481277,27780,0.01107189,2029108,472890,0.8109951
3,14982773,10394904,4587869,1493736,1009391,2482069,21058,0.008412677,2026291,475252,0.8100165
