pid,execution_cycles,compute_cycles,idle_cycles,loads,stores,hit_count,miss_count,miss_rate,private,shared,private_rate
0,15842421,10430314,5412107,1489888,1007461,2467907,29442,0.0117893,2024634,469612,0.8117219
1,16277958,10383276,5894682,1485857,1004611,2456082,34386,0.01380704,2017110,464636,0.8127786
2,16264112,10430338,5833774,1492629,1016428,2475474,33583,0.01338471,2035569,468528,0.8128954
3,19895252,10394904,9500348,1493736,1009391,2432448,70679,0.02823628,2028749,448097,0.8190856
