pid,execution_cycles,compute_cycles,idle_cycles,loads,stores,hit_count,miss_count,miss_rate,private,shared,private_rate
0,13081212,10430314,2650898,1489888,1007461,2495758,1591,0.0006370756,2022194,474895,0.8098206
1,13006647,10383276,2623371,1485857,1004611,2489087,1381,0.0005545143,2018012,472306,0.8103431
2,13232120,10430338,2801782,1492629,1016428,2506062,2995,0.001193676,2033825,474166,0.8109379
3,13041626,10394904,2646722,1493736,1009391,2501650,1477,0.000590062,2027765,475185,0.81015
