pid,execution_cycles,compute_cycles,idle_cycles,loads,stores,hit_count,miss_count,miss_rate,private,shared,private_rate
0,13793491,10430314,3363177,1489888,1007461,2488541,8808,0.00352694,2021593,473798,0.8101308
1,13642928,10383276,3259652,1485857,1004611,2482652,7816,0.003138366,2020262,468966,0.8116018
2,14551548,10430338,4121210,1492629,1016428,2492702,16355,0.006518385,2035739,465726,0.8138187
3,13725837,10394904,3330933,1493736,1009391,2494717,8410,0.003359798,2026784,474834,0.8101892
