pid,execution_cycles,compute_cycles,idle_cycles,loads,stores,hit_count,miss_count,miss_rate,private,shared,private_rate
0,13377548,10430314,2947234,1489888,1007461,2492722,4627,0.001852765,2022417,474378,0.8100052
1,13239696,10383276,2856420,1485857,1004611,2486568,3900,0.001565971,2017184,472992,0.8100568
2,13904647,10430338,3474309,1492629,1016428,2499149,9908,0.003948894,2030177,473525,0.8108701
3,13304426,10394904,2909522,1493736,1009391,2498930,4197,0.001676703,2027041,475719,0.8099222
