pid,execution_cycles,compute_cycles,idle_cycles,loads,stores,hit_count,miss_count,miss_rate,private,shared,private_rate
0,13015095,10430314,2584781,1489888,1007461,2496677,672,0.0002690853,2020861,476408,0.8092284
1,12945903,10383276,2562627,1485857,1004611,2489955,513,0.0002059854,2016070,474370,0.8095236
2,13103078,10430338,2672740,1492629,1016428,2507588,1469,0.0005854789,2033261,475341,0.8105156
3,12975029,10394904,2580125,1493736,1009391,2502521,606,0.0002420972,2026656,476422,0.8096655
