pid,execution_cycles,compute_cycles,idle_cycles,loads,stores,hit_count,miss_count,miss_rate,private,shared,private_rate
0,13974364,10430314,3544050,1489888,1007461,2496996,353,0.0001413499,120466,2376880,0.04823761
1,13909396,10383276,3526120,1485857,1004611,2490183,285,0.0001144363,1446357,1044110,0.5807573
2,14039012,10430338,3608674,1492629,1016428,2508266,791,0.0003152579,2029679,479349,0.8089503
3,13944116,10394904,3549212,1493736,1009391,2502782,345,0.0001378276,28257,2474870,0.01128868
