pid,execution_cycles,compute_cycles,idle_cycles,loads,stores,hit_count,miss_count,miss_rate,private,shared,private_rate
0,13081311,10430314,2650997,1489888,1007461,2495797,1552,0.000621459,2022178,474948,0.8098021
1,13007988,10383276,2624712,1485857,1004611,2489112,1356,0.000544476,2017936,472387,0.810311
2,13233920,10430338,2803582,1492629,1016428,2506082,2975,0.001185704,2033956,474060,0.8109821
3,13042670,10394904,2647766,1493736,1009391,2501666,1461,0.0005836699,2027717,475235,0.8101302
