pid,execution_cycles,compute_cycles,idle_cycles,loads,stores,hit_count,miss_count,miss_rate,private,shared,private_rate
0,13016961,10430314,2586647,1489888,1007461,2496447,902,0.000361183,2023162,474186,0.8101242
1,12948588,10383276,2565312,1485857,1004611,2489712,756,0.0003035574,2017287,473181,0.8100032
2,13164620,10430338,2734282,1492629,1016428,2506782,2275,0.0009067152,2034194,473816,0.8110789
3,12985151,10394904,2590247,1493736,1009391,2502247,880,0.0003515603,2027844,475282,0.8101246
