pid,execution_cycles,compute_cycles,idle_cycles,loads,stores,hit_count,miss_count,miss_rate,private,shared,private_rate
0,14174199,10430314,3743885,1489888,1007461,2494674,2675,0.001071136,53722,2443627,0.02151161
1,14077162,10383276,3693886,1485857,1004611,2488208,2260,0.00090746,168488,2321980,0.06765315
2,14644341,10430338,4214003,1492629,1016428,2501474,7583,0.003022251,2032850,476201,0.8102067
3,14123048,10394904,3728144,1493736,1009391,2500705,2422,0.0009675897,41088,2462039,0.01641467
