pid,execution_cycles,compute_cycles,idle_cycles,loads,stores,hit_count,miss_count,miss_rate,private,shared,private_rate
0,19301881,10430314,8871567,1489888,1007461,2424109,73240,0.0293271,2063491,431672,0.8269965
1,19182018,10383276,8798742,1485857,1004611,2417630,72838,0.02924671,2058627,429595,0.8273486
2,19929914,10430338,9499576,1492629,1016428,2428749,80308,0.03200724,2072128,429488,0.8283158
3,19262984,10394904,8868080,1493736,1009391,2429732,73395,0.02932132,2062879,438132,0.824818
