pid,execution_cycles,compute_cycles,idle_cycles,loads,stores,hit_count,miss_count,miss_rate,private,shared,private_rate
0,13080717,10430314,2650403,1489888,1007461,2495803,1546,0.0006190564,2023078,474270,0.8100905
1,13004820,10383276,2621544,1485857,1004611,2489144,1324,0.000531627,2017292,473170,0.8100071
2,13355888,10430338,2925550,1492629,1016428,2504850,4207,0.001676726,2034848,473749,0.8111498
3,13040294,10394904,2645390,1493736,1009391,2501690,1437,0.0005740819,2027651,475474,0.8100478
