pid,execution_cycles,compute_cycles,idle_cycles,loads,stores,hit_count,miss_count,miss_rate,private,shared,private_rate
0,14179469,10430314,3749155,1489888,1007461,2494601,2748,0.001100367,248125,2249199,0.09935635
1,14096524,10383276,3713248,1485857,1004611,2487931,2537,0.001018684,1571789,918580,0.631147
2,14671672,10430338,4241334,1492629,1016428,2501236,7821,0.003117107,2031448,476113,0.810129
3,14133629,10394904,3738725,1493736,1009391,2500554,2573,0.001027914,1752251,750804,0.7000449
