pid,execution_cycles,compute_cycles,idle_cycles,loads,stores,hit_count,miss_count,miss_rate,private,shared,private_rate
0,14467219,10430314,4036905,1489888,1007461,2487645,9704,0.00388572,2019778,476081,0.8092516
1,13845732,10383276,3462456,1485857,1004611,2483072,7396,0.002969723,2015382,474212,0.8095224
2,14066154,10430338,3635816,1492629,1016428,2498716,10341,0.004121469,2029791,475282,0.8102722
3,18028313,10394904,7633409,1493736,1009391,2452105,51022,0.0203833,2027383,451800,0.8177625
