pid,execution_cycles,compute_cycles,idle_cycles,loads,stores,hit_count,miss_count,miss_rate,private,shared,private_rate
0,47069595,10430314,36639281,1489888,1007461,2152761,344588,0.1379815,2336996,89143,0.9632573
1,46905060,10383276,36521784,1485857,1004611,2147016,343452,0.1379066,2310477,109079,0.9549178
2,47218376,10430338,36788038,1492629,1016428,2163122,345935,0.1378745,2345475,91863,0.9623101
3,47126687,10394904,36731783,1493736,1009391,2157691,345436,0.1380018,2326905,104845,0.956885
