pid,execution_cycles,compute_cycles,idle_cycles,loads,stores,hit_count,miss_count,miss_rate,private,shared,private_rate
0,14719789,10430314,4289475,1489888,1007461,2488932,8417,0.003370374,2007292,488550,0.8042544
1,14609036,10383276,4225760,1485857,1004611,2482797,7671,0.003080144,2003960,485464,0.8049894
2,15370449,10430338,4940111,1492629,1016428,2494249,14808,0.005901819,2026880,475488,0.8099848
3,14656011,10394904,4261107,1493736,1009391,2495171,7956,0.003178424,2011936,490029,0.8041423
