pid,execution_cycles,compute_cycles,idle_cycles,loads,stores,hit_count,miss_count,miss_rate,private,shared,private_rate
0,13973841,10430314,3543527,1489888,1007461,2497001,348,0.0001393478,476146,2021203,0.1906606
1,13909297,10383276,3526021,1485857,1004611,2490184,284,0.0001140348,218534,2271934,0.08774817
2,14039010,10430338,3608672,1492629,1016428,2508253,804,0.0003204391,2029511,479322,0.8089462
3,13946318,10394904,3551414,1493736,1009391,2502762,365,0.0001458176,2001261,501859,0.7995066
