pid,execution_cycles,compute_cycles,idle_cycles,loads,stores,hit_count,miss_count,miss_rate,private,shared,private_rate
0,12987360,10430314,2557046,1489888,1007461,2496746,603,0.000241456,2022231,475117,0.8097514
1,12926313,10383276,2543037,1485857,1004611,2489937,531,0.0002132129,2016539,473928,0.8097032
2,13087895,10430338,2657557,1492629,1016428,2507557,1500,0.0005978342,2034023,474369,0.8108872
3,12957827,10394904,2562923,1493736,1009391,2502523,604,0.0002412982,2027354,475768,0.8099302
