pid,execution_cycles,compute_cycles,idle_cycles,loads,stores,hit_count,miss_count,miss_rate,private,shared,private_rate
0,14006013,10430314,3575699,1489888,1007461,2496509,840,0.0003363567,36829,2460520,0.01474724
1,13937480,10383276,3554204,1485857,1004611,2489775,693,0.000278261,48726,2441742,0.019565
2,14149960,10430338,3719622,1492629,1016428,2506873,2184,0.0008704465,2031726,477276,0.8097746
3,13977988,10394904,3583084,1493736,1009391,2502332,795,0.0003176027,1107893,1395234,0.4426036
