pid,execution_cycles,compute_cycles,idle_cycles,loads,stores,hit_count,miss_count,miss_rate,private,shared,private_rate
0,13166451,10430314,2736137,1489888,1007461,2497009,340,0.0001361444,2012776,484562,0.8059686
1,13093623,10383276,2710347,1485857,1004611,2490151,317,0.0001272853,2007993,482465,0.8062746
2,13155050,10430338,2724712,1492629,1016428,2508540,517,0.0002060535,2026501,482437,0.8077127
3,13139327,10394904,2744423,1493736,1009391,2502771,356,0.0001422221,2019046,484072,0.8066124
