pid,execution_cycles,compute_cycles,idle_cycles,loads,stores,hit_count,miss_count,miss_rate,private,shared,private_rate
0,70011408,10430314,59581094,1489888,1007461,1888974,608375,0.2436083,2080182,164380,0.9267652
1,69747725,10383276,59364449,1485857,1004611,1884169,606299,0.2434478,2055870,182679,0.918394
2,70526690,10430338,60096352,1492629,1016428,1895347,613710,0.2445979,2074173,178724,0.9206693
3,70095437,10394904,59700533,1493736,1009391,1893345,609782,0.2436081,2066676,183152,0.9185929
