pid,execution_cycles,compute_cycles,idle_cycles,loads,stores,hit_count,miss_count,miss_rate,private,shared,private_rate
0,13200606,10430314,2770292,1489888,1007461,2494592,2757,0.001103971,2001129,496220,0.8013013
1,13106691,10383276,2723415,1485857,1004611,2488115,2353,0.0009448023,1995918,494550,0.8014229
2,13694369,10430338,3264031,1492629,1016428,2501431,7626,0.003039389,2034807,473783,0.8111357
3,13147610,10394904,2752706,1493736,1009391,2500606,2521,0.00100714,2005380,497747,0.8011499
