pid,execution_cycles,compute_cycles,idle_cycles,loads,stores,hit_count,miss_count,miss_rate,private,shared,private_rate
0,23843592,10430314,13413278,1489888,1007461,2468488,28861,0.01155665,2018350,473217,0.8100725
1,24984166,10383276,14600890,1485857,1004611,2457747,32721,0.01313849,2010678,472750,0.8096381
2,24105132,10430338,13674794,1492629,1016428,2479237,29820,0.01188494,2028174,474788,0.8103095
3,24823824,10394904,14428920,1493736,1009391,2470088,33039,0.01319909,2023022,474798,0.809915
