pid,execution_cycles,compute_cycles,idle_cycles,loads,stores,hit_count,miss_count,miss_rate,private,shared,private_rate
0,15817275,10430314,5386961,1489888,1007461,2468161,29188,0.01168759,2030154,464364,0.8138462
1,15732171,10383276,5348895,1485857,1004611,2461595,28873,0.0115934,2026710,461018,0.8146831
2,15973250,10430338,5542912,1492629,1016428,2478412,30645,0.01221375,2042934,462742,0.8153225
3,15806849,10394904,5411945,1493736,1009391,2473745,29382,0.01173812,2035461,464760,0.8141124
