pid,execution_cycles,compute_cycles,idle_cycles,loads,stores,hit_count,miss_count,miss_rate,private,shared,private_rate
0,12992849,10430314,2562535,1489888,1007461,2496731,618,0.0002474624,2021685,475617,0.8095477
1,12924958,10383276,2541682,1485857,1004611,2489990,478,0.0001919318,2015959,474496,0.8094742
2,13091929,10430338,2661591,1492629,1016428,2507555,1502,0.0005986313,2033845,474700,0.8107668
3,12958294,10394904,2563390,1493736,1009391,2502546,581,0.0002321097,2026911,476180,0.8097632
