pid,execution_cycles,compute_cycles,idle_cycles,loads,stores,hit_count,miss_count,miss_rate,private,shared,private_rate
0,16720848,10430314,6290534,1489888,1007461,2459034,38315,0.01534227,2037911,458832,0.8162278
1,16672473,10383276,6289197,1485857,1004611,2452097,38371,0.01540714,2030818,458724,0.8157396
2,16990970,10430338,6560632,1492629,1016428,2468132,40925,0.01631091,2048029,458848,0.8169643
3,16741805,10394904,6346901,1493736,1009391,2464301,38826,0.015511,2041337,460769,0.8158475
