pid,execution_cycles,compute_cycles,idle_cycles,loads,stores,hit_count,miss_count,miss_rate,private,shared,private_rate
0,18749478,10430314,8319164,1489888,1007461,2438516,58833,0.02355818,2033437,453198,0.8177465
1,18654337,10383276,8271061,1485857,1004611,2432061,58407,0.02345222,2028068,451951,0.8177631
2,19085374,10430338,8655036,1492629,1016428,2446940,62117,0.02475711,2043178,453242,0.8184432
3,18761976,10394904,8367072,1493736,1009391,2443876,59251,0.02367079,2036730,455714,0.8171618
