pid,execution_cycles,compute_cycles,idle_cycles,loads,stores,hit_count,miss_count,miss_rate,private,shared,private_rate
0,12978957,10430314,2548643,1489888,1007461,2496875,474,0.0001898013,2021576,475770,0.8094898
1,12920374,10383276,2537098,1485857,1004611,2490038,430,0.0001726583,2015787,474672,0.8094038
2,13038136,10430338,2607798,1492629,1016428,2508106,951,0.0003790269,2033977,474970,0.8106895
3,12944374,10394904,2549470,1493736,1009391,2502690,437,0.0001745816,2026620,476506,0.8096356
