pid,execution_cycles,compute_cycles,idle_cycles,loads,stores,hit_count,miss_count,miss_rate,private,shared,private_rate
0,15019951,10430314,4589637,1489888,1007461,2476249,21100,0.008448959,2022504,474354,0.8100196
1,14840416,10383276,4457140,1485857,1004611,2470636,19832,0.007963162,2016743,472720,0.8101117
2,15163540,10430338,4733202,1492629,1016428,2486622,22435,0.008941606,2034493,473474,0.811212
3,14883753,10394904,4488849,1493736,1009391,2483089,20038,0.008005187,2026728,475326,0.8100257
