pid,execution_cycles,compute_cycles,idle_cycles,loads,stores,hit_count,miss_count,miss_rate,private,shared,private_rate
0,13117896,10430314,2687582,1489888,1007461,2495402,1947,0.0007796267,2022611,474335,0.8100339
1,13036509,10383276,2653233,1485857,1004611,2488801,1667,0.0006693521,2019586,470626,0.8110097
2,13364600,10430338,2934262,1492629,1016428,2504738,4319,0.001721364,2035286,472265,0.8116629
3,13110224,10394904,2715320,1493736,1009391,2500968,2159,0.0008625212,2027614,475133,0.8101554
