pid,execution_cycles,compute_cycles,idle_cycles,loads,stores,hit_count,miss_count,miss_rate,private,shared,private_rate
0,13791933,10430314,3361619,1489888,1007461,2488619,8730,0.003495707,2021538,473947,0.8100782
1,13643271,10383276,3259995,1485857,1004611,2482695,7773,0.0031211,2019224,470086,0.8111581
2,14479637,10430338,4049299,1492629,1016428,2493499,15558,0.006200736,2029424,472534,0.8111343
3,13699139,10394904,3304235,1493736,1009391,2495035,8092,0.003232756,2026893,474948,0.8101606
