pid,execution_cycles,compute_cycles,idle_cycles,loads,stores,hit_count,miss_count,miss_rate,private,shared,private_rate
0,13098504,10430314,2668190,1489888,1007461,2497042,307,0.0001229304,2012780,484544,0.8059747
1,13228461,10383276,2845185,1485857,1004611,2489489,979,0.0003930988,2011710,478723,0.8077752
2,13192274,10430338,2761936,1492629,1016428,2508248,809,0.0003224319,2025775,483040,0.8074629
3,13134740,10394904,2739836,1493736,1009391,2502724,403,0.0001609986,2018954,484145,0.8065818
