pid,execution_cycles,compute_cycles,idle_cycles,loads,stores,hit_count,miss_count,miss_rate,private,shared,private_rate
0,12963798,10430314,2533484,1489888,1007461,2496984,365,0.000146155,2020309,477036,0.8089827
1,12908988,10383276,2525712,1485857,1004611,2490112,356,0.000142945,2014874,475580,0.8090388
2,13010873,10430338,2580535,1492629,1016428,2508335,722,0.0002877575,2032896,476049,0.8102593
3,12937532,10394904,2542628,1493736,1009391,2502728,399,0.0001594006,2025618,477505,0.8092363
