pid,execution_cycles,compute_cycles,idle_cycles,loads,stores,hit_count,miss_count,miss_rate,private,shared,private_rate
0,124882605,10430314,114452291,1489888,1007461,1366491,1130858,0.4528234,2049959,12131,0.9941171
1,124525449,10383276,114142173,1485857,1004611,1362673,1127795,0.4528446,2044451,11925,0.994201
2,125277368,10430338,114847030,1492629,1016428,1374330,1134727,0.4522524,2058495,12555,0.9939379
3,125101958,10394904,114707054,1493736,1009391,1369754,1133373,0.4527829,2053398,13534,0.9934521
