pid,execution_cycles,compute_cycles,idle_cycles,loads,stores,hit_count,miss_count,miss_rate,private,shared,private_rate
0,14087181,10430314,3656867,1489888,1007461,2496749,600,0.0002402548,2018789,478445,0.80841
1,13980916,10383276,3597640,1485857,1004611,2489981,487,0.0001955456,2014112,476291,0.8087494
2,14276606,10430338,3846268,1492629,1016428,2507617,1440,0.0005739208,2028303,480325,0.8085308
3,14080645,10394904,3685741,1493736,1009391,2502438,689,0.0002752557,2024538,478479,0.8088391
