pid,execution_cycles,compute_cycles,idle_cycles,loads,stores,hit_count,miss_count,miss_rate,private,shared,private_rate
0,13506361,10430314,3076047,1489888,1007461,2491419,5930,0.002374518,2022282,474422,0.8099807
1,13278413,10383276,2895137,1485857,1004611,2486189,4279,0.001718151,2016336,473785,0.8097341
2,13967058,10430338,3536720,1492629,1016428,2498500,10557,0.004207557,2030037,473592,0.8108378
3,13417712,10394904,3022808,1493736,1009391,2497716,5411,0.002161696,2026841,475732,0.8099028
