pid,execution_cycles,compute_cycles,idle_cycles,loads,stores,hit_count,miss_count,miss_rate,private,shared,private_rate
0,14260384,10430314,3830070,1489888,1007461,2493865,3484,0.001395079,2004918,491948,0.8029738
1,14180227,10383276,3796951,1485857,1004611,2487245,3223,0.001294134,1978468,511654,0.7945265
2,14599844,10430338,4169506,1492629,1016428,2502266,6791,0.002706595,2029688,476326,0.8099268
3,14227915,10394904,3833011,1493736,1009391,2499757,3370,0.001346316,2008105,494619,0.8023677
