pid,execution_cycles,compute_cycles,idle_cycles,loads,stores,hit_count,miss_count,miss_rate,private,shared,private_rate
0,88885792,10430314,78455478,1489888,1007461,1724264,773085,0.3095623,2125397,99306,0.9553621
1,88564398,10383276,78181122,1485857,1004611,1720099,770369,0.309327,2127783,90981,0.9589947
2,89163780,10430338,78733442,1492629,1016428,1733324,775733,0.3091731,2127315,107390,0.9519444
3,88984269,10394904,78589365,1493736,1009391,1728617,774510,0.309417,2146830,83162,0.9627075
