pid,execution_cycles,compute_cycles,idle_cycles,loads,stores,hit_count,miss_count,miss_rate,private,shared,private_rate
0,72864705,10430314,62434391,1489888,1007461,1891915,605434,0.2424307,2155660,103621,0.9541354
1,72659118,10383276,62275842,1485857,1004611,1886566,603902,0.2424853,2133147,119958,0.9467588
2,73335398,10430338,62905060,1492629,1016428,1898976,610081,0.2431515,2135846,132087,0.9417589
3,73022792,10394904,62627888,1493736,1009391,1895796,607331,0.2426289,2142635,121820,0.9462034
