pid,execution_cycles,compute_cycles,idle_cycles,loads,stores,hit_count,miss_count,miss_rate,private,shared,private_rate
0,13072998,10430314,2642684,1489888,1007461,2495808,1541,0.0006170543,2023234,474115,0.8101527
1,12990546,10383276,2607270,1485857,1004611,2489166,1302,0.0005227933,2017434,473034,0.8100622
2,13331495,10430338,2901157,1492629,1016428,2504925,4132,0.001646834,2033507,473714,0.8110601
3,13028969,10394904,2634065,1493736,1009391,2501689,1438,0.0005744814,2027853,475272,0.8101285
