pid,execution_cycles,compute_cycles,idle_cycles,loads,stores,hit_count,miss_count,miss_rate,private,shared,private_rate
0,13974773,10430314,3544459,1489888,1007461,2496993,356,0.0001425512,198206,2299143,0.07936656
1,13909452,10383276,3526176,1485857,1004611,2490183,285,0.0001144363,38098,2452370,0.01529753
2,14038051,10430338,3607713,1492629,1016428,2508274,783,0.0003120694,2029654,479352,0.8089474
3,13943989,10394904,3549085,1493736,1009391,2502783,344,0.0001374281,1852836,650291,0.7402085
