pid,execution_cycles,compute_cycles,idle_cycles,loads,stores,hit_count,miss_count,miss_rate,private,shared,private_rate
0,107352576,10430314,96922262,1489888,1007461,1543562,953787,0.3819198,2080810,36443,0.9827876
1,107070660,10383276,96687384,1485857,1004611,1538984,951484,0.3820503,2075195,36059,0.9829206
2,107754665,10430338,97324327,1492629,1016428,1551327,957730,0.3817091,2077195,48972,0.976967
3,107571335,10394904,97176431,1493736,1009391,1546831,956296,0.3820405,2084899,37177,0.9824808
