pid,execution_cycles,compute_cycles,idle_cycles,loads,stores,hit_count,miss_count,miss_rate,private,shared,private_rate
0,22770441,10430314,12340127,1489888,1007461,2397927,99422,0.03981102,2037124,437629,0.8231626
1,22659597,10383276,12276321,1485857,1004611,2391621,98847,0.03969013,2030434,437700,0.8226595
2,23131445,10430338,12701107,1492629,1016428,2406107,102950,0.04103135,2048570,435837,0.824571
3,22789022,10394904,12394118,1493736,1009391,2403218,99909,0.03991368,2042276,438180,0.823347
