pid,execution_cycles,compute_cycles,idle_cycles,loads,stores,hit_count,miss_count,miss_rate,private,shared,private_rate
0,13183347,10430314,2753033,1489888,1007461,2496997,352,0.0001409495,2012715,484620,0.8059451
1,22050582,10383276,11667306,1485857,1004611,2400918,89550,0.0359571,1975023,470872,0.8074848
2,13272530,10430338,2842192,1492629,1016428,2508408,649,0.0002586629,2027042,481943,0.8079132
3,13139096,10394904,2744192,1493736,1009391,2502764,363,0.0001450186,2018673,484444,0.8064637
