pid,execution_cycles,compute_cycles,idle_cycles,loads,stores,hit_count,miss_count,miss_rate,private,shared,private_rate
0,14747995,10430314,4317681,1489888,1007461,2488640,8709,0.003487298,2014579,480853,0.8073067
1,14630424,10383276,4247148,1485857,1004611,2482720,7748,0.003111062,2012047,477221,0.8082886
2,15453746,10430338,5023408,1492629,1016428,2493420,15637,0.006232222,2027291,474580,0.81031
3,14662179,10394904,4267275,1493736,1009391,2495072,8055,0.003217975,2019386,482411,0.8071742
