pid,execution_cycles,compute_cycles,idle_cycles,loads,stores,hit_count,miss_count,miss_rate,private,shared,private_rate
0,12973896,10430314,2543582,1489888,1007461,2496882,467,0.0001869983,2021594,475755,0.809496
1,12913740,10383276,2530464,1485857,1004611,2490064,404,0.0001622185,2015788,474680,0.8094013
2,13027109,10430338,2596771,1492629,1016428,2508171,886,0.0003531207,2033880,474983,0.810678
3,12941096,10394904,2546192,1493736,1009391,2502692,435,0.0001737826,2026636,476491,0.8096417
