pid,execution_cycles,compute_cycles,idle_cycles,loads,stores,hit_count,miss_count,miss_rate,private,shared,private_rate
0,13247414,10430314,2817100,1489888,1007461,2494056,3293,0.001318598,2022983,473989,0.8101745
1,13497097,10383276,3113821,1485857,1004611,2484109,6359,0.002553335,2016838,472947,0.810045
2,14137261,10430338,3706923,1492629,1016428,2496855,12202,0.004863182,2033651,473446,0.8111577
3,13277832,10394904,2882928,1493736,1009391,2499224,3903,0.00155925,2027017,475152,0.810104
