pid,execution_cycles,compute_cycles,idle_cycles,loads,stores,hit_count,miss_count,miss_rate,private,shared,private_rate
0,51806263,10430314,41375949,1489888,1007461,2104637,392712,0.1572515,2318582,84706,0.9647541
1,51538885,10383276,41155609,1485857,1004611,2099913,390555,0.1568199,2322147,74942,0.9687362
2,51996662,10430338,41566324,1492629,1016428,2114540,394517,0.1572372,2330768,83349,0.9654743
3,51797223,10394904,41402319,1493736,1009391,2110207,392920,0.1569717,2323215,85903,0.9643426
