pid,execution_cycles,compute_cycles,idle_cycles,loads,stores,hit_count,miss_count,miss_rate,private,shared,private_rate
0,74426661,10430314,63996347,1489888,1007461,1876147,621202,0.2487446,2147959,112798,0.9501061
1,74129697,10383276,63746421,1485857,1004611,1871721,618747,0.2484461,2141845,112877,0.9499375
2,74792912,10430338,64362574,1492629,1016428,1884274,624783,0.2490111,2163158,107196,0.9527845
3,74494049,10394904,64099145,1493736,1009391,1880945,622182,0.2485619,2146678,119436,0.9472948
