pid,execution_cycles,compute_cycles,idle_cycles,loads,stores,hit_count,miss_count,miss_rate,private,shared,private_rate
0,47057517,10430314,36627203,1489888,1007461,2152603,344746,0.1380448,2299750,126382,0.947908
1,46880838,10383276,36497562,1485857,1004611,2146962,343506,0.1379283,2307215,112346,0.9535676
2,47232104,10430338,36801766,1492629,1016428,2162666,346391,0.1380562,2316278,120884,0.9503997
3,47110055,10394904,36715151,1493736,1009391,2157551,345576,0.1380577,2291025,140706,0.9421375
