pid,execution_cycles,compute_cycles,idle_cycles,loads,stores,hit_count,miss_count,miss_rate,private,shared,private_rate
0,14062340,10430314,3632026,1489888,1007461,2495880,1469,0.0005882238,269892,2227457,0.1080714
1,13984503,10383276,3601227,1485857,1004611,2489242,1226,0.000492277,60756,2429712,0.02439541
2,14318227,10430338,3887889,1492629,1016428,2505037,4020,0.001602196,2032024,476629,0.810006
3,14026745,10394904,3631841,1493736,1009391,2501777,1350,0.0005393254,1195951,1307175,0.477783
