pid,execution_cycles,compute_cycles,idle_cycles,loads,stores,hit_count,miss_count,miss_rate,private,shared,private_rate
0,12980205,10430314,2549891,1489888,1007461,2496859,490,0.0001962081,2021606,475728,0.8095057
1,12920755,10383276,2537479,1485857,1004611,2490035,433,0.0001738629,2015781,474678,0.8094014
2,13047175,10430338,2616837,1492629,1016428,2508013,1044,0.0004160926,2034029,474851,0.8107319
3,12946057,10394904,2551153,1493736,1009391,2502673,454,0.0001813731,2026646,476472,0.8096486
