pid,execution_cycles,compute_cycles,idle_cycles,loads,stores,hit_count,miss_count,miss_rate,private,shared,private_rate
0,15052680,10430314,4622366,1489888,1007461,2475854,21495,0.008607127,2022154,473894,0.8101423
1,14976342,10383276,4593066,1485857,1004611,2469202,21266,0.008538957,2017805,471506,0.8105877
2,15259793,10430338,4829455,1492629,1016428,2485575,23482,0.009358895,2034645,472161,0.8116484
3,15034685,10394904,4639781,1493736,1009391,2481525,21602,0.008630006,2026996,474898,0.8101846
