pid,execution_cycles,compute_cycles,idle_cycles,loads,stores,hit_count,miss_count,miss_rate,private,shared,private_rate
0,13380846,10430314,2950532,1489888,1007461,2492712,4637,0.001856769,2022518,473990,0.8101388
1,13278192,10383276,2894916,1485857,1004611,2486308,4160,0.001670369,2019201,470706,0.8109544
2,13750235,10430338,3319897,1492629,1016428,2500753,8304,0.00330961,2032118,473374,0.8110655
3,13326755,10394904,2931851,1493736,1009391,2498743,4384,0.001751409,2027568,474922,0.8102202
