pid,execution_cycles,compute_cycles,idle_cycles,loads,stores,hit_count,miss_count,miss_rate,private,shared,private_rate
0,13012308,10430314,2581994,1489888,1007461,2496494,855,0.000342363,2021807,475461,0.8096075
1,12949182,10383276,2565906,1485857,1004611,2489706,762,0.0003059666,2016120,474284,0.8095554
2,13110665,10430338,2680327,1492629,1016428,2507327,1730,0.0006895021,2033777,474760,0.8107423
3,12983864,10394904,2588960,1493736,1009391,2502260,867,0.0003463668,2026788,476253,0.8097302
