pid,execution_cycles,compute_cycles,idle_cycles,loads,stores,hit_count,miss_count,miss_rate,private,shared,private_rate
0,68749624,10430314,58319310,1489888,1007461,1933486,563863,0.2257846,2204302,80325,0.9648411
1,68495682,10383276,58112406,1485857,1004611,1928622,561846,0.2255986,2188870,89463,0.9607331
2,69018348,10430338,58588010,1492629,1016428,1942594,566463,0.2257673,2204372,90203,0.9606886
3,68830878,10394904,58435974,1493736,1009391,1938146,564981,0.2257101,2201022,88831,0.9612067
