pid,execution_cycles,compute_cycles,idle_cycles,loads,stores,hit_count,miss_count,miss_rate,private,shared,private_rate
0,14062340,10430314,3632026,1489888,1007461,2495880,1469,0.0005882238,53705,2443644,0.0215048
1,13984518,10383276,3601242,1485857,1004611,2489241,1227,0.0004926785,234217,2256251,0.09404538
2,14318555,10430338,3888217,1492629,1016428,2505009,4048,0.001613355,2032166,476633,0.8100155
3,14026760,10394904,3631856,1493736,1009391,2501776,1351,0.0005397249,129539,2373587,0.05175089
