pid,execution_cycles,compute_cycles,idle_cycles,loads,stores,hit_count,miss_count,miss_rate,private,shared,private_rate
0,46861695,10430314,36431381,1489888,1007461,2154581,342768,0.1372527,2124926,273018,0.886145
1,46668384,10383276,36285108,1485857,1004611,2149108,341360,0.1370666,2115669,275962,0.8846135
2,47161715,10430338,36731377,1492629,1016428,2163377,345680,0.1377729,2138303,269570,0.8880464
3,46904828,10394904,36509924,1493736,1009391,2159624,343503,0.1372296,2143958,259683,0.8919627
