pid,execution_cycles,compute_cycles,idle_cycles,loads,stores,hit_count,miss_count,miss_rate,private,shared,private_rate
0,12956769,10430314,2526455,1489888,1007461,2497055,294,0.0001177248,2012653,484696,0.8059158
1,12905127,10383276,2521851,1485857,1004611,2490151,317,0.0001272853,2007227,483236,0.8059654
2,12987212,10430338,2556874,1492629,1016428,2508574,483,0.0001925026,2025704,483259,0.807387
3,12932681,10394904,2537777,1493736,1009391,2502777,350,0.0001398251,2018938,484185,0.8065676
