pid,execution_cycles,compute_cycles,idle_cycles,loads,stores,hit_count,miss_count,miss_rate,private,shared,private_rate
0,13071120,10430314,2640806,1489888,1007461,2495810,1539,0.0006162535,2023100,474249,0.810099
1,12989982,10383276,2606706,1485857,1004611,2489170,1298,0.0005211872,2017314,473153,0.8100143
2,13325066,10430338,2894728,1492629,1016428,2504956,4101,0.001634479,2035171,473818,0.8111518
3,13027037,10394904,2632133,1493736,1009391,2501689,1438,0.0005744814,2027692,475434,0.8100639
