pid,execution_cycles,compute_cycles,idle_cycles,loads,stores,hit_count,miss_count,miss_rate,private,shared,private_rate
0,13796586,10430314,3366272,1489888,1007461,2488572,8777,0.003514527,2021600,473793,0.8101329
1,13647231,10383276,3263955,1485857,1004611,2482655,7813,0.003137161,2020276,468952,0.8116075
2,14557352,10430338,4127014,1492629,1016428,2492714,16343,0.006513603,2035704,465777,0.8137995
3,13728443,10394904,3333539,1493736,1009391,2494739,8388,0.003351009,2026786,474847,0.8101852
