pid,execution_cycles,compute_cycles,idle_cycles,loads,stores,hit_count,miss_count,miss_rate,private,shared,private_rate
0,14761288,10430314,4330974,1489888,1007461,2488494,8855,0.00354576,2017859,477438,0.8086649
1,14647901,10383276,4264625,1485857,1004611,2482607,7861,0.003156435,2016275,472860,0.8100304
2,15554179,10430338,5123841,1492629,1016428,2492532,16525,0.00658614,2034859,466435,0.8135225
3,14698017,10394904,4303113,1493736,1009391,2494629,8498,0.003394954,2022515,478982,0.8085219
