pid,execution_cycles,compute_cycles,idle_cycles,loads,stores,hit_count,miss_count,miss_rate,private,shared,private_rate
0,13079925,10430314,2649611,1489888,1007461,2495811,1538,0.0006158531,2023085,474264,0.810093
1,13002543,10383276,2619267,1485857,1004611,2489167,1301,0.0005223918,2017303,473165,0.8100096
2,13343414,10430338,2913076,1492629,1016428,2504976,4081,0.001626507,2035154,473830,0.8111467
3,13040096,10394904,2645192,1493736,1009391,2501692,1435,0.0005732829,2027735,475392,0.8100808
