pid,execution_cycles,compute_cycles,idle_cycles,loads,stores,hit_count,miss_count,miss_rate,private,shared,private_rate
0,22796807,10430314,12366493,1489888,1007461,2397685,99664,0.03990792,2163668,329086,0.867983
1,22511469,10383276,12128193,1485857,1004611,2393141,97327,0.0390798,2159902,325119,0.8691685
2,23086752,10430338,12656414,1492629,1016428,2406574,102483,0.04084523,2175061,328063,0.8689386
3,22587622,10394904,12192718,1493736,1009391,2405258,97869,0.0390987,2168539,329104,0.8682342
