pid,execution_cycles,compute_cycles,idle_cycles,loads,stores,hit_count,miss_count,miss_rate,private,shared,private_rate
0,12974391,10430314,2544077,1489888,1007461,2496877,472,0.0001890004,2021599,475750,0.809498
1,12914433,10383276,2531157,1485857,1004611,2490057,411,0.0001650292,2015752,474716,0.8093868
2,13028990,10430338,2598652,1492629,1016428,2508152,905,0.0003606933,2033883,474972,0.8106818
3,12941096,10394904,2546192,1493736,1009391,2502692,435,0.0001737826,2026641,476486,0.8096437
