pid,execution_cycles,compute_cycles,idle_cycles,loads,stores,hit_count,miss_count,miss_rate,private,shared,private_rate
0,13194072,10430314,2763758,1489888,1007461,2494658,2691,0.001077543,2022818,474023,0.8101509
1,13106889,10383276,2723613,1485857,1004611,2488113,2355,0.0009456054,2019154,470987,0.8108593
2,13443404,10430338,3013066,1492629,1016428,2503966,5091,0.002029049,2033781,473255,0.8112293
3,13153055,10394904,2758151,1493736,1009391,2500551,2576,0.001029113,2027651,475093,0.8101712
