pid,execution_cycles,compute_cycles,idle_cycles,loads,stores,hit_count,miss_count,miss_rate,private,shared,private_rate
0,13080024,10430314,2649710,1489888,1007461,2495810,1539,0.0006162535,2023091,474258,0.8100954
1,13002444,10383276,2619168,1485857,1004611,2489168,1300,0.0005219902,2017303,473165,0.8100096
2,13345889,10430338,2915551,1492629,1016428,2504951,4106,0.001636471,2034989,473818,0.8111381
3,13040195,10394904,2645291,1493736,1009391,2501691,1436,0.0005736824,2027661,475465,0.8100515
