pid,execution_cycles,compute_cycles,idle_cycles,loads,stores,hit_count,miss_count,miss_rate,private,shared,private_rate
0,57193353,10430314,46763039,1489888,1007461,2142534,354815,0.1420767,2379803,39087,0.9838409
1,57021982,10383276,46638706,1485857,1004611,2137246,353222,0.1418296,2374319,38266,0.984139
2,57444283,10430338,47013945,1492629,1016428,2152280,356777,0.1421957,2391057,38754,0.9840506
3,57276122,10394904,46881218,1493736,1009391,2147669,355458,0.1420056,2385105,39594,0.9836706
