pid,execution_cycles,compute_cycles,idle_cycles,loads,stores,hit_count,miss_count,miss_rate,private,shared,private_rate
0,14270262,10430314,3839948,1489888,1007461,2494368,2981,0.001193666,214834,2282478,0.0860261
1,14008191,10383276,3624915,1485857,1004611,2489303,1165,0.0004677836,1675153,815284,0.6726342
2,14205946,10430338,3775608,1492629,1016428,2506758,2299,0.0009162805,2030287,478482,0.8092762
3,13983762,10394904,3588858,1493736,1009391,2502425,702,0.0002804492,440660,2062429,0.1760465
