pid,execution_cycles,compute_cycles,idle_cycles,loads,stores,hit_count,miss_count,miss_rate,private,shared,private_rate
0,12987441,10430314,2557127,1489888,1007461,2496991,358,0.000143352,2020307,477042,0.8089806
1,12929403,10383276,2546127,1485857,1004611,2490139,329,0.0001321037,2014549,475919,0.8089038
2,13021847,10430338,2591509,1492629,1016428,2508429,628,0.0002502932,2032651,476225,0.8101839
3,12964406,10394904,2569502,1493736,1009391,2502726,401,0.0001601996,2025574,477553,0.8092174
