pid,execution_cycles,compute_cycles,idle_cycles,loads,stores,hit_count,miss_count,miss_rate,private,shared,private_rate
0,14174475,10430314,3744161,1489888,1007461,2494674,2675,0.001071136,1732638,764711,0.6937909
1,14077162,10383276,3693886,1485857,1004611,2488208,2260,0.00090746,385262,2105206,0.1546946
2,14666301,10430338,4235963,1492629,1016428,2501464,7593,0.003026237,2029694,476054,0.8100152
3,14123692,10394904,3728788,1493736,1009391,2500705,2422,0.0009675897,1963346,539781,0.7843573
