pid,execution_cycles,compute_cycles,idle_cycles,loads,stores,hit_count,miss_count,miss_rate,private,shared,private_rate
0,98919263,10430314,88488949,1489888,1007461,2081527,415822,0.1665054,2337901,88397,0.9635671
1,98278477,10383276,87895201,1485857,1004611,2077022,413446,0.1660114,2331522,87976,0.9636387
2,99082346,10430338,88652008,1492629,1016428,2090631,418426,0.1667662,2348380,88524,0.9636736
3,98988260,10394904,88593356,1493736,1009391,2087160,415967,0.1661789,2343498,88059,0.9637849
