pid,execution_cycles,compute_cycles,idle_cycles,loads,stores,hit_count,miss_count,miss_rate,private,shared,private_rate
0,14227036,10430314,3796722,1489888,1007461,2493750,3599,0.001441128,1866441,630343,0.747538
1,14470452,10383276,4087176,1485857,1004611,2483898,6570,0.002638058,1628332,861454,0.6540048
2,15277182,10430338,4846844,1492629,1016428,2495148,13909,0.005543517,2030406,476035,0.8100753
3,14282913,10394904,3888009,1493736,1009391,2498757,4370,0.001745816,1995559,506576,0.7975425
