pid,execution_cycles,compute_cycles,idle_cycles,loads,stores,hit_count,miss_count,miss_rate,private,shared,private_rate
0,13973841,10430314,3543527,1489888,1007461,2497001,348,0.0001393478,1735407,761942,0.6948997
1,13909325,10383276,3526049,1485857,1004611,2490184,284,0.0001140348,1256729,1233739,0.5046156
2,14039138,10430338,3608800,1492629,1016428,2508250,807,0.0003216348,2029538,479291,0.8089583
3,13944088,10394904,3549184,1493736,1009391,2502782,345,0.0001378276,2003450,499676,0.8003792
