pid,execution_cycles,compute_cycles,idle_cycles,loads,stores,hit_count,miss_count,miss_rate,private,shared,private_rate
0,19827765,10430314,9397451,1489888,1007461,2427651,69698,0.02790879,2043795,445943,0.8208876
1,19723059,10383276,9339783,1485857,1004611,2421283,69185,0.02777992,2037847,445185,0.8207091
2,20008589,10430338,9578251,1492629,1016428,2437651,71406,0.0284593,2057502,443239,0.8227569
3,19832189,10394904,9437285,1493736,1009391,2433085,70042,0.0279818,2047974,447438,0.8206957
