pid,execution_cycles,compute_cycles,idle_cycles,loads,stores,hit_count,miss_count,miss_rate,private,shared,private_rate
0,13016961,10430314,2586647,1489888,1007461,2496447,902,0.000361183,2023103,474246,0.8101002
1,12948588,10383276,2565312,1485857,1004611,2489712,756,0.0003035574,2017164,473304,0.8099538
2,13163531,10430338,2733193,1492629,1016428,2506793,2264,0.000902331,2034910,473877,0.8111131
3,12985151,10394904,2590247,1493736,1009391,2502247,880,0.0003515603,2027777,475348,0.8100982
