pid,execution_cycles,compute_cycles,idle_cycles,loads,stores,hit_count,miss_count,miss_rate,private,shared,private_rate
0,12987261,10430314,2556947,1489888,1007461,2496747,602,0.0002410556,2022157,475192,0.8097214
1,12926610,10383276,2543334,1485857,1004611,2489934,534,0.0002144175,2016482,473986,0.8096799
2,13077599,10430338,2647261,1492629,1016428,2507661,1396,0.0005563843,2034378,474423,0.8108965
3,12957035,10394904,2562131,1493736,1009391,2502531,596,0.0002381022,2027278,475846,0.8098992
