pid,execution_cycles,compute_cycles,idle_cycles,loads,stores,hit_count,miss_count,miss_rate,private,shared,private_rate
0,16379892,10430314,5949578,1489888,1007461,2462478,34871,0.01396321,2019081,470269,0.8110876
1,16229052,10383276,5845776,1485857,1004611,2456576,33892,0.01360869,2016571,466638,0.8120827
2,17151944,10430338,6721606,1492629,1016428,2466506,42551,0.01695896,2027865,467557,0.8126341
3,16330856,10394904,5935952,1493736,1009391,2468452,34675,0.01385267,2024048,471526,0.8110551
