pid,execution_cycles,compute_cycles,idle_cycles,loads,stores,hit_count,miss_count,miss_rate,private,shared,private_rate
0,13835097,10430314,3404783,1489888,1007461,2488183,9166,0.003670292,2021591,473858,0.8101111
1,13698117,10383276,3314841,1485857,1004611,2482141,8327,0.003343548,2019322,469960,0.8112066
2,14532107,10430338,4101769,1492629,1016428,2492969,16088,0.006411971,2031065,470848,0.8118048
3,13749827,10394904,3354923,1493736,1009391,2494523,8604,0.003437301,2026821,474976,0.8101461
