pid,execution_cycles,compute_cycles,idle_cycles,loads,stores,hit_count,miss_count,miss_rate,private,shared,private_rate
0,24909418,10430314,14479104,1489888,1007461,2368057,129292,0.0517717,2091552,384439,0.8447333
1,24764980,10383276,14381704,1485857,1004611,2361989,128479,0.0515883,2087030,382487,0.8451167
2,25281282,10430338,14850944,1492629,1016428,2375936,133121,0.05305619,2108958,376538,0.8485059
3,24879373,10394904,14484469,1493736,1009391,2373333,129794,0.05185274,2088766,392993,0.8416474
