pid,execution_cycles,compute_cycles,idle_cycles,loads,stores,hit_count,miss_count,miss_rate,private,shared,private_rate
0,13200606,10430314,2770292,1489888,1007461,2494592,2757,0.001103971,2001115,496234,0.8012957
1,13106790,10383276,2723514,1485857,1004611,2488114,2354,0.0009452039,1995904,494564,0.8014172
2,13695755,10430338,3265417,1492629,1016428,2501417,7640,0.003044969,2034837,473793,0.8111348
3,13147610,10394904,2752706,1493736,1009391,2500606,2521,0.00100714,2005377,497749,0.801149
