pid,execution_cycles,compute_cycles,idle_cycles,loads,stores,hit_count,miss_count,miss_rate,private,shared,private_rate
0,13973841,10430314,3543527,1489888,1007461,2497001,348,0.0001393478,32336,2465013,0.01294813
1,13909325,10383276,3526049,1485857,1004611,2490184,284,0.0001140348,125593,2364875,0.05042948
2,14036469,10430338,3606131,1492629,1016428,2508290,767,0.0003056925,2029678,479360,0.8089467
3,13943989,10394904,3549085,1493736,1009391,2502783,344,0.0001374281,1440506,1062621,0.5754826
