pid,execution_cycles,compute_cycles,idle_cycles,loads,stores,hit_count,miss_count,miss_rate,private,shared,private_rate
0,30858163,10430314,20427849,1489888,1007461,2343984,153365,0.06141112,2118824,353225,0.8571125
1,30739308,10383276,20356032,1485857,1004611,2337590,152878,0.06138525,2114800,350451,0.8578437
2,31071078,10430338,20640740,1492629,1016428,2353599,155458,0.06195874,2132593,350123,0.8589758
3,30877012,10394904,20482108,1493736,1009391,2349409,153718,0.06141039,2124567,353136,0.8574744
