pid,execution_cycles,compute_cycles,idle_cycles,loads,stores,hit_count,miss_count,miss_rate,private,shared,private_rate
0,12961026,10430314,2530712,1489888,1007461,2497012,337,0.0001349431,2017951,479398,0.8080372
1,12906414,10383276,2523138,1485857,1004611,2490138,330,0.0001325052,2012227,478241,0.8079714
2,12988598,10430338,2558260,1492629,1016428,2508560,497,0.0001980824,2030148,478870,0.8091405
3,12936443,10394904,2541539,1493736,1009391,2502739,388,0.0001550061,2023585,479542,0.8084228
