pid,execution_cycles,compute_cycles,idle_cycles,loads,stores,hit_count,miss_count,miss_rate,private,shared,private_rate
0,12974787,10430314,2544473,1489888,1007461,2496873,476,0.0001906021,2015327,481982,0.8069995
1,12914334,10383276,2531058,1485857,1004611,2490058,410,0.0001646277,2012652,477788,0.8081512
2,13035722,10430338,2605384,1492629,1016428,2508084,973,0.0003877951,2027137,481655,0.8080132
3,12953273,10394904,2558369,1493736,1009391,2502569,558,0.0002229212,2026440,476637,0.8095796
