pid,execution_cycles,compute_cycles,idle_cycles,loads,stores,hit_count,miss_count,miss_rate,private,shared,private_rate
0,13213080,10430314,2782766,1489888,1007461,2494466,2883,0.001154424,2022888,473841,0.8102153
1,13111443,10383276,2728167,1485857,1004611,2488067,2401,0.0009640758,2019682,470421,0.8110837
2,13516961,10430338,3086623,1492629,1016428,2503223,5834,0.002325176,2034288,472459,0.8115251
3,13175330,10394904,2780426,1493736,1009391,2500326,2801,0.001119,2027315,475334,0.8100677
