pid,execution_cycles,compute_cycles,idle_cycles,loads,stores,hit_count,miss_count,miss_rate,private,shared,private_rate
0,13210076,10430314,2779762,1489888,1007461,2494462,2887,0.001156026,2022885,473829,0.810219
1,13108927,10383276,2725651,1485857,1004611,2488067,2401,0.0009640758,2019670,470432,0.8110792
2,13510946,10430338,3080608,1492629,1016428,2503224,5833,0.002324778,2034254,472473,0.811518
3,13172227,10394904,2777323,1493736,1009391,2500323,2804,0.001120199,2027399,475243,0.8101035
