pid,execution_cycles,compute_cycles,idle_cycles,loads,stores,hit_count,miss_count,miss_rate,private,shared,private_rate
0,12996567,10430314,2566253,1489888,1007461,2496653,696,0.0002786955,2022336,474915,0.8098249
1,12934431,10383276,2551155,1485857,1004611,2489855,613,0.0002461385,2016766,473638,0.8098148
2,13089677,10430338,2659339,1492629,1016428,2507539,1518,0.0006050082,2034894,473793,0.8111391
3,12986537,10394904,2591633,1493736,1009391,2502233,894,0.0003571533,2027424,475585,0.8099947
