pid,execution_cycles,compute_cycles,idle_cycles,loads,stores,hit_count,miss_count,miss_rate,private,shared,private_rate
0,15695513,10430314,5265199,1489888,1007461,2478895,18454,0.007389436,2009574,487070,0.8049101
1,15610917,10383276,5227641,1485857,1004611,2472206,18262,0.007332758,1910912,578693,0.7675563
2,16010620,10430338,5580282,1492629,1016428,2487553,21504,0.008570551,2029866,476205,0.8099794
3,15678657,10394904,5283753,1493736,1009391,2484574,18553,0.007411929,2011234,490957,0.8037892
