pid,execution_cycles,compute_cycles,idle_cycles,loads,stores,hit_count,miss_count,miss_rate,private,shared,private_rate
0,36617698,10430314,26187384,1489888,1007461,2249832,247517,0.0991119,2186392,270897,0.8897578
1,36489776,10383276,26106500,1485857,1004611,2243553,246915,0.09914402,2170229,280396,0.8855818
2,36880119,10430338,26449781,1492629,1016428,2258923,250134,0.09969243,2201327,266358,0.8920616
3,36664018,10394904,26269114,1493736,1009391,2254697,248430,0.09924786,2181242,281815,0.8855832
