pid,execution_cycles,compute_cycles,idle_cycles,loads,stores,hit_count,miss_count,miss_rate,private,shared,private_rate
0,14555093,10430314,4124779,1489888,1007461,2496321,1028,0.0004116365,2011703,485430,0.8056051
1,17014187,10383276,6630911,1485857,1004611,2479827,10641,0.004272691,2004506,482295,0.8060581
2,14306866,10430338,3876528,1492629,1016428,2508170,887,0.0003535193,2022839,485922,0.80631
3,14437365,10394904,4042461,1493736,1009391,2501759,1368,0.0005465164,2020700,482098,0.8073764
