pid,execution_cycles,compute_cycles,idle_cycles,loads,stores,hit_count,miss_count,miss_rate,private,shared,private_rate
0,55233355,10430314,44803041,1489888,1007461,2049667,447682,0.1792629,2092089,239988,0.8970926
1,55033978,10383276,44650702,1485857,1004611,2044224,446244,0.1791808,2083835,241952,0.8959698
2,55641607,10430338,45211269,1492629,1016428,2057190,451867,0.1800944,2105677,235840,0.899279
3,55314894,10394904,44919990,1493736,1009391,2054262,448865,0.1793217,2095355,242091,0.8964293
