pid,execution_cycles,compute_cycles,idle_cycles,loads,stores,hit_count,miss_count,miss_rate,private,shared,private_rate
0,33289884,10430314,22859570,1489888,1007461,2291670,205679,0.08235893,2145834,316077,0.8716131
1,32941836,10383276,22558560,1485857,1004611,2287760,202708,0.08139354,2174273,275529,0.8875301
2,33488330,10430338,23057992,1492629,1016428,2301492,207565,0.0827263,2156476,316209,0.8721192
3,33041660,10394904,22646756,1493736,1009391,2299656,203471,0.08128673,2189184,273579,0.8889138
