pid,execution_cycles,compute_cycles,idle_cycles,loads,stores,hit_count,miss_count,miss_rate,private,shared,private_rate
0,46210275,10430314,35779961,1489888,1007461,2161161,336188,0.1346179,2359167,78350,0.9678566
1,45998748,10383276,35615472,1485857,1004611,2155872,334596,0.1343507,2351494,79720,0.9672098
2,46418423,10430338,35988085,1492629,1016428,2170885,338172,0.1347805,2376130,72304,0.9704693
3,46235687,10394904,35840783,1493736,1009391,2166383,336744,0.1345293,2367893,75519,0.9690928
