pid,execution_cycles,compute_cycles,idle_cycles,loads,stores,hit_count,miss_count,miss_rate,private,shared,private_rate
0,48313629,10430314,37883315,1489888,1007461,2139915,357434,0.1431254,2205499,178015,0.9253141
1,48121605,10383276,37738329,1485857,1004611,2134429,356039,0.1429607,2203187,173847,0.9268639
2,48595037,10430338,38164699,1492629,1016428,2148899,360158,0.1435432,2225246,168671,0.9295418
3,48380027,10394904,37985123,1493736,1009391,2144723,358404,0.1431825,2211359,177617,0.9256514
