pid,execution_cycles,compute_cycles,idle_cycles,loads,stores,hit_count,miss_count,miss_rate,private,shared,private_rate
0,44469062,10430314,34038748,1489888,1007461,2157923,339426,0.1359145,2104449,262171,0.8892213
1,44322931,10383276,33939655,1485857,1004611,2152025,338443,0.1358953,2086607,273538,0.8841012
2,44793205,10430338,34362867,1492629,1016428,2166464,342593,0.1365425,2094210,282244,0.8812331
3,44528461,10394904,34133557,1493736,1009391,2162527,340600,0.1360698,2099139,272881,0.8849584
