pid,execution_cycles,compute_cycles,idle_cycles,loads,stores,hit_count,miss_count,miss_rate,private,shared,private_rate
0,20885184,10430314,10454870,1489888,1007461,2416970,80379,0.03218573,2074476,420246,0.831546
1,20788101,10383276,10404825,1485857,1004611,2410525,79943,0.03209959,2068878,418635,0.8317054
2,21392411,10430338,10962073,1492629,1016428,2423673,85384,0.03403031,2083419,419676,0.8323372
3,20890103,10394904,10495199,1493736,1009391,2422399,80728,0.03225086,2078406,421598,0.8313611
