pid,execution_cycles,compute_cycles,idle_cycles,loads,stores,hit_count,miss_count,miss_rate,private,shared,private_rate
0,12963006,10430314,2532692,1489888,1007461,2496992,357,0.0001429516,2020302,477044,0.8089796
1,12905721,10383276,2522445,1485857,1004611,2490145,323,0.0001296945,2014559,475909,0.8089078
2,13003052,10430338,2572714,1492629,1016428,2508414,643,0.0002562716,2032766,476236,0.8101891
3,12937433,10394904,2542529,1493736,1009391,2502729,398,0.0001590011,2025617,477510,0.8092346
