pid,execution_cycles,compute_cycles,idle_cycles,loads,stores,hit_count,miss_count,miss_rate,private,shared,private_rate
0,176957496,10430314,166527182,1489888,1007461,840482,1656867,0.6634503,1820026,1646,0.9990964
1,176400756,10383276,166017480,1485857,1004611,838680,1651788,0.663244,1816230,665,0.999634
2,177674999,10430338,167244661,1492629,1016428,845061,1663996,0.6631958,1826408,1659,0.9990925
3,177233675,10394904,166838771,1493736,1009391,843171,1659956,0.6631529,1825536,769,0.9995789
