pid,execution_cycles,compute_cycles,idle_cycles,loads,stores,hit_count,miss_count,miss_rate,private,shared,private_rate
0,14062592,10430314,3632278,1489888,1007461,2495880,1469,0.0005882238,1829278,668071,0.7324879
1,13984587,10383276,3601311,1485857,1004611,2489242,1226,0.000492277,874230,1616238,0.3510304
2,14330512,10430338,3900174,1492629,1016428,2505024,4033,0.001607377,2030665,476544,0.8099305
3,14026913,10394904,3632009,1493736,1009391,2501777,1350,0.0005393254,1989359,513768,0.7947495
