pid,execution_cycles,compute_cycles,idle_cycles,loads,stores,hit_count,miss_count,miss_rate,private,shared,private_rate
0,13200606,10430314,2770292,1489888,1007461,2494592,2757,0.001103971,2022048,475301,0.8096778
1,13106691,10383276,2723415,1485857,1004611,2488115,2353,0.0009448023,1996036,494432,0.8014702
2,13694963,10430338,3264625,1492629,1016428,2501425,7632,0.00304178,2032168,473661,0.8109763
3,13147610,10394904,2752706,1493736,1009391,2500606,2521,0.00100714,2026935,476192,0.8097612
