pid,execution_cycles,compute_cycles,idle_cycles,loads,stores,hit_count,miss_count,miss_rate,private,shared,private_rate
0,33960147,10430314,23529833,1489888,1007461,2284881,212468,0.08507742,2069895,357959,0.8525616
1,33828018,10383276,23444742,1485857,1004611,2278790,211678,0.08499527,2054323,367093,0.8483974
2,34528829,10430338,24098491,1492629,1016428,2290959,218098,0.08692429,2080263,355761,0.8539583
3,34022516,10394904,23627612,1493736,1009391,2289728,213399,0.08525297,2065024,368471,0.8485836
