pid,execution_cycles,compute_cycles,idle_cycles,loads,stores,hit_count,miss_count,miss_rate,private,shared,private_rate
0,12987360,10430314,2557046,1489888,1007461,2496746,603,0.000241456,2022234,475113,0.8097529
1,12926709,10383276,2543433,1485857,1004611,2489933,535,0.0002148191,2016538,473930,0.8097024
2,13089578,10430338,2659240,1492629,1016428,2507540,1517,0.0006046096,2034007,474375,0.8108841
3,12956639,10394904,2561735,1493736,1009391,2502535,592,0.0002365042,2027343,475779,0.8099258
