pid,execution_cycles,compute_cycles,idle_cycles,loads,stores,hit_count,miss_count,miss_rate,private,shared,private_rate
0,12983211,10430314,2552897,1489888,1007461,2496745,604,0.0002418565,2022198,475149,0.8097385
1,12922101,10383276,2538825,1485857,1004611,2489933,535,0.0002148191,2016567,473901,0.8097141
2,13085033,10430338,2654695,1492629,1016428,2507535,1522,0.0006066024,2033997,474380,0.8108817
3,12953093,10394904,2558189,1493736,1009391,2502533,594,0.0002373032,2027344,475778,0.8099262
