pid,execution_cycles,compute_cycles,idle_cycles,loads,stores,hit_count,miss_count,miss_rate,private,shared,private_rate
0,14610168,10430314,4179854,1489888,1007461,2480354,16995,0.006805216,2023924,471320,0.8111127
1,14552685,10383276,4169409,1485857,1004611,2473509,16959,0.006809564,2018189,470194,0.8110444
2,14706347,10430338,4276009,1492629,1016428,2491209,17848,0.007113429,2035764,470901,0.8121404
3,14622809,10394904,4227905,1493736,1009391,2485705,17422,0.006960094,2029661,471306,0.8115505
