pid,execution_cycles,compute_cycles,idle_cycles,loads,stores,hit_count,miss_count,miss_rate,private,shared,private_rate
0,75703823,10430314,65273509,1489888,1007461,1847747,649602,0.2601166,2103117,146571,0.9348483
1,75460787,10383276,65077511,1485857,1004611,1842770,647698,0.2600708,2102915,140593,0.9373334
2,75984558,10430338,65554220,1492629,1016428,1856785,652272,0.259967,2124583,135188,0.9401762
3,75818018,10394904,65423114,1493736,1009391,1852001,651126,0.260125,2115918,139018,0.9383495
