pid,execution_cycles,compute_cycles,idle_cycles,loads,stores,hit_count,miss_count,miss_rate,private,shared,private_rate
0,13990127,10430314,3559813,1489888,1007461,2497031,318,0.000127335,2015222,482099,0.8069535
1,13919418,10383276,3536142,1485857,1004611,2490220,248,9.957968e-05,2003137,487315,0.8043267
2,14055972,10430338,3625634,1492629,1016428,2508308,749,0.0002985185,2027537,481269,0.8081681
3,13955881,10394904,3560977,1493736,1009391,2502809,318,0.0001270411,2015698,487403,0.8052803
