pid,execution_cycles,compute_cycles,idle_cycles,loads,stores,hit_count,miss_count,miss_rate,private,shared,private_rate
0,13665447,10430314,3235133,1489888,1007461,2489813,7536,0.0030176,2022095,474403,0.8099726
1,13237816,10383276,2854540,1485857,1004611,2486600,3868,0.001553122,2016659,473527,0.8098427
2,14040453,10430338,3610115,1492629,1016428,2497767,11290,0.004499698,2029932,473596,0.8108286
3,13460671,10394904,3065767,1493736,1009391,2497283,5844,0.00233468,2026789,475729,0.8098999
