pid,execution_cycles,compute_cycles,idle_cycles,loads,stores,hit_count,miss_count,miss_rate,private,shared,private_rate
0,71989281,10430314,61558967,1489888,1007461,1900767,596582,0.2388861,2260793,53475,0.9768933
1,71762805,10383276,61379529,1485857,1004611,1895629,594839,0.2388463,2249549,58413,0.9746907
2,72250691,10430338,61820353,1492629,1016428,1909953,599104,0.2387766,2269002,55674,0.9760509
3,72114089,10394904,61719185,1493736,1009391,1904985,598142,0.2389579,2255172,64441,0.9722191
