pid,execution_cycles,compute_cycles,idle_cycles,loads,stores,hit_count,miss_count,miss_rate,private,shared,private_rate
0,14012044,10430314,3581730,1489888,1007461,2496430,919,0.0003679902,390194,2107127,0.156245
1,13961191,10383276,3577915,1485857,1004611,2489468,1000,0.000401531,1595809,894622,0.6407762
2,14174419,10430338,3744081,1492629,1016428,2506630,2427,0.0009672957,2031434,477103,0.8098083
3,13988619,10394904,3593715,1493736,1009391,2502190,937,0.0003743318,1851844,651238,0.7398255
