pid,execution_cycles,compute_cycles,idle_cycles,loads,stores,hit_count,miss_count,miss_rate,private,shared,private_rate
0,63238533,10430314,52808219,1489888,1007461,2091302,406047,0.1625912,2354495,60284,0.9750354
1,63047842,10383276,52664566,1485857,1004611,2085571,404897,0.1625787,2349542,58671,0.9756371
2,63769669,10430338,53339331,1492629,1016428,2099523,409534,0.1632223,2366419,58495,0.9758775
3,63450021,10394904,53055117,1493736,1009391,2095848,407279,0.1627081,2360452,59848,0.9752725
