pid,execution_cycles,compute_cycles,idle_cycles,loads,stores,hit_count,miss_count,miss_rate,private,shared,private_rate
0,84942540,10430314,74512226,1489888,1007461,1769926,727423,0.2912781,2268526,4111,0.9981911
1,84561426,10383276,74178150,1485857,1004611,1766350,724118,0.2907558,2264184,2674,0.9988204
2,85354628,10430338,74924290,1492629,1016428,1777590,731467,0.2915306,2279298,3253,0.9985748
3,84990920,10394904,74596016,1493736,1009391,1774916,728211,0.2909205,2274833,3418,0.9984997
