pid,execution_cycles,compute_cycles,idle_cycles,loads,stores,hit_count,miss_count,miss_rate,private,shared,private_rate
0,13791141,10430314,3360827,1489888,1007461,2488627,8722,0.003492503,2021536,473953,0.8100761
1,13642281,10383276,3259005,1485857,1004611,2482705,7763,0.003117085,2019195,470115,0.8111465
2,14478746,10430338,4048408,1492629,1016428,2493508,15549,0.006197149,2029285,472678,0.8110771
3,13696763,10394904,3301859,1493736,1009391,2495059,8068,0.003223168,2026927,474924,0.8101709
