pid,execution_cycles,compute_cycles,idle_cycles,loads,stores,hit_count,miss_count,miss_rate,private,shared,private_rate
0,13071120,10430314,2640806,1489888,1007461,2495810,1539,0.0006162535,2023086,474263,0.8100934
1,12989385,10383276,2606109,1485857,1004611,2489165,1303,0.0005231948,2017306,473162,0.8100108
2,13322444,10430338,2892106,1492629,1016428,2504974,4083,0.001627305,2035181,473834,0.8111474
3,13027037,10394904,2632133,1493736,1009391,2501689,1438,0.0005744814,2027693,475434,0.810064
