pid,execution_cycles,compute_cycles,idle_cycles,loads,stores,hit_count,miss_count,miss_rate,private,shared,private_rate
0,12956274,10430314,2525960,1489888,1007461,2497060,289,0.0001157227,2012649,484700,0.8059142
1,12903444,10383276,2520168,1485857,1004611,2490168,300,0.0001204593,2006835,483633,0.8058064
2,12977708,10430338,2547370,1492629,1016428,2508670,387,0.0001542412,2025755,483302,0.807377
3,12931394,10394904,2536490,1493736,1009391,2502790,337,0.0001346316,2018935,484192,0.8065651
