pid,execution_cycles,compute_cycles,idle_cycles,loads,stores,hit_count,miss_count,miss_rate,private,shared,private_rate
0,14073630,10430314,3643316,1489888,1007461,2495833,1516,0.0006070437,2017739,479347,0.8080374
1,14002443,10383276,3619167,1485857,1004611,2489144,1324,0.000531627,2012442,477868,0.808109
2,14232920,10430338,3802582,1492629,1016428,2506095,2962,0.001180523,2030227,477746,0.8095091
3,14040208,10394904,3645304,1493736,1009391,2501699,1428,0.0005704864,2022296,480648,0.8079669
