pid,execution_cycles,compute_cycles,idle_cycles,loads,stores,hit_count,miss_count,miss_rate,private,shared,private_rate
0,133007634,10430314,122577320,1489888,1007461,1284420,1212929,0.4856866,1868410,42184,0.977921
1,132727104,10383276,122343828,1485857,1004611,1279828,1210640,0.4861094,1863858,41070,0.9784401
2,133681379,10430338,123251041,1492629,1016428,1289441,1219616,0.4860854,1865747,51629,0.9730731
3,133353608,10394904,122958704,1493736,1009391,1286404,1216723,0.4860812,1868396,46425,0.9757549
