pid,execution_cycles,compute_cycles,idle_cycles,loads,stores,hit_count,miss_count,miss_rate,private,shared,private_rate
0,13011293,10430314,2580979,1489888,1007461,2496439,910,0.0003643864,2023032,474314,0.8100728
1,12941034,10383276,2557758,1485857,1004611,2489710,758,0.0003043605,2017226,473242,0.8099787
2,13153476,10430338,2723138,1492629,1016428,2506762,2295,0.0009146863,2035010,473887,0.8111174
3,12976447,10394904,2581543,1493736,1009391,2502247,880,0.0003515603,2027804,475322,0.8101086
