pid,execution_cycles,compute_cycles,idle_cycles,loads,stores,hit_count,miss_count,miss_rate,private,shared,private_rate
0,12977446,10430314,2547132,1489888,1007461,2496888,461,0.0001845957,2021581,475768,0.8094908
1,12917462,10383276,2534186,1485857,1004611,2490066,402,0.0001614154,2015780,474688,0.8093981
2,13033711,10430338,2603373,1492629,1016428,2508149,908,0.0003618889,2033872,474979,0.8106787
3,12946141,10394904,2551237,1493736,1009391,2502673,454,0.0001813731,2026585,476536,0.8096233
