pid,execution_cycles,compute_cycles,idle_cycles,loads,stores,hit_count,miss_count,miss_rate,private,shared,private_rate
0,13068719,10430314,2638405,1489888,1007461,2495957,1392,0.0005573911,2022471,474618,0.8099315
1,12990549,10383276,2607273,1485857,1004611,2489317,1151,0.0004621621,2018918,471399,0.8107072
2,13239899,10430338,2809561,1492629,1016428,2506053,3004,0.001197263,2034502,473649,0.8111561
3,13050585,10394904,2655681,1493736,1009391,2501605,1522,0.0006080395,2027532,475360,0.8100757
