pid,execution_cycles,compute_cycles,idle_cycles,loads,stores,hit_count,miss_count,miss_rate,private,shared,private_rate
0,107352042,10430314,96921728,1489888,1007461,1543564,953785,0.381919,2080463,36791,0.9826232
1,107070156,10383276,96686880,1485857,1004611,1538984,951484,0.3820503,2074101,37154,0.9824019
2,107754497,10430338,97324159,1492629,1016428,1551327,957730,0.3817091,2083193,42958,0.9797954
3,107571167,10394904,97176263,1493736,1009391,1546831,956296,0.3820405,2084899,37177,0.9824808
