pid,execution_cycles,compute_cycles,idle_cycles,loads,stores,hit_count,miss_count,miss_rate,private,shared,private_rate
0,57248683,10430314,46818369,1489888,1007461,2049653,447696,0.1792685,2123637,208442,0.9106197
1,57052526,10383276,46669250,1485857,1004611,2044206,446262,0.179188,2121631,204161,0.9122187
2,57672788,10430338,47242450,1492629,1016428,2057186,451871,0.1800959,2135397,206114,0.9119739
3,57335716,10394904,46940812,1493736,1009391,2054256,448871,0.1793241,2126900,210549,0.9099236
