pid,execution_cycles,compute_cycles,idle_cycles,loads,stores,hit_count,miss_count,miss_rate,private,shared,private_rate
0,43277202,10430314,32846888,1489888,1007461,2190788,306561,0.1227546,2179612,246309,0.8984678
1,43063794,10383276,32680518,1485857,1004611,2185518,304950,0.1224469,2172432,247232,0.8978238
2,43598705,10430338,33168367,1492629,1016428,2199367,309690,0.1234288,2190383,245381,0.8992591
3,43302020,10394904,32907116,1493736,1009391,2196016,307111,0.1226909,2181033,250709,0.8969015
