pid,execution_cycles,compute_cycles,idle_cycles,loads,stores,hit_count,miss_count,miss_rate,private,shared,private_rate
0,20529366,10430314,10099052,1489888,1007461,2421839,75510,0.03023606,2051019,430639,0.8264713
1,20419313,10383276,10036037,1485857,1004611,2415452,75016,0.03012125,2044869,430187,0.826191
2,20850149,10430338,10419811,1492629,1016428,2430657,78400,0.0312468,2069327,422838,0.8303331
3,20538386,10394904,10143482,1493736,1009391,2427134,75993,0.03035923,2052047,435352,0.824977
