pid,execution_cycles,compute_cycles,idle_cycles,loads,stores,hit_count,miss_count,miss_rate,private,shared,private_rate
0,14202262,10430314,3771948,1489888,1007461,2484412,12937,0.005180293,2021678,473472,0.8102431
1,14054110,10383276,3670834,1485857,1004611,2478494,11974,0.004807932,2020225,468794,0.8116551
2,14968587,10430338,4538249,1492629,1016428,2488509,20548,0.008189531,2035180,466070,0.8136652
3,14131617,10394904,3736713,1493736,1009391,2490621,12506,0.004996151,2026793,474609,0.8102628
