pid,execution_cycles,compute_cycles,idle_cycles,loads,stores,hit_count,miss_count,miss_rate,private,shared,private_rate
0,14705703,10430314,4275389,1489888,1007461,2479389,17960,0.007191626,2022327,474505,0.8099572
1,14493483,10383276,4110207,1485857,1004611,2474107,16361,0.006569448,2016730,472524,0.8101745
2,14876231,10430338,4445893,1492629,1016428,2489493,19564,0.007797352,2034349,473527,0.811184
3,14539748,10394904,4144844,1493736,1009391,2486544,16583,0.006624914,2026730,475120,0.8100925
