pid,execution_cycles,compute_cycles,idle_cycles,loads,stores,hit_count,miss_count,miss_rate,private,shared,private_rate
0,16259367,10430314,5829053,1489888,1007461,2463653,33696,0.01349271,2021063,470575,0.8111383
1,16143219,10383276,5759943,1485857,1004611,2457415,33053,0.0132718,2018354,466846,0.8121495
2,16745258,10430338,6314920,1492629,1016428,2470552,38505,0.0153464,2031995,468130,0.8127574
3,16252175,10394904,5857271,1493736,1009391,2469223,33904,0.01354466,2025503,472034,0.8110002
