pid,execution_cycles,compute_cycles,idle_cycles,loads,stores,hit_count,miss_count,miss_rate,private,shared,private_rate
0,12973599,10430314,2543285,1489888,1007461,2496885,464,0.000185797,2021600,475731,0.8095042
1,12914433,10383276,2531157,1485857,1004611,2490057,411,0.0001650292,2016126,474342,0.809537
2,13077005,10430338,2646667,1492629,1016428,2507667,1390,0.000553993,2033711,474861,0.8107047
3,12941492,10394904,2546588,1493736,1009391,2502688,439,0.0001753806,2026700,476413,0.8096718
