pid,execution_cycles,compute_cycles,idle_cycles,loads,stores,hit_count,miss_count,miss_rate,private,shared,private_rate
0,13386825,10430314,2956511,1489888,1007461,2492711,4638,0.001857169,2022523,474006,0.810134
1,13285881,10383276,2902605,1485857,1004611,2486305,4163,0.001671573,2019234,470674,0.8109673
2,13761194,10430338,3330856,1492629,1016428,2500756,8301,0.003308414,2032106,473396,0.8110574
3,13331453,10394904,2936549,1493736,1009391,2498749,4378,0.001749012,2027555,474943,0.8102124
