pid,execution_cycles,compute_cycles,idle_cycles,loads,stores,hit_count,miss_count,miss_rate,private,shared,private_rate
0,46095768,10430314,35665454,1489888,1007461,2204305,293044,0.117342,2310947,147856,0.9398667
1,45894110,10383276,35510834,1485857,1004611,2198876,291592,0.1170832,2304164,148336,0.9395164
2,46304730,10430338,35874392,1492629,1016428,2214155,294902,0.117535,2317061,152615,0.9382044
3,46126309,10394904,35731405,1493736,1009391,2209713,293414,0.117219,2321034,143782,0.9416662
