pid,execution_cycles,compute_cycles,idle_cycles,loads,stores,hit_count,miss_count,miss_rate,private,shared,private_rate
0,12985869,10430314,2555555,1489888,1007461,2496999,350,0.0001401486,2020310,477039,0.8089818
1,12929574,10383276,2546298,1485857,1004611,2490142,326,0.0001308991,2014560,475908,0.8089082
2,13022621,10430338,2592283,1492629,1016428,2508459,598,0.0002383366,2032919,476119,0.8102384
3,12965852,10394904,2570948,1493736,1009391,2502724,403,0.0001609986,2025557,477570,0.8092106
