pid,execution_cycles,compute_cycles,idle_cycles,loads,stores,hit_count,miss_count,miss_rate,private,shared,private_rate
0,13073304,10430314,2642990,1489888,1007461,2495810,1539,0.0006162535,2023236,474113,0.8101535
1,12989568,10383276,2606292,1485857,1004611,2489164,1304,0.0005235964,2017399,473069,0.8100482
2,13326368,10430338,2896030,1492629,1016428,2504970,4087,0.001628899,2033501,473734,0.8110532
3,13028885,10394904,2633981,1493736,1009391,2501689,1438,0.0005744814,2027855,475272,0.8101287
