pid,execution_cycles,compute_cycles,idle_cycles,loads,stores,hit_count,miss_count,miss_rate,private,shared,private_rate
0,13791042,10430314,3360728,1489888,1007461,2488628,8721,0.003492103,2021509,473979,0.8100656
1,13642281,10383276,3259005,1485857,1004611,2482705,7763,0.003117085,2019191,470118,0.8111452
2,14478053,10430338,4047715,1492629,1016428,2493515,15542,0.006194359,2029317,472646,0.8110899
3,13696763,10394904,3301859,1493736,1009391,2495059,8068,0.003223168,2026928,474923,0.8101713
