pid,execution_cycles,compute_cycles,idle_cycles,loads,stores,hit_count,miss_count,miss_rate,private,shared,private_rate
0,53130771,10430314,42700457,1489888,1007461,2091257,406092,0.1626092,2343778,71023,0.9705885
1,52963002,10383276,42579726,1485857,1004611,2085526,404942,0.1625967,2333312,74919,0.9688904
2,53483558,10430338,43053220,1492629,1016428,2099520,409537,0.1632235,2354002,70932,0.9707489
3,53220632,10394904,42825728,1493736,1009391,2095828,407299,0.1627161,2351800,68528,0.9716865
