pid,execution_cycles,compute_cycles,idle_cycles,loads,stores,hit_count,miss_count,miss_rate,private,shared,private_rate
0,13200606,10430314,2770292,1489888,1007461,2494592,2757,0.001103971,2001116,496233,0.8012961
1,13106790,10383276,2723514,1485857,1004611,2488114,2354,0.0009452039,1995902,494566,0.8014164
2,13695062,10430338,3264724,1492629,1016428,2501424,7633,0.003042179,2035235,473797,0.8111634
3,13147610,10394904,2752706,1493736,1009391,2500606,2521,0.00100714,2005378,497749,0.8011491
