pid,execution_cycles,compute_cycles,idle_cycles,loads,stores,hit_count,miss_count,miss_rate,private,shared,private_rate
0,14744450,10430314,4314136,1489888,1007461,2478940,18409,0.007371417,2023296,471803,0.8109081
1,14623134,10383276,4239858,1485857,1004611,2472750,17718,0.007114326,2022207,466792,0.8124579
2,15623598,10430338,5193260,1492629,1016428,2481876,27181,0.01083315,2038192,462519,0.815045
3,14731070,10394904,4336166,1493736,1009391,2484578,18549,0.007410331,2027807,473352,0.8107469
