pid,execution_cycles,compute_cycles,idle_cycles,loads,stores,hit_count,miss_count,miss_rate,private,shared,private_rate
0,14373603,10430314,3943289,1489888,1007461,2492546,4803,0.001923239,2018516,477768,0.8086083
1,14286041,10383276,3902765,1485857,1004611,2486270,4198,0.001685627,2015828,473987,0.8096296
2,14811604,10430338,4381266,1492629,1016428,2499941,9116,0.003633238,2030201,474842,0.8104456
3,14322931,10394904,3928027,1493736,1009391,2498554,4573,0.001826915,2023363,478970,0.8085906
