pid,execution_cycles,compute_cycles,idle_cycles,loads,stores,hit_count,miss_count,miss_rate,private,shared,private_rate
0,12970035,10430314,2539721,1489888,1007461,2496921,428,0.0001713817,2015775,481544,0.8071756
1,12909285,10383276,2526009,1485857,1004611,2490109,359,0.0001441496,2012664,477794,0.8081501
2,13028198,10430338,2597860,1492629,1016428,2508160,897,0.0003575048,2029793,479016,0.8090664
3,12944165,10394904,2549261,1493736,1009391,2502661,466,0.0001861671,2026292,476804,0.8095143
