pid,execution_cycles,compute_cycles,idle_cycles,loads,stores,hit_count,miss_count,miss_rate,private,shared,private_rate
0,14101783,10430314,3671469,1489888,1007461,2496743,606,0.0002426573,2018936,478299,0.8084686
1,13965438,10383276,3582162,1485857,1004611,2490025,443,0.0001778782,2014327,476084,0.8088332
2,14266493,10430338,3836155,1492629,1016428,2507665,1392,0.0005547901,2028254,480368,0.8085132
3,14068181,10394904,3673277,1493736,1009391,2502514,613,0.0002448937,2023761,479276,0.8085222
