pid,execution_cycles,compute_cycles,idle_cycles,loads,stores,hit_count,miss_count,miss_rate,private,shared,private_rate
0,12982986,10430314,2552672,1489888,1007461,2496748,601,0.0002406552,2022216,475133,0.8097451
1,12921939,10383276,2538663,1485857,1004611,2489935,533,0.000214016,2016526,473942,0.8096976
2,13073225,10430338,2642887,1492629,1016428,2507659,1398,0.0005571814,2034026,474397,0.8108784
3,12952724,10394904,2557820,1493736,1009391,2502536,591,0.0002361047,2027351,475776,0.8099273
