pid,execution_cycles,compute_cycles,idle_cycles,loads,stores,hit_count,miss_count,miss_rate,private,shared,private_rate
0,14006013,10430314,3575699,1489888,1007461,2496509,840,0.0003363567,36828,2460521,0.01474684
1,13937449,10383276,3554173,1485857,1004611,2489776,692,0.0002778594,48726,2441742,0.019565
2,14151116,10430338,3720778,1492629,1016428,2506873,2184,0.0008704465,2031648,477276,0.8097686
3,13977988,10394904,3583084,1493736,1009391,2502332,795,0.0003176027,32052,2471075,0.01280478
