pid,execution_cycles,compute_cycles,idle_cycles,loads,stores,hit_count,miss_count,miss_rate,private,shared,private_rate
0,14062340,10430314,3632026,1489888,1007461,2495880,1469,0.0005882238,42191,2455158,0.01689431
1,13984518,10383276,3601242,1485857,1004611,2489241,1227,0.0004926785,60639,2429829,0.02434844
2,14315119,10430338,3884781,1492629,1016428,2505037,4020,0.001602196,2032333,476648,0.8100233
3,14026661,10394904,3631757,1493736,1009391,2501777,1350,0.0005393254,949511,1553616,0.3793299
