pid,execution_cycles,compute_cycles,idle_cycles,loads,stores,hit_count,miss_count,miss_rate,private,shared,private_rate
0,14209232,10430314,3778918,1489888,1007461,2494300,3049,0.001220895,2022050,474592,0.8099079
1,14127043,10383276,3743767,1485857,1004611,2487847,2621,0.001052413,2019306,470702,0.8109637
2,14575370,10430338,4145032,1492629,1016428,2502512,6545,0.00260855,2035754,470662,0.8122171
3,14205597,10394904,3810693,1493736,1009391,2499793,3334,0.001331934,2025934,476511,0.8095818
