pid,execution_cycles,compute_cycles,idle_cycles,loads,stores,hit_count,miss_count,miss_rate,private,shared,private_rate
0,54208782,10430314,43778468,1489888,1007461,2080368,416981,0.1669695,2208855,166363,0.9299589
1,54006759,10383276,43623483,1485857,1004611,2074983,415485,0.1668301,2215905,152905,0.9354507
2,54412376,10430338,43982038,1492629,1016428,2090138,418919,0.1669627,2240392,145509,0.939013
3,54265379,10394904,43870475,1493736,1009391,2085275,417852,0.166932,2215985,164837,0.9307647
