pid,execution_cycles,compute_cycles,idle_cycles,loads,stores,hit_count,miss_count,miss_rate,private,shared,private_rate
0,14089216,10430314,3658902,1489888,1007461,2495500,1849,0.0007403851,183247,2314065,0.0733777
1,13956565,10383276,3573289,1485857,1004611,2489560,908,0.0003645901,1675780,814652,0.6728873
2,14157319,10430338,3726981,1492629,1016428,2506796,2261,0.0009011354,2030877,477849,0.8095252
3,13970071,10394904,3575167,1493736,1009391,2502424,703,0.0002808487,148340,2354761,0.05926249
