pid,execution_cycles,compute_cycles,idle_cycles,loads,stores,hit_count,miss_count,miss_rate,private,shared,private_rate
0,14026358,10430314,3596044,1489888,1007461,2496753,596,0.0002386531,2017165,480091,0.8077526
1,13946178,10383276,3562902,1485857,1004611,2489992,476,0.0001911287,2010902,479517,0.8074553
2,14153874,10430338,3723536,1492629,1016428,2507640,1417,0.000564754,2028090,480487,0.8084623
3,13994975,10394904,3600071,1493736,1009391,2502532,595,0.0002377027,2022339,480717,0.807948
