pid,execution_cycles,compute_cycles,idle_cycles,loads,stores,hit_count,miss_count,miss_rate,private,shared,private_rate
0,14394357,10430314,3964043,1489888,1007461,2482499,14850,0.005946305,2023739,472845,0.8106032
1,14352768,10383276,3969492,1485857,1004611,2475492,14976,0.006013328,2016170,471506,0.8104633
2,14691497,10430338,4261159,1492629,1016428,2491315,17742,0.007071183,2034735,471776,0.8117798
3,14228501,10394904,3833597,1493736,1009391,2489657,13470,0.005381269,2027914,473845,0.8105953
