pid,execution_cycles,compute_cycles,idle_cycles,loads,stores,hit_count,miss_count,miss_rate,private,shared,private_rate
0,34860043,10430314,24429729,1489888,1007461,2304473,192876,0.0772323,2219552,250159,0.8987092
1,34698737,10383276,24315461,1485857,1004611,2298420,192048,0.07711322,2219424,243761,0.9010383
2,35165880,10430338,24735542,1492629,1016428,2313248,195809,0.07804087,2231206,249034,0.8995928
3,34909692,10394904,24514788,1493736,1009391,2309580,193547,0.07732209,2227566,247769,0.8999049
