pid,execution_cycles,compute_cycles,idle_cycles,loads,stores,hit_count,miss_count,miss_rate,private,shared,private_rate
0,64319058,10430314,53888744,1489888,1007461,1978244,519105,0.2078624,2072414,200382,0.9118346
1,64150200,10383276,53766924,1485857,1004611,1972524,517944,0.2079706,2042476,224268,0.9010616
2,65191595,10430338,54761257,1492629,1016428,1981257,527800,0.2103579,2031514,246997,0.8915972
3,64500593,10394904,54105689,1493736,1009391,1981889,521238,0.2082347,2094354,183682,0.9193683
