pid,execution_cycles,compute_cycles,idle_cycles,loads,stores,hit_count,miss_count,miss_rate,private,shared,private_rate
0,13973983,10430314,3543669,1489888,1007461,2496999,350,0.0001401486,136228,2361119,0.05454909
1,13909424,10383276,3526148,1485857,1004611,2490183,285,0.0001144363,1493695,996771,0.5997653
2,14041441,10430338,3611103,1492629,1016428,2508242,815,0.0003248232,2029695,479319,0.8089612
3,13945726,10394904,3550822,1493736,1009391,2502768,359,0.0001434206,28057,2475065,0.0112088
