pid,execution_cycles,compute_cycles,idle_cycles,loads,stores,hit_count,miss_count,miss_rate,private,shared,private_rate
0,13016129,10430314,2585815,1489888,1007461,2496495,854,0.0003419626,2021793,475468,0.8096042
1,12952230,10383276,2568954,1485857,1004611,2489710,758,0.0003043605,2016127,474276,0.8095585
2,13114107,10430338,2683769,1492629,1016428,2507329,1728,0.000688705,2033765,474760,0.8107414
3,12986130,10394904,2591226,1493736,1009391,2502262,865,0.0003455678,2026795,476243,0.809734
