pid,execution_cycles,compute_cycles,idle_cycles,loads,stores,hit_count,miss_count,miss_rate,private,shared,private_rate
0,16115674,10430314,5685360,1489888,1007461,2474193,23156,0.009272232,2019257,476339,0.8091282
1,16026431,10383276,5643155,1485857,1004611,2467790,22678,0.009105919,2015984,473086,0.8099346
2,16576994,10430338,6146656,1492629,1016428,2481284,27773,0.0110691,2030981,473265,0.811015
3,16077540,10394904,5682636,1493736,1009391,2480104,23023,0.009197696,2023894,477743,0.8090278
