pid,execution_cycles,compute_cycles,idle_cycles,loads,stores,hit_count,miss_count,miss_rate,private,shared,private_rate
0,75332016,10430314,64901702,1489888,1007461,1867002,630347,0.2524065,2053531,161264,0.9271878
1,75114054,10383276,64730778,1485857,1004611,1861778,628690,0.2524385,2031319,177599,0.9195991
2,76148618,10430338,65718280,1492629,1016428,1870580,638477,0.2544689,2053073,167672,0.9244974
3,75498206,10394904,65103302,1493736,1009391,1870802,632325,0.252614,2033474,186533,0.9159764
