pid,execution_cycles,compute_cycles,idle_cycles,loads,stores,hit_count,miss_count,miss_rate,private,shared,private_rate
0,12992706,10430314,2562392,1489888,1007461,2496692,657,0.000263079,2021360,475925,0.809423
1,12927798,10383276,2544522,1485857,1004611,2489922,546,0.0002192359,2015867,474569,0.8094434
2,13088489,10430338,2658151,1492629,1016428,2507551,1506,0.0006002255,2033249,475361,0.8105082
3,12959609,10394904,2564705,1493736,1009391,2502505,622,0.0002484892,2026846,476229,0.8097424
