pid,execution_cycles,compute_cycles,idle_cycles,loads,stores,hit_count,miss_count,miss_rate,private,shared,private_rate
0,155107220,10430314,144676906,1489888,1007461,1061190,1436159,0.5750734,1853202,17525,0.990632
1,154700359,10383276,144317083,1485857,1004611,1057875,1432593,0.5752304,1856719,8846,0.9952583
2,155703554,10430338,145273216,1492629,1016428,1066992,1442065,0.5747438,1861146,16656,0.9911301
3,155415086,10394904,145020182,1493736,1009391,1063558,1439569,0.5751083,1854281,21008,0.9887975
