pid,execution_cycles,compute_cycles,idle_cycles,loads,stores,hit_count,miss_count,miss_rate,private,shared,private_rate
0,31841238,10430314,21410924,1489888,1007461,2291148,206201,0.08256796,2135626,329871,0.8662051
1,31714348,10383276,21331072,1485857,1004611,2285091,205377,0.08246522,2128199,330893,0.865441
2,32141820,10430338,21711482,1492629,1016428,2299716,209341,0.08343413,2143756,331652,0.8660213
3,31858599,10394904,21463695,1493736,1009391,2296240,206887,0.08265142,2135351,335976,0.8640504
