pid,execution_cycles,compute_cycles,idle_cycles,loads,stores,hit_count,miss_count,miss_rate,private,shared,private_rate
0,13186836,10430314,2756522,1489888,1007461,2494694,2655,0.001063127,2022792,474036,0.8101447
1,13100458,10383276,2717182,1485857,1004611,2488134,2334,0.0009371733,2019028,471121,0.8108061
2,13431680,10430338,3001342,1492629,1016428,2504002,5055,0.002014701,2033587,473443,0.8111538
3,13142039,10394904,2747135,1493736,1009391,2500619,2508,0.001001947,2027856,474902,0.8102485
