pid,execution_cycles,compute_cycles,idle_cycles,loads,stores,hit_count,miss_count,miss_rate,private,shared,private_rate
0,14182290,10430314,3751976,1489888,1007461,2484676,12673,0.005074581,2019963,475554,0.8094367
1,13958586,10383276,3575310,1485857,1004611,2479510,10958,0.004399976,2014193,474055,0.8094824
2,14057303,10430338,3626965,1492629,1016428,2497765,11292,0.004500496,2033071,474394,0.8108073
3,13736660,10394904,3341756,1493736,1009391,2494656,8471,0.003384167,2025943,475585,0.8098822
