pid,execution_cycles,compute_cycles,idle_cycles,loads,stores,hit_count,miss_count,miss_rate,private,shared,private_rate
0,14027887,10430314,3597573,1489888,1007461,2496736,613,0.0002454603,2018260,478988,0.8081937
1,13942371,10383276,3559095,1485857,1004611,2490010,458,0.0001839012,2012016,478408,0.807901
2,14155546,10430338,3725208,1492629,1016428,2507620,1437,0.0005727251,2028191,480389,0.8085016
3,13988019,10394904,3593115,1493736,1009391,2502555,572,0.0002285142,2023133,479931,0.8082626
