pid,execution_cycles,compute_cycles,idle_cycles,loads,stores,hit_count,miss_count,miss_rate,private,shared,private_rate
0,15270093,10430314,4839779,1489888,1007461,2481275,16074,0.006436425,2020102,474027,0.8099429
1,15218562,10383276,4835286,1485857,1004611,2474777,15691,0.006300422,2017185,470449,0.810885
2,15808556,10430338,5378218,1492629,1016428,2487910,21147,0.008428266,2032858,469727,0.8123033
3,15266066,10394904,4871162,1493736,1009391,2486730,16397,0.006550607,2024366,475712,0.8097211
