pid,execution_cycles,compute_cycles,idle_cycles,loads,stores,hit_count,miss_count,miss_rate,private,shared,private_rate
0,13365639,10430314,2935325,1489888,1007461,2492925,4424,0.001771478,2021130,475907,0.8094113
1,13215690,10383276,2832414,1485857,1004611,2487014,3454,0.001386888,2016382,473749,0.8097494
2,13461521,10430338,3031183,1492629,1016428,2503783,5274,0.002101985,2033276,475099,0.8105949
3,13282844,10394904,2887940,1493736,1009391,2499240,3887,0.001552858,2027300,475445,0.8100306
