pid,execution_cycles,compute_cycles,idle_cycles,loads,stores,hit_count,miss_count,miss_rate,private,shared,private_rate
0,14728077,10430314,4297763,1489888,1007461,2479163,18186,0.007282122,2022780,474089,0.8101266
1,14657922,10383276,4274646,1485857,1004611,2472446,18022,0.007236391,2016676,473029,0.810006
2,14939591,10430338,4509253,1492629,1016428,2488853,20204,0.008052428,2033702,473554,0.8111266
3,14710721,10394904,4315817,1493736,1009391,2484817,18310,0.007314851,2026955,475348,0.8100358
