pid,execution_cycles,compute_cycles,idle_cycles,loads,stores,hit_count,miss_count,miss_rate,private,shared,private_rate
0,13404348,10430314,2974034,1489888,1007461,2492534,4815,0.001928044,2022413,473919,0.8101539
1,13290534,10383276,2907258,1485857,1004611,2486258,4210,0.001690445,2019704,470136,0.8111782
2,13836137,10430338,3405799,1492629,1016428,2499999,9058,0.003610121,2032334,472798,0.8112682
3,13347491,10394904,2952587,1493736,1009391,2498587,4540,0.001813731,2027297,475086,0.8101466
