pid,execution_cycles,compute_cycles,idle_cycles,loads,stores,hit_count,miss_count,miss_rate,private,shared,private_rate
0,14187880,10430314,3757566,1489888,1007461,2494485,2864,0.001146816,2020833,475878,0.809398
1,14106238,10383276,3722962,1485857,1004611,2488124,2344,0.0009411886,2017226,472877,0.8100974
2,14491996,10430338,4061658,1492629,1016428,2503292,5765,0.002297676,2032165,474528,0.8106956
3,14150392,10394904,3755488,1493736,1009391,2500400,2727,0.001089437,2025280,477358,0.8092581
