pid,execution_cycles,compute_cycles,idle_cycles,loads,stores,hit_count,miss_count,miss_rate,private,shared,private_rate
0,14174199,10430314,3743885,1489888,1007461,2494674,2675,0.001071136,53710,2443639,0.02150681
1,14077162,10383276,3693886,1485857,1004611,2488208,2260,0.00090746,83137,2407331,0.03338208
2,14644327,10430338,4213989,1492629,1016428,2501476,7581,0.003021454,2032756,476201,0.8101996
3,14123048,10394904,3728144,1493736,1009391,2500705,2422,0.0009675897,584236,1918891,0.2334025
