pid,execution_cycles,compute_cycles,idle_cycles,loads,stores,hit_count,miss_count,miss_rate,private,shared,private_rate
0,31114755,10430314,20684441,1489888,1007461,2313641,183708,0.0735612,2185213,273800,0.8886545
1,30956886,10383276,20573610,1485857,1004611,2307810,182658,0.07334284,2173566,277439,0.886806
2,31239743,10430338,20809405,1492629,1016428,2324205,184852,0.07367389,2197695,272606,0.8896466
3,31105715,10394904,20710811,1493736,1009391,2319211,183916,0.0734745,2185278,278010,0.8871387
