pid,execution_cycles,compute_cycles,idle_cycles,loads,stores,hit_count,miss_count,miss_rate,private,shared,private_rate
0,21756744,10430314,11326430,1489888,1007461,2408154,89195,0.03571587,2030306,446270,0.8198036
1,21630481,10383276,11247205,1485857,1004611,2402001,88467,0.03552224,2028547,441492,0.8212611
2,22105980,10430338,11675642,1492629,1016428,2416446,92611,0.03691068,2042134,444147,0.8213609
3,21763773,10394904,11368869,1493736,1009391,2413561,89566,0.03578164,2034838,447506,0.8197244
