pid,execution_cycles,compute_cycles,idle_cycles,loads,stores,hit_count,miss_count,miss_rate,private,shared,private_rate
0,13103388,10430314,2673074,1489888,1007461,2495574,1775,0.0007107537,2022334,474692,0.8098971
1,13025115,10383276,2641839,1485857,1004611,2488939,1529,0.0006139408,2018937,471327,0.8107321
2,13299953,10430338,2869615,1492629,1016428,2505415,3642,0.001451541,2034287,473521,0.8111813
3,13074845,10394904,2679941,1493736,1009391,2501341,1786,0.0007135075,2027642,475221,0.810129
