pid,execution_cycles,compute_cycles,idle_cycles,loads,stores,hit_count,miss_count,miss_rate,private,shared,private_rate
0,12973896,10430314,2543582,1489888,1007461,2496882,467,0.0001869983,2021594,475755,0.809496
1,12913740,10383276,2530464,1485857,1004611,2490064,404,0.0001622185,2015787,474681,0.8094009
2,13026911,10430338,2596573,1492629,1016428,2508173,884,0.0003523236,2033876,474986,0.8106767
3,12941096,10394904,2546192,1493736,1009391,2502692,435,0.0001737826,2026635,476492,0.8096413
