pid,execution_cycles,compute_cycles,idle_cycles,loads,stores,hit_count,miss_count,miss_rate,private,shared,private_rate
0,13189205,10430314,2758891,1489888,1007461,2494591,2758,0.001104371,2019589,477760,0.8086931
1,13083882,10383276,2700606,1485857,1004611,2488114,2354,0.0009452039,1995877,494591,0.8014064
2,13666712,10430338,3236374,1492629,1016428,2501426,7631,0.003041382,2032149,473660,0.8109752
3,13128743,10394904,2733839,1493736,1009391,2500607,2520,0.001006741,2026985,476142,0.8097811
