pid,execution_cycles,compute_cycles,idle_cycles,loads,stores,hit_count,miss_count,miss_rate,private,shared,private_rate
0,13043711,10430314,2613397,1489888,1007461,2496213,1136,0.0004548824,2022129,475029,0.8097721
1,12974989,10383276,2591713,1485857,1004611,2489477,991,0.0003979172,2018007,472345,0.81033
2,13177325,10430338,2746987,1492629,1016428,2506691,2366,0.0009429838,2033843,474447,0.8108484
3,13011564,10394904,2616660,1493736,1009391,2502000,1127,0.0004502368,2027657,475319,0.8100985
