pid,execution_cycles,compute_cycles,idle_cycles,loads,stores,hit_count,miss_count,miss_rate,private,shared,private_rate
0,60618735,10430314,50188421,1489888,1007461,2015621,481728,0.1928957,2355163,18301,0.9922893
1,60306723,10383276,49923447,1485857,1004611,2011347,479121,0.1923819,2347371,19934,0.9915795
2,60999638,10430338,50569300,1492629,1016428,2023600,485457,0.1934819,2363427,19958,0.9916262
3,60619001,10394904,50224097,1493736,1009391,2021097,482030,0.1925711,2360764,18343,0.99229
