pid,execution_cycles,compute_cycles,idle_cycles,loads,stores,hit_count,miss_count,miss_rate,private,shared,private_rate
0,14006081,10430314,3575767,1489888,1007461,2496509,840,0.0003363567,318215,2179134,0.1274211
1,13937449,10383276,3554173,1485857,1004611,2489776,692,0.0002778594,48932,2441536,0.01964771
2,14153038,10430338,3722700,1492629,1016428,2506868,2189,0.0008724393,2031488,477257,0.8097627
3,13978544,10394904,3583640,1493736,1009391,2502325,802,0.0003203992,1469212,1033910,0.5869518
