pid,execution_cycles,compute_cycles,idle_cycles,loads,stores,hit_count,miss_count,miss_rate,private,shared,private_rate
0,14318331,10430314,3888017,1489888,1007461,2483409,13940,0.005581919,2020073,475081,0.8095985
1,14875095,10383276,4491819,1485857,1004611,2470339,20129,0.008082417,2014946,469887,0.810898
2,14746517,10430338,4316179,1492629,1016428,2490975,18082,0.007206692,2033009,473199,0.8111893
3,18543500,10394904,8148596,1493736,1009391,2446236,56891,0.02272797,2024137,453435,0.8169841
