pid,execution_cycles,compute_cycles,idle_cycles,loads,stores,hit_count,miss_count,miss_rate,private,shared,private_rate
0,22466637,10430314,12036323,1489888,1007461,2389160,108189,0.04332154,2031124,434580,0.8237501
1,22416430,10383276,12033154,1485857,1004611,2382925,107543,0.04318184,2024841,434335,0.8233819
2,22848298,10430338,12417960,1492629,1016428,2397443,111614,0.04448444,2043636,431817,0.8255604
3,22516315,10394904,12121411,1493736,1009391,2394465,108662,0.0434105,2034898,436514,0.8233747
