pid,execution_cycles,compute_cycles,idle_cycles,loads,stores,hit_count,miss_count,miss_rate,private,shared,private_rate
0,16421223,10430314,5990909,1489888,1007461,2462133,35216,0.01410135,2030535,463051,0.8143032
1,16359240,10383276,5975964,1485857,1004611,2455324,35144,0.0141114,2024820,461963,0.8142327
2,16623323,10430338,6192985,1492629,1016428,2471937,37120,0.0147944,2045279,459469,0.8165608
3,16376093,10394904,5981189,1493736,1009391,2468077,35050,0.01400249,2035420,463947,0.8143742
