pid,execution_cycles,compute_cycles,idle_cycles,loads,stores,hit_count,miss_count,miss_rate,private,shared,private_rate
0,13072578,10430314,2642264,1489888,1007461,2495808,1541,0.0006170543,2023248,474101,0.8101583
1,12989592,10383276,2606316,1485857,1004611,2489168,1300,0.0005219902,2017421,473047,0.810057
2,13326926,10430338,2896588,1492629,1016428,2504972,4085,0.001628102,2033502,473739,0.8110517
3,13028885,10394904,2633981,1493736,1009391,2501689,1438,0.0005744814,2027854,475273,0.8101283
