pid,execution_cycles,compute_cycles,idle_cycles,loads,stores,hit_count,miss_count,miss_rate,private,shared,private_rate
0,15784458,10430314,5354144,1489888,1007461,2468680,28669,0.01147977,2020625,474222,0.8099194
1,15528492,10383276,5145216,1485857,1004611,2463728,26740,0.01073694,2014943,472348,0.8100954
2,15926645,10430338,5496307,1492629,1016428,2479023,30034,0.01197023,2033109,472979,0.811268
3,15580259,10394904,5185355,1493736,1009391,2476163,26964,0.01077213,2024633,475244,0.809893
