pid,execution_cycles,compute_cycles,idle_cycles,loads,stores,hit_count,miss_count,miss_rate,private,shared,private_rate
0,13386528,10430314,2956214,1489888,1007461,2492714,4635,0.001855968,2022524,474004,0.8101347
1,13285386,10383276,2902110,1485857,1004611,2486310,4158,0.001669566,2019168,470740,0.8109408
2,13760600,10430338,3330262,1492629,1016428,2500762,8295,0.003306023,2032122,473378,0.8110645
3,13331651,10394904,2936747,1493736,1009391,2498747,4380,0.001749811,2027542,474952,0.8102085
