pid,execution_cycles,compute_cycles,idle_cycles,loads,stores,hit_count,miss_count,miss_rate,private,shared,private_rate
0,13098933,10430314,2668619,1489888,1007461,2495619,1730,0.0006927346,2023118,474201,0.810116
1,12994227,10383276,2610951,1485857,1004611,2489251,1217,0.0004886632,2017295,473132,0.8100197
2,13234712,10430338,2804374,1492629,1016428,2506074,2983,0.001188893,2034894,473740,0.8111562
3,13002476,10394904,2607572,1493736,1009391,2502072,1055,0.0004214728,2027782,475313,0.8101099
