pid,execution_cycles,compute_cycles,idle_cycles,loads,stores,hit_count,miss_count,miss_rate,private,shared,private_rate
0,12963402,10430314,2533088,1489888,1007461,2496988,361,0.0001445533,2020310,477031,0.8089844
1,12907503,10383276,2524227,1485857,1004611,2490127,341,0.0001369221,2014550,475909,0.8089071
2,13004933,10430338,2574595,1492629,1016428,2508395,662,0.0002638441,2032813,476200,0.8102043
3,12938720,10394904,2543816,1493736,1009391,2502716,411,0.0001641946,2025637,477479,0.8092462
