pid,execution_cycles,compute_cycles,idle_cycles,loads,stores,hit_count,miss_count,miss_rate,private,shared,private_rate
0,15765795,10430314,5335481,1489888,1007461,2468681,28668,0.01147937,2018390,473484,0.8099888
1,16122033,10383276,5738757,1485857,1004611,2457657,32811,0.01317463,2010888,472556,0.8097175
2,15871379,10430338,5441041,1492629,1016428,2479441,29616,0.01180364,2030302,473002,0.8110489
3,16177505,10394904,5782601,1493736,1009391,2470001,33126,0.01323385,2023917,473921,0.8102675
