pid,execution_cycles,compute_cycles,idle_cycles,loads,stores,hit_count,miss_count,miss_rate,private,shared,private_rate
0,32025060,10430314,21594746,1489888,1007461,2304446,192903,0.07724311,2220663,249057,0.8991558
1,31888971,10383276,21505695,1485857,1004611,2298395,192073,0.07712326,2207405,255775,0.8961607
2,32325278,10430338,21894940,1492629,1016428,2313240,195817,0.07804406,2223017,257230,0.8962886
3,32059382,10394904,21664478,1493736,1009391,2309578,193549,0.07732288,2214167,261171,0.8944908
