pid,execution_cycles,compute_cycles,idle_cycles,loads,stores,hit_count,miss_count,miss_rate,private,shared,private_rate
0,15305878,10430314,4875564,1489888,1007461,2473256,24093,0.00964743,2021382,473635,0.8101676
1,15165908,10383276,4782632,1485857,1004611,2467260,23208,0.00931873,2017865,470959,0.8107705
2,16024271,10430338,5593933,1492629,1016428,2477813,31244,0.01245249,2029248,472068,0.8112721
3,15231124,10394904,4836220,1493736,1009391,2479500,23627,0.009438994,2026332,475010,0.8100979
