pid,execution_cycles,compute_cycles,idle_cycles,loads,stores,hit_count,miss_count,miss_rate,private,shared,private_rate
0,13071120,10430314,2640806,1489888,1007461,2495810,1539,0.0006162535,2023087,474262,0.8100938
1,12989385,10383276,2606109,1485857,1004611,2489165,1303,0.0005231948,2017306,473162,0.8100108
2,13322276,10430338,2891938,1492629,1016428,2504974,4083,0.001627305,2035150,473832,0.8111457
3,13027205,10394904,2632301,1493736,1009391,2501689,1438,0.0005744814,2027766,475361,0.8100931
