pid,execution_cycles,compute_cycles,idle_cycles,loads,stores,hit_count,miss_count,miss_rate,private,shared,private_rate
0,14011708,10430314,3581394,1489888,1007461,2497238,111,4.444713e-05,2004152,493197,0.8025118
1,13944709,10383276,3561433,1485857,1004611,2490367,101,4.055463e-05,1994020,496448,0.8006608
2,14067661,10430338,3637323,1492629,1016428,2508776,281,0.0001119943,2017040,491927,0.8039325
3,13951397,10394904,3556493,1493736,1009391,2503000,127,5.073654e-05,2001098,502027,0.7994399
