pid,execution_cycles,compute_cycles,idle_cycles,loads,stores,hit_count,miss_count,miss_rate,private,shared,private_rate
0,73859694,10430314,63429380,1489888,1007461,2130090,367259,0.1470595,2329794,73807,0.9692932
1,73575603,10383276,63192327,1485857,1004611,2124612,365856,0.1469025,2323818,73381,0.9693889
2,73928974,10430338,63498636,1492629,1016428,2140326,368731,0.14696,2339474,75284,0.9688234
3,73938971,10394904,63544067,1493736,1009391,2135102,368025,0.1470261,2332845,76402,0.968288
