pid,execution_cycles,compute_cycles,idle_cycles,loads,stores,hit_count,miss_count,miss_rate,private,shared,private_rate
0,18402777,10430314,7972463,1489888,1007461,2442031,55318,0.02215069,2028269,460499,0.8149691
1,18309492,10383276,7926216,1485857,1004611,2435544,54924,0.02205369,2025666,456373,0.8161298
2,18665609,10430338,8235271,1492629,1016428,2451207,57850,0.02305647,2040957,458275,0.8166337
3,18387698,10394904,7992794,1493736,1009391,2447662,55465,0.02215828,2032282,462187,0.8147153
