pid,execution_cycles,compute_cycles,idle_cycles,loads,stores,hit_count,miss_count,miss_rate,private,shared,private_rate
0,13996740,10430314,3566426,1489888,1007461,2497155,194,7.768237e-05,2013229,484104,0.8061516
1,13921752,10383276,3538476,1485857,1004611,2490325,143,5.741893e-05,2004148,486314,0.8047294
2,14090497,10430338,3660159,1492629,1016428,2508382,675,0.0002690254,2023892,484907,0.8067175
3,13952268,10394904,3557364,1493736,1009391,2502911,216,8.629207e-05,2014999,488112,0.8049979
