pid,execution_cycles,compute_cycles,idle_cycles,loads,stores,hit_count,miss_count,miss_rate,private,shared,private_rate
0,13040622,10430314,2610308,1489888,1007461,2496208,1141,0.0004568845,2022140,475042,0.8097688
1,12972249,10383276,2588973,1485857,1004611,2489473,995,0.0003995233,2017948,472405,0.810306
2,13174025,10430338,2743687,1492629,1016428,2506687,2370,0.000944578,2033851,474467,0.8108426
3,13009604,10394904,2614700,1493736,1009391,2502000,1127,0.0004502368,2027701,475285,0.8101128
