pid,execution_cycles,compute_cycles,idle_cycles,loads,stores,hit_count,miss_count,miss_rate,private,shared,private_rate
0,23532543,10430314,13102229,1489888,1007461,2390229,107120,0.04289348,2104511,383353,0.8459108
1,23429817,10383276,13046541,1485857,1004611,2383841,106627,0.04281404,2100895,380238,0.8467482
2,23651294,10430338,13220956,1492629,1016428,2400856,108201,0.04312417,2116173,382989,0.846753
3,23585378,10394904,13190474,1493736,1009391,2395174,107953,0.04312726,2109088,384432,0.8458276
