pid,execution_cycles,compute_cycles,idle_cycles,loads,stores,hit_count,miss_count,miss_rate,private,shared,private_rate
0,26059629,10430314,15629315,1489888,1007461,2370654,126695,0.0507318,2056636,399359,0.8373942
1,25940410,10383276,15557134,1485857,1004611,2364389,126079,0.05062462,2048439,400993,0.8362914
2,26392192,10430338,15961854,1492629,1016428,2378773,130284,0.05192548,2063481,402212,0.8368767
3,26080090,10394904,15685186,1493736,1009391,2375831,127296,0.05085479,2055783,405874,0.8351216
