pid,execution_cycles,compute_cycles,idle_cycles,loads,stores,hit_count,miss_count,miss_rate,private,shared,private_rate
0,41346036,10430314,30915722,1489888,1007461,2210282,287067,0.1149487,2052644,354877,0.8525965
1,41186925,10383276,30803649,1485857,1004611,2204461,286007,0.1148407,2047869,353376,0.8528363
2,41871728,10430338,31441390,1492629,1016428,2216790,292267,0.1164848,2054635,361240,0.8504724
3,41413682,10394904,31018778,1493736,1009391,2215074,288053,0.1150773,2050005,363213,0.8494902
