pid,execution_cycles,compute_cycles,idle_cycles,loads,stores,hit_count,miss_count,miss_rate,private,shared,private_rate
0,12978871,10430314,2548557,1489888,1007461,2496877,472,0.0001890004,2021591,475758,0.8094948
1,12918153,10383276,2534877,1485857,1004611,2490061,407,0.0001634231,2015788,474680,0.8094013
2,13031109,10430338,2600771,1492629,1016428,2508175,882,0.0003515265,2033881,474977,0.81068
3,12943993,10394904,2549089,1493736,1009391,2502693,434,0.0001733831,2026631,476496,0.8096397
