pid,execution_cycles,compute_cycles,idle_cycles,loads,stores,hit_count,miss_count,miss_rate,private,shared,private_rate
0,48146126,10430314,37715812,1489888,1007461,2121145,376204,0.1506413,2085789,278680,0.8821384
1,47969276,10383276,37586000,1485857,1004611,2115751,374717,0.1504605,2083830,274399,0.8836419
2,48442829,10430338,38012491,1492629,1016428,2130070,378987,0.1510476,2106348,268175,0.8870615
3,48203789,10394904,37808885,1493736,1009391,2126113,377014,0.1506172,2090480,279615,0.8820237
