pid,execution_cycles,compute_cycles,idle_cycles,loads,stores,hit_count,miss_count,miss_rate,private,shared,private_rate
0,79843893,10430314,69413579,1489888,1007461,1962603,534746,0.2141255,2302833,29732,0.9872535
1,79197287,10383276,68814011,1485857,1004611,1958268,532200,0.2136948,2295325,31237,0.9865738
2,79650222,10430338,69219884,1492629,1016428,1973245,535812,0.2135511,2314381,29583,0.9873791
3,79931331,10394904,69536427,1493736,1009391,1967962,535165,0.2137986,2307818,30445,0.9869797
