pid,execution_cycles,compute_cycles,idle_cycles,loads,stores,hit_count,miss_count,miss_rate,private,shared,private_rate
0,14190340,10430314,3760026,1489888,1007461,2494489,2860,0.001145214,2020667,476044,0.8093316
1,14108061,10383276,3724785,1485857,1004611,2488098,2370,0.0009516284,2017383,472712,0.8101631
2,14499826,10430338,4069488,1492629,1016428,2503206,5851,0.002331952,2032318,474357,0.8107625
3,14156170,10394904,3761266,1493736,1009391,2500343,2784,0.001112209,2025111,477515,0.8091944
