pid,execution_cycles,compute_cycles,idle_cycles,loads,stores,hit_count,miss_count,miss_rate,private,shared,private_rate
0,13755806,10430314,3325492,1489888,1007461,2488904,8445,0.003381586,2021741,474116,0.8100388
1,13621161,10383276,3237885,1485857,1004611,2482765,7703,0.003092993,2018647,470792,0.8108843
2,14383892,10430338,3953554,1492629,1016428,2494310,14747,0.005877507,2029179,473262,0.8108799
3,13681710,10394904,3286806,1493736,1009391,2495146,7981,0.003188412,2026769,475217,0.8100641
