pid,execution_cycles,compute_cycles,idle_cycles,loads,stores,hit_count,miss_count,miss_rate,private,shared,private_rate
0,30637013,10430314,20206699,1489888,1007461,2318774,178575,0.07150582,2111489,341487,0.8607867
1,30531123,10383276,20147847,1485857,1004611,2312600,177868,0.07141951,2105605,340820,0.8606865
2,30893293,10430338,20462955,1492629,1016428,2327959,181098,0.07217771,2129195,334273,0.864308
3,30678352,10394904,20283448,1493736,1009391,2324030,179097,0.07154931,2110395,348215,0.8583692
