pid,execution_cycles,compute_cycles,idle_cycles,loads,stores,hit_count,miss_count,miss_rate,private,shared,private_rate
0,12960729,10430314,2530415,1489888,1007461,2497015,334,0.0001337418,2017953,479396,0.808038
1,12905919,10383276,2522643,1485857,1004611,2490143,325,0.0001304976,2012218,478250,0.8079678
2,12987905,10430338,2557567,1492629,1016428,2508567,490,0.0001952925,2030189,478862,0.8091462
3,12936344,10394904,2541440,1493736,1009391,2502740,387,0.0001546066,2023554,479573,0.8084104
