pid,execution_cycles,compute_cycles,idle_cycles,loads,stores,hit_count,miss_count,miss_rate,private,shared,private_rate
0,71868495,10430314,61438181,1489888,1007461,1899364,597985,0.2394479,2194720,108176,0.9530261
1,71544677,10383276,61161401,1485857,1004611,1894904,595564,0.2391374,2178245,118558,0.9483813
2,72173171,10430338,61742833,1492629,1016428,1907846,601211,0.2396163,2195920,116962,0.9494302
3,71932557,10394904,61537653,1493736,1009391,1904247,598880,0.2392527,2190577,117767,0.948982
