pid,execution_cycles,compute_cycles,idle_cycles,loads,stores,hit_count,miss_count,miss_rate,private,shared,private_rate
0,18248814,10430314,7818500,1489888,1007461,2443600,53749,0.02152242,2065236,430481,0.8275121
1,18173214,10383276,7789938,1485857,1004611,2436938,53530,0.02149395,2056924,431289,0.8266672
2,18602888,10430338,8172550,1492629,1016428,2451850,57207,0.0228002,2075352,430087,0.8283387
3,18235319,10394904,7840415,1493736,1009391,2449215,53912,0.02153786,2068130,433097,0.8268462
