pid,execution_cycles,compute_cycles,idle_cycles,loads,stores,hit_count,miss_count,miss_rate,private,shared,private_rate
0,13977452,10430314,3547138,1489888,1007461,2497115,234,9.369936e-05,2013628,483721,0.8063062
1,13911271,10383276,3527995,1485857,1004611,2490274,194,7.789701e-05,1997636,492831,0.802113
2,14036150,10430338,3605812,1492629,1016428,2508450,607,0.0002419236,2027320,481525,0.8080691
3,13942802,10394904,3547898,1493736,1009391,2502886,241,9.627957e-05,2012400,490725,0.8039551
