pid,execution_cycles,compute_cycles,idle_cycles,loads,stores,hit_count,miss_count,miss_rate,private,shared,private_rate
0,52468182,10430314,42037868,1489888,1007461,2097944,399405,0.1599316,2240290,141309,0.9406663
1,52304589,10383276,41921313,1485857,1004611,2092173,398295,0.1599278,2214048,160974,0.9322221
2,52721933,10430338,42291595,1492629,1016428,2107207,401850,0.1601598,2233729,158273,0.9338324
3,52558412,10394904,42163508,1493736,1009391,2102516,400611,0.1600442,2240479,146519,0.9386179
