pid,execution_cycles,compute_cycles,idle_cycles,loads,stores,hit_count,miss_count,miss_rate,private,shared,private_rate
0,58382169,10430314,47951855,1489888,1007461,2063946,433403,0.1735452,2327479,46119,0.98057
1,58123570,10383276,47740294,1485857,1004611,2059104,431364,0.173206,2324593,42809,0.9819173
2,58571767,10430338,48141429,1492629,1016428,2074010,435047,0.1733906,2337991,46563,0.9804731
3,58404238,10394904,48009334,1493736,1009391,2069233,433894,0.1733408,2330583,48735,0.9795172
