pid,execution_cycles,compute_cycles,idle_cycles,loads,stores,hit_count,miss_count,miss_rate,private,shared,private_rate
0,154645911,10430314,144215597,1489888,1007461,1056609,1440740,0.5769078,1803491,67302,0.9640249
1,154225282,10383276,143842006,1485857,1004611,1053365,1437103,0.5770413,1810410,55161,0.9704321
2,155311225,10430338,144880887,1492629,1016428,1061579,1447478,0.5769012,1820173,57318,0.969471
3,154943504,10394904,144548600,1493736,1009391,1058917,1444210,0.5769623,1815051,60225,0.9678847
