pid,execution_cycles,compute_cycles,idle_cycles,loads,stores,hit_count,miss_count,miss_rate,private,shared,private_rate
0,14897906,10430314,4467592,1489888,1007461,2486000,11349,0.004544419,2022793,472317,0.8107029
1,14849494,10383276,4466218,1485857,1004611,2479212,11256,0.004519632,2019057,469398,0.8113697
2,15281936,10430338,4851598,1492629,1016428,2494014,15043,0.00599548,2035840,469017,0.812757
3,14900189,10394904,4505285,1493736,1009391,2491331,11796,0.004712506,2026058,474847,0.8101299
