pid,execution_cycles,compute_cycles,idle_cycles,loads,stores,hit_count,miss_count,miss_rate,private,shared,private_rate
0,16107056,10430314,5676742,1489888,1007461,2476331,21018,0.008416124,2019287,477571,0.8087312
1,15882620,10383276,5499344,1485857,1004611,2470737,19731,0.007922607,2011741,477723,0.8081021
2,16271616,10430338,5841278,1492629,1016428,2486651,22406,0.008930048,2031216,476744,0.8099077
3,15937286,10394904,5542382,1493736,1009391,2483129,19998,0.007989207,2023798,478248,0.8088572
