pid,execution_cycles,compute_cycles,idle_cycles,loads,stores,hit_count,miss_count,miss_rate,private,shared,private_rate
0,14717995,10430314,4287681,1489888,1007461,2488940,8409,0.003367171,2007344,488499,0.8042749
1,14609838,10383276,4226562,1485857,1004611,2482801,7667,0.003078538,2004074,485350,0.8050352
2,15371595,10430338,4941257,1492629,1016428,2494243,14814,0.00590421,2026889,475471,0.809991
3,14655617,10394904,4260713,1493736,1009391,2495175,7952,0.003176826,2011958,490007,0.8041511
