pid,execution_cycles,compute_cycles,idle_cycles,loads,stores,hit_count,miss_count,miss_rate,private,shared,private_rate
0,14201670,10430314,3771356,1489888,1007461,2494232,3117,0.001248124,60239,2437083,0.02412144
1,14096665,10383276,3713389,1485857,1004611,2487932,2536,0.001018283,1590237,900165,0.6385463
2,14685183,10430338,4254845,1492629,1016428,2500974,8083,0.003221529,2032081,476029,0.8102041
3,14137697,10394904,3742793,1493736,1009391,2500451,2676,0.001069063,41366,2461726,0.01652596
