pid,execution_cycles,compute_cycles,idle_cycles,loads,stores,hit_count,miss_count,miss_rate,private,shared,private_rate
0,13029237,10430314,2598923,1489888,1007461,2496323,1026,0.0004108357,2022135,475118,0.8097437
1,12963834,10383276,2580558,1485857,1004611,2489558,910,0.0003653932,2016557,473844,0.8097318
2,13144028,10430338,2713690,1492629,1016428,2506990,2067,0.0008238155,2034029,474308,0.8109074
3,13000793,10394904,2605889,1493736,1009391,2502089,1038,0.0004146813,2027292,475739,0.8099348
