pid,execution_cycles,compute_cycles,idle_cycles,loads,stores,hit_count,miss_count,miss_rate,private,shared,private_rate
0,13073565,10430314,2643251,1489888,1007461,2495787,1562,0.0006254632,2023100,474247,0.8100997
1,12991884,10383276,2608608,1485857,1004611,2489144,1324,0.000531627,2017305,473156,0.8100127
2,13324778,10430338,2894440,1492629,1016428,2504964,4093,0.00163129,2034689,473806,0.8111194
3,13028021,10394904,2633117,1493736,1009391,2501685,1442,0.0005760794,2027776,475347,0.8100984
