pid,execution_cycles,compute_cycles,idle_cycles,loads,stores,hit_count,miss_count,miss_rate,private,shared,private_rate
0,13144131,10430314,2713817,1489888,1007461,2495081,2268,0.000908163,2023074,474169,0.810123
1,13058418,10383276,2675142,1485857,1004611,2488494,1974,0.0007926221,2017395,472920,0.8100963
2,13463921,10430338,3033583,1492629,1016428,2503567,5490,0.002188073,2033552,473601,0.8111001
3,13089164,10394904,2694260,1493736,1009391,2501092,2035,0.0008129831,2027758,475153,0.8101598
