pid,execution_cycles,compute_cycles,idle_cycles,loads,stores,hit_count,miss_count,miss_rate,private,shared,private_rate
0,13980001,10430314,3549687,1489888,1007461,2496833,516,0.0002066191,193600,2303749,0.0775222
1,13916507,10383276,3533231,1485857,1004611,2490041,427,0.0001714537,42057,2448411,0.01688719
2,14074239,10430338,3643901,1492629,1016428,2507787,1270,0.0005061663,2030608,478228,0.8093825
3,13953412,10394904,3558508,1493736,1009391,2502624,503,0.0002009487,1547433,955694,0.6182
