pid,execution_cycles,compute_cycles,idle_cycles,loads,stores,hit_count,miss_count,miss_rate,private,shared,private_rate
0,20400480,10430314,9970166,1489888,1007461,2421866,75483,0.03022525,2018732,452384,0.8169313
1,25259139,10383276,14875863,1485857,1004611,2365363,125105,0.05023353,1973318,464395,0.8094956
2,15952064,10430338,5521726,1492629,1016428,2478626,30431,0.01212846,2030741,471505,0.8115673
3,20368472,10394904,9973568,1493736,1009391,2427668,75459,0.03014589,2021049,452359,0.817111
