pid,execution_cycles,compute_cycles,idle_cycles,loads,stores,hit_count,miss_count,miss_rate,private,shared,private_rate
0,12983049,10430314,2552735,1489888,1007461,2496747,602,0.0002410556,2022220,475129,0.8097467
1,12922128,10383276,2538852,1485857,1004611,2489932,536,0.0002152206,2016519,473949,0.8096948
2,13073369,10430338,2643031,1492629,1016428,2507659,1398,0.0005571814,2034025,474400,0.8108773
3,12952724,10394904,2557820,1493736,1009391,2502536,591,0.0002361047,2027355,475772,0.8099289
