pid,execution_cycles,compute_cycles,idle_cycles,loads,stores,hit_count,miss_count,miss_rate,private,shared,private_rate
0,13984045,10430314,3553731,1489888,1007461,2496906,443,0.0001773881,1064015,1433306,0.4260626
1,14007649,10383276,3624373,1485857,1004611,2489277,1191,0.0004782234,1672606,817836,0.6716101
2,14077415,10430338,3647077,1492629,1016428,2507898,1159,0.0004619265,2029850,478909,0.8091052
3,13963319,10394904,3568415,1493736,1009391,2502607,520,0.0002077402,2011036,492047,0.8034236
