pid,execution_cycles,compute_cycles,idle_cycles,loads,stores,hit_count,miss_count,miss_rate,private,shared,private_rate
0,13050596,10430314,2620282,1489888,1007461,2497002,347,0.0001389473,2018045,479304,0.8080749
1,12991286,10383276,2608010,1485857,1004611,2490138,330,0.0001325052,2012258,478210,0.8079839
2,13068293,10430338,2637955,1492629,1016428,2508579,478,0.0001905098,2030669,478388,0.8093355
3,13028335,10394904,2633431,1493736,1009391,2502743,384,0.0001534081,2023295,479832,0.808307
