pid,execution_cycles,compute_cycles,idle_cycles,loads,stores,hit_count,miss_count,miss_rate,private,shared,private_rate
0,13446324,10430314,3016010,1489888,1007461,2492110,5239,0.002097825,2020661,476634,0.8091399
1,12999375,10383276,2616099,1485857,1004611,2489199,1269,0.0005095428,2015183,475244,0.8091717
2,13261442,10430338,2831104,1492629,1016428,2505804,3253,0.001296503,2033743,475038,0.8106499
3,17449556,10394904,7054652,1493736,1009391,2457152,45975,0.01836703,2025783,454966,0.8166014
