pid,execution_cycles,compute_cycles,idle_cycles,loads,stores,hit_count,miss_count,miss_rate,private,shared,private_rate
0,14829882,10430314,4399568,1489888,1007461,2487743,9606,0.003846479,2019811,474987,0.809609
1,14706669,10383276,4323393,1485857,1004611,2481867,8601,0.003453568,2019180,469472,0.8113549
2,15718857,10430338,5288519,1492629,1016428,2490820,18237,0.007268468,2037347,462973,0.8148345
3,14826943,10394904,4432039,1493736,1009391,2493342,9785,0.00390911,2024587,476211,0.8095764
