pid,execution_cycles,compute_cycles,idle_cycles,loads,stores,hit_count,miss_count,miss_rate,private,shared,private_rate
0,14008046,10430314,3577732,1489888,1007461,2496485,864,0.0003459669,213667,2283676,0.08555773
1,13938517,10383276,3555241,1485857,1004611,2489759,709,0.0002846854,151257,2339206,0.06073449
2,14154981,10430338,3724643,1492629,1016428,2506847,2210,0.000880809,2031413,477251,0.8097589
3,13978805,10394904,3583901,1493736,1009391,2502321,806,0.0003219972,1746542,756580,0.6977455
