pid,execution_cycles,compute_cycles,idle_cycles,loads,stores,hit_count,miss_count,miss_rate,private,shared,private_rate
0,14922696,10430314,4492382,1489888,1007461,2477142,20207,0.00809138,2021908,473974,0.8100976
1,14824521,10383276,4441245,1485857,1004611,2470725,19743,0.007927426,2017896,471444,0.8106149
2,15300854,10430338,4870516,1492629,1016428,2485108,23949,0.00954502,2031850,473074,0.8111424
3,14877842,10394904,4482938,1493736,1009391,2483078,20049,0.008009582,2026809,475114,0.8101005
