pid,execution_cycles,compute_cycles,idle_cycles,loads,stores,hit_count,miss_count,miss_rate,private,shared,private_rate
0,21972600,10430314,11542286,1489888,1007461,2405986,91363,0.03658399,2063507,423224,0.8298071
1,21900069,10383276,11516793,1485857,1004611,2399293,91175,0.03660959,2056284,423609,0.8291825
2,22090856,10430338,11660518,1492629,1016428,2416618,92439,0.03684213,2077858,420234,0.831778
3,21996230,10394904,11601326,1493736,1009391,2411226,91901,0.03671448,2075432,416986,0.8326982
