pid,execution_cycles,compute_cycles,idle_cycles,loads,stores,hit_count,miss_count,miss_rate,private,shared,private_rate
0,13399644,10430314,2969330,1489888,1007461,2492534,4815,0.001928044,2022408,473902,0.810159
1,13286106,10383276,2902830,1485857,1004611,2486262,4206,0.001688839,2019701,470139,0.811177
2,13830380,10430338,3400042,1492629,1016428,2499974,9083,0.003620085,2032367,472748,0.8112869
3,13342193,10394904,2947289,1493736,1009391,2498593,4534,0.001811334,2027233,475144,0.8101229
