pid,execution_cycles,compute_cycles,idle_cycles,loads,stores,hit_count,miss_count,miss_rate,private,shared,private_rate
0,12986358,10430314,2556044,1489888,1007461,2496796,553,0.0002214348,2021621,475694,0.8095178
1,12921364,10383276,2538088,1485857,1004611,2490028,440,0.0001766736,2016001,474462,0.8094884
2,13086953,10430338,2656615,1492629,1016428,2507603,1454,0.0005795006,2033689,474856,0.8107046
3,12950531,10394904,2555627,1493736,1009391,2502623,504,0.0002013482,2026816,476285,0.809722
