pid,execution_cycles,compute_cycles,idle_cycles,loads,stores,hit_count,miss_count,miss_rate,private,shared,private_rate
0,12962016,10430314,2531702,1489888,1007461,2497002,347,0.0001389473,2012609,484726,0.8059027
1,21739392,10383276,11356116,1485857,1004611,2400916,89552,0.0359579,1974937,470960,0.807449
2,13003745,10430338,2573407,1492629,1016428,2508407,650,0.0002590615,2027003,481986,0.8078963
3,12933275,10394904,2538371,1493736,1009391,2502771,356,0.0001422221,2018971,484145,0.8065831
