pid,execution_cycles,compute_cycles,idle_cycles,loads,stores,hit_count,miss_count,miss_rate,private,shared,private_rate
0,14786487,10430314,4356173,1489888,1007461,2478573,18776,0.007518372,2022425,474538,0.8099539
1,14705541,10383276,4322265,1485857,1004611,2471965,18503,0.007429527,2016408,473149,0.8099465
2,14955926,10430338,4525588,1492629,1016428,2488688,20369,0.008118189,2034242,473613,0.8111482
3,14752994,10394904,4358090,1493736,1009391,2484390,18737,0.007485437,2026812,475354,0.810023
