pid,execution_cycles,compute_cycles,idle_cycles,loads,stores,hit_count,miss_count,miss_rate,private,shared,private_rate
0,13142691,10430314,2712377,1489888,1007461,2495177,2172,0.0008697223,2022956,474105,0.8101348
1,13071645,10383276,2688369,1485857,1004611,2488469,1999,0.0008026604,2017814,472447,0.8102821
2,13361036,10430338,2930698,1492629,1016428,2504798,4259,0.00169745,2033723,473633,0.8111026
3,13111970,10394904,2717066,1493736,1009391,2500966,2161,0.0008633202,2027628,475261,0.810115
