pid,execution_cycles,compute_cycles,idle_cycles,loads,stores,hit_count,miss_count,miss_rate,private,shared,private_rate
0,14308713,10430314,3878399,1489888,1007461,2483399,13950,0.005585923,2020101,475065,0.8096059
1,14867604,10383276,4484328,1485857,1004611,2470328,20140,0.008086833,2014865,469969,0.810865
2,14729711,10430338,4299373,1492629,1016428,2490973,18084,0.007207489,2033046,473189,0.8111953
3,18530141,10394904,8135237,1493736,1009391,2446237,56890,0.02272757,2024179,453396,0.8170001
