pid,execution_cycles,compute_cycles,idle_cycles,loads,stores,hit_count,miss_count,miss_rate,private,shared,private_rate
0,51806349,10430314,41376035,1489888,1007461,2104635,392714,0.1572524,2321622,81666,0.9660191
1,51538689,10383276,41155413,1485857,1004611,2099913,390555,0.1568199,2320019,77070,0.9678485
2,51996578,10430338,41566240,1492629,1016428,2114540,394517,0.1572372,2330214,83909,0.9652425
3,51797012,10394904,41402108,1493736,1009391,2110208,392919,0.1569713,2328184,80938,0.9664035
