pid,execution_cycles,compute_cycles,idle_cycles,loads,stores,hit_count,miss_count,miss_rate,private,shared,private_rate
0,13324257,10430314,2893943,1489888,1007461,2493343,4006,0.001604101,2022752,474111,0.8101173
1,13239054,10383276,2855778,1485857,1004611,2486778,3690,0.001481649,2017087,472995,0.8100484
2,13643780,10430338,3213442,1492629,1016428,2501942,7115,0.002835727,2032395,473616,0.811008
3,13281656,10394904,2886752,1493736,1009391,2499252,3875,0.001548064,2027422,475276,0.8100945
