pid,execution_cycles,compute_cycles,idle_cycles,loads,stores,hit_count,miss_count,miss_rate,private,shared,private_rate
0,13995035,10430314,3564721,1489888,1007461,2497164,185,7.407855e-05,131594,2365740,0.05269379
1,13924901,10383276,3541625,1485857,1004611,2490314,154,6.183577e-05,1489954,1000503,0.5982653
2,14065128,10430338,3634790,1492629,1016428,2508601,456,0.0001817416,2023891,485109,0.8066525
3,13950705,10394904,3555801,1493736,1009391,2502931,196,7.830206e-05,25201,2477916,0.01006785
