pid,execution_cycles,compute_cycles,idle_cycles,loads,stores,hit_count,miss_count,miss_rate,private,shared,private_rate
0,12982806,10430314,2552492,1489888,1007461,2496748,601,0.0002406552,2022160,475189,0.8097226
1,12921741,10383276,2538465,1485857,1004611,2489933,535,0.0002148191,2016451,474017,0.8096675
2,13069355,10430338,2639017,1492629,1016428,2507677,1380,0.0005500074,2034594,474460,0.8109008
3,12952292,10394904,2557388,1493736,1009391,2502536,591,0.0002361047,2027284,475843,0.8099006
