pid,execution_cycles,compute_cycles,idle_cycles,loads,stores,hit_count,miss_count,miss_rate,private,shared,private_rate
0,25812789,10430314,15382475,1489888,1007461,2367203,130146,0.05211366,2078722,399700,0.838728
1,25696403,10383276,15313127,1485857,1004611,2360951,129517,0.05200508,2063508,408170,0.8348612
2,26000442,10430338,15570104,1492629,1016428,2377136,131921,0.05257792,2090830,398419,0.8399441
3,25824741,10394904,15429837,1493736,1009391,2372557,130570,0.05216275,2085039,399068,0.8393515
