pid,execution_cycles,compute_cycles,idle_cycles,loads,stores,hit_count,miss_count,miss_rate,private,shared,private_rate
0,30215538,10430314,19785224,1489888,1007461,2322724,174625,0.06992415,2106399,350528,0.8573307
1,30093408,10383276,19710132,1485857,1004611,2316532,173936,0.06984069,2111569,338793,0.8617376
2,30476552,10430338,20046214,1492629,1016428,2331914,177143,0.07060143,2114053,353366,0.8567872
3,30234317,10394904,19839413,1493736,1009391,2328013,175114,0.0699581,2117903,344695,0.8600279
