pid,execution_cycles,compute_cycles,idle_cycles,loads,stores,hit_count,miss_count,miss_rate,private,shared,private_rate
0,15551464,10430314,5121150,1489888,1007461,2480351,16998,0.006806418,2011847,484290,0.8059842
1,15410677,10383276,5027401,1485857,1004611,2473938,16530,0.006637307,1787600,701618,0.7181372
2,16097303,10430338,5666965,1492629,1016428,2486638,22419,0.008935229,2028023,475601,0.810035
3,15502232,10394904,5107328,1493736,1009391,2486162,16965,0.006777523,2004657,497118,0.8012939
