pid,execution_cycles,compute_cycles,idle_cycles,loads,stores,hit_count,miss_count,miss_rate,private,shared,private_rate
0,13783951,10430314,3353637,1489888,1007461,2488629,8720,0.003491703,2021523,473951,0.8100758
1,13634107,10383276,3250831,1485857,1004611,2482703,7765,0.003117888,2019240,470066,0.8111658
2,14463786,10430338,4033448,1492629,1016428,2493516,15541,0.006193961,2029277,472676,0.8110772
3,13690217,10394904,3295313,1493736,1009391,2495061,8066,0.003222369,2026952,474888,0.8101845
