pid,execution_cycles,compute_cycles,idle_cycles,loads,stores,hit_count,miss_count,miss_rate,private,shared,private_rate
0,13514634,10430314,3084320,1489888,1007461,2491420,5929,0.002374118,2022276,474429,0.809978
1,13297266,10383276,2913990,1485857,1004611,2486190,4278,0.001717749,2016341,473780,0.8097362
2,13984340,10430338,3554002,1492629,1016428,2498502,10555,0.00420676,2030046,473591,0.8108388
3,13433819,10394904,3038915,1493736,1009391,2497715,5412,0.002162096,2026802,475776,0.8098856
