pid,execution_cycles,compute_cycles,idle_cycles,loads,stores,hit_count,miss_count,miss_rate,private,shared,private_rate
0,59337774,10430314,48907460,1489888,1007461,2028560,468789,0.1877147,1904296,336361,0.8498829
1,59142879,10383276,48759603,1485857,1004611,2023103,467365,0.1876615,1895169,339504,0.8480744
2,60201203,10430338,49770865,1492629,1016428,2031665,477392,0.1902675,1912410,334035,0.8513051
3,59464859,10394904,49069955,1493736,1009391,2032755,470372,0.1879138,1912769,332992,0.8517242
