pid,execution_cycles,compute_cycles,idle_cycles,loads,stores,hit_count,miss_count,miss_rate,private,shared,private_rate
0,15313068,10430314,4882754,1489888,1007461,2473254,24095,0.009648231,2021385,473641,0.8101659
1,15171534,10383276,4788258,1485857,1004611,2467258,23210,0.009319534,2017875,470951,0.8107738
2,16032650,10430338,5602312,1492629,1016428,2477812,31245,0.01245289,2029261,472066,0.8112738
3,15237104,10394904,4842200,1493736,1009391,2479500,23627,0.009438994,2026329,475020,0.8100945
