pid,execution_cycles,compute_cycles,idle_cycles,loads,stores,hit_count,miss_count,miss_rate,private,shared,private_rate
0,13083540,10430314,2653226,1489888,1007461,2496586,763,0.000305524,2021419,475829,0.8094587
1,13005870,10383276,2622594,1485857,1004611,2489870,598,0.0002401155,2016771,473647,0.8098122
2,13156367,10430338,2726029,1492629,1016428,2507577,1480,0.000589863,2032702,475939,0.8102801
3,13053793,10394904,2658889,1493736,1009391,2502361,766,0.0003060172,2027131,475917,0.809865
