pid,execution_cycles,compute_cycles,idle_cycles,loads,stores,hit_count,miss_count,miss_rate,private,shared,private_rate
0,14709048,10430314,4278734,1489888,1007461,2479390,17959,0.007191226,2022320,474490,0.8099615
1,14496901,10383276,4113625,1485857,1004611,2474105,16363,0.006570251,2016721,472533,0.8101708
2,14879638,10430338,4449300,1492629,1016428,2489488,19569,0.007799345,2034325,473529,0.8111816
3,14541357,10394904,4146453,1493736,1009391,2486545,16582,0.006624514,2026712,475131,0.8100876
