pid,execution_cycles,compute_cycles,idle_cycles,loads,stores,hit_count,miss_count,miss_rate,private,shared,private_rate
0,108106908,10430314,97676594,1489888,1007461,1517326,980023,0.3924253,2008692,83293,0.9601847
1,107792074,10383276,97408798,1485857,1004611,1512913,977555,0.3925186,1998044,88101,0.9577685
2,108488276,10430338,98057938,1492629,1016428,1525293,983764,0.3920852,2008710,92389,0.9560282
3,108293430,10394904,97898526,1493736,1009391,1520689,982438,0.3924843,2009881,87003,0.9585084
