pid,execution_cycles,compute_cycles,idle_cycles,loads,stores,hit_count,miss_count,miss_rate,private,shared,private_rate
0,13980037,10430314,3549723,1489888,1007461,2496833,516,0.0002066191,2010851,486493,0.8051958
1,13916615,10383276,3533339,1485857,1004611,2490041,427,0.0001714537,1914976,575491,0.7689225
2,14091377,10430338,3661039,1492629,1016428,2507633,1424,0.0005675439,2030206,478154,0.8093758
3,13953907,10394904,3559003,1493736,1009391,2502619,508,0.0002029462,2012269,490853,0.8039037
