pid,execution_cycles,compute_cycles,idle_cycles,loads,stores,hit_count,miss_count,miss_rate,private,shared,private_rate
0,24945264,10430314,14514950,1489888,1007461,2397785,99564,0.03986788,2168205,324549,0.869803
1,24580073,10383276,14196797,1485857,1004611,2393251,97217,0.03903564,2164405,320614,0.8709813
2,25253456,10430338,14823118,1492629,1016428,2406587,102470,0.04084004,2180759,322371,0.8712128
3,24695396,10394904,14300492,1493736,1009391,2405272,97855,0.0390931,2171040,326604,0.8692352
