pid,execution_cycles,compute_cycles,idle_cycles,loads,stores,hit_count,miss_count,miss_rate,private,shared,private_rate
0,18046583,10430314,7616269,1489888,1007461,2445673,51676,0.02069234,2069157,425417,0.8294631
1,17761585,10383276,7378309,1485857,1004611,2441125,49343,0.01981274,2062041,424751,0.8291972
2,18294324,10430338,7863986,1492629,1016428,2454990,54067,0.02154873,2081359,423719,0.830856
3,17777742,10394904,7382838,1493736,1009391,2453850,49277,0.01968618,2070721,429415,0.8282433
