pid,execution_cycles,compute_cycles,idle_cycles,loads,stores,hit_count,miss_count,miss_rate,private,shared,private_rate
0,13973841,10430314,3543527,1489888,1007461,2497001,348,0.0001393478,1747434,749915,0.6997156
1,13909325,10383276,3526049,1485857,1004611,2490184,284,0.0001140348,358294,2132174,0.1438661
2,14035435,10430338,3605097,1492629,1016428,2508288,769,0.0003064896,2029504,479336,0.8089412
3,13943989,10394904,3549085,1493736,1009391,2502783,344,0.0001374281,1985272,517855,0.7931168
