pid,execution_cycles,compute_cycles,idle_cycles,loads,stores,hit_count,miss_count,miss_rate,private,shared,private_rate
0,18043191,10430314,7612877,1489888,1007461,2445677,51672,0.02069074,2068331,426253,0.8291286
1,17758503,10383276,7375227,1485857,1004611,2441127,49341,0.01981194,2061873,424921,0.829129
2,18292127,10430338,7861789,1492629,1016428,2454989,54068,0.02154913,2080215,424884,0.8303923
3,17776454,10394904,7381550,1493736,1009391,2453850,49277,0.01968618,2071148,428994,0.8284121
