pid,execution_cycles,compute_cycles,idle_cycles,loads,stores,hit_count,miss_count,miss_rate,private,shared,private_rate
0,14404779,10430314,3974465,1489888,1007461,2492217,5132,0.002054979,2020714,475427,0.8095352
1,14306953,10383276,3923677,1485857,1004611,2486009,4459,0.001790427,2018477,471210,0.8107352
2,14916365,10430338,4486027,1492629,1016428,2498929,10128,0.004036576,2034486,470109,0.8123014
3,14374233,10394904,3979329,1493736,1009391,2497995,5132,0.002050236,2024872,477215,0.8092732
