pid,execution_cycles,compute_cycles,idle_cycles,loads,stores,hit_count,miss_count,miss_rate,private,shared,private_rate
0,14116013,10430314,3685699,1489888,1007461,2495295,2054,0.0008224721,2013838,483144,0.8065088
1,14036357,10383276,3653081,1485857,1004611,2488766,1702,0.0006834057,1989715,500558,0.7989947
2,14323327,10430338,3892989,1492629,1016428,2505063,3994,0.001591833,2030624,476724,0.8098692
3,14075380,10394904,3680476,1493736,1009391,2501252,1875,0.0007490631,2018407,484477,0.8064325
