pid,execution_cycles,compute_cycles,idle_cycles,loads,stores,hit_count,miss_count,miss_rate,private,shared,private_rate
0,14750152,10430314,4319838,1489888,1007461,2488620,8729,0.003495306,2014181,481243,0.8071498
1,14630927,10383276,4247651,1485857,1004611,2482713,7755,0.003113873,2011913,477345,0.808238
2,15457787,10430338,5027449,1492629,1016428,2493406,15651,0.006237802,2027858,473993,0.8105431
3,14666472,10394904,4271568,1493736,1009391,2495036,8091,0.003232357,2018851,482909,0.8069723
