pid,execution_cycles,compute_cycles,idle_cycles,loads,stores,hit_count,miss_count,miss_rate,private,shared,private_rate
0,13226586,10430314,2796272,1489888,1007461,2494260,3089,0.001236912,2022810,474071,0.8101347
1,13118304,10383276,2735028,1485857,1004611,2487912,2556,0.001026313,2017979,472249,0.8103591
2,13532984,10430338,3102646,1492629,1016428,2502950,6107,0.002433982,2032556,473550,0.8110415
3,13169738,10394904,2774834,1493736,1009391,2500318,2809,0.001122196,2027675,475142,0.8101571
