pid,execution_cycles,compute_cycles,idle_cycles,loads,stores,hit_count,miss_count,miss_rate,private,shared,private_rate
0,13380960,10430314,2950646,1489888,1007461,2492710,4639,0.00185757,2022492,474015,0.8101287
1,13278390,10383276,2895114,1485857,1004611,2486306,4162,0.001671172,2019224,470684,0.8109633
2,13750373,10430338,3320035,1492629,1016428,2500755,8302,0.003308813,2032104,473392,0.8110586
3,13326626,10394904,2931722,1493736,1009391,2498746,4381,0.001750211,2027569,474924,0.8102196
