pid,execution_cycles,compute_cycles,idle_cycles,loads,stores,hit_count,miss_count,miss_rate,private,shared,private_rate
0,92258541,10430314,81828227,1489888,1007461,1696027,801322,0.320869,2182016,25492,0.9884521
1,91924254,10383276,81540978,1485857,1004611,1691978,798490,0.3206185,2178116,23416,0.9893638
2,92530643,10430338,82100305,1492629,1016428,1705105,803952,0.32042,2191123,26378,0.9881046
3,92374142,10394904,81979238,1493736,1009391,1700338,802789,0.3207145,2182878,29786,0.9865384
