pid,execution_cycles,compute_cycles,idle_cycles,loads,stores,hit_count,miss_count,miss_rate,private,shared,private_rate
0,23360475,10430314,12930161,1489888,1007461,2391997,105352,0.04218553,2078702,406404,0.8364641
1,23275077,10383276,12891801,1485857,1004611,2385445,105023,0.04216999,2071430,406896,0.8358182
2,23550128,10430338,13119790,1492629,1016428,2401922,107135,0.04269931,2090387,405765,0.8374438
3,23392976,10394904,12998072,1493736,1009391,2397160,105967,0.04233385,2078179,412624,0.834341
