pid,execution_cycles,compute_cycles,idle_cycles,loads,stores,hit_count,miss_count,miss_rate,private,shared,private_rate
0,45077164,10430314,34646850,1489888,1007461,2422919,74430,0.0298036,2051637,430620,0.8265208
1,44870956,10383276,34487680,1485857,1004611,2416269,74199,0.0297932,2044960,430470,0.8261029
2,45171219,10430338,34740881,1492629,1016428,2433493,75564,0.03011649,2059270,434317,0.8258264
3,45125719,10394904,34730815,1493736,1009391,2428253,74874,0.02991219,2053237,434693,0.8252792
