pid,execution_cycles,compute_cycles,idle_cycles,loads,stores,hit_count,miss_count,miss_rate,private,shared,private_rate
0,18834002,10430314,8403688,1489888,1007461,2435821,61528,0.02463733,2015766,464401,0.8127541
1,18784303,10383276,8401027,1485857,1004611,2429485,60983,0.02448656,2012142,461534,0.8134218
2,19482809,10430338,9052471,1492629,1016428,2441948,67109,0.0267467,2029235,459163,0.8154785
3,18850402,10394904,8455498,1493736,1009391,2441027,62100,0.02480897,2019848,466082,0.812512
