pid,execution_cycles,compute_cycles,idle_cycles,loads,stores,hit_count,miss_count,miss_rate,private,shared,private_rate
0,14189517,10430314,3759203,1489888,1007461,2484603,12746,0.005103812,2023528,473084,0.8105096
1,14179950,10383276,3796674,1485857,1004611,2477274,13194,0.005297799,2016352,471945,0.8103341
2,14529434,10430338,4099096,1492629,1016428,2492996,16061,0.00640121,2033736,472442,0.811489
3,14108603,10394904,3713699,1493736,1009391,2490899,12228,0.00488509,2027546,474423,0.8103801
