pid,execution_cycles,compute_cycles,idle_cycles,loads,stores,hit_count,miss_count,miss_rate,private,shared,private_rate
0,12984597,10430314,2554283,1489888,1007461,2496731,618,0.0002474624,2022184,475154,0.8097358
1,12923667,10383276,2540391,1485857,1004611,2489915,553,0.0002220466,2016513,473947,0.809695
2,13084241,10430338,2653903,1492629,1016428,2507531,1526,0.0006081966,2034481,474354,0.8109266
3,12953012,10394904,2558108,1493736,1009391,2502532,595,0.0002377027,2027302,475822,0.8099087
