pid,execution_cycles,compute_cycles,idle_cycles,loads,stores,hit_count,miss_count,miss_rate,private,shared,private_rate
0,13315620,10430314,2885306,1489888,1007461,2493370,3979,0.00159329,2022752,474111,0.8101173
1,13230207,10383276,2846931,1485857,1004611,2486763,3705,0.001487672,2017139,472946,0.8100683
2,13622024,10430338,3191686,1492629,1016428,2502026,7031,0.002802248,2032423,473599,0.8110156
3,13274201,10394904,2879297,1493736,1009391,2499245,3882,0.00155086,2027447,475253,0.8101039
