pid,execution_cycles,compute_cycles,idle_cycles,loads,stores,hit_count,miss_count,miss_rate,private,shared,private_rate
0,13674582,10430314,3244268,1489888,1007461,2490920,6429,0.00257433,2020721,476011,0.8093464
1,13316736,10383276,2933460,1485857,1004611,2486288,4180,0.001678399,2015532,474339,0.8094925
2,13557173,10430338,3126835,1492629,1016428,2502987,6070,0.002419236,2032143,474364,0.810747
3,17653283,10394904,7258379,1493736,1009391,2455247,47880,0.01912807,2025234,454580,0.8166879
