pid,execution_cycles,compute_cycles,idle_cycles,loads,stores,hit_count,miss_count,miss_rate,private,shared,private_rate
0,13135662,10430314,2705348,1489888,1007461,2495248,2101,0.0008412921,2022889,474117,0.8101258
1,13044915,10383276,2661639,1485857,1004611,2488739,1729,0.000694247,2018067,472209,0.8103788
2,13337771,10430338,2907433,1492629,1016428,2505033,4024,0.00160379,2033815,473552,0.8111357
3,13088804,10394904,2693900,1493736,1009391,2501200,1927,0.0007698371,2027749,475143,0.8101624
