pid,execution_cycles,compute_cycles,idle_cycles,loads,stores,hit_count,miss_count,miss_rate,private,shared,private_rate
0,65500227,10430314,55069913,1489888,1007461,1966313,531036,0.2126399,2324120,30894,0.9868816
1,65219697,10383276,54836421,1485857,1004611,1961721,528747,0.2123083,2319404,29392,0.9874864
2,65705702,10430338,55275364,1492629,1016428,1976064,532993,0.2124276,2341718,24156,0.9897898
3,65547023,10394904,55152119,1493736,1009391,1971319,531808,0.2124575,2333109,27459,0.9883676
