pid,execution_cycles,compute_cycles,idle_cycles,loads,stores,hit_count,miss_count,miss_rate,private,shared,private_rate
0,13054479,10430314,2624165,1489888,1007461,2496917,432,0.0001729834,2018079,479253,0.808094
1,12990433,10383276,2607157,1485857,1004611,2490105,363,0.0001457557,2013414,477042,0.8084519
2,13096287,10430338,2665949,1492629,1016428,2508213,844,0.0003363814,2030819,477982,0.8094779
3,13033898,10394904,2638994,1493736,1009391,2502666,461,0.0001841696,2025167,477935,0.8090629
