pid,execution_cycles,compute_cycles,idle_cycles,loads,stores,hit_count,miss_count,miss_rate,private,shared,private_rate
0,124244336,10430314,113814022,1489888,1007461,1378796,1118553,0.4478961,2096298,1140,0.9994565
1,123773747,10383276,113390471,1485857,1004611,1376192,1114276,0.4474163,2090681,1301,0.9993781
2,124722741,10430338,114292403,1492629,1016428,1385911,1123146,0.4476367,2105292,1164,0.9994474
3,124384186,10394904,113989282,1493736,1009391,1382967,1120160,0.4475043,2101060,1522,0.9992761
