pid,execution_cycles,compute_cycles,idle_cycles,loads,stores,hit_count,miss_count,miss_rate,private,shared,private_rate
0,22355257,10430314,11924943,1489888,1007461,2386918,110431,0.04421929,2046751,422599,0.8288623
1,22262292,10383276,11879016,1485857,1004611,2380814,109654,0.04402948,2042126,420778,0.8291537
2,22931070,10430338,12500732,1492629,1016428,2393375,115682,0.04610577,2062532,415156,0.8324422
3,22362569,10394904,11967665,1493736,1009391,2392156,110971,0.04433295,2047902,427203,0.8274
