pid,execution_cycles,compute_cycles,idle_cycles,loads,stores,hit_count,miss_count,miss_rate,private,shared,private_rate
0,12987459,10430314,2557145,1489888,1007461,2496745,604,0.0002418565,2022152,475194,0.8097204
1,12926115,10383276,2542839,1485857,1004611,2489939,529,0.0002124099,2016490,473977,0.8096835
2,13077401,10430338,2647063,1492629,1016428,2507663,1394,0.0005555872,2034591,474443,0.8109061
3,12956342,10394904,2561438,1493736,1009391,2502538,589,0.0002353057,2027281,475846,0.8098994
