pid,execution_cycles,compute_cycles,idle_cycles,loads,stores,hit_count,miss_count,miss_rate,private,shared,private_rate
0,14750100,10430314,4319786,1489888,1007461,2488628,8721,0.003492103,2014660,480770,0.8073398
1,14630309,10383276,4247033,1485857,1004611,2482710,7758,0.003115077,2012169,477101,0.808337
2,15453002,10430338,5022664,1492629,1016428,2493421,15636,0.006231823,2027447,474423,0.8103726
3,14664025,10394904,4269121,1493736,1009391,2495044,8083,0.003229161,2019309,482475,0.8071476
