pid,execution_cycles,compute_cycles,idle_cycles,loads,stores,hit_count,miss_count,miss_rate,private,shared,private_rate
0,13665546,10430314,3235232,1489888,1007461,2489812,7537,0.003018,2022098,474399,0.8099741
1,13203859,10383276,2820583,1485857,1004611,2486943,3525,0.001415397,2016767,473472,0.8098689
2,14060769,10430338,3630431,1492629,1016428,2497559,11498,0.004582598,2029908,473593,0.8108277
3,13461668,10394904,3066764,1493736,1009391,2497272,5855,0.002339074,2026793,475726,0.8099011
