pid,execution_cycles,compute_cycles,idle_cycles,loads,stores,hit_count,miss_count,miss_rate,private,shared,private_rate
0,14204957,10430314,3774643,1489888,1007461,2494323,3026,0.001211685,2018473,478233,0.8084544
1,14133465,10383276,3750189,1485857,1004611,2487803,2665,0.00107008,2014866,475182,0.8091675
2,14458965,10430338,4028627,1492629,1016428,2503605,5452,0.002172928,2030958,475950,0.8101446
3,14168629,10394904,3773725,1493736,1009391,2500229,2898,0.001157752,2023329,479314,0.8084769
