pid,execution_cycles,compute_cycles,idle_cycles,loads,stores,hit_count,miss_count,miss_rate,private,shared,private_rate
0,84728073,10430314,74297759,1489888,1007461,2136868,360481,0.1443455,2321704,97820,0.9595706
1,84422798,10383276,74039522,1485857,1004611,2131090,359378,0.1443014,2315795,97282,0.9596855
2,84991195,10430338,74560857,1492629,1016428,2147030,362027,0.1442881,2331836,98923,0.9593037
3,84737509,10394904,74342605,1493736,1009391,2141664,361463,0.1444046,2326758,98408,0.9594222
