pid,execution_cycles,compute_cycles,idle_cycles,loads,stores,hit_count,miss_count,miss_rate,private,shared,private_rate
0,19748862,10430314,9318548,1489888,1007461,2428448,68901,0.02758966,2044315,437571,0.8236942
1,19678806,10383276,9295530,1485857,1004611,2421730,68738,0.02760043,2039928,435227,0.8241617
2,20041061,10430338,9610723,1492629,1016428,2437323,71734,0.02859002,2058952,433359,0.8261216
3,19748831,10394904,9353927,1493736,1009391,2433927,69200,0.02764542,2048117,439464,0.8233368
