pid,execution_cycles,compute_cycles,idle_cycles,loads,stores,hit_count,miss_count,miss_rate,private,shared,private_rate
0,14748001,10430314,4317687,1489888,1007461,2488639,8710,0.003487698,2014725,480705,0.8073659
1,14630344,10383276,4247068,1485857,1004611,2482718,7750,0.003111865,2012155,477112,0.8083323
2,15450728,10430338,5020390,1492629,1016428,2493431,15626,0.006227838,2027314,474556,0.8103195
3,14663336,10394904,4268432,1493736,1009391,2495064,8063,0.003221171,2019378,482412,0.8071733
