pid,execution_cycles,compute_cycles,idle_cycles,loads,stores,hit_count,miss_count,miss_rate,private,shared,private_rate
0,14285482,10430314,3855168,1489888,1007461,2493607,3742,0.001498389,2006153,490684,0.8034778
1,14222512,10383276,3839236,1485857,1004611,2486825,3643,0.001462777,1999262,490809,0.8028936
2,14624948,10430338,4194610,1492629,1016428,2502024,7033,0.002803045,2029675,476308,0.8099317
3,14271138,10394904,3876234,1493736,1009391,2499320,3807,0.001520898,2009219,493468,0.8028247
