pid,execution_cycles,compute_cycles,idle_cycles,loads,stores,hit_count,miss_count,miss_rate,private,shared,private_rate
0,17179747,10430314,6749433,1489888,1007461,2460552,36797,0.01473442,2018840,470254,0.8110742
1,17106279,10383276,6723003,1485857,1004611,2454195,36273,0.01456473,2015930,466683,0.8120194
2,17707222,10430338,7276884,1492629,1016428,2467273,41784,0.01665327,2030659,466899,0.8130578
3,17176725,10394904,6781821,1493736,1009391,2466134,36993,0.01477871,2023315,471694,0.810945
