pid,execution_cycles,compute_cycles,idle_cycles,loads,stores,hit_count,miss_count,miss_rate,private,shared,private_rate
0,14789075,10430314,4358761,1489888,1007461,2488105,9244,0.003701525,2014450,480859,0.8072948
1,14687811,10383276,4304535,1485857,1004611,2482050,8418,0.003380088,2011885,477255,0.8082651
2,15507343,10430338,5077005,1492629,1016428,2492826,16231,0.006468964,2029376,472376,0.8111819
3,14713058,10394904,4318154,1493736,1009391,2494437,8690,0.003471658,2019213,482442,0.8071509
