pid,execution_cycles,compute_cycles,idle_cycles,loads,stores,hit_count,miss_count,miss_rate,private,shared,private_rate
0,12986067,10430314,2555753,1489888,1007461,2496997,352,0.0001409495,2020334,477015,0.8089915
1,12929049,10383276,2545773,1485857,1004611,2490141,327,0.0001313006,2014561,475907,0.8089086
2,13029614,10430338,2599276,1492629,1016428,2508360,697,0.0002777936,2032798,476060,0.8102483
3,12963584,10394904,2568680,1493736,1009391,2502728,399,0.0001594006,2025573,477553,0.8092174
