pid,execution_cycles,compute_cycles,idle_cycles,loads,stores,hit_count,miss_count,miss_rate,private,shared,private_rate
0,12988449,10430314,2558135,1489888,1007461,2496735,614,0.0002458607,2022188,475150,0.8097374
1,12927501,10383276,2544225,1485857,1004611,2489925,543,0.0002180313,2016497,473963,0.8096886
2,13090667,10430338,2660329,1492629,1016428,2507529,1528,0.0006089937,2034483,474354,0.8109267
3,12957233,10394904,2562329,1493736,1009391,2502529,598,0.0002389012,2027250,475874,0.809888
