pid,execution_cycles,compute_cycles,idle_cycles,loads,stores,hit_count,miss_count,miss_rate,private,shared,private_rate
0,14372061,10430314,3941747,1489888,1007461,2492548,4801,0.001922439,2018269,478012,0.8085103
1,14285447,10383276,3902171,1485857,1004611,2486276,4192,0.001683218,2015617,474197,0.8095452
2,14813105,10430338,4382767,1492629,1016428,2499918,9139,0.003642404,2030254,474782,0.810469
3,14320992,10394904,3926088,1493736,1009391,2498588,4539,0.001813332,2023282,479052,0.8085579
