pid,execution_cycles,compute_cycles,idle_cycles,loads,stores,hit_count,miss_count,miss_rate,private,shared,private_rate
0,13016961,10430314,2586647,1489888,1007461,2496447,902,0.000361183,2023162,474187,0.8101239
1,12948588,10383276,2565312,1485857,1004611,2489712,756,0.0003035574,2017290,473178,0.8100044
2,13164422,10430338,2734084,1492629,1016428,2506784,2273,0.000905918,2034192,473815,0.8110791
3,12985151,10394904,2590247,1493736,1009391,2502247,880,0.0003515603,2027844,475283,0.8101243
