pid,execution_cycles,compute_cycles,idle_cycles,loads,stores,hit_count,miss_count,miss_rate,private,shared,private_rate
0,20179415,10430314,9749101,1489888,1007461,2424033,73316,0.02935753,2064136,431028,0.8272546
1,20079301,10383276,9696025,1485857,1004611,2417561,72907,0.02927442,2059592,428630,0.8277364
2,20881386,10430338,10451048,1492629,1016428,2428728,80329,0.03201561,2071143,430472,0.8279224
3,20158653,10394904,9763749,1493736,1009391,2429661,73466,0.02934969,2066758,434252,0.8263693
