pid,execution_cycles,compute_cycles,idle_cycles,loads,stores,hit_count,miss_count,miss_rate,private,shared,private_rate
0,20316627,10430314,9886313,1489888,1007461,2422713,74636,0.02988609,2053526,429096,0.8271602
1,20222613,10383276,9839337,1485857,1004611,2416237,74231,0.02980604,2048074,427819,0.8272062
2,20624171,10430338,10193833,1492629,1016428,2431433,77624,0.03093752,2066044,426973,0.8287324
3,20338277,10394904,9943373,1493736,1009391,2427973,75154,0.03002405,2057800,430493,0.8269926
