pid,execution_cycles,compute_cycles,idle_cycles,loads,stores,hit_count,miss_count,miss_rate,private,shared,private_rate
0,13579720,10430314,3149406,1489888,1007461,2490678,6671,0.002671233,2022220,474391,0.809986
1,13305737,10383276,2922461,1485857,1004611,2485913,4555,0.001828974,2016706,473379,0.8098944
2,13986130,10430338,3555792,1492629,1016428,2498312,10745,0.004282485,2030004,473603,0.8108317
3,13440525,10394904,3045621,1493736,1009391,2497493,5634,0.002250785,2026825,475721,0.8099052
