pid,execution_cycles,compute_cycles,idle_cycles,loads,stores,hit_count,miss_count,miss_rate,private,shared,private_rate
0,12956274,10430314,2525960,1489888,1007461,2497060,289,0.0001157227,2012650,484699,0.8059146
1,12903444,10383276,2520168,1485857,1004611,2490168,300,0.0001204593,2006834,483634,0.805806
2,12977906,10430338,2547568,1492629,1016428,2508668,389,0.0001550383,2025757,483297,0.8073788
3,12931394,10394904,2536490,1493736,1009391,2502790,337,0.0001346316,2018931,484196,0.8065636
