pid,execution_cycles,compute_cycles,idle_cycles,loads,stores,hit_count,miss_count,miss_rate,private,shared,private_rate
0,14187901,10430314,3757587,1489888,1007461,2484651,12698,0.005084592,2023374,473085,0.8104976
1,14090413,10383276,3707137,1485857,1004611,2478205,12263,0.004923974,2019722,469985,0.8112288
2,14327278,10430338,3896940,1492629,1016428,2495064,13993,0.005576996,2036736,470805,0.8122443
3,14163659,10394904,3768755,1493736,1009391,2490359,12768,0.00510082,2028427,473822,0.8106415
