pid,execution_cycles,compute_cycles,idle_cycles,loads,stores,hit_count,miss_count,miss_rate,private,shared,private_rate
0,14465286,10430314,4034972,1489888,1007461,2490807,6542,0.002619578,2020648,475509,0.8095036
1,14389243,10383276,4005967,1485857,1004611,2484351,6117,0.002456165,2017360,472177,0.8103354
2,14780395,10430338,4350057,1492629,1016428,2499494,9563,0.003811392,2032483,473663,0.8109994
3,14467608,10394904,4072704,1493736,1009391,2496179,6948,0.002775728,2024717,477311,0.8092304
