pid,execution_cycles,compute_cycles,idle_cycles,loads,stores,hit_count,miss_count,miss_rate,private,shared,private_rate
0,13388211,10430314,2957897,1489888,1007461,2492697,4652,0.001862775,2022504,474008,0.8101319
1,13285881,10383276,2902605,1485857,1004611,2486305,4163,0.001671573,2019298,470605,0.8109946
2,13762778,10430338,3332440,1492629,1016428,2500740,8317,0.003314791,2032215,473290,0.8111
3,13332641,10394904,2937737,1493736,1009391,2498737,4390,0.001753806,2027505,474990,0.8101934
