pid,execution_cycles,compute_cycles,idle_cycles,loads,stores,hit_count,miss_count,miss_rate,private,shared,private_rate
0,17842794,10430314,7412480,1489888,1007461,2451271,46078,0.01845077,2062751,432683,0.8266101
1,17794905,10383276,7411629,1485857,1004611,2444815,45653,0.01833109,2057334,430185,0.8270626
2,18146353,10430338,7716015,1492629,1016428,2459961,49096,0.01956751,2074673,431039,0.8279774
3,17833342,10394904,7438438,1493736,1009391,2457244,45883,0.01833027,2066420,434338,0.8263175
