pid,execution_cycles,compute_cycles,idle_cycles,loads,stores,hit_count,miss_count,miss_rate,private,shared,private_rate
0,13200804,10430314,2770490,1489888,1007461,2494590,2759,0.001104771,2001137,496210,0.8013051
1,13108968,10383276,2725692,1485857,1004611,2488092,2376,0.0009540376,1995892,494570,0.8014144
2,13705952,10430338,3275614,1492629,1016428,2501314,7743,0.00308602,2034566,473724,0.8111367
3,13147808,10394904,2752904,1493736,1009391,2500604,2523,0.001007939,2005379,497745,0.8011505
