pid,execution_cycles,compute_cycles,idle_cycles,loads,stores,hit_count,miss_count,miss_rate,private,shared,private_rate
0,48924546,10430314,38494232,1489888,1007461,2133752,363597,0.1455932,2363272,62804,0.9741129
1,48744615,10383276,38361339,1485857,1004611,2128147,362321,0.1454831,2322912,96598,0.9600754
2,49135457,10430338,38705119,1492629,1016428,2143467,365590,0.1457081,2340348,96546,0.9603815
3,48985331,10394904,38590427,1493736,1009391,2138623,364504,0.1456195,2313444,118228,0.95138
