pid,execution_cycles,compute_cycles,idle_cycles,loads,stores,hit_count,miss_count,miss_rate,private,shared,private_rate
0,14034045,10430314,3603731,1489888,1007461,2497171,178,7.127558e-05,1987141,510181,0.7957088
1,14455281,10383276,4072005,1485857,1004611,2489615,853,0.0003425059,2003758,486675,0.8045822
2,14198970,10430338,3768632,1492629,1016428,2508354,703,0.0002801849,2019190,489581,0.8048523
3,13969839,10394904,3574935,1493736,1009391,2502935,192,7.670406e-05,2010065,493034,0.8030306
