pid,execution_cycles,compute_cycles,idle_cycles,loads,stores,hit_count,miss_count,miss_rate,private,shared,private_rate
0,19441281,10430314,9010967,1489888,1007461,2431651,65698,0.0263071,2047446,445332,0.8213511
1,19163808,10383276,8780532,1485857,1004611,2426984,63484,0.02549079,2042254,443395,0.821618
2,19621046,10430338,9190708,1492629,1016428,2441668,67389,0.0268583,2059650,444237,0.8225811
3,19234553,10394904,8839649,1493736,1009391,2439169,63958,0.02555124,2051752,446417,0.8213023
