pid,execution_cycles,compute_cycles,idle_cycles,loads,stores,hit_count,miss_count,miss_rate,private,shared,private_rate
0,14817375,10430314,4387061,1489888,1007461,2478261,19088,0.007643305,2021618,473701,0.8101642
1,14244399,10383276,3861123,1485857,1004611,2476623,13845,0.005559196,2015696,472815,0.8100008
2,14974934,10430338,4544596,1492629,1016428,2488496,20561,0.008194712,2032968,473698,0.8110247
3,14200376,10394904,3805472,1493736,1009391,2489972,13155,0.005255427,2026786,474557,0.8102791
