pid,execution_cycles,compute_cycles,idle_cycles,loads,stores,hit_count,miss_count,miss_rate,private,shared,private_rate
0,49244821,10430314,38814507,1489888,1007461,2427867,69482,0.0278223,2018381,466060,0.8124085
1,46359476,10383276,35976200,1485857,1004611,2369836,120632,0.04843748,1973599,463961,0.8096617
2,28074418,10430338,17644080,1492629,1016428,2470575,38482,0.01533724,2027361,474477,0.8103486
3,24648638,10394904,14253734,1493736,1009391,2473802,29325,0.01171535,2022858,474304,0.8100628
