pid,execution_cycles,compute_cycles,idle_cycles,loads,stores,hit_count,miss_count,miss_rate,private,shared,private_rate
0,13993007,10430314,3562693,1489888,1007461,2497172,177,7.087516e-05,115870,2381473,0.04639731
1,13925345,10383276,3542069,1485857,1004611,2490322,146,5.862352e-05,1589681,900781,0.6383077
2,14058313,10430338,3627975,1492629,1016428,2508624,433,0.0001725748,2023838,485141,0.8066381
3,13946039,10394904,3551135,1493736,1009391,2502949,178,7.111105e-05,25488,2477636,0.01018248
