pid,execution_cycles,compute_cycles,idle_cycles,loads,stores,hit_count,miss_count,miss_rate,private,shared,private_rate
0,13083984,10430314,2653670,1489888,1007461,2495770,1579,0.0006322705,2022185,474931,0.8098082
1,13011255,10383276,2627979,1485857,1004611,2489079,1389,0.0005577265,2018026,472297,0.8103471
2,13236593,10430338,2806255,1492629,1016428,2506055,3002,0.001196465,2033837,474161,0.8109404
3,13044650,10394904,2649746,1493736,1009391,2501646,1481,0.00059166,2027703,475251,0.810124
