pid,execution_cycles,compute_cycles,idle_cycles,loads,stores,hit_count,miss_count,miss_rate,private,shared,private_rate
0,13144298,10430314,2713984,1489888,1007461,2495112,2237,0.0008957499,2022943,474113,0.8101312
1,13057766,10383276,2674490,1485857,1004611,2488546,1922,0.0007717425,2017508,472755,0.8101586
2,13358822,10430338,2928484,1492629,1016428,2504740,4317,0.001720567,2033695,473642,0.8110976
3,13106233,10394904,2711329,1493736,1009391,2500969,2158,0.0008621217,2027696,475184,0.8101451
