pid,execution_cycles,compute_cycles,idle_cycles,loads,stores,hit_count,miss_count,miss_rate,private,shared,private_rate
0,18171990,10430314,7741676,1489888,1007461,2444376,52973,0.02121169,2021760,467199,0.8122914
1,18061542,10383276,7678266,1485857,1004611,2438066,52402,0.02104103,2018620,463904,0.8131321
2,18732875,10430338,8302537,1492629,1016428,2450537,58520,0.0233235,2034675,462537,0.8147786
3,18196610,10394904,7801706,1493736,1009391,2449606,53521,0.02138166,2025952,468815,0.8120806
