pid,execution_cycles,compute_cycles,idle_cycles,loads,stores,hit_count,miss_count,miss_rate,private,shared,private_rate
0,13314393,10430314,2884079,1489888,1007461,2493379,3970,0.001589686,2022742,474121,0.8101133
1,13229088,10383276,2845812,1485857,1004611,2486776,3692,0.001482452,2017161,472922,0.8100778
2,13623479,10430338,3193141,1492629,1016428,2502013,7044,0.002807429,2032430,473583,0.8110213
3,13274558,10394904,2879654,1493736,1009391,2499238,3889,0.001553657,2027442,475254,0.8101032
