pid,execution_cycles,compute_cycles,idle_cycles,loads,stores,hit_count,miss_count,miss_rate,private,shared,private_rate
0,12986265,10430314,2555951,1489888,1007461,2496995,354,0.0001417503,2020328,477021,0.8089891
1,12929304,10383276,2546028,1485857,1004611,2490140,328,0.0001317022,2014577,475891,0.808915
2,13032074,10430338,2601736,1492629,1016428,2508332,725,0.0002889532,2032803,476056,0.81025
3,12964247,10394904,2569343,1493736,1009391,2502715,412,0.0001645941,2025558,477562,0.8092133
