pid,execution_cycles,compute_cycles,idle_cycles,loads,stores,hit_count,miss_count,miss_rate,private,shared,private_rate
0,97281900,10430314,86851586,1489888,1007461,1645286,852063,0.341187,2113320,26090,0.987805
1,96986520,10383276,86603244,1485857,1004611,1640844,849624,0.3411503,2100471,32952,0.9845544
2,97810115,10430338,87379777,1492629,1016428,1651777,857280,0.3416742,2119326,28443,0.986757
3,97461356,10394904,87066452,1493736,1009391,1648952,854175,0.3412432,2121336,22939,0.9893022
