pid,execution_cycles,compute_cycles,idle_cycles,loads,stores,hit_count,miss_count,miss_rate,private,shared,private_rate
0,13306904,10430314,2876590,1489888,1007461,2493630,3719,0.001489179,2021633,475376,0.8096218
1,13168754,10383276,2785478,1485857,1004611,2487526,2942,0.001181304,2016008,474061,0.8096193
2,13348748,10430338,2918410,1492629,1016428,2504962,4095,0.001632087,2033187,474172,0.8108879
3,13113685,10394904,2718781,1493736,1009391,2500973,2154,0.0008605237,2026497,475930,0.8098126
