pid,execution_cycles,compute_cycles,idle_cycles,loads,stores,hit_count,miss_count,miss_rate,private,shared,private_rate
0,19917393,10430314,9487079,1489888,1007461,2445291,52058,0.0208453,2015261,459788,0.8142307
1,22332831,10383276,11949555,1485857,1004611,2397143,93325,0.03747288,1970575,475269,0.805683
2,13942628,10430338,3512290,1492629,1016428,2501154,7903,0.003149789,2030562,478113,0.8094161
3,17971418,10394904,7576514,1493736,1009391,2454550,48577,0.01940653,2019919,460793,0.8142497
