pid,execution_cycles,compute_cycles,idle_cycles,loads,stores,hit_count,miss_count,miss_rate,private,shared,private_rate
0,20802816,10430314,10372502,1489888,1007461,2417802,79547,0.03185258,2043471,438795,0.8232281
1,20720484,10383276,10337208,1485857,1004611,2411208,79260,0.03182534,2036554,438937,0.8226869
2,20945723,10430338,10515385,1492629,1016428,2428185,80872,0.03223203,2059881,433640,0.8260933
3,20814071,10394904,10419167,1493736,1009391,2423167,79960,0.03194404,2064464,423510,0.8297772
