pid,execution_cycles,compute_cycles,idle_cycles,loads,stores,hit_count,miss_count,miss_rate,private,shared,private_rate
0,13065669,10430314,2635355,1489888,1007461,2495955,1394,0.0005581919,2022478,474638,0.8099255
1,12987693,10383276,2604417,1485857,1004611,2489317,1151,0.0004621621,2018898,471419,0.8106992
2,13236593,10430338,2806255,1492629,1016428,2506055,3002,0.001196465,2034510,473660,0.8111532
3,13048808,10394904,2653904,1493736,1009391,2501604,1523,0.000608439,2027639,475263,0.8101152
