pid,execution_cycles,compute_cycles,idle_cycles,loads,stores,hit_count,miss_count,miss_rate,private,shared,private_rate
0,88986671,10430314,78556357,1489888,1007461,1730266,767083,0.3071589,2107736,105964,0.9521326
1,88664178,10383276,78280902,1485857,1004611,1726170,764298,0.3068893,2094465,113280,0.9486897
2,89409545,10430338,78979207,1492629,1016428,1738102,770955,0.3072688,2115659,107552,0.9516231
3,89109437,10394904,78714533,1493736,1009391,1734633,768494,0.3070136,2111285,107624,0.9514969
