pid,execution_cycles,compute_cycles,idle_cycles,loads,stores,hit_count,miss_count,miss_rate,private,shared,private_rate
0,38350368,10430314,27920054,1489888,1007461,2241114,256235,0.1026028,2233492,213588,0.9127172
1,38240019,10383276,27856743,1485857,1004611,2234831,255637,0.1026462,2214417,225895,0.9074319
2,38478194,10430338,28047856,1492629,1016428,2251780,257277,0.1025393,2227310,231114,0.905991
3,38424983,10394904,28030079,1493736,1009391,2245923,257204,0.1027531,2209701,242893,0.9009649
