pid,execution_cycles,compute_cycles,idle_cycles,loads,stores,hit_count,miss_count,miss_rate,private,shared,private_rate
0,31503057,10430314,21072743,1489888,1007461,2391078,106271,0.04255352,2072111,410640,0.8346028
1,31392555,10383276,21009279,1485857,1004611,2384751,105717,0.04244865,2067961,408005,0.8352138
2,31676648,10430338,21246310,1492629,1016428,2401142,107915,0.04301018,2084892,408868,0.8360436
3,31531850,10394904,21136946,1493736,1009391,2396517,106610,0.04259073,2079489,409013,0.8356389
