pid,execution_cycles,compute_cycles,idle_cycles,loads,stores,hit_count,miss_count,miss_rate,private,shared,private_rate
0,13221808,10430314,2791494,1489888,1007461,2494338,3011,0.001205679,2022780,473980,0.810162
1,13132756,10383276,2749480,1485857,1004611,2487816,2652,0.00106486,2019215,470883,0.8108978
2,13468105,10430338,3037767,1492629,1016428,2503643,5414,0.002157783,2033781,473200,0.8112471
3,13179993,10394904,2785089,1493736,1009391,2500237,2890,0.001154556,2027638,475052,0.8101834
