pid,execution_cycles,compute_cycles,idle_cycles,loads,stores,hit_count,miss_count,miss_rate,private,shared,private_rate
0,21540069,10430314,11109755,1489888,1007461,2410355,86994,0.03483454,2149059,344906,0.8617038
1,21369528,10383276,10986252,1485857,1004611,2404652,85816,0.03445778,2142564,343489,0.8618336
2,21871670,10430338,11441332,1492629,1016428,2418832,90225,0.03595973,2160681,343437,0.8628511
3,21446186,10394904,11051282,1493736,1009391,2416782,86345,0.03449485,2151548,347112,0.8610807
