pid,execution_cycles,compute_cycles,idle_cycles,loads,stores,hit_count,miss_count,miss_rate,private,shared,private_rate
0,13442562,10430314,3012248,1489888,1007461,2492148,5201,0.002082608,2022741,473464,0.8103265
1,13319541,10383276,2936265,1485857,1004611,2485965,4503,0.001808094,2020797,468962,0.8116436
2,13939196,10430338,3508858,1492629,1016428,2498958,10099,0.004025018,2034769,469959,0.8123712
3,13406792,10394904,3011888,1493736,1009391,2497988,5139,0.002053032,2027352,474863,0.8102229
