pid,execution_cycles,compute_cycles,idle_cycles,loads,stores,hit_count,miss_count,miss_rate,private,shared,private_rate
0,13658877,10430314,3228563,1489888,1007461,2489963,7386,0.002957536,2020700,475312,0.8095714
1,13584762,10383276,3201486,1485857,1004611,2483286,7182,0.002883795,2016108,473163,0.809919
2,13805645,10430338,3375307,1492629,1016428,2500307,8750,0.003487366,2032862,474460,0.8107702
3,13553015,10394904,3158111,1493736,1009391,2496511,6616,0.002643094,2027020,475339,0.8100436
