pid,execution_cycles,compute_cycles,idle_cycles,loads,stores,hit_count,miss_count,miss_rate,private,shared,private_rate
0,60762681,10430314,50332367,1489888,1007461,2014167,483182,0.193478,2386006,28323,0.9882688
1,60475023,10383276,50091747,1485857,1004611,2009647,480821,0.1930645,2382564,25604,0.9893679
2,61095767,10430338,50665429,1492629,1016428,2022629,486428,0.1938689,2394927,29509,0.9878285
3,60782054,10394904,50387150,1493736,1009391,2019450,483677,0.1932291,2389185,30983,0.987198
