pid,execution_cycles,compute_cycles,idle_cycles,loads,stores,hit_count,miss_count,miss_rate,private,shared,private_rate
0,86471001,10430314,76040687,1489888,1007461,1754487,742862,0.2974602,2254649,3024,0.9986606
1,86052181,10383276,75668905,1485857,1004611,1751293,739175,0.2968016,2249087,2903,0.9987109
2,86887755,10430338,76457417,1492629,1016428,1762105,746952,0.2977023,2264082,3343,0.9985256
3,86492580,10394904,76097676,1493736,1009391,1759748,743379,0.2969801,2260217,3083,0.9986378
