pid,execution_cycles,compute_cycles,idle_cycles,loads,stores,hit_count,miss_count,miss_rate,private,shared,private_rate
0,13673727,10430314,3243413,1489888,1007461,2489813,7536,0.0030176,2022087,474409,0.8099701
1,13255488,10383276,2872212,1485857,1004611,2486612,3856,0.001548303,2016645,473543,0.8098364
2,14057303,10430338,3626965,1492629,1016428,2497765,11292,0.004500496,2029935,473601,0.8108272
3,13476686,10394904,3081782,1493736,1009391,2497282,5845,0.002335079,2026750,475773,0.8098827
