pid,execution_cycles,compute_cycles,idle_cycles,loads,stores,hit_count,miss_count,miss_rate,private,shared,private_rate
0,13082400,10430314,2652086,1489888,1007461,2495786,1563,0.0006258637,2023089,474258,0.8100953
1,13004820,10383276,2621544,1485857,1004611,2489144,1324,0.000531627,2017307,473154,0.8100135
2,13344899,10430338,2914561,1492629,1016428,2504961,4096,0.001632486,2034694,473804,0.8111204
3,13040492,10394904,2645588,1493736,1009391,2501688,1439,0.0005748809,2027745,475379,0.8100857
