pid,execution_cycles,compute_cycles,idle_cycles,loads,stores,hit_count,miss_count,miss_rate,private,shared,private_rate
0,17121034,10430314,6690720,1489888,1007461,2455020,42329,0.01694957,2057417,438748,0.8242312
1,16824494,10383276,6441218,1485857,1004611,2450590,39878,0.01601225,2048488,440580,0.822994
2,17303478,10430338,6873140,1492629,1016428,2464996,44061,0.01756078,2069064,438050,0.8252772
3,16899625,10394904,6504721,1493736,1009391,2462721,40406,0.01614221,2058386,443202,0.8228317
