pid,execution_cycles,compute_cycles,idle_cycles,loads,stores,hit_count,miss_count,miss_rate,private,shared,private_rate
0,42660624,10430314,32230310,1489888,1007461,2197478,299871,0.1200757,2263814,174893,0.9282845
1,42551307,10383276,32168031,1485857,1004611,2191219,299249,0.1201577,2244066,187911,0.9227332
2,42830168,10430338,32399830,1492629,1016428,2207542,301515,0.1201706,2273815,175962,0.9281722
3,42750556,10394904,32355652,1493736,1009391,2202144,300983,0.1202428,2259095,185136,0.9242559
