pid,execution_cycles,compute_cycles,idle_cycles,loads,stores,hit_count,miss_count,miss_rate,private,shared,private_rate
0,58840876,10430314,48410562,1489888,1007461,2291759,205590,0.0823233,2162154,299739,0.8782486
1,53750072,10383276,43366796,1485857,1004611,2287828,202640,0.08136623,2194690,255113,0.8958639
2,59106180,10430338,48675842,1492629,1016428,2301527,207530,0.08271235,2172007,300661,0.8784062
3,53981709,10394904,43586805,1493736,1009391,2299686,203441,0.08127474,2204953,257796,0.8953219
