pid,execution_cycles,compute_cycles,idle_cycles,loads,stores,hit_count,miss_count,miss_rate,private,shared,private_rate
0,15984099,10430314,5553785,1489888,1007461,2476006,21343,0.008546262,2016583,479905,0.807768
1,15929271,10383276,5545995,1485857,1004611,2469008,21460,0.008616854,2009934,479536,0.8073743
2,16383152,10430338,5952814,1492629,1016428,2483746,25311,0.01008785,2029998,475426,0.8102413
3,15998009,10394904,5603105,1493736,1009391,2481270,21857,0.008731878,2020253,481780,0.8074446
