pid,execution_cycles,compute_cycles,idle_cycles,loads,stores,hit_count,miss_count,miss_rate,private,shared,private_rate
0,40704650,10430314,30274336,1489888,1007461,2215306,282043,0.112937,2007196,352873,0.8504819
1,40573180,10383276,30189904,1485857,1004611,2209585,280883,0.1127832,2003449,350546,0.8510846
2,41492096,10430338,31061758,1492629,1016428,2218337,290720,0.1158682,2015666,349964,0.8520631
3,40784584,10394904,30389680,1493736,1009391,2219990,283137,0.1131133,2012570,353014,0.8507709
