pid,execution_cycles,compute_cycles,idle_cycles,loads,stores,hit_count,miss_count,miss_rate,private,shared,private_rate
0,100194521,10430314,89764207,1489888,1007461,1607269,890080,0.3564099,2024868,96391,0.9545595
1,99888630,10383276,89505354,1485857,1004611,1602811,887657,0.3564218,2023568,91690,0.956653
2,100626133,10430338,90195795,1492629,1016428,1614662,894395,0.3564666,2034810,95284,0.9552677
3,100372390,10394904,89977486,1493736,1009391,1610828,892299,0.3564737,2035972,90114,0.9576151
