pid,execution_cycles,compute_cycles,idle_cycles,loads,stores,hit_count,miss_count,miss_rate,private,shared,private_rate
0,31310576,10430314,20880262,1489888,1007461,2343793,153556,0.0614876,2131255,348774,0.859367
1,31192690,10383276,20809414,1485857,1004611,2337632,152836,0.06136839,2122310,351045,0.8580693
2,31484483,10430338,21054145,1492629,1016428,2353529,155528,0.06198663,2148716,342130,0.8626451
3,31353955,10394904,20959051,1493736,1009391,2349108,154019,0.06153064,2135654,350137,0.8591446
