pid,execution_cycles,compute_cycles,idle_cycles,loads,stores,hit_count,miss_count,miss_rate,private,shared,private_rate
0,18404343,10430314,7974029,1489888,1007461,2442029,55320,0.02215149,2028691,460079,0.815138
1,18311418,10383276,7928142,1485857,1004611,2435542,54926,0.02205449,2025434,456607,0.8160357
2,18666743,10430338,8236405,1492629,1016428,2451205,57852,0.02305727,2040235,459013,0.8163396
3,18389561,10394904,7994657,1493736,1009391,2447657,55470,0.02216028,2032506,461968,0.8148034
