pid,execution_cycles,compute_cycles,idle_cycles,loads,stores,hit_count,miss_count,miss_rate,private,shared,private_rate
0,15957260,10430314,5526946,1489888,1007461,2481924,15425,0.00617655,2021690,473734,0.8101589
1,15954182,10383276,5570906,1485857,1004611,2474510,15958,0.006407631,2016948,471566,0.810503
2,16344332,10430338,5913994,1492629,1016428,2490869,18188,0.007248939,2034307,472137,0.8116307
3,15891569,10394904,5496665,1493736,1009391,2488072,15055,0.006014477,2027530,473808,0.8105782
