pid,execution_cycles,compute_cycles,idle_cycles,loads,stores,hit_count,miss_count,miss_rate,private,shared,private_rate
0,14750451,10430314,4320137,1489888,1007461,2478937,18412,0.007372618,2023283,471817,0.8109026
1,14627826,10383276,4244550,1485857,1004611,2472750,17718,0.007114326,2022206,466793,0.8124575
2,15629819,10430338,5199481,1492629,1016428,2481881,27176,0.01083116,2038192,462525,0.815043
3,14734283,10394904,4339379,1493736,1009391,2484579,18548,0.007409932,2027856,473313,0.8107633
