pid,execution_cycles,compute_cycles,idle_cycles,loads,stores,hit_count,miss_count,miss_rate,private,shared,private_rate
0,12968451,10430314,2538137,1489888,1007461,2496937,412,0.0001649749,2020462,476853,0.8090537
1,12909285,10383276,2526009,1485857,1004611,2490109,359,0.0001441496,2014570,475882,0.8089174
2,13020476,10430338,2590138,1492629,1016428,2508238,819,0.0003264175,2032984,475920,0.8103076
3,17356793,10394904,6961889,1493736,1009391,2458089,45038,0.01799269,2025530,455254,0.8164879
