pid,execution_cycles,compute_cycles,idle_cycles,loads,stores,hit_count,miss_count,miss_rate,private,shared,private_rate
0,13433553,10430314,3003239,1489888,1007461,2492239,5110,0.00204617,2022677,473521,0.8103031
1,13311522,10383276,2928246,1485857,1004611,2486046,4422,0.00177557,2020877,468880,0.8116764
2,13931276,10430338,3500938,1492629,1016428,2499038,10019,0.003993134,2035600,469124,0.8127043
3,13397486,10394904,3002582,1493736,1009391,2498082,5045,0.002015479,2027276,474924,0.8101974
