pid,execution_cycles,compute_cycles,idle_cycles,loads,stores,hit_count,miss_count,miss_rate,private,shared,private_rate
0,14373154,10430314,3942840,1489888,1007461,2492525,4824,0.001931648,2017959,478312,0.8083894
1,14286990,10383276,3903714,1485857,1004611,2486251,4217,0.001693256,2015319,474482,0.8094297
2,14816296,10430338,4385958,1492629,1016428,2499895,9162,0.003651571,2030435,474615,0.8105367
3,14321997,10394904,3927093,1493736,1009391,2498571,4556,0.001820123,2022981,479346,0.8084399
