pid,execution_cycles,compute_cycles,idle_cycles,loads,stores,hit_count,miss_count,miss_rate,private,shared,private_rate
0,84566142,10430314,74135828,1489888,1007461,1773728,723621,0.2897557,2268687,3980,0.9982488
1,84185424,10383276,73802148,1485857,1004611,1770148,720320,0.2892308,2262476,4413,0.9980533
2,84945857,10430338,74515519,1492629,1016428,1781719,727338,0.289885,2278753,4004,0.998246
3,84612740,10394904,74217836,1493736,1009391,1778736,724391,0.2893944,2274016,4258,0.998131
