pid,execution_cycles,compute_cycles,idle_cycles,loads,stores,hit_count,miss_count,miss_rate,private,shared,private_rate
0,12979242,10430314,2548928,1489888,1007461,2496828,521,0.0002086212,2021738,475587,0.8095614
1,12999771,10383276,2616495,1485857,1004611,2489195,1273,0.0005111489,2015838,474605,0.8094295
2,13063937,10430338,2633599,1492629,1016428,2507799,1258,0.0005013836,2033917,474862,0.8107199
3,12956837,10394904,2561933,1493736,1009391,2502533,594,0.0002373032,2026608,476481,0.8096428
