pid,execution_cycles,compute_cycles,idle_cycles,loads,stores,hit_count,miss_count,miss_rate,private,shared,private_rate
0,13011818,10430314,2581504,1489888,1007461,2496444,905,0.0003623843,2023168,474181,0.8101263
1,12941442,10383276,2558166,1485857,1004611,2489710,758,0.0003043605,2017260,473208,0.8099923
2,13154352,10430338,2724014,1492629,1016428,2506782,2275,0.0009067152,2034176,473826,0.8110743
3,12977436,10394904,2582532,1493736,1009391,2502248,879,0.0003511608,2027865,475262,0.8101327
