pid,execution_cycles,compute_cycles,idle_cycles,loads,stores,hit_count,miss_count,miss_rate,private,shared,private_rate
0,14893846,10430314,4463532,1489888,1007461,2477404,19945,0.007986469,2022038,474183,0.8100397
1,14796345,10383276,4413069,1485857,1004611,2470861,19607,0.007872817,2016334,472925,0.8100137
2,15410941,10430338,4980603,1492629,1016428,2483959,25098,0.01000296,2030338,473436,0.810911
3,14856471,10394904,4461567,1493736,1009391,2483171,19956,0.007972428,2026284,475529,0.8099262
