pid,execution_cycles,compute_cycles,idle_cycles,loads,stores,hit_count,miss_count,miss_rate,private,shared,private_rate
0,32091033,10430314,21660719,1489888,1007461,2303735,193614,0.07752781,2043783,387908,0.8404781
1,31922925,10383276,21539649,1485857,1004611,2298013,192455,0.07727664,2034011,391627,0.8385468
2,32976956,10430338,22546618,1492629,1016428,2306610,202447,0.08068649,2050069,387036,0.8411903
3,32148791,10394904,21753887,1493736,1009391,2308647,194480,0.07769482,2037855,399535,0.8360808
