pid,execution_cycles,compute_cycles,idle_cycles,loads,stores,hit_count,miss_count,miss_rate,private,shared,private_rate
0,18563487,10430314,8133173,1489888,1007461,2466194,31155,0.01247523,2026994,465424,0.8132641
1,18440420,10383276,8057144,1485857,1004611,2459614,30854,0.01238884,2023829,461790,0.8142153
2,18695610,10430338,8265272,1492629,1016428,2476329,32728,0.01304394,2041187,462349,0.8153216
3,18562308,10394904,8167404,1493736,1009391,2471753,31374,0.01253392,2032283,465852,0.8135201
