pid,execution_cycles,compute_cycles,idle_cycles,loads,stores,hit_count,miss_count,miss_rate,private,shared,private_rate
0,16217073,10430314,5786759,1489888,1007461,2473299,24050,0.009630212,2016624,478383,0.8082639
1,16091690,10383276,5708414,1485857,1004611,2467293,23175,0.00930548,2012393,476412,0.808578
2,16938914,10430338,6508576,1492629,1016428,2477810,31247,0.01245368,2028122,473169,0.8108301
3,16146794,10394904,5751890,1493736,1009391,2479533,23594,0.00942581,2020571,480757,0.8077993
