pid,execution_cycles,compute_cycles,idle_cycles,loads,stores,hit_count,miss_count,miss_rate,private,shared,private_rate
0,15319503,10430314,4889189,1489888,1007461,2473189,24160,0.009674259,2022203,472995,0.8104379
1,15222618,10383276,4839342,1485857,1004611,2466742,23726,0.009526723,2018514,470056,0.811114
2,15634472,10430338,5204134,1492629,1016428,2481834,27223,0.01084989,2033189,472006,0.8115891
3,15288782,10394904,4893878,1493736,1009391,2478978,24149,0.009647533,2026437,474679,0.8102131
