pid,execution_cycles,compute_cycles,idle_cycles,loads,stores,hit_count,miss_count,miss_rate,private,shared,private_rate
0,15827492,10430314,5397178,1489888,1007461,2477176,20173,0.008077766,2015332,480546,0.8074641
1,15747102,10383276,5363826,1485857,1004611,2470756,19712,0.007914978,2011617,477719,0.8080938
2,16217346,10430338,5787008,1492629,1016428,2485089,23968,0.009552593,2029312,475569,0.8101431
3,15788791,10394904,5393887,1493736,1009391,2483119,20008,0.007993202,2020214,481703,0.8074664
