pid,execution_cycles,compute_cycles,idle_cycles,loads,stores,hit_count,miss_count,miss_rate,private,shared,private_rate
0,34728934,10430314,24298620,1489888,1007461,2264372,232977,0.09328972,2038263,364328,0.8483604
1,34566542,10383276,24183266,1485857,1004611,2258550,231918,0.09312226,2030906,365529,0.8474697
2,35617210,10430338,25186872,1492629,1016428,2267146,241911,0.09641511,2046471,361576,0.8498468
3,34748931,10394904,24354027,1493736,1009391,2269342,233785,0.09339718,2039204,369096,0.84674
