pid,execution_cycles,compute_cycles,idle_cycles,loads,stores,hit_count,miss_count,miss_rate,private,shared,private_rate
0,13548393,10430314,3118079,1489888,1007461,2491079,6270,0.002510662,2022936,473541,0.8103163
1,13452300,10383276,3069024,1485857,1004611,2484624,5844,0.002346547,2019690,470159,0.8111697
2,13854947,10430338,3424609,1492629,1016428,2499809,9248,0.003685847,2034526,471977,0.811699
3,13554995,10394904,3160091,1493736,1009391,2496491,6636,0.002651084,2027163,475218,0.8100937
