pid,execution_cycles,compute_cycles,idle_cycles,loads,stores,hit_count,miss_count,miss_rate,private,shared,private_rate
0,13200606,10430314,2770292,1489888,1007461,2494592,2757,0.001103971,2019783,477566,0.8087708
1,13106691,10383276,2723415,1485857,1004611,2488115,2353,0.0009448023,2013972,476496,0.8086721
2,13695755,10430338,3265417,1492629,1016428,2501417,7640,0.003044969,2032152,473656,0.8109767
3,13147610,10394904,2752706,1493736,1009391,2500606,2521,0.00100714,2027099,476027,0.809827
