pid,execution_cycles,compute_cycles,idle_cycles,loads,stores,hit_count,miss_count,miss_rate,private,shared,private_rate
0,41325081,10430314,30894767,1489888,1007461,2189169,308180,0.1234029,1929008,401571,0.8276947
1,41163842,10383276,30780566,1485857,1004611,2183533,306935,0.1232439,1925818,398533,0.8285401
2,41811222,10430338,31380884,1492629,1016428,2195653,313404,0.1249091,1937874,401196,0.8284805
3,41358584,10394904,30963680,1493736,1009391,2194025,309102,0.1234863,1934842,401150,0.8282742
