pid,execution_cycles,compute_cycles,idle_cycles,loads,stores,hit_count,miss_count,miss_rate,private,shared,private_rate
0,14174199,10430314,3743885,1489888,1007461,2494674,2675,0.001071136,53711,2443638,0.02150721
1,14077162,10383276,3693886,1485857,1004611,2488208,2260,0.00090746,83137,2407331,0.03338208
2,14646811,10430338,4216473,1492629,1016428,2501476,7581,0.003021454,2032391,476184,0.8101775
3,14123140,10394904,3728236,1493736,1009391,2500705,2422,0.0009675897,119544,2383582,0.04775788
