pid,execution_cycles,compute_cycles,idle_cycles,loads,stores,hit_count,miss_count,miss_rate,private,shared,private_rate
0,12962907,10430314,2532593,1489888,1007461,2496993,356,0.0001425512,2020318,477031,0.808985
1,12906315,10383276,2523039,1485857,1004611,2490139,329,0.0001321037,2014559,475909,0.8089078
2,13008893,10430338,2578555,1492629,1016428,2508355,702,0.0002797864,2032672,476195,0.8101952
3,12936938,10394904,2542034,1493736,1009391,2502734,393,0.0001570036,2025620,477506,0.8092361
