pid,execution_cycles,compute_cycles,idle_cycles,loads,stores,hit_count,miss_count,miss_rate,private,shared,private_rate
0,176957404,10430314,166527090,1489888,1007461,840482,1656867,0.6634503,1820364,1309,0.9992814
1,176400756,10383276,166017480,1485857,1004611,838680,1651788,0.663244,1816302,594,0.9996731
2,177674723,10430338,167244385,1492629,1016428,845061,1663996,0.6631958,1826271,1794,0.9990186
3,177233675,10394904,166838771,1493736,1009391,843171,1659956,0.6631529,1825311,994,0.9994557
