pid,execution_cycles,compute_cycles,idle_cycles,loads,stores,hit_count,miss_count,miss_rate,private,shared,private_rate
0,13200606,10430314,2770292,1489888,1007461,2494592,2757,0.001103971,2019586,477763,0.8086919
1,13106691,10383276,2723415,1485857,1004611,2488115,2353,0.0009448023,1995920,494548,0.8014237
2,13694864,10430338,3264526,1492629,1016428,2501426,7631,0.003041382,2032163,473662,0.8109756
3,13147610,10394904,2752706,1493736,1009391,2500606,2521,0.00100714,2026921,476206,0.8097556
