pid,execution_cycles,compute_cycles,idle_cycles,loads,stores,hit_count,miss_count,miss_rate,private,shared,private_rate
0,29922127,10430314,19491813,1489888,1007461,2432837,64512,0.02583219,2036089,449507,0.8191552
1,28237104,10383276,17853828,1485857,1004611,2428226,62242,0.02499209,2029490,448098,0.8191394
2,30084488,10430338,19654150,1492629,1016428,2443121,65936,0.0262792,2047886,448992,0.8201786
3,28097189,10394904,17702285,1493736,1009391,2440398,62729,0.02506025,2038738,451351,0.818741
