pid,execution_cycles,compute_cycles,idle_cycles,loads,stores,hit_count,miss_count,miss_rate,private,shared,private_rate
0,19511675,10430314,9081361,1489888,1007461,2436183,61166,0.02449237,2027614,455230,0.8166498
1,19432318,10383276,9049042,1485857,1004611,2429733,60735,0.02438698,2023833,452322,0.8173289
2,19766578,10430338,9336240,1492629,1016428,2445354,63703,0.02538922,2037772,455519,0.8173021
3,19495048,10394904,9100144,1493736,1009391,2441815,61312,0.02449416,2030981,457577,0.8161277
