pid,execution_cycles,compute_cycles,idle_cycles,loads,stores,hit_count,miss_count,miss_rate,private,shared,private_rate
0,105639579,10430314,95209265,1489888,1007461,1560865,936484,0.3749912,2173190,2721,0.9987495
1,105213717,10383276,94830441,1485857,1004611,1557741,932727,0.3745188,2167110,3165,0.9985417
2,106083545,10430338,95653207,1492629,1016428,1568207,940850,0.3749815,2181004,4400,0.9979866
3,105735776,10394904,95340872,1493736,1009391,1565372,937755,0.3746334,2178496,2747,0.9987406
