pid,execution_cycles,compute_cycles,idle_cycles,loads,stores,hit_count,miss_count,miss_rate,private,shared,private_rate
0,74838236,10430314,64407922,1489888,1007461,1860792,636557,0.2548931,1964770,197933,0.9084789
1,74650370,10383276,64267094,1485857,1004611,1855256,635212,0.2550573,1944895,211761,0.9018105
2,75646177,10430338,65215839,1492629,1016428,1864275,644782,0.2569818,1958230,210456,0.9029569
3,75039368,10394904,64644464,1493736,1009391,1864180,638947,0.2552595,1967344,200171,0.9076495
