pid,execution_cycles,compute_cycles,idle_cycles,loads,stores,hit_count,miss_count,miss_rate,private,shared,private_rate
0,29961306,10430314,19530992,1489888,1007461,2325292,172057,0.06889586,2148830,325655,0.8683948
1,29847591,10383276,19464315,1485857,1004611,2319015,171453,0.06884369,2134954,332818,0.8651342
2,30116786,10430338,19686448,1492629,1016428,2335548,173509,0.06915307,2150707,334923,0.8652563
3,30018695,10394904,19623791,1493736,1009391,2330191,172936,0.06908798,2148267,331751,0.8662304
