pid,execution_cycles,compute_cycles,idle_cycles,loads,stores,hit_count,miss_count,miss_rate,private,shared,private_rate
0,13050596,10430314,2620282,1489888,1007461,2497002,347,0.0001389473,2018049,479300,0.8080765
1,12991286,10383276,2608010,1485857,1004611,2490138,330,0.0001325052,2012260,478208,0.8079847
2,13066233,10430338,2635895,1492629,1016428,2508579,478,0.0001905098,2030641,478387,0.8093337
3,13027923,10394904,2633019,1493736,1009391,2502743,384,0.0001534081,2023293,479834,0.8083062
