pid,execution_cycles,compute_cycles,idle_cycles,loads,stores,hit_count,miss_count,miss_rate,private,shared,private_rate
0,53153380,10430314,42723066,1489888,1007461,2091270,406079,0.162604,2348944,65833,0.9727374
1,52982925,10383276,42599649,1485857,1004611,2085537,404931,0.1625923,2339361,68848,0.9714111
2,53503861,10430338,43073523,1492629,1016428,2099523,409534,0.1632223,2355191,69713,0.9712512
3,53235892,10394904,42840988,1493736,1009391,2095832,407295,0.1627145,2354879,65421,0.9729699
