pid,execution_cycles,compute_cycles,idle_cycles,loads,stores,hit_count,miss_count,miss_rate,private,shared,private_rate
0,31437990,10430314,21007676,1489888,1007461,2310824,186525,0.0746892,2091351,373410,0.8485005
1,30330348,10383276,19947072,1485857,1004611,2314624,175844,0.07060681,2075719,361584,0.8516459
2,31553177,10430338,21122839,1492629,1016428,2321571,187486,0.07472369,2103475,372634,0.8495082
3,30348233,10394904,19953329,1493736,1009391,2327301,175826,0.07024254,2085618,364732,0.8511511
