pid,execution_cycles,compute_cycles,idle_cycles,loads,stores,hit_count,miss_count,miss_rate,private,shared,private_rate
0,14963083,10430314,4532769,1489888,1007461,2491050,6299,0.002522275,2015086,481641,0.807091
1,14508288,10383276,4125012,1485857,1004611,2486417,4051,0.001626602,2009050,480824,0.8068882
2,14758601,10430338,4328263,1492629,1016428,2503056,6001,0.002391735,2027688,478816,0.8089706
3,18719045,10394904,8324141,1493736,1009391,2455323,47804,0.01909771,2016617,463197,0.813213
