pid,execution_cycles,compute_cycles,idle_cycles,loads,stores,hit_count,miss_count,miss_rate,private,shared,private_rate
0,21528585,10430314,11098271,1489888,1007461,2410471,86878,0.03478809,2025260,442393,0.8207232
1,25817202,10383276,15433926,1485857,1004611,2359726,130742,0.05249696,2019806,430332,0.8243642
2,23951561,10430338,13521223,1492629,1016428,2397823,111234,0.04433299,2040431,440200,0.8225452
3,20850305,10394904,10455401,1493736,1009391,2422801,80326,0.03209026,2028984,445767,0.819874
