pid,execution_cycles,compute_cycles,idle_cycles,loads,stores,hit_count,miss_count,miss_rate,private,shared,private_rate
0,13980496,10430314,3550182,1489888,1007461,2496828,521,0.0002086212,33417,2463929,0.01338101
1,13916606,10383276,3533330,1485857,1004611,2490040,428,0.0001718552,803519,1686948,0.3226379
2,14073798,10430338,3643460,1492629,1016428,2507774,1283,0.0005113475,2030790,478241,0.8093922
3,13953412,10394904,3558508,1493736,1009391,2502624,503,0.0002009487,30118,2473009,0.01203215
