pid,execution_cycles,compute_cycles,idle_cycles,loads,stores,hit_count,miss_count,miss_rate,private,shared,private_rate
0,13053237,10430314,2622923,1489888,1007461,2496967,382,0.0001529622,2018065,479277,0.8080852
1,12989079,10383276,2605803,1485857,1004611,2490127,341,0.0001369221,2012732,477732,0.8081755
2,13096469,10430338,2666131,1492629,1016428,2508207,850,0.0003387727,2030719,478096,0.8094335
3,13031308,10394904,2636404,1493736,1009391,2502688,439,0.0001753806,2023770,479337,0.8085032
