pid,execution_cycles,compute_cycles,idle_cycles,loads,stores,hit_count,miss_count,miss_rate,private,shared,private_rate
0,14717541,10430314,4287227,1489888,1007461,2488940,8409,0.003367171,2007444,488397,0.8043157
1,14609123,10383276,4225847,1485857,1004611,2482798,7670,0.003079742,2003980,485443,0.8049978
2,15372067,10430338,4941729,1492629,1016428,2494240,14817,0.005905406,2026854,475493,0.8099812
3,14655221,10394904,4260317,1493736,1009391,2495179,7948,0.003175228,2012102,489861,0.8042093
