pid,execution_cycles,compute_cycles,idle_cycles,loads,stores,hit_count,miss_count,miss_rate,private,shared,private_rate
0,12963699,10430314,2533385,1489888,1007461,2496985,364,0.0001457546,2018033,479305,0.8080736
1,12930273,10383276,2546997,1485857,1004611,2489897,571,0.0002292742,2013112,477339,0.8083323
2,13010477,10430338,2580139,1492629,1016428,2508339,718,0.0002861633,2030745,478168,0.8094123
3,12938720,10394904,2543816,1493736,1009391,2502716,411,0.0001641946,2023584,479531,0.8084263
