pid,execution_cycles,compute_cycles,idle_cycles,loads,stores,hit_count,miss_count,miss_rate,private,shared,private_rate
0,14367818,10430314,3937504,1489888,1007461,2492708,4641,0.001858371,1994365,502321,0.7988049
1,14223402,10383276,3840126,1485857,1004611,2486707,3761,0.001510158,1912347,577831,0.7679559
2,14909490,10430338,4479152,1492629,1016428,2499080,9977,0.003976394,2027770,475880,0.8099255
3,14302252,10394904,3907348,1493736,1009391,2498929,4198,0.001677102,1996795,505921,0.7978512
