pid,execution_cycles,compute_cycles,idle_cycles,loads,stores,hit_count,miss_count,miss_rate,private,shared,private_rate
0,28084991,10430314,17654677,1489888,1007461,2417607,79742,0.03193066,2102027,390794,0.8432322
1,32079436,10383276,21696160,1485857,1004611,2361707,128761,0.05170153,2100552,358702,0.8541419
2,28369769,10430338,17939431,1492629,1016428,2426998,82059,0.03270512,2111897,391609,0.8435758
3,32209196,10394904,21814292,1493736,1009391,2373952,129175,0.05160545,2110223,361982,0.8535793
