pid,execution_cycles,compute_cycles,idle_cycles,loads,stores,hit_count,miss_count,miss_rate,private,shared,private_rate
0,13667556,10430314,3237242,1489888,1007461,2490986,6363,0.002547902,2016200,479120,0.8079926
1,14704188,10383276,4320912,1485857,1004611,2477196,13272,0.005329119,2013365,475943,0.8088051
2,13640810,10430338,3210472,1492629,1016428,2505164,3893,0.001551579,2029235,479459,0.808881
3,13767350,10394904,3372446,1493736,1009391,2496754,6373,0.002546015,2025896,475436,0.8099269
