pid,execution_cycles,compute_cycles,idle_cycles,loads,stores,hit_count,miss_count,miss_rate,private,shared,private_rate
0,14931396,10430314,4501082,1489888,1007461,2477066,20283,0.008121812,2022248,473870,0.8101572
1,14848902,10383276,4465626,1485857,1004611,2470486,19982,0.008023392,2017707,471744,0.8105028
2,15188725,10430338,4758387,1492629,1016428,2486263,22794,0.009084688,2033196,473114,0.8112309
3,14906392,10394904,4511488,1493736,1009391,2482800,20327,0.008120643,2026853,475181,0.8100821
