pid,execution_cycles,compute_cycles,idle_cycles,loads,stores,hit_count,miss_count,miss_rate,private,shared,private_rate
0,13146156,10430314,2715842,1489888,1007461,2495142,2207,0.0008837371,2022817,474139,0.8101132
1,13058676,10383276,2675400,1485857,1004611,2488600,1868,0.0007500598,2019777,470447,0.8110825
2,13386182,10430338,2955844,1492629,1016428,2504544,4513,0.001798684,2035276,472296,0.8116521
3,13129988,10394904,2735084,1493736,1009391,2500784,2343,0.0009360292,2027696,475072,0.8101814
