pid,execution_cycles,compute_cycles,idle_cycles,loads,stores,hit_count,miss_count,miss_rate,private,shared,private_rate
0,21437958,10430314,11007644,1489888,1007461,2410430,86919,0.03480451,2137665,356286,0.8571399
1,21288398,10383276,10905122,1485857,1004611,2404736,85732,0.03442405,2126251,359800,0.8552725
2,21768554,10430338,11338216,1492629,1016428,2418845,90212,0.03595454,2148310,355801,0.8579132
3,21394541,10394904,10999637,1493736,1009391,2416818,86309,0.03448047,2136670,361987,0.8551274
