pid,execution_cycles,compute_cycles,idle_cycles,loads,stores,hit_count,miss_count,miss_rate,private,shared,private_rate
0,13210707,10430314,2780393,1489888,1007461,2494457,2892,0.001158028,2022949,473766,0.8102443
1,13114811,10383276,2731535,1485857,1004611,2488011,2457,0.0009865616,2019723,470371,0.8111031
2,13513656,10430338,3083318,1492629,1016428,2503198,5859,0.00233514,2034370,472353,0.8115655
3,13179194,10394904,2784290,1493736,1009391,2500254,2873,0.001147764,2027270,475368,0.8100532
