pid,execution_cycles,compute_cycles,idle_cycles,loads,stores,hit_count,miss_count,miss_rate,private,shared,private_rate
0,14011708,10430314,3581394,1489888,1007461,2497238,111,4.444713e-05,42937,2454412,0.01719303
1,13944709,10383276,3561433,1485857,1004611,2490367,101,4.055463e-05,287327,2203141,0.1153707
2,14065322,10430338,3634984,1492629,1016428,2508837,220,8.768234e-05,2017105,491951,0.8039298
3,13953147,10394904,3558243,1493736,1009391,2503001,126,5.033704e-05,124626,2378501,0.04978813
