pid,execution_cycles,compute_cycles,idle_cycles,loads,stores,hit_count,miss_count,miss_rate,private,shared,private_rate
0,56082351,10430314,45652037,1489888,1007461,2028583,468766,0.1877054,1906782,333873,0.8509931
1,55896215,10383276,45512939,1485857,1004611,2023122,467346,0.1876539,1900255,334412,0.8503526
2,56912397,10430338,46482059,1492629,1016428,2031671,477386,0.1902651,1904462,341965,0.8477738
3,56200033,10394904,45805129,1493736,1009391,2032780,470347,0.1879038,1900688,345070,0.8463459
