pid,execution_cycles,compute_cycles,idle_cycles,loads,stores,hit_count,miss_count,miss_rate,private,shared,private_rate
0,60618963,10430314,50188649,1489888,1007461,2015625,481724,0.1928941,2355696,17765,0.9925151
1,60306429,10383276,49923153,1485857,1004611,2011361,479107,0.1923763,2348475,18819,0.9920504
2,61003070,10430338,50572732,1492629,1016428,2023600,485457,0.1934819,2363483,19898,0.9916514
3,60619469,10394904,50224565,1493736,1009391,2021097,482030,0.1925711,2360660,18447,0.9922463
