pid,execution_cycles,compute_cycles,idle_cycles,loads,stores,hit_count,miss_count,miss_rate,private,shared,private_rate
0,14048733,10430314,3618419,1489888,1007461,2496295,1054,0.0004220475,2019736,477414,0.8088165
1,13970940,10383276,3587664,1485857,1004611,2489569,899,0.0003609763,2014727,475624,0.8090133
2,14201486,10430338,3771148,1492629,1016428,2506728,2329,0.0009282372,2030014,478271,0.8093235
3,14022843,10394904,3627939,1493736,1009391,2502039,1088,0.0004346563,2024754,478215,0.8089409
