pid,execution_cycles,compute_cycles,idle_cycles,loads,stores,hit_count,miss_count,miss_rate,private,shared,private_rate
0,13784050,10430314,3353736,1489888,1007461,2488628,8721,0.003492103,2021499,473974,0.8100665
1,13634751,10383276,3251475,1485857,1004611,2482703,7765,0.003117888,2019255,470048,0.8111728
2,14467076,10430338,4036738,1492629,1016428,2493506,15551,0.006197946,2029349,472599,0.8111076
3,13691016,10394904,3296112,1493736,1009391,2495052,8075,0.003225965,2026927,474903,0.8101777
