pid,execution_cycles,compute_cycles,idle_cycles,loads,stores,hit_count,miss_count,miss_rate,private,shared,private_rate
0,51627159,10430314,41196845,1489888,1007461,2106445,390904,0.1565276,1851342,408636,0.8191859
1,51454737,10383276,41071461,1485857,1004611,2100761,389707,0.1564794,1845414,408474,0.8187692
2,52438415,10430338,42008077,1492629,1016428,2110077,398980,0.1590159,1857991,407969,0.8199575
3,51717218,10394904,41322314,1493736,1009391,2111014,392113,0.1566493,1854978,410180,0.8189177
