pid,execution_cycles,compute_cycles,idle_cycles,loads,stores,hit_count,miss_count,miss_rate,private,shared,private_rate
0,56444191,10430314,46013877,1489888,1007461,2050660,446689,0.1788653,2165056,180497,0.9230471
1,56250985,10383276,45867709,1485857,1004611,2045275,445193,0.1787588,2140915,198224,0.9152577
2,56662140,10430338,46231802,1492629,1016428,2060471,448586,0.1787867,2182856,173391,0.9264122
3,56513488,10394904,46118584,1493736,1009391,2055456,447671,0.1788447,2152770,198267,0.9156683
