pid,execution_cycles,compute_cycles,idle_cycles,loads,stores,hit_count,miss_count,miss_rate,private,shared,private_rate
0,21903795,10430314,11473481,1489888,1007461,2406681,90668,0.0363057,2042897,439282,0.8230257
1,21816711,10383276,11433435,1485857,1004611,2400135,90333,0.0362715,2059147,416296,0.8318297
2,22084520,10430338,11654182,1492629,1016428,2416682,92375,0.03681662,2083053,410209,0.835473
3,21921089,10394904,11526185,1493736,1009391,2411985,91142,0.03641126,2071616,416271,0.8326809
