pid,execution_cycles,compute_cycles,idle_cycles,loads,stores,hit_count,miss_count,miss_rate,private,shared,private_rate
0,13291686,10430314,2861372,1489888,1007461,2493672,3677,0.001472361,2022768,474023,0.8101471
1,13529619,10383276,3146343,1485857,1004611,2483843,6625,0.002660143,2016938,472849,0.8100846
2,14321336,10430338,3890998,1492629,1016428,2495098,13959,0.005563445,2032966,473481,0.8110947
3,13336205,10394904,2941301,1493736,1009391,2498701,4426,0.001768188,2026819,475321,0.8100342
