pid,execution_cycles,compute_cycles,idle_cycles,loads,stores,hit_count,miss_count,miss_rate,private,shared,private_rate
0,13544820,10430314,3114506,1489888,1007461,2491078,6271,0.002511063,2022876,473591,0.8102955
1,13449654,10383276,3066378,1485857,1004611,2484626,5842,0.002345744,2019650,470198,0.8111539
2,13850348,10430338,3420010,1492629,1016428,2499806,9251,0.003687043,2034515,471970,0.8117004
3,13552251,10394904,3157347,1493736,1009391,2496483,6644,0.00265428,2027092,475283,0.8100672
