pid,execution_cycles,compute_cycles,idle_cycles,loads,stores,hit_count,miss_count,miss_rate,private,shared,private_rate
0,14356952,10430314,3926638,1489888,1007461,2492714,4635,0.001855968,2014180,482291,0.8068109
1,14275406,10383276,3892130,1485857,1004611,2486319,4149,0.001665952,2010706,479181,0.8075491
2,14737390,10430338,4307052,1492629,1016428,2500699,8358,0.003331132,2029668,475779,0.8101021
3,14307987,10394904,3913083,1493736,1009391,2498757,4370,0.001745816,2019247,483222,0.8069019
