pid,execution_cycles,compute_cycles,idle_cycles,loads,stores,hit_count,miss_count,miss_rate,private,shared,private_rate
0,14015165,10430314,3584851,1489888,1007461,2496604,745,0.0002983163,2011840,485417,0.8056199
1,13947883,10383276,3564607,1485857,1004611,2489821,647,0.0002597905,2004443,485959,0.8048672
2,14130542,10430338,3700204,1492629,1016428,2507394,1663,0.0006627988,2029721,478793,0.8091328
3,13993055,10394904,3598151,1493736,1009391,2502320,807,0.0003223967,2018142,484894,0.8062777
