pid,execution_cycles,compute_cycles,idle_cycles,loads,stores,hit_count,miss_count,miss_rate,private,shared,private_rate
0,19041606,10430314,8611292,1489888,1007461,2435592,61757,0.02472902,2032770,452227,0.8180171
1,18930861,10383276,8547585,1485857,1004611,2429285,61183,0.02456687,2028792,449627,0.8185831
2,19379543,10430338,8949205,1492629,1016428,2444005,65052,0.02592687,2043334,451530,0.8190162
3,19040981,10394904,8646077,1493736,1009391,2441077,62050,0.02478899,2036557,454264,0.8176248
