pid,execution_cycles,compute_cycles,idle_cycles,loads,stores,hit_count,miss_count,miss_rate,private,shared,private_rate
0,74821059,10430314,64390745,1489888,1007461,2079111,418238,0.1674728,2306282,71303,0.9700103
1,74380646,10383276,63997370,1485857,1004611,2073635,416833,0.1673714,2300058,71116,0.9700081
2,74921896,10430338,64491558,1492629,1016428,2089366,419691,0.1672704,2315684,73118,0.9693914
3,74866475,10394904,64471571,1493736,1009391,2083944,419183,0.1674637,2312630,70501,0.9704166
