pid,execution_cycles,compute_cycles,idle_cycles,loads,stores,hit_count,miss_count,miss_rate,private,shared,private_rate
0,45370458,10430314,34940144,1489888,1007461,2169644,327705,0.1312211,2250602,184022,0.9244146
1,44457714,10383276,34074438,1485857,1004611,2171438,319030,0.1281004,2264391,168362,0.9307936
2,45592763,10430338,35162425,1492629,1016428,2179225,329832,0.1314566,2264215,181076,0.9259491
3,44684060,10394904,34289156,1493736,1009391,2182056,321071,0.128268,2277408,167683,0.9314205
