pid,execution_cycles,compute_cycles,idle_cycles,loads,stores,hit_count,miss_count,miss_rate,private,shared,private_rate
0,13041687,10430314,2611373,1489888,1007461,2496369,980,0.0003924161,2022226,474954,0.8098039
1,12972432,10383276,2589156,1485857,1004611,2489624,844,0.0003388921,2017909,472451,0.8102881
2,13172897,10430338,2742559,1492629,1016428,2506867,2190,0.0008728379,2034421,473991,0.8110394
3,13016495,10394904,2621591,1493736,1009391,2502047,1080,0.0004314603,2027455,475513,0.8100203
