pid,execution_cycles,compute_cycles,idle_cycles,loads,stores,hit_count,miss_count,miss_rate,private,shared,private_rate
0,14169298,10430314,3738984,1489888,1007461,2494719,2630,0.001053117,2018791,478029,0.8085449
1,14098294,10383276,3715018,1485857,1004611,2488172,2296,0.0009219151,2014471,475676,0.8089767
2,14421761,10430338,3991423,1492629,1016428,2503987,5070,0.002020679,2030701,476295,0.8100137
3,14130583,10394904,3735679,1493736,1009391,2500658,2469,0.0009863663,2023132,479619,0.8083633
