pid,execution_cycles,compute_cycles,idle_cycles,loads,stores,hit_count,miss_count,miss_rate,private,shared,private_rate
0,19419776,10430314,8989462,1489888,1007461,2428063,69286,0.02774382,2018884,458240,0.8150113
1,19352174,10383276,8968898,1485857,1004611,2421812,68656,0.02756751,2014946,455805,0.8155197
2,20033656,10430338,9603318,1492629,1016428,2434307,74750,0.02979207,2030966,454408,0.8171672
3,19427425,10394904,9032521,1493736,1009391,2433306,69821,0.02789351,2022838,460059,0.8147088
