pid,execution_cycles,compute_cycles,idle_cycles,loads,stores,hit_count,miss_count,miss_rate,private,shared,private_rate
0,13247631,10430314,2817317,1489888,1007461,2494117,3232,0.001294172,2022812,474102,0.8101248
1,13141836,10383276,2758560,1485857,1004611,2487760,2708,0.001087346,2017421,472789,0.8101409
2,13557749,10430338,3127411,1492629,1016428,2502811,6246,0.002489381,2032518,473584,0.8110276
3,13191962,10394904,2797058,1493736,1009391,2500158,2969,0.001186116,2027575,475241,0.8101175
