pid,execution_cycles,compute_cycles,idle_cycles,loads,stores,hit_count,miss_count,miss_rate,private,shared,private_rate
0,63111547,10430314,52681233,1489888,1007461,2255826,241523,0.09671175,2230460,207252,0.9149809
1,62943161,10383276,52559885,1485857,1004611,2249661,240807,0.09669147,2225781,205252,0.91557
2,63298370,10430338,52868032,1492629,1016428,2266141,242916,0.09681566,2242647,206285,0.9157653
3,63241590,10394904,52846686,1493736,1009391,2260779,242348,0.0968181,2237292,205913,0.9157201
