pid,execution_cycles,compute_cycles,idle_cycles,loads,stores,hit_count,miss_count,miss_rate,private,shared,private_rate
0,13980145,10430314,3549831,1489888,1007461,2496833,516,0.0002066191,2010673,486671,0.8051246
1,13916579,10383276,3533303,1485857,1004611,2490041,427,0.0001714537,1878644,611824,0.7543337
2,14080199,10430338,3649861,1492629,1016428,2507750,1307,0.0005209128,2030236,478175,0.8093714
3,13953556,10394904,3558652,1493736,1009391,2502624,503,0.0002009487,2011258,491864,0.8034998
