pid,execution_cycles,compute_cycles,idle_cycles,loads,stores,hit_count,miss_count,miss_rate,private,shared,private_rate
0,18650754,10430314,8220440,1489888,1007461,2439540,57809,0.02314815,2015832,456616,0.8153183
1,23032530,10383276,12649254,1485857,1004611,2387854,102614,0.0412027,1973471,470831,0.8073761
2,14548145,10430338,4117807,1492629,1016428,2492807,16250,0.006476537,2025658,476822,0.8094602
3,18400847,10394904,8005943,1493736,1009391,2447543,55584,0.02220582,2022611,454970,0.8163652
