pid,execution_cycles,compute_cycles,idle_cycles,loads,stores,hit_count,miss_count,miss_rate,private,shared,private_rate
0,13117761,10430314,2687447,1489888,1007461,2495403,1946,0.0007792263,2022628,474318,0.8100407
1,13037499,10383276,2654223,1485857,1004611,2488791,1677,0.0006733674,2019524,470685,0.8109857
2,13364204,10430338,2933866,1492629,1016428,2504742,4315,0.00171977,2035251,472299,0.8116492
3,13110602,10394904,2715698,1493736,1009391,2500966,2161,0.0008633202,2027610,475140,0.8101528
