pid,execution_cycles,compute_cycles,idle_cycles,loads,stores,hit_count,miss_count,miss_rate,private,shared,private_rate
0,12973896,10430314,2543582,1489888,1007461,2496882,467,0.0001869983,2021577,475772,0.8094892
1,12913740,10383276,2530464,1485857,1004611,2490064,404,0.0001622185,2015787,474681,0.8094009
2,13026713,10430338,2596375,1492629,1016428,2508175,882,0.0003515265,2034040,475010,0.8106813
3,12941096,10394904,2546192,1493736,1009391,2502692,435,0.0001737826,2026612,476515,0.8096321
