pid,execution_cycles,compute_cycles,idle_cycles,loads,stores,hit_count,miss_count,miss_rate,private,shared,private_rate
0,12980498,10430314,2550184,1489888,1007461,2496860,489,0.0001958076,2021581,475768,0.8094908
1,12918732,10383276,2535456,1485857,1004611,2490056,412,0.0001654308,2015772,474696,0.8093949
2,13037036,10430338,2606698,1492629,1016428,2508114,943,0.0003758384,2033865,474974,0.8106798
3,12946014,10394904,2551110,1493736,1009391,2502674,453,0.0001809736,2026581,476540,0.8096217
