pid,execution_cycles,compute_cycles,idle_cycles,loads,stores,hit_count,miss_count,miss_rate,private,shared,private_rate
0,18081504,10430314,7651190,1489888,1007461,2445290,52059,0.0208457,2015221,459829,0.8142143
1,22113909,10383276,11730633,1485857,1004611,2397133,93335,0.03747689,1970737,475114,0.805747
2,13723871,10430338,3293533,1492629,1016428,2501133,7924,0.003158159,2029813,478880,0.8091118
3,17708243,10394904,7313339,1493736,1009391,2454539,48588,0.01941092,2020549,460166,0.8145027
