pid,execution_cycles,compute_cycles,idle_cycles,loads,stores,hit_count,miss_count,miss_rate,private,shared,private_rate
0,14382072,10430314,3951758,1489888,1007461,2482658,14691,0.005882638,2022750,474077,0.8101282
1,14299641,10383276,3916365,1485857,1004611,2476065,14403,0.00578325,2016797,472810,0.8100865
2,14601704,10430338,4171366,1492629,1016428,2492266,16791,0.006692156,2033738,473460,0.8111597
3,14354618,10394904,3959714,1493736,1009391,2488414,14713,0.005877848,2026975,475228,0.8100762
