pid,execution_cycles,compute_cycles,idle_cycles,loads,stores,hit_count,miss_count,miss_rate,private,shared,private_rate
0,13990599,10430314,3560285,1489888,1007461,2497188,161,6.446836e-05,527122,1970227,0.2110726
1,13924521,10383276,3541245,1485857,1004611,2490322,146,5.862352e-05,135716,2354749,0.05449424
2,14036905,10430338,3606567,1492629,1016428,2508703,354,0.0001410889,2023641,485353,0.8065547
3,13946252,10394904,3551348,1493736,1009391,2502951,176,7.031205e-05,1928920,574206,0.7706044
