pid,execution_cycles,compute_cycles,idle_cycles,loads,stores,hit_count,miss_count,miss_rate,private,shared,private_rate
0,88869437,10430314,78439123,1489888,1007461,1730259,767090,0.3071617,2185859,27842,0.9874229
1,88539104,10383276,78155828,1485857,1004611,1726168,764300,0.3068901,2183910,23839,0.9892021
2,89263625,10430338,78833287,1492629,1016428,1738099,770958,0.30727,2202177,21031,0.9905402
3,88978869,10394904,78583965,1493736,1009391,1734633,768494,0.3070136,2190892,28017,0.9873735
