pid,execution_cycles,compute_cycles,idle_cycles,loads,stores,hit_count,miss_count,miss_rate,private,shared,private_rate
0,14039714,10430314,3609400,1489888,1007461,2486088,11261,0.004509182,2024395,471354,0.8111373
1,13977720,10383276,3594444,1485857,1004611,2479292,11176,0.00448751,2020694,468431,0.811809
2,14412314,10430338,3981976,1492629,1016428,2494144,14913,0.005943667,2036824,468717,0.8129278
3,14053215,10394904,3658311,1493736,1009391,2491431,11696,0.004672556,2028070,473471,0.8107283
