pid,execution_cycles,compute_cycles,idle_cycles,loads,stores,hit_count,miss_count,miss_rate,private,shared,private_rate
0,14208525,10430314,3778211,1489888,1007461,2484411,12938,0.005180694,2021699,473452,0.8102512
1,14059170,10383276,3675894,1485857,1004611,2478494,11974,0.004807932,2020244,468774,0.8116631
2,14973746,10430338,4543408,1492629,1016428,2488508,20549,0.00818993,2035181,466076,0.8136633
3,14136323,10394904,3741419,1493736,1009391,2490619,12508,0.00499695,2026818,474596,0.8102689
