pid,execution_cycles,compute_cycles,idle_cycles,loads,stores,hit_count,miss_count,miss_rate,private,shared,private_rate
0,20053485,10430314,9623171,1489888,1007461,2425371,71978,0.02882176,2080336,409857,0.8354116
1,19976994,10383276,9593718,1485857,1004611,2418718,71750,0.02880985,2076647,406700,0.8362291
2,20300639,10430338,9870301,1492629,1016428,2434701,74356,0.02963504,2097359,403519,0.8386491
3,20032466,10394904,9637562,1493736,1009391,2431062,72065,0.02878999,2089211,406813,0.8370156
