pid,execution_cycles,compute_cycles,idle_cycles,loads,stores,hit_count,miss_count,miss_rate,private,shared,private_rate
0,13190607,10430314,2760293,1489888,1007461,2494693,2656,0.001063528,2022788,474058,0.8101373
1,13104612,10383276,2721336,1485857,1004611,2488136,2332,0.0009363702,2019020,471130,0.8108026
2,13440632,10430338,3010294,1492629,1016428,2503994,5063,0.00201789,2033601,473441,0.8111555
3,13146422,10394904,2751518,1493736,1009391,2500618,2509,0.001002346,2027825,474937,0.8102349
