pid,execution_cycles,compute_cycles,idle_cycles,loads,stores,hit_count,miss_count,miss_rate,private,shared,private_rate
0,20152482,10430314,9722168,1489888,1007461,2428464,68885,0.02758325,2043791,438000,0.8235146
1,20096149,10383276,9712873,1485857,1004611,2421740,68728,0.02759642,2042900,432164,0.8253928
2,20479582,10430338,10049244,1492629,1016428,2437243,71814,0.02862191,2062100,430063,0.8274338
3,20161222,10394904,9766318,1493736,1009391,2433930,69197,0.02764422,2047770,439725,0.8232258
