pid,execution_cycles,compute_cycles,idle_cycles,loads,stores,hit_count,miss_count,miss_rate,private,shared,private_rate
0,13881924,10430314,3451610,1489888,1007461,2487710,9639,0.003859693,2019860,475963,0.8092962
1,13602285,10383276,3219009,1485857,1004611,2483109,7359,0.002954866,2015167,474379,0.8094516
2,13962758,10430338,3532420,1492629,1016428,2498720,10337,0.004119875,2029723,475365,0.8102402
3,17949605,10394904,7554701,1493736,1009391,2452101,51026,0.0203849,2027439,451746,0.8177845
