pid,execution_cycles,compute_cycles,idle_cycles,loads,stores,hit_count,miss_count,miss_rate,private,shared,private_rate
0,13187065,10430314,2756751,1489888,1007461,2494691,2658,0.001064329,2022768,474060,0.8101351
1,13100563,10383276,2717287,1485857,1004611,2488135,2333,0.0009367717,2019048,471100,0.8108145
2,13430634,10430338,3000296,1492629,1016428,2504016,5041,0.002009121,2033568,473461,0.8111466
3,13143054,10394904,2748150,1493736,1009391,2500606,2521,0.00100714,2027825,474929,0.8102374
