pid,execution_cycles,compute_cycles,idle_cycles,loads,stores,hit_count,miss_count,miss_rate,private,shared,private_rate
0,12983085,10430314,2552771,1489888,1007461,2496747,602,0.0002410556,2022239,475109,0.8097546
1,12922038,10383276,2538762,1485857,1004611,2489934,534,0.0002144175,2016527,473940,0.8096983
2,13083566,10430338,2653228,1492629,1016428,2507552,1505,0.0005998269,2034012,474376,0.8108841
3,12954353,10394904,2559449,1493736,1009391,2502521,606,0.0002420972,2027341,475781,0.809925
