pid,execution_cycles,compute_cycles,idle_cycles,loads,stores,hit_count,miss_count,miss_rate,private,shared,private_rate
0,13188837,10430314,2758523,1489888,1007461,2494591,2758,0.001104371,2001108,496241,0.8012929
1,13083882,10383276,2700606,1485857,1004611,2488114,2354,0.0009452039,1995878,494590,0.8014068
2,13662353,10430338,3232015,1492629,1016428,2501431,7626,0.003039389,2034743,473782,0.8111312
3,13127639,10394904,2732735,1493736,1009391,2500607,2520,0.001006741,2026787,476339,0.8097023
