pid,execution_cycles,compute_cycles,idle_cycles,loads,stores,hit_count,miss_count,miss_rate,private,shared,private_rate
0,13253868,10430314,2823554,1489888,1007461,2494054,3295,0.001319399,2022992,473987,0.8101758
1,13503285,10383276,3120009,1485857,1004611,2484109,6359,0.002553335,2016847,472939,0.8100483
2,14146997,10430338,3716659,1492629,1016428,2496859,12198,0.004861587,2033656,473452,0.8111561
3,13283933,10394904,2889029,1493736,1009391,2499229,3898,0.001557252,2027008,475164,0.8100994
