pid,execution_cycles,compute_cycles,idle_cycles,loads,stores,hit_count,miss_count,miss_rate,private,shared,private_rate
0,12978843,10430314,2548529,1489888,1007461,2496877,472,0.0001890004,2021591,475758,0.8094948
1,12918280,10383276,2535004,1485857,1004611,2490060,408,0.0001638246,2015795,474673,0.8094041
2,13031236,10430338,2600898,1492629,1016428,2508174,883,0.000351925,2033884,474975,0.8106809
3,12944049,10394904,2549145,1493736,1009391,2502693,434,0.0001733831,2026630,476497,0.8096393
