pid,execution_cycles,compute_cycles,idle_cycles,loads,stores,hit_count,miss_count,miss_rate,private,shared,private_rate
0,13137832,10430314,2707518,1489888,1007461,2495178,2171,0.0008693218,2022922,474136,0.8101222
1,13065983,10383276,2682707,1485857,1004611,2488463,2005,0.0008050696,2017840,472420,0.8102929
2,13354318,10430338,2923980,1492629,1016428,2504780,4277,0.001704624,2033711,473633,0.8111017
3,13107124,10394904,2712220,1493736,1009391,2500960,2167,0.0008657172,2027661,475227,0.8101285
