pid,execution_cycles,compute_cycles,idle_cycles,loads,stores,hit_count,miss_count,miss_rate,private,shared,private_rate
0,34947565,10430314,24517251,1489888,1007461,2267609,229740,0.09199355,2059751,350821,0.8544657
1,34831502,10383276,24448226,1485857,1004611,2261567,228901,0.09191084,2056008,348162,0.8551841
2,35486156,10430338,25055818,1492629,1016428,2273742,235315,0.09378623,2071233,347580,0.8563014
3,35018692,10394904,24623788,1493736,1009391,2272431,230696,0.09216312,2062563,353636,0.8536395
