pid,execution_cycles,compute_cycles,idle_cycles,loads,stores,hit_count,miss_count,miss_rate,private,shared,private_rate
0,13433751,10430314,3003437,1489888,1007461,2492237,5112,0.002046971,2022751,473446,0.8103331
1,13310928,10383276,2927652,1485857,1004611,2486052,4416,0.001773161,2020936,468821,0.8117001
2,13928108,10430338,3497770,1492629,1016428,2499070,9987,0.00398038,2035301,469432,0.812582
3,13400357,10394904,3005453,1493736,1009391,2498053,5074,0.002027065,2027232,474959,0.8101828
