pid,execution_cycles,compute_cycles,idle_cycles,loads,stores,hit_count,miss_count,miss_rate,private,shared,private_rate
0,16626798,10430314,6196484,1489888,1007461,2459984,37365,0.01496187,2057660,439100,0.8241321
1,16546050,10383276,6162774,1485857,1004611,2453374,37094,0.01489439,2046816,442515,0.8222354
2,16846826,10430338,6416488,1492629,1016428,2469588,39469,0.01573061,2070470,436970,0.8257306
3,16612016,10394904,6217112,1493736,1009391,2465612,37515,0.01498725,2056277,445627,0.8218849
