pid,execution_cycles,compute_cycles,idle_cycles,loads,stores,hit_count,miss_count,miss_rate,private,shared,private_rate
0,13977098,10430314,3546784,1489888,1007461,2497117,232,9.289851e-05,2012893,484455,0.8060122
1,13910959,10383276,3527683,1485857,1004611,2490274,194,7.789701e-05,1845000,645468,0.7408246
2,14024502,10430338,3594164,1492629,1016428,2508522,535,0.0002132275,2027296,481563,0.808055
3,13942802,10394904,3547898,1493736,1009391,2502886,241,9.627957e-05,2012155,490972,0.8038565
