pid,execution_cycles,compute_cycles,idle_cycles,loads,stores,hit_count,miss_count,miss_rate,private,shared,private_rate
0,13990599,10430314,3560285,1489888,1007461,2497188,161,6.446836e-05,27280,2470069,0.01092358
1,13923729,10383276,3540453,1485857,1004611,2490330,138,5.541127e-05,32209,2458259,0.01293291
2,14036129,10430338,3605791,1492629,1016428,2508740,317,0.0001263423,2023661,485395,0.8065428
3,13945132,10394904,3550228,1493736,1009391,2502954,173,6.911355e-05,25394,2477733,0.01014491
