pid,execution_cycles,compute_cycles,idle_cycles,loads,stores,hit_count,miss_count,miss_rate,private,shared,private_rate
0,62868756,10430314,52438442,1489888,1007461,1992874,504475,0.2020042,2045157,233111,0.8976806
1,62672008,10383276,52288732,1485857,1004611,1987432,503036,0.2019845,2015306,256956,0.8869162
2,63716917,10430338,53286579,1492629,1016428,1996123,512934,0.204433,2088640,195352,0.9144691
3,63014029,10394904,52619125,1493736,1009391,1996889,506238,0.2022422,2072433,211157,0.9075329
