pid,execution_cycles,compute_cycles,idle_cycles,loads,stores,hit_count,miss_count,miss_rate,private,shared,private_rate
0,13983115,10430314,3552801,1489888,1007461,2497053,296,0.0001185257,549894,1947420,0.2201942
1,13915203,10383276,3531927,1485857,1004611,2490239,229,9.195059e-05,1904714,585738,0.7648065
2,14052255,10430338,3621917,1492629,1016428,2508344,713,0.0002841705,2027784,481112,0.8082376
3,18363409,10394904,7968505,1493736,1009391,2458185,44942,0.01795434,443306,2037479,0.1786959
