pid,execution_cycles,compute_cycles,idle_cycles,loads,stores,hit_count,miss_count,miss_rate,private,shared,private_rate
0,19928151,10430314,9497837,1489888,1007461,2427477,69872,0.02797847,2047952,438891,0.8235148
1,19860933,10383276,9477657,1485857,1004611,2420805,69663,0.02797185,2047291,432722,0.8255162
2,20056043,10430338,9625705,1492629,1016428,2438049,71008,0.02830067,2064669,433500,0.8264729
3,19960064,10394904,9565160,1493736,1009391,2432820,70307,0.02808767,2042888,449640,0.8196048
