pid,execution_cycles,compute_cycles,idle_cycles,loads,stores,hit_count,miss_count,miss_rate,private,shared,private_rate
0,12988944,10430314,2558630,1489888,1007461,2496730,619,0.0002478628,2021655,475652,0.809534
1,12921660,10383276,2538384,1485857,1004611,2489984,484,0.000194341,2015956,474499,0.809473
2,13088093,10430338,2657755,1492629,1016428,2507555,1502,0.0005986313,2033848,474712,0.8107631
3,12955451,10394904,2560547,1493736,1009391,2502547,580,0.0002317102,2026947,476146,0.8097769
