pid,execution_cycles,compute_cycles,idle_cycles,loads,stores,hit_count,miss_count,miss_rate,private,shared,private_rate
0,13763223,10430314,3332909,1489888,1007461,2488909,8440,0.003379584,2021741,474135,0.8100326
1,13635945,10383276,3252669,1485857,1004611,2482769,7699,0.003091387,2018554,470887,0.8108463
2,14400041,10430338,3969703,1492629,1016428,2494303,14754,0.005880297,2029197,473244,0.810887
3,13688051,10394904,3293147,1493736,1009391,2495147,7980,0.003188012,2026789,475203,0.8100701
