pid,execution_cycles,compute_cycles,idle_cycles,loads,stores,hit_count,miss_count,miss_rate,private,shared,private_rate
0,18752031,10430314,8321717,1489888,1007461,2438517,58832,0.02355778,2033674,452967,0.8178398
1,18656334,10383276,8273058,1485857,1004611,2432058,58410,0.02345342,2027869,452150,0.8176828
2,19088978,10430338,8658640,1492629,1016428,2446940,62117,0.02475711,2042785,453648,0.8182815
3,18763979,10394904,8369075,1493736,1009391,2443875,59252,0.02367119,2036599,455853,0.8171066
