pid,execution_cycles,compute_cycles,idle_cycles,loads,stores,hit_count,miss_count,miss_rate,private,shared,private_rate
0,137678553,10430314,127248239,1489888,1007461,1237239,1260110,0.5045791,2013483,6157,0.9969514
1,137248929,10383276,126865653,1485857,1004611,1234153,1256315,0.5044494,2010100,3996,0.998016
2,138095294,10430338,127664956,1492629,1016428,1244856,1264201,0.503855,2024499,3895,0.9980798
3,137905331,10394904,127510427,1493736,1009391,1240427,1262700,0.504449,2018155,6224,0.9969255
