pid,execution_cycles,compute_cycles,idle_cycles,loads,stores,hit_count,miss_count,miss_rate,private,shared,private_rate
0,14174199,10430314,3743885,1489888,1007461,2494674,2675,0.001071136,88222,2409127,0.03532626
1,14078421,10383276,3695145,1485857,1004611,2488185,2283,0.0009166952,83374,2407085,0.03347736
2,14649939,10430338,4219601,1492629,1016428,2501476,7581,0.003021454,2031989,476171,0.8101513
3,14123253,10394904,3728349,1493736,1009391,2500702,2425,0.0009687882,1655746,847377,0.6614721
