pid,execution_cycles,compute_cycles,idle_cycles,loads,stores,hit_count,miss_count,miss_rate,private,shared,private_rate
0,15618933,10430314,5188619,1489888,1007461,2470139,27210,0.01089555,2022705,472044,0.810785
1,15533694,10383276,5150418,1485857,1004611,2463574,26894,0.01079877,2018830,469166,0.8114282
2,15869912,10430338,5439574,1492629,1016428,2479422,29635,0.01181121,2035357,469960,0.812415
3,15598355,10394904,5203451,1493736,1009391,2475835,27292,0.01090316,2027282,473349,0.8107082
