pid,execution_cycles,compute_cycles,idle_cycles,loads,stores,hit_count,miss_count,miss_rate,private,shared,private_rate
0,15765894,10430314,5335580,1489888,1007461,2468680,28669,0.01147977,2020651,474211,0.809925
1,15521301,10383276,5138025,1485857,1004611,2463725,26743,0.01073814,2014877,472421,0.8100666
2,15913157,10430338,5482819,1492629,1016428,2479019,30038,0.01197183,2033135,472967,0.8112738
3,15567071,10394904,5172167,1493736,1009391,2476167,26960,0.01077053,2024678,475201,0.8099104
