pid,execution_cycles,compute_cycles,idle_cycles,loads,stores,hit_count,miss_count,miss_rate,private,shared,private_rate
0,13755311,10430314,3324997,1489888,1007461,2488909,8440,0.003379584,2021741,474115,0.8100391
1,13621847,10383276,3238571,1485857,1004611,2482759,7709,0.003095402,2018585,470847,0.8108617
2,14388046,10430338,3957708,1492629,1016428,2494308,14749,0.005878304,2029162,473266,0.8108773
3,13681908,10394904,3287004,1493736,1009391,2495144,7983,0.003189211,2026761,475216,0.8100638
