pid,execution_cycles,compute_cycles,idle_cycles,loads,stores,hit_count,miss_count,miss_rate,private,shared,private_rate
0,13990599,10430314,3560285,1489888,1007461,2497188,161,6.446836e-05,879883,1617466,0.3523268
1,13923729,10383276,3540453,1485857,1004611,2490330,138,5.541127e-05,32268,2458200,0.0129566
2,14029537,10430338,3599199,1492629,1016428,2508740,317,0.0001263423,2023630,485386,0.8065433
3,13945132,10394904,3550228,1493736,1009391,2502954,173,6.911355e-05,1664695,838432,0.6650462
