pid,execution_cycles,compute_cycles,idle_cycles,loads,stores,hit_count,miss_count,miss_rate,private,shared,private_rate
0,31187168,10430314,20756854,1489888,1007461,2313642,183707,0.0735608,2184189,274798,0.8882475
1,31036121,10383276,20652845,1485857,1004611,2307817,182651,0.07334003,2177996,272992,0.8886196
2,31310045,10430338,20879707,1492629,1016428,2324219,184838,0.07366831,2197362,272899,0.8895262
3,31182018,10394904,20787114,1493736,1009391,2319206,183921,0.0734765,2189422,273840,0.8888303
