pid,execution_cycles,compute_cycles,idle_cycles,loads,stores,hit_count,miss_count,miss_rate,private,shared,private_rate
0,13046805,10430314,2616491,1489888,1007461,2497007,342,0.0001369452,2018017,479332,0.8080637
1,12986176,10383276,2602900,1485857,1004611,2490148,320,0.0001284899,2012269,478199,0.8079883
2,13070947,10430338,2640609,1492629,1016428,2508573,484,0.0001929012,2030480,478572,0.8092618
3,13028945,10394904,2634041,1493736,1009391,2502741,386,0.0001542071,2023329,479798,0.8083206
