pid,execution_cycles,compute_cycles,idle_cycles,loads,stores,hit_count,miss_count,miss_rate,private,shared,private_rate
0,13974364,10430314,3544050,1489888,1007461,2496996,353,0.0001413499,198152,2299194,0.07934503
1,13912829,10383276,3529553,1485857,1004611,2490152,316,0.0001268838,1446265,1044194,0.5807223
2,14043903,10430338,3613565,1492629,1016428,2508214,843,0.0003359828,2029715,479227,0.8089924
3,13944540,10394904,3549636,1493736,1009391,2502778,349,0.0001394256,1485500,1017626,0.5934579
