pid,execution_cycles,compute_cycles,idle_cycles,loads,stores,hit_count,miss_count,miss_rate,private,shared,private_rate
0,14138136,10430314,3707822,1489888,1007461,2485122,12227,0.004895992,2023040,473441,0.8103567
1,13995810,10383276,3612534,1485857,1004611,2479134,11334,0.004550952,2020196,469548,0.8114071
2,14314010,10430338,3883672,1492629,1016428,2495172,13885,0.005533952,2035208,471882,0.811781
3,14181962,10394904,3787058,1493736,1009391,2490158,12969,0.005181119,2027800,474469,0.8103845
