pid,execution_cycles,compute_cycles,idle_cycles,loads,stores,hit_count,miss_count,miss_rate,private,shared,private_rate
0,13282182,10430314,2851868,1489888,1007461,2493768,3581,0.001433921,2022816,474094,0.8101277
1,13159755,10383276,2776479,1485857,1004611,2487579,2889,0.001160023,2017377,472816,0.8101288
2,13591112,10430338,3160774,1492629,1016428,2502474,6583,0.002623695,2032480,473592,0.8110222
3,13207703,10394904,2812799,1493736,1009391,2499999,3128,0.001249637,2027544,475263,0.810108
