pid,execution_cycles,compute_cycles,idle_cycles,loads,stores,hit_count,miss_count,miss_rate,private,shared,private_rate
0,14536920,10430314,4106606,1489888,1007461,2493021,4328,0.001733038,2018111,478905,0.8082091
1,14274183,10383276,3890907,1485857,1004611,2487140,3328,0.001336295,2009425,480693,0.8069598
2,14677390,10430338,4247052,1492629,1016428,2503834,5223,0.002081659,2028042,480297,0.8085199
3,14400053,10394904,4005149,1493736,1009391,2499319,3808,0.001521297,2023478,479256,0.808507
