pid,execution_cycles,compute_cycles,idle_cycles,loads,stores,hit_count,miss_count,miss_rate,private,shared,private_rate
0,15501762,10430314,5071448,1489888,1007461,2471376,25973,0.01040023,2023404,472131,0.8108097
1,15421509,10383276,5038233,1485857,1004611,2464761,25707,0.01032216,2018724,470058,0.8111293
2,15673226,10430338,5242888,1492629,1016428,2481468,27589,0.01099576,2037220,469349,0.8127524
3,15488707,10394904,5093803,1493736,1009391,2476971,26156,0.01044933,2027751,473567,0.810673
