pid,execution_cycles,compute_cycles,idle_cycles,loads,stores,hit_count,miss_count,miss_rate,private,shared,private_rate
0,28750092,10430314,18319778,1489888,1007461,2336897,160452,0.06424893,2108772,350890,0.8573422
1,28626828,10383276,18243552,1485857,1004611,2330711,159757,0.06414738,2092174,360810,0.8529098
2,29004699,10430338,18574361,1492629,1016428,2346123,162934,0.06493834,2098132,371909,0.8494321
3,28770963,10394904,18376059,1493736,1009391,2342091,161036,0.06433393,2093411,371885,0.849152
