pid,execution_cycles,compute_cycles,idle_cycles,loads,stores,hit_count,miss_count,miss_rate,private,shared,private_rate
0,13994689,10430314,3564375,1489888,1007461,2497155,194,7.768237e-05,1992357,504981,0.7977923
1,14015060,10383276,3631784,1485857,1004611,2490065,403,0.000161817,1590940,899511,0.638816
2,14084109,10430338,3653771,1492629,1016428,2508484,573,0.0002283727,2024176,484719,0.8067998
3,13950359,10394904,3555455,1493736,1009391,2502922,205,8.189756e-05,1576679,926433,0.6298875
