pid,execution_cycles,compute_cycles,idle_cycles,loads,stores,hit_count,miss_count,miss_rate,private,shared,private_rate
0,13077351,10430314,2647037,1489888,1007461,2495837,1512,0.000605442,2022292,474820,0.8098523
1,13002642,10383276,2619366,1485857,1004611,2489166,1302,0.0005227933,2017926,472398,0.8103066
2,13239167,10430338,2808829,1492629,1016428,2506029,3028,0.001206828,2034336,473671,0.8111365
3,13042274,10394904,2647370,1493736,1009391,2501670,1457,0.0005820719,2027669,475281,0.8101117
