pid,execution_cycles,compute_cycles,idle_cycles,loads,stores,hit_count,miss_count,miss_rate,private,shared,private_rate
0,13058243,10430314,2627929,1489888,1007461,2495973,1376,0.0005509843,2023048,474178,0.8101181
1,13033468,10383276,2650192,1485857,1004611,2488788,1680,0.000674572,2017130,473198,0.8099857
2,13218782,10430338,2788444,1492629,1016428,2506136,2921,0.001164182,2034151,473785,0.8110857
3,13073423,10394904,2678519,1493736,1009391,2501275,1852,0.0007398746,2027761,475246,0.81013
