pid,execution_cycles,compute_cycles,idle_cycles,loads,stores,hit_count,miss_count,miss_rate,private,shared,private_rate
0,13981855,10430314,3551541,1489888,1007461,2496815,534,0.0002138267,182818,2314520,0.07320515
1,13918315,10383276,3535039,1485857,1004611,2490022,446,0.0001790828,1572606,917854,0.631452
2,14087874,10430338,3657536,1492629,1016428,2507631,1426,0.000568341,2030694,478141,0.8094171
3,13954517,10394904,3559613,1493736,1009391,2502611,516,0.0002061422,147981,2355143,0.05911853
