pid,execution_cycles,compute_cycles,idle_cycles,loads,stores,hit_count,miss_count,miss_rate,private,shared,private_rate
0,14021443,10430314,3591129,1489888,1007461,2497205,144,5.766114e-05,2005367,491967,0.8030031
1,13950780,10383276,3567504,1485857,1004611,2490343,125,5.019137e-05,2001017,489440,0.8034738
2,14092769,10430338,3662431,1492629,1016428,2508681,376,0.0001498571,2017205,491721,0.8040114
3,13957995,10394904,3563091,1493736,1009391,2502980,147,5.872654e-05,2008578,494539,0.8024307
