pid,execution_cycles,compute_cycles,idle_cycles,loads,stores,hit_count,miss_count,miss_rate,private,shared,private_rate
0,13763040,10430314,3332726,1489888,1007461,2488830,8519,0.003411217,2021682,474070,0.8100492
1,13623617,10383276,3240341,1485857,1004611,2482769,7699,0.003091387,2018731,470700,0.8109206
2,14390345,10430338,3960007,1492629,1016428,2494295,14762,0.005883485,2029727,472712,0.8110995
3,13682728,10394904,3287824,1493736,1009391,2495132,7995,0.003194005,2026763,475204,0.8100678
