pid,execution_cycles,compute_cycles,idle_cycles,loads,stores,hit_count,miss_count,miss_rate,private,shared,private_rate
0,18447705,10430314,8017391,1489888,1007461,2441591,55758,0.02232688,2035183,458053,0.8162817
1,18353196,10383276,7969920,1485857,1004611,2435120,55348,0.02222394,2030363,456146,0.8165516
2,18717530,10430338,8287192,1492629,1016428,2450692,58365,0.02326173,2048771,454934,0.8182957
3,18463019,10394904,8068115,1493736,1009391,2446915,56212,0.02245671,2041324,457605,0.8168796
