pid,execution_cycles,compute_cycles,idle_cycles,loads,stores,hit_count,miss_count,miss_rate,private,shared,private_rate
0,137678454,10430314,127248140,1489888,1007461,1237240,1260109,0.5045787,2013382,6259,0.9969009
1,137248845,10383276,126865569,1485857,1004611,1234153,1256315,0.5044494,2010143,3953,0.9980373
2,138095210,10430338,127664872,1492629,1016428,1244856,1264201,0.503855,2024271,4122,0.9979678
3,137905331,10394904,127510427,1493736,1009391,1240427,1262700,0.504449,2018231,6148,0.996963
