pid,execution_cycles,compute_cycles,idle_cycles,loads,stores,hit_count,miss_count,miss_rate,private,shared,private_rate
0,167990118,10430314,157559804,1489888,1007461,931056,1566293,0.6271823,1849488,7313,0.9960615
1,167518002,10383276,157134726,1485857,1004611,928402,1562066,0.6272179,1843456,8306,0.9955145
2,168607405,10430338,158177067,1492629,1016428,936651,1572406,0.626692,1859298,4410,0.9976337
3,168294767,10394904,157899863,1493736,1009391,933463,1569664,0.6270812,1853875,7507,0.995967
