pid,execution_cycles,compute_cycles,idle_cycles,loads,stores,hit_count,miss_count,miss_rate,private,shared,private_rate
0,72129195,10430314,61698881,1489888,1007461,1899353,597996,0.2394523,2255832,47062,0.979564
1,71835183,10383276,61451907,1485857,1004611,1894895,595573,0.239141,2245289,51512,0.9775723
2,72458942,10430338,62028604,1492629,1016428,1907844,601213,0.2396171,2265314,47566,0.9794343
3,72187313,10394904,61792409,1493736,1009391,1904245,598882,0.2392535,2255492,52851,0.9771044
