pid,execution_cycles,compute_cycles,idle_cycles,loads,stores,hit_count,miss_count,miss_rate,private,shared,private_rate
0,17217885,10430314,6787571,1489888,1007461,2460040,37309,0.01493944,2050569,446168,0.8212996
1,17164881,10383276,6781605,1485857,1004611,2453448,37020,0.01486468,2038878,450451,0.8190472
2,17431532,10430338,7001194,1492629,1016428,2469604,39453,0.01572423,2062647,444759,0.8226219
3,17238574,10394904,6843670,1493736,1009391,2465645,37482,0.01497407,2050287,451607,0.819494
