pid,execution_cycles,compute_cycles,idle_cycles,loads,stores,hit_count,miss_count,miss_rate,private,shared,private_rate
0,13290420,10430314,2860106,1489888,1007461,2493622,3727,0.001492383,2022799,474101,0.8101242
1,13182900,10383276,2799624,1485857,1004611,2487240,3228,0.001296142,2017338,472809,0.8101281
2,13603163,10430338,3172825,1492629,1016428,2502225,6832,0.002722935,2032444,473607,0.8110146
3,13243883,10394904,2848979,1493736,1009391,2499547,3580,0.001430211,2027495,475240,0.8101117
