pid,execution_cycles,compute_cycles,idle_cycles,loads,stores,hit_count,miss_count,miss_rate,private,shared,private_rate
0,14073536,10430314,3643222,1489888,1007461,2497080,269,0.0001077142,2015805,481498,0.8071928
1,13968294,10383276,3585018,1485857,1004611,2490278,190,7.629088e-05,2009842,480602,0.8070216
2,14229556,10430338,3799218,1492629,1016428,2508279,778,0.0003100767,2025472,483306,0.807354
3,14063615,10394904,3668711,1493736,1009391,2502809,318,0.0001270411,2022439,480639,0.8079808
