pid,execution_cycles,compute_cycles,idle_cycles,loads,stores,hit_count,miss_count,miss_rate,private,shared,private_rate
0,30357738,10430314,19927424,1489888,1007461,2321284,176065,0.07050076,2092324,367475,0.8506077
1,30246813,10383276,19863537,1485857,1004611,2314977,175491,0.07046507,2079851,373314,0.8478235
2,30614414,10430338,20184076,1492629,1016428,2330512,178545,0.0711602,2101729,368515,0.8508184
3,30401546,10394904,20006642,1493736,1009391,2326322,176805,0.07063365,2098300,367158,0.8510792
