pid,execution_cycles,compute_cycles,idle_cycles,loads,stores,hit_count,miss_count,miss_rate,private,shared,private_rate
0,13990599,10430314,3560285,1489888,1007461,2497188,161,6.446836e-05,192499,2304850,0.07708134
1,13923729,10383276,3540453,1485857,1004611,2490330,138,5.541127e-05,32084,2458384,0.01288272
2,14027988,10430338,3597650,1492629,1016428,2508739,318,0.0001267408,2023627,485383,0.806544
3,13944720,10394904,3549816,1493736,1009391,2502954,173,6.911355e-05,945447,1557679,0.3777065
