pid,execution_cycles,compute_cycles,idle_cycles,loads,stores,hit_count,miss_count,miss_rate,private,shared,private_rate
0,21825783,10430314,11395469,1489888,1007461,2407469,89880,0.03599016,2070038,424355,0.8298764
1,21741669,10383276,11358393,1485857,1004611,2400893,89575,0.03596714,2066502,420849,0.8308043
2,22589123,10430338,12158785,1492629,1016428,2411585,97472,0.03884806,2076072,424289,0.8303089
3,21848621,10394904,11453717,1493736,1009391,2412717,90410,0.03611882,2072937,426829,0.8292524
