pid,execution_cycles,compute_cycles,idle_cycles,loads,stores,hit_count,miss_count,miss_rate,private,shared,private_rate
0,12962214,10430314,2531900,1489888,1007461,2497000,349,0.0001397482,2020318,477031,0.808985
1,12906117,10383276,2522841,1485857,1004611,2490141,327,0.0001313006,2014518,475950,0.8088913
2,12998894,10430338,2568556,1492629,1016428,2508456,601,0.0002395322,2032933,476116,0.8102405
3,12937730,10394904,2542826,1493736,1009391,2502726,401,0.0001601996,2025607,477520,0.8092306
