pid,execution_cycles,compute_cycles,idle_cycles,loads,stores,hit_count,miss_count,miss_rate,private,shared,private_rate
0,13990599,10430314,3560285,1489888,1007461,2497188,161,6.446836e-05,27280,2470069,0.01092358
1,13923729,10383276,3540453,1485857,1004611,2490330,138,5.541127e-05,32274,2458194,0.01295901
2,14036640,10430338,3606302,1492629,1016428,2508739,318,0.0001267408,2023659,485395,0.8065426
3,13945132,10394904,3550228,1493736,1009391,2502954,173,6.911355e-05,1482785,1020342,0.5923731
