pid,execution_cycles,compute_cycles,idle_cycles,loads,stores,hit_count,miss_count,miss_rate,private,shared,private_rate
0,35368160,10430314,24937846,1489888,1007461,2270642,226707,0.09077906,2033806,375361,0.8441947
1,35205857,10383276,24822581,1485857,1004611,2264853,225615,0.09059141,2033858,369194,0.8463645
2,36264400,10430338,25834062,1492629,1016428,2273410,235647,0.09391855,2053934,360670,0.8506298
3,35418662,10394904,25023758,1493736,1009391,2275618,227509,0.09088991,2045673,369213,0.8471096
