pid,execution_cycles,compute_cycles,idle_cycles,loads,stores,hit_count,miss_count,miss_rate,private,shared,private_rate
0,14232428,10430314,3802114,1489888,1007461,2494048,3301,0.001321802,1980080,517089,0.7929299
1,14187309,10383276,3804033,1485857,1004611,2486818,3650,0.001465588,734214,1755844,0.2948582
2,14740451,10430338,4310113,1492629,1016428,2500681,8376,0.003338306,2029634,475999,0.8100284
3,14241837,10394904,3846933,1493736,1009391,2499326,3801,0.001518501,1775706,727143,0.7094739
