pid,execution_cycles,compute_cycles,idle_cycles,loads,stores,hit_count,miss_count,miss_rate,private,shared,private_rate
0,123664410,10430314,113234096,1489888,1007461,1378796,1118553,0.4478961,2096498,940,0.9995518
1,123187099,10383276,112803823,1485857,1004611,1376191,1114277,0.4474167,2091027,955,0.9995435
2,124130849,10430338,113700511,1492629,1016428,1385911,1123146,0.4476367,2105253,1203,0.9994289
3,123793871,10394904,113398967,1493736,1009391,1382967,1120160,0.4475043,2101508,1074,0.9994892
