pid,execution_cycles,compute_cycles,idle_cycles,loads,stores,hit_count,miss_count,miss_rate,private,shared,private_rate
0,38029356,10430314,27599042,1489888,1007461,2243806,253543,0.1015249,2249676,219971,0.9109302
1,37907709,10383276,27524433,1485857,1004611,2237617,252851,0.1015275,2240293,222602,0.9096177
2,38227949,10430338,27797611,1492629,1016428,2253647,255410,0.1017952,2262629,217838,0.9121786
3,38085896,10394904,27690992,1493736,1009391,2248712,254415,0.1016389,2243913,231424,0.9065081
