pid,execution_cycles,compute_cycles,idle_cycles,loads,stores,hit_count,miss_count,miss_rate,private,shared,private_rate
0,12988530,10430314,2558216,1489888,1007461,2496980,369,0.0001477567,2020312,477031,0.8089846
1,12929673,10383276,2546397,1485857,1004611,2490141,327,0.0001313006,2014564,475904,0.8089098
2,13026950,10430338,2596612,1492629,1016428,2508420,637,0.0002538802,2032891,476106,0.8102405
3,12964874,10394904,2569970,1493736,1009391,2502726,401,0.0001601996,2025560,477567,0.8092118
