pid,execution_cycles,compute_cycles,idle_cycles,loads,stores,hit_count,miss_count,miss_rate,private,shared,private_rate
0,18879840,10430314,8449526,1489888,1007461,2437226,60123,0.02407473,2020488,473469,0.8101535
1,24810471,10383276,14427195,1485857,1004611,2369895,120573,0.04841379,1981671,456022,0.8129289
2,16672784,10430338,6242446,1492629,1016428,2471346,37711,0.01502995,2031074,471662,0.8115414
3,15811997,10394904,5417093,1493736,1009391,2473693,29434,0.01175889,2023546,473649,0.8103276
