pid,execution_cycles,compute_cycles,idle_cycles,loads,stores,hit_count,miss_count,miss_rate,private,shared,private_rate
0,17534001,10430314,7103687,1489888,1007461,2452519,44830,0.01795104,2012751,462323,0.8132084
1,21996627,10383276,11613351,1485857,1004611,2400931,89537,0.03595188,1966595,479284,0.8040443
2,13276490,10430338,2846152,1492629,1016428,2508144,913,0.0003638817,2027001,481849,0.8079403
3,17526809,10394904,7131905,1493736,1009391,2458089,45038,0.01799269,2018686,462086,0.813733
