pid,execution_cycles,compute_cycles,idle_cycles,loads,stores,hit_count,miss_count,miss_rate,private,shared,private_rate
0,12960828,10430314,2530514,1489888,1007461,2497014,335,0.0001341422,2017955,479394,0.8080388
1,12905919,10383276,2522643,1485857,1004611,2490143,325,0.0001304976,2012220,478248,0.8079686
2,12987608,10430338,2557270,1492629,1016428,2508570,487,0.0001940968,2030195,478858,0.8091479
3,12936443,10394904,2541539,1493736,1009391,2502739,388,0.0001550061,2023560,479567,0.8084128
