pid,execution_cycles,compute_cycles,idle_cycles,loads,stores,hit_count,miss_count,miss_rate,private,shared,private_rate
0,12962214,10430314,2531900,1489888,1007461,2497000,349,0.0001397482,2020326,477023,0.8089883
1,12906216,10383276,2522940,1485857,1004611,2490140,328,0.0001317022,2014529,475939,0.8088958
2,13000280,10430338,2569942,1492629,1016428,2508442,615,0.000245112,2032793,476093,0.8102373
3,12937631,10394904,2542727,1493736,1009391,2502727,400,0.0001598001,2025627,477500,0.8092386
