pid,execution_cycles,compute_cycles,idle_cycles,loads,stores,hit_count,miss_count,miss_rate,private,shared,private_rate
0,12971223,10430314,2540909,1489888,1007461,2496909,440,0.0001761868,2020293,477038,0.8089809
1,12910473,10383276,2527197,1485857,1004611,2490097,371,0.000148968,2014701,475754,0.808969
2,13021862,10430338,2591524,1492629,1016428,2508224,833,0.0003319972,2032813,476018,0.810263
3,12941393,10394904,2546489,1493736,1009391,2502689,438,0.0001749811,2025630,477475,0.8092469
