pid,execution_cycles,compute_cycles,idle_cycles,loads,stores,hit_count,miss_count,miss_rate,private,shared,private_rate
0,78171806,10430314,67741492,1489888,1007461,1813404,683945,0.2738684,2062156,134200,0.9388988
1,77966664,10383276,67583388,1485857,1004611,1808035,682433,0.274018,2044284,145865,0.9333995
2,78612739,10430338,68182401,1492629,1016428,1820604,688453,0.2743872,2045498,159628,0.9276105
3,78335253,10394904,67940349,1493736,1009391,1816952,686175,0.2741271,2044353,156933,0.9287085
