pid,execution_cycles,compute_cycles,idle_cycles,loads,stores,hit_count,miss_count,miss_rate,private,shared,private_rate
0,14067976,10430314,3637662,1489888,1007461,2495885,1464,0.0005862216,2017447,479665,0.8079121
1,13995744,10383276,3612468,1485857,1004611,2489223,1245,0.000499906,2012220,478101,0.8080163
2,14230955,10430338,3800617,1492629,1016428,2506124,2933,0.001168965,2030407,477585,0.8095748
3,14036141,10394904,3641237,1493736,1009391,2501739,1388,0.0005545064,2022572,480382,0.808074
