pid,execution_cycles,compute_cycles,idle_cycles,loads,stores,hit_count,miss_count,miss_rate,private,shared,private_rate
0,15955426,10430314,5525112,1489888,1007461,2475919,21430,0.008581099,2009657,485596,0.8053921
1,15852924,10383276,5469648,1485857,1004611,2469796,20672,0.008300448,2005576,483397,0.8057846
2,16605957,10430338,6175619,1492629,1016428,2481223,27834,0.01109341,2026857,475066,0.8101197
3,15892912,10394904,5498008,1493736,1009391,2482118,21009,0.008393102,2013953,487582,0.8050869
