pid,execution_cycles,compute_cycles,idle_cycles,loads,stores,hit_count,miss_count,miss_rate,private,shared,private_rate
0,13044366,10430314,2614052,1489888,1007461,2496364,985,0.0003944182,2021956,475223,0.8096961
1,12971910,10383276,2588634,1485857,1004611,2489634,834,0.0003348768,2017835,472530,0.8102567
2,13171217,10430338,2740879,1492629,1016428,2506895,2162,0.0008616783,2033997,474424,0.8108675
3,13013879,10394904,2618975,1493736,1009391,2502075,1052,0.0004202743,2027372,475606,0.8099839
