pid,execution_cycles,compute_cycles,idle_cycles,loads,stores,hit_count,miss_count,miss_rate,private,shared,private_rate
0,12978899,10430314,2548585,1489888,1007461,2496877,472,0.0001890004,2021574,475775,0.809488
1,12918280,10383276,2535004,1485857,1004611,2490060,408,0.0001638246,2015787,474681,0.8094009
2,13031049,10430338,2600711,1492629,1016428,2508179,878,0.0003499323,2034050,475006,0.8106834
3,12944161,10394904,2549257,1493736,1009391,2502693,434,0.0001733831,2026605,476522,0.8096293
