pid,execution_cycles,compute_cycles,idle_cycles,loads,stores,hit_count,miss_count,miss_rate,private,shared,private_rate
0,12987261,10430314,2556947,1489888,1007461,2496747,602,0.0002410556,2022176,475171,0.8097297
1,12926709,10383276,2543433,1485857,1004611,2489933,535,0.0002148191,2016463,474003,0.809673
2,13079777,10430338,2649439,1492629,1016428,2507639,1418,0.0005651526,2034583,474430,0.8109097
3,12956441,10394904,2561537,1493736,1009391,2502537,590,0.0002357052,2027274,475852,0.8098969
