pid,execution_cycles,compute_cycles,idle_cycles,loads,stores,hit_count,miss_count,miss_rate,private,shared,private_rate
0,139811359,10430314,129381045,1489888,1007461,1215689,1281660,0.5132082,1858817,57402,0.9700441
1,139532095,10383276,129148819,1485857,1004611,1211087,1279381,0.5137111,1848462,62055,0.9675193
2,140457412,10430338,130027074,1492629,1016428,1220986,1288071,0.5133686,1837172,85789,0.955387
3,140180888,10394904,129785984,1493736,1009391,1217436,1285691,0.5136339,1855628,64797,0.966259
