pid,execution_cycles,compute_cycles,idle_cycles,loads,stores,hit_count,miss_count,miss_rate,private,shared,private_rate
0,59784446,10430314,49354132,1489888,1007461,2243197,254152,0.1017687,2282559,186481,0.9244723
1,59606684,10383276,49223408,1485857,1004611,2237058,253410,0.101752,2266826,195503,0.9206024
2,59933274,10430338,49502936,1492629,1016428,2253056,256001,0.1020308,2284219,195663,0.9210999
3,59889137,10394904,49494233,1493736,1009391,2248056,255071,0.1019009,2288999,185679,0.9249684
