pid,execution_cycles,compute_cycles,idle_cycles,loads,stores,hit_count,miss_count,miss_rate,private,shared,private_rate
0,14379438,10430314,3949124,1489888,1007461,2492608,4741,0.001898413,1994203,502472,0.7987435
1,14265543,10383276,3882267,1485857,1004611,2486290,4178,0.001677596,1931819,558280,0.7758001
2,14956488,10430338,4526150,1492629,1016428,2498665,10392,0.004141795,2027688,475911,0.8099093
3,14353769,10394904,3958865,1493736,1009391,2498416,4711,0.001882046,1995931,506674,0.7975414
