pid,execution_cycles,compute_cycles,idle_cycles,loads,stores,hit_count,miss_count,miss_rate,private,shared,private_rate
0,13438629,10430314,3008315,1489888,1007461,2492147,5202,0.002083009,2022797,473407,0.8103492
1,13316838,10383276,2933562,1485857,1004611,2485966,4502,0.001807692,2020805,468951,0.8116478
2,13934018,10430338,3503680,1492629,1016428,2498956,10101,0.004025815,2034728,469995,0.8123565
3,13404341,10394904,3009437,1493736,1009391,2497989,5138,0.002052633,2027291,474911,0.8102028
