pid,execution_cycles,compute_cycles,idle_cycles,loads,stores,hit_count,miss_count,miss_rate,private,shared,private_rate
0,14174199,10430314,3743885,1489888,1007461,2494674,2675,0.001071136,166724,2330625,0.06676039
1,14077162,10383276,3693886,1485857,1004611,2488208,2260,0.00090746,83214,2407254,0.033413
2,14647547,10430338,4217209,1492629,1016428,2501476,7581,0.003021454,2032331,476181,0.8101739
3,14123140,10394904,3728236,1493736,1009391,2500705,2422,0.0009675897,818466,1684660,0.3269775
