pid,execution_cycles,compute_cycles,idle_cycles,loads,stores,hit_count,miss_count,miss_rate,private,shared,private_rate
0,72865827,10430314,62435513,1489888,1007461,1891913,605436,0.2424315,2146535,112752,0.950094
1,72660141,10383276,62276865,1485857,1004611,1886565,603903,0.2424857,2137162,115947,0.9485391
2,73337513,10430338,62907175,1492629,1016428,1898975,610082,0.2431519,2143293,124643,0.9450412
3,73024196,10394904,62629292,1493736,1009391,1895792,607335,0.2426305,2142765,121692,0.94626
