pid,execution_cycles,compute_cycles,idle_cycles,loads,stores,hit_count,miss_count,miss_rate,private,shared,private_rate
0,13980001,10430314,3549687,1489888,1007461,2496833,516,0.0002066191,388440,2108909,0.1555409
1,13916507,10383276,3533231,1485857,1004611,2490041,427,0.0001714537,99072,2391396,0.03978047
2,14074140,10430338,3643802,1492629,1016428,2507788,1269,0.0005057677,2030612,478227,0.8093831
3,13953412,10394904,3558508,1493736,1009391,2502624,503,0.0002009487,1614088,889039,0.6448286
