pid,execution_cycles,compute_cycles,idle_cycles,loads,stores,hit_count,miss_count,miss_rate,private,shared,private_rate
0,17497800,10430314,7067486,1489888,1007461,2451186,46163,0.0184848,2067921,427530,0.8286763
1,17403291,10383276,7020015,1485857,1004611,2444715,45753,0.01837125,2059659,427861,0.827997
2,17802176,10430338,7371838,1492629,1016428,2459938,49119,0.01957668,2078134,427585,0.8293564
3,17446487,10394904,7051583,1493736,1009391,2457183,45944,0.01835464,2069777,430981,0.8276599
