pid,execution_cycles,compute_cycles,idle_cycles,loads,stores,hit_count,miss_count,miss_rate,private,shared,private_rate
0,65430207,10430314,54999893,1489888,1007461,1967013,530336,0.2123596,2286566,50025,0.9785906
1,65177298,10383276,54794022,1485857,1004611,1962146,528322,0.2121376,2274433,55959,0.9759873
2,65674427,10430338,55244089,1492629,1016428,1976377,532680,0.2123029,2294974,52124,0.9777922
3,65497748,10394904,55102844,1493736,1009391,1971816,531311,0.2122589,2289050,53073,0.9773398
