pid,execution_cycles,compute_cycles,idle_cycles,loads,stores,hit_count,miss_count,miss_rate,private,shared,private_rate
0,155823174,10430314,145392860,1489888,1007461,1053960,1443389,0.5779685,1852807,18021,0.9903674
1,155436615,10383276,145053339,1485857,1004611,1050439,1440029,0.5782162,1853467,12086,0.9935215
2,156439301,10430338,146008963,1492629,1016428,1059563,1449494,0.5777047,1859028,18775,0.9900016
3,156148358,10394904,145753454,1493736,1009391,1056154,1446973,0.5780662,1856106,19170,0.9897775
