pid,execution_cycles,compute_cycles,idle_cycles,loads,stores,hit_count,miss_count,miss_rate,private,shared,private_rate
0,13098231,10430314,2667917,1489888,1007461,2495593,1756,0.0007031456,2022231,474772,0.8098633
1,13018284,10383276,2635008,1485857,1004611,2488980,1488,0.0005974781,2018887,471382,0.8107104
2,13290863,10430338,2860525,1492629,1016428,2505461,3596,0.001433208,2034167,473629,0.8111373
3,13063649,10394904,2668745,1493736,1009391,2501433,1694,0.0006767535,2027636,475237,0.8101234
