pid,execution_cycles,compute_cycles,idle_cycles,loads,stores,hit_count,miss_count,miss_rate,private,shared,private_rate
0,13196432,10430314,2766118,1489888,1007461,2494518,2831,0.001133602,2001110,496214,0.8013017
1,13115608,10383276,2732332,1485857,1004611,2487840,2628,0.001055223,1995822,494547,0.8014162
2,13687705,10430338,3257367,1492629,1016428,2501187,7870,0.003136637,2033824,473743,0.8110746
3,13142419,10394904,2747515,1493736,1009391,2500467,2660,0.001062671,2027062,475997,0.8098339
