pid,execution_cycles,compute_cycles,idle_cycles,loads,stores,hit_count,miss_count,miss_rate,private,shared,private_rate
0,20055391,10430314,9625077,1489888,1007461,2425369,71980,0.02882256,2080094,410085,0.8353191
1,19978730,10383276,9595454,1485857,1004611,2418718,71750,0.02880985,2076586,406761,0.8362045
2,20301574,10430338,9871236,1492629,1016428,2434704,74353,0.02963384,2096583,404283,0.8383428
3,20033123,10394904,9638219,1493736,1009391,2431063,72064,0.02878959,2088235,407783,0.8366266
