pid,execution_cycles,compute_cycles,idle_cycles,loads,stores,hit_count,miss_count,miss_rate,private,shared,private_rate
0,14171766,10430314,3741452,1489888,1007461,2494681,2668,0.001068333,2018572,478239,0.8084601
1,14100726,10383276,3717450,1485857,1004611,2488144,2324,0.0009331579,2014230,475908,0.8088829
2,14425040,10430338,3994702,1492629,1016428,2503971,5086,0.002027056,2030906,476087,0.8100964
3,14135576,10394904,3740672,1493736,1009391,2500589,2538,0.001013932,2023101,479637,0.8083551
