pid,execution_cycles,compute_cycles,idle_cycles,loads,stores,hit_count,miss_count,miss_rate,private,shared,private_rate
0,57597312,10430314,47166998,1489888,1007461,2046126,451223,0.1806808,2032182,286274,0.8765239
1,57412059,10383276,47028783,1485857,1004611,2040575,449893,0.180646,2031095,281160,0.8784044
2,58169921,10430338,47739583,1492629,1016428,2052155,456902,0.1821011,2041242,285423,0.8773253
3,57715991,10394904,47321087,1493736,1009391,2050411,452716,0.1808602,2041921,281859,0.8787067
