pid,execution_cycles,compute_cycles,idle_cycles,loads,stores,hit_count,miss_count,miss_rate,private,shared,private_rate
0,13980485,10430314,3550171,1489888,1007461,2496827,522,0.0002090216,2010610,486732,0.8051
1,13916714,10383276,3533438,1485857,1004611,2490040,428,0.0001718552,1908710,581757,0.7664065
2,14089371,10430338,3659033,1492629,1016428,2507646,1411,0.0005623627,2030238,478140,0.8093828
3,13955147,10394904,3560243,1493736,1009391,2502605,522,0.0002085392,2012083,491036,0.8038303
