pid,execution_cycles,compute_cycles,idle_cycles,loads,stores,hit_count,miss_count,miss_rate,private,shared,private_rate
0,25022084,10430314,14591770,1489888,1007461,2458360,38989,0.01561216,2021678,470278,0.8112816
1,23006450,10383276,12623174,1485857,1004611,2458859,31609,0.01269199,2013743,470096,0.8107381
2,25113613,10430338,14683275,1492629,1016428,2469137,39920,0.01591036,2031517,471749,0.8115466
3,23156157,10394904,12761253,1493736,1009391,2470671,32456,0.01296618,2023768,472468,0.8107278
