pid,execution_cycles,compute_cycles,idle_cycles,loads,stores,hit_count,miss_count,miss_rate,private,shared,private_rate
0,47184046,10430314,36753732,1489888,1007461,2151316,346033,0.1385601,2023531,321363,0.862952
1,47022650,10383276,36639374,1485857,1004611,2145522,344946,0.1385065,2010226,328281,0.8596194
2,47559227,10430338,37128889,1492629,1016428,2159337,349720,0.139383,2028525,326026,0.8615337
3,47267596,10394904,36872692,1493736,1009391,2155948,347179,0.1386981,2021432,328824,0.8600901
