pid,execution_cycles,compute_cycles,idle_cycles,loads,stores,hit_count,miss_count,miss_rate,private,shared,private_rate
0,13329306,10430314,2898992,1489888,1007461,2493292,4057,0.001624523,2022254,474752,0.8098715
1,13544766,10383276,3161490,1485857,1004611,2483690,6778,0.002721577,2016322,473308,0.8098882
2,14106110,10430338,3675772,1492629,1016428,2497272,11785,0.004696984,2033667,473600,0.8111091
3,13284626,10394904,2889722,1493736,1009391,2499222,3905,0.001560049,2026739,475351,0.8100184
