pid,execution_cycles,compute_cycles,idle_cycles,loads,stores,hit_count,miss_count,miss_rate,private,shared,private_rate
0,13215710,10430314,2785396,1489888,1007461,2494340,3009,0.001204878,2022654,474637,0.8099393
1,13123101,10383276,2739825,1485857,1004611,2487729,2739,0.001099793,1995850,494534,0.8014226
2,13704051,10430338,3273713,1492629,1016428,2501073,7984,0.003182072,2032193,473622,0.8109908
3,13181023,10394904,2786119,1493736,1009391,2500091,3036,0.001212883,2027037,475940,0.8098504
