pid,execution_cycles,compute_cycles,idle_cycles,loads,stores,hit_count,miss_count,miss_rate,private,shared,private_rate
0,13990599,10430314,3560285,1489888,1007461,2497188,161,6.446836e-05,115662,2381687,0.04631391
1,13923729,10383276,3540453,1485857,1004611,2490330,138,5.541127e-05,1487177,1003291,0.5971476
2,14036838,10430338,3606500,1492629,1016428,2508737,320,0.000127538,2023663,485389,0.8065449
3,13945643,10394904,3550739,1493736,1009391,2502953,174,6.951305e-05,25260,2477867,0.01009138
