pid,execution_cycles,compute_cycles,idle_cycles,loads,stores,hit_count,miss_count,miss_rate,private,shared,private_rate
0,84567957,10430314,74137643,1489888,1007461,1773775,723574,0.2897368,2268083,4597,0.9979773
1,84186480,10383276,73803204,1485857,1004611,1770184,720284,0.2892163,2261848,5040,0.9977767
2,84909953,10430338,74479615,1492629,1016428,1782175,726882,0.2897033,2278412,4557,0.9980039
3,84598715,10394904,74203811,1493736,1009391,1778887,724240,0.2893341,2273248,5061,0.9977786
