pid,execution_cycles,compute_cycles,idle_cycles,loads,stores,hit_count,miss_count,miss_rate,private,shared,private_rate
0,13011725,10430314,2581411,1489888,1007461,2496447,902,0.000361183,2023168,474181,0.8101263
1,12941368,10383276,2558092,1485857,1004611,2489708,760,0.0003051635,2017249,473219,0.8099879
2,13153542,10430338,2723204,1492629,1016428,2506784,2273,0.000905918,2034177,473824,0.811075
3,12977368,10394904,2582464,1493736,1009391,2502248,879,0.0003511608,2027864,475263,0.8101323
