pid,execution_cycles,compute_cycles,idle_cycles,loads,stores,hit_count,miss_count,miss_rate,private,shared,private_rate
0,21856671,10430314,11426357,1489888,1007461,2407157,90192,0.0361151,2074666,415706,0.8330747
1,21723057,10383276,11339781,1485857,1004611,2401081,89387,0.03589165,2070844,413163,0.8336708
2,22407557,10430338,11977219,1492629,1016428,2413419,95638,0.03811711,2084839,413725,0.8344149
3,21859016,10394904,11464112,1493736,1009391,2412612,90515,0.03616077,2079151,417183,0.8328817
