pid,execution_cycles,compute_cycles,idle_cycles,loads,stores,hit_count,miss_count,miss_rate,private,shared,private_rate
0,13149126,10430314,2718812,1489888,1007461,2495112,2237,0.0008957499,2022945,474116,0.8101304
1,13063824,10383276,2680548,1485857,1004611,2488548,1920,0.0007709394,2017518,472745,0.8101626
2,13366580,10430338,2936242,1492629,1016428,2504742,4315,0.00171977,2033701,473641,0.8110984
3,13111475,10394904,2716571,1493736,1009391,2500971,2156,0.0008613227,2027670,475213,0.8101338
