pid,execution_cycles,compute_cycles,idle_cycles,loads,stores,hit_count,miss_count,miss_rate,private,shared,private_rate
0,64373211,10430314,53942897,1489888,1007461,1977697,519652,0.2080814,2327078,27995,0.9881129
1,64098324,10383276,53715048,1485857,1004611,1973048,517420,0.2077601,2319808,29031,0.9876403
2,64520078,10430338,54089740,1492629,1016428,1988040,521017,0.2076545,2339867,26384,0.9888499
3,64407731,10394904,54012827,1493736,1009391,1982827,520300,0.20786,2334528,26110,0.9889394
