pid,execution_cycles,compute_cycles,idle_cycles,loads,stores,hit_count,miss_count,miss_rate,private,shared,private_rate
0,15039729,10430314,4609415,1489888,1007461,2475959,21390,0.008565082,2022572,473928,0.810163
1,14993439,10383276,4610163,1485857,1004611,2468967,21501,0.008633317,2017055,472421,0.8102328
2,15433937,10430338,5003599,1492629,1016428,2483751,25306,0.01008586,2032383,473078,0.8111813
3,15059729,10394904,4664825,1493736,1009391,2481217,21910,0.008753052,2026616,475419,0.8099871
