pid,execution_cycles,compute_cycles,idle_cycles,loads,stores,hit_count,miss_count,miss_rate,private,shared,private_rate
0,14397912,10430314,3967598,1489888,1007461,2482498,14851,0.005946706,2023764,472831,0.8106097
1,14356368,10383276,3973092,1485857,1004611,2475492,14976,0.006013328,2016181,471497,0.810467
2,14695754,10430338,4265416,1492629,1016428,2491316,17741,0.007070784,2034750,471774,0.8117816
3,14231462,10394904,3836558,1493736,1009391,2489658,13469,0.00538087,2027906,473856,0.8105911
