pid,execution_cycles,compute_cycles,idle_cycles,loads,stores,hit_count,miss_count,miss_rate,private,shared,private_rate
0,13142889,10430314,2712575,1489888,1007461,2495175,2174,0.0008705231,2022935,474126,0.8101264
1,13072437,10383276,2689161,1485857,1004611,2488461,2007,0.0008058726,2017947,472312,0.8103362
2,13363115,10430338,2932777,1492629,1016428,2504777,4280,0.00170582,2033711,473636,0.8111007
3,13112366,10394904,2717462,1493736,1009391,2500962,2165,0.0008649182,2027634,475256,0.8101171
