pid,execution_cycles,compute_cycles,idle_cycles,loads,stores,hit_count,miss_count,miss_rate,private,shared,private_rate
0,19298304,10430314,8867990,1489888,1007461,2437841,59508,0.02382847,2042743,446768,0.8205399
1,19226975,10383276,8843699,1485857,1004611,2431357,59111,0.0237349,2036691,446107,0.8203209
2,19580772,10430338,9150434,1492629,1016428,2447009,62048,0.02472961,2053379,446567,0.8213693
3,19329335,10394904,8934431,1493736,1009391,2443202,59925,0.02394006,2046244,448963,0.8200698
