pid,execution_cycles,compute_cycles,idle_cycles,loads,stores,hit_count,miss_count,miss_rate,private,shared,private_rate
0,58344876,10430314,47914562,1489888,1007461,2038586,458763,0.1837,2219047,123337,0.9473455
1,58128840,10383276,47745564,1485857,1004611,2033344,457124,0.1835494,2211263,124743,0.9465999
2,58695692,10430338,48265354,1492629,1016428,2046866,462191,0.184209,2234774,117592,0.9500112
3,58418204,10394904,48023300,1493736,1009391,2043324,459803,0.1836914,2223614,124171,0.9471114
