pid,execution_cycles,compute_cycles,idle_cycles,loads,stores,hit_count,miss_count,miss_rate,private,shared,private_rate
0,15621552,10430314,5191238,1489888,1007461,2470138,27211,0.01089595,2022671,472093,0.8107665
1,15536151,10383276,5152875,1485857,1004611,2463575,26893,0.01079837,2018881,469116,0.8114483
2,15872864,10430338,5442526,1492629,1016428,2479426,29631,0.01180962,2035307,470020,0.8123918
3,15600137,10394904,5205233,1493736,1009391,2475833,27294,0.01090396,2027209,473432,0.8106757
