pid,execution_cycles,compute_cycles,idle_cycles,loads,stores,hit_count,miss_count,miss_rate,private,shared,private_rate
0,31933014,10430314,21502700,1489888,1007461,2282889,214460,0.08587506,2027248,383145,0.8410446
1,31739927,10383276,21356651,1485857,1004611,2277216,213252,0.08562728,2021750,382592,0.8408746
2,32837325,10430338,22406987,1492629,1016428,2285811,223246,0.08897606,2035103,380759,0.8423921
3,31983754,10394904,21588850,1493736,1009391,2287848,215279,0.08600403,2031271,384816,0.8407276
