pid,execution_cycles,compute_cycles,idle_cycles,loads,stores,hit_count,miss_count,miss_rate,private,shared,private_rate
0,20003733,10430314,9573419,1489888,1007461,2422572,74777,0.02994255,2083391,411051,0.8352132
1,19936806,10383276,9553530,1485857,1004611,2416485,73983,0.02970646,2069700,417283,0.8322132
2,20371288,10430338,9940950,1492629,1016428,2430517,78540,0.0313026,2105548,398462,0.8408704
3,20029756,10394904,9634852,1493736,1009391,2428478,74649,0.0298223,2084214,415305,0.833846
