pid,execution_cycles,compute_cycles,idle_cycles,loads,stores,hit_count,miss_count,miss_rate,private,shared,private_rate
0,13071165,10430314,2640851,1489888,1007461,2495807,1542,0.0006174547,2023103,474246,0.8101002
1,12989355,10383276,2606079,1485857,1004611,2489167,1301,0.0005223918,2017298,473170,0.8100076
2,13323275,10430338,2892937,1492629,1016428,2504969,4088,0.001629297,2035197,473836,0.811148
3,13027037,10394904,2632133,1493736,1009391,2501689,1438,0.0005744814,2027693,475434,0.810064
