pid,execution_cycles,compute_cycles,idle_cycles,loads,stores,hit_count,miss_count,miss_rate,private,shared,private_rate
0,28438551,10430314,18008237,1489888,1007461,2340669,156680,0.06273853,2085554,377886,0.8466023
1,28315926,10383276,17932650,1485857,1004611,2334478,155990,0.06263481,2082289,374473,0.8475746
2,28691069,10430338,18260731,1492629,1016428,2349939,159118,0.06341745,2088885,384960,0.844388
3,28465655,10394904,18070751,1493736,1009391,2345875,157252,0.06282222,2083887,385196,0.8439923
