pid,execution_cycles,compute_cycles,idle_cycles,loads,stores,hit_count,miss_count,miss_rate,private,shared,private_rate
0,14247289,10430314,3816975,1489888,1007461,2493977,3372,0.001350232,2005402,491458,0.8031696
1,14139096,10383276,3755820,1485857,1004611,2487650,2818,0.001131514,1968296,521882,0.7904238
2,14572964,10430338,4142626,1492629,1016428,2502525,6532,0.002603369,2029724,476315,0.8099331
3,14197015,10394904,3802111,1493736,1009391,2500051,3076,0.001228863,2009258,493525,0.8028095
