pid,execution_cycles,compute_cycles,idle_cycles,loads,stores,hit_count,miss_count,miss_rate,private,shared,private_rate
0,19338183,10430314,8907869,1489888,1007461,2447782,49567,0.01984785,2033236,455938,0.8168316
1,19234087,10383276,8850811,1485857,1004611,2441306,49162,0.01974006,2029197,453209,0.8174316
2,19536783,10430338,9106445,1492629,1016428,2457653,51404,0.02048738,2046752,453286,0.8186884
3,19375224,10394904,8980320,1493736,1009391,2452862,50265,0.02008088,2040389,454541,0.8178141
