pid,execution_cycles,compute_cycles,idle_cycles,loads,stores,hit_count,miss_count,miss_rate,private,shared,private_rate
0,13827433,10430314,3397119,1489888,1007461,2488187,9162,0.00366869,2021596,473845,0.8101157
1,13692038,10383276,3308762,1485857,1004611,2482142,8326,0.003343147,2019295,469985,0.8111964
2,14524917,10430338,4094579,1492629,1016428,2492971,16086,0.006411174,2031060,470842,0.8118064
3,13743493,10394904,3348589,1493736,1009391,2494521,8606,0.0034381,2026844,474943,0.8101585
