pid,execution_cycles,compute_cycles,idle_cycles,loads,stores,hit_count,miss_count,miss_rate,private,shared,private_rate
0,14006508,10430314,3576194,1489888,1007461,2496504,845,0.0003383588,51383,2445963,0.02057504
1,13937480,10383276,3554204,1485857,1004611,2489775,693,0.000278261,376850,2113618,0.1513169
2,14153699,10430338,3723361,1492629,1016428,2506840,2217,0.0008835989,2031635,477259,0.8097732
3,13978087,10394904,3583183,1493736,1009391,2502331,796,0.0003180022,302795,2200331,0.1209667
