pid,execution_cycles,compute_cycles,idle_cycles,loads,stores,hit_count,miss_count,miss_rate,private,shared,private_rate
0,19346197,10430314,8915883,1489888,1007461,2475968,21381,0.008561479,2018637,475294,0.8094197
1,18504259,10383276,8120983,1485857,1004611,2464063,26405,0.01060242,2012623,471258,0.8102735
2,17859965,10430338,7429627,1492629,1016428,2485180,23877,0.009516324,2028896,475924,0.8099967
3,21839518,10394904,11444614,1493736,1009391,2438605,64522,0.02577656,2020982,454840,0.8162873
