pid,execution_cycles,compute_cycles,idle_cycles,loads,stores,hit_count,miss_count,miss_rate,private,shared,private_rate
0,13187319,10430314,2757005,1489888,1007461,2494685,2664,0.001066731,2022776,474054,0.8101377
1,13100266,10383276,2716990,1485857,1004611,2488138,2330,0.0009355671,2019080,471068,0.8108273
2,13432311,10430338,3001973,1492629,1016428,2503997,5060,0.002016694,2033588,473437,0.8111559
3,13144118,10394904,2749214,1493736,1009391,2500598,2529,0.001010336,2027799,474956,0.8102267
