pid,execution_cycles,compute_cycles,idle_cycles,loads,stores,hit_count,miss_count,miss_rate,private,shared,private_rate
0,13454640,10430314,3024326,1489888,1007461,2492026,5323,0.00213146,2022304,474055,0.8101014
1,13678416,10383276,3295140,1485857,1004611,2482340,8128,0.003263644,2016489,473054,0.8099836
2,14696645,10430338,4266307,1492629,1016428,2491307,17750,0.007074371,2031794,473378,0.8110397
3,13527176,10394904,3132272,1493736,1009391,2496772,6355,0.002538824,2025925,475864,0.8097905
