pid,execution_cycles,compute_cycles,idle_cycles,loads,stores,hit_count,miss_count,miss_rate,private,shared,private_rate
0,13386627,10430314,2956313,1489888,1007461,2492713,4636,0.001856368,2022522,474006,0.8101339
1,13285782,10383276,2902506,1485857,1004611,2486306,4162,0.001671172,2019204,470704,0.8109553
2,13760897,10430338,3330559,1492629,1016428,2500759,8298,0.003307219,2032122,473379,0.8110641
3,13331255,10394904,2936351,1493736,1009391,2498751,4376,0.001748213,2027551,474945,0.8102115
