pid,execution_cycles,compute_cycles,idle_cycles,loads,stores,hit_count,miss_count,miss_rate,private,shared,private_rate
0,14131491,10430314,3701177,1489888,1007461,2495210,2139,0.0008565082,2014080,482966,0.8065851
1,14061351,10383276,3678075,1485857,1004611,2488522,1946,0.0007813792,2007991,482266,0.8063389
2,14353836,10430338,3923498,1492629,1016428,2504821,4236,0.001688284,2030505,476821,0.8098289
3,14105941,10394904,3711037,1493736,1009391,2501026,2101,0.0008393501,2017505,485378,0.8060724
