pid,execution_cycles,compute_cycles,idle_cycles,loads,stores,hit_count,miss_count,miss_rate,private,shared,private_rate
0,12963501,10430314,2533187,1489888,1007461,2496987,362,0.0001449537,2018050,479293,0.8080788
1,12907008,10383276,2523732,1485857,1004611,2490132,336,0.0001349144,2012671,477792,0.8081513
2,13023644,10430338,2593306,1492629,1016428,2508206,851,0.0003391713,2030797,478026,0.809462
3,12940502,10394904,2545598,1493736,1009391,2502698,429,0.0001713856,2024386,478724,0.8087483
