pid,execution_cycles,compute_cycles,idle_cycles,loads,stores,hit_count,miss_count,miss_rate,private,shared,private_rate
0,16441323,10430314,6011009,1489888,1007461,2470086,27263,0.01091678,2021540,473097,0.8103544
1,16367824,10383276,5984548,1485857,1004611,2463523,26945,0.01081925,2017531,470341,0.8109465
2,16706564,10430338,6276226,1492629,1016428,2479297,29760,0.01186103,2034282,470877,0.8120371
3,16421236,10394904,6026332,1493736,1009391,2475789,27338,0.01092154,2025555,474995,0.8100438
