pid,execution_cycles,compute_cycles,idle_cycles,loads,stores,hit_count,miss_count,miss_rate,private,shared,private_rate
0,14412913,10430314,3982599,1489888,1007461,2492068,5281,0.002114642,2020598,475482,0.8095085
1,14314262,10383276,3930986,1485857,1004611,2485888,4580,0.001839012,2018355,471283,0.8107022
2,14926308,10430338,4495970,1492629,1016428,2498789,10268,0.004092374,2033881,470656,0.8120786
3,14381877,10394904,3986973,1493736,1009391,2497857,5270,0.002105367,2024788,477252,0.8092548
