pid,execution_cycles,compute_cycles,idle_cycles,loads,stores,hit_count,miss_count,miss_rate,private,shared,private_rate
0,13011954,10430314,2581640,1489888,1007461,2496444,905,0.0003623843,2023169,474179,0.810127
1,12941374,10383276,2558098,1485857,1004611,2489710,758,0.0003043605,2017253,473215,0.8099895
2,13154377,10430338,2724039,1492629,1016428,2506779,2278,0.0009079108,2034176,473829,0.8110733
3,12977572,10394904,2582668,1493736,1009391,2502248,879,0.0003511608,2027866,475260,0.8101334
