pid,execution_cycles,compute_cycles,idle_cycles,loads,stores,hit_count,miss_count,miss_rate,private,shared,private_rate
0,28101492,10430314,17671178,1489888,1007461,2344078,153271,0.06137348,2121236,350902,0.8580573
1,27998964,10383276,17615688,1485857,1004611,2337688,152780,0.0613459,2117422,347949,0.8588655
2,28309442,10430338,17879104,1492629,1016428,2353804,155253,0.06187703,2136001,346938,0.8602712
3,28107005,10394904,17712101,1493736,1009391,2349501,153626,0.06137363,2127737,350065,0.8587195
