pid,execution_cycles,compute_cycles,idle_cycles,loads,stores,hit_count,miss_count,miss_rate,private,shared,private_rate
0,17200107,10430314,6769793,1489888,1007461,2454193,43156,0.01728072,2053232,440893,0.8232274
1,17127279,10383276,6744003,1485857,1004611,2447503,42965,0.01725178,2049953,437371,0.82416
2,17482307,10430338,7051969,1492629,1016428,2463169,45888,0.01828894,2068264,436272,0.8258073
3,17171960,10394904,6777056,1493736,1009391,2459956,43171,0.01724683,2059314,440692,0.8237236
