pid,execution_cycles,compute_cycles,idle_cycles,loads,stores,hit_count,miss_count,miss_rate,private,shared,private_rate
0,122812812,10430314,112382498,1489888,1007461,1387398,1109951,0.4444517,1908226,37560,0.9806967
1,122523570,10383276,112140294,1485857,1004611,1382894,1107574,0.4447252,1915247,24912,0.9871598
2,123524474,10430338,113094136,1492629,1016428,1392036,1117021,0.4451955,1916377,36073,0.9815242
3,123117404,10394904,112722500,1493736,1009391,1389800,1113327,0.4447745,1919477,30679,0.9842684
