pid,execution_cycles,compute_cycles,idle_cycles,loads,stores,hit_count,miss_count,miss_rate,private,shared,private_rate
0,14215318,10430314,3785004,1489888,1007461,2494209,3140,0.001257333,648990,1847873,0.2599222
1,14174932,10383276,3791656,1485857,1004611,2486925,3543,0.001422624,1624842,865013,0.652585
2,14415562,10430338,3985224,1492629,1016428,2503991,5066,0.002019085,2030705,476374,0.8099884
3,14211201,10394904,3816297,1493736,1009391,2499605,3522,0.00140704,1998850,503678,0.7987323
