pid,execution_cycles,compute_cycles,idle_cycles,loads,stores,hit_count,miss_count,miss_rate,private,shared,private_rate
0,13010637,10430314,2580323,1489888,1007461,2496447,902,0.000361183,2023031,474318,0.8100714
1,12941090,10383276,2557814,1485857,1004611,2489706,762,0.0003059666,2017142,473326,0.809945
2,13150562,10430338,2720224,1492629,1016428,2506788,2269,0.0009043238,2035106,473879,0.8111272
3,12976280,10394904,2581376,1493736,1009391,2502248,879,0.0003511608,2027781,475346,0.8100991
