pid,execution_cycles,compute_cycles,idle_cycles,loads,stores,hit_count,miss_count,miss_rate,private,shared,private_rate
0,34278013,10430314,23847699,1489888,1007461,2263826,233523,0.09350836,2011568,381419,0.8406097
1,34161039,10383276,23777763,1485857,1004611,2258216,232252,0.09325637,2007433,379498,0.8410101
2,35122764,10430338,24692426,1492629,1016428,2266980,242077,0.09648127,2019556,379065,0.8419654
3,34314960,10394904,23920056,1493736,1009391,2268638,234489,0.09367843,2014739,383785,0.8399912
