pid,execution_cycles,compute_cycles,idle_cycles,loads,stores,hit_count,miss_count,miss_rate,private,shared,private_rate
0,12987360,10430314,2557046,1489888,1007461,2496746,603,0.000241456,2022135,475214,0.8097126
1,12926808,10383276,2543532,1485857,1004611,2489932,536,0.0002152206,2016469,473999,0.8096747
2,13076609,10430338,2646271,1492629,1016428,2507671,1386,0.0005523988,2034385,474436,0.8108928
3,12956540,10394904,2561636,1493736,1009391,2502536,591,0.0002361047,2027285,475840,0.8099016
