pid,execution_cycles,compute_cycles,idle_cycles,loads,stores,hit_count,miss_count,miss_rate,private,shared,private_rate
0,14766727,10430314,4336413,1489888,1007461,2488438,8911,0.003568184,2017933,477343,0.8087013
1,14649856,10383276,4266580,1485857,1004611,2482589,7879,0.003163662,2016302,472821,0.8100451
2,15552815,10430338,5122477,1492629,1016428,2492519,16538,0.006591321,2034982,466327,0.8135668
3,14701908,10394904,4307004,1493736,1009391,2494611,8516,0.003402145,2022505,478986,0.8085198
