pid,execution_cycles,compute_cycles,idle_cycles,loads,stores,hit_count,miss_count,miss_rate,private,shared,private_rate
0,13308546,10430314,2878232,1489888,1007461,2494076,3273,0.00131059,2019640,476722,0.8090333
1,13756647,10383276,3373371,1485857,1004611,2483435,7033,0.002823967,2013914,475849,0.8088778
2,13310166,10430338,2879828,1492629,1016428,2506552,2505,0.0009983831,2031638,477130,0.809815
3,13312437,10394904,2917533,1493736,1009391,2499969,3158,0.001261622,2025596,476711,0.8094914
