pid,execution_cycles,compute_cycles,idle_cycles,loads,stores,hit_count,miss_count,miss_rate,private,shared,private_rate
0,13188936,10430314,2758622,1489888,1007461,2494590,2759,0.001104771,2001108,496239,0.8012935
1,13087454,10383276,2704178,1485857,1004611,2488090,2378,0.0009548406,1995887,494575,0.8014123
2,13674021,10430338,3243683,1492629,1016428,2501315,7742,0.003085621,2034563,473725,0.8111361
3,13126280,10394904,2731376,1493736,1009391,2500604,2523,0.001007939,2005397,497727,0.8011577
