pid,execution_cycles,compute_cycles,idle_cycles,loads,stores,hit_count,miss_count,miss_rate,private,shared,private_rate
0,16263468,10430314,5833154,1489888,1007461,2463654,33695,0.01349231,2021126,470518,0.8111616
1,16145793,10383276,5762517,1485857,1004611,2457417,33051,0.013271,2018401,466803,0.8121671
2,16751192,10430338,6320854,1492629,1016428,2470554,38503,0.01534561,2031943,468187,0.8127349
3,16254626,10394904,5859722,1493736,1009391,2469222,33905,0.01354506,2025523,472021,0.8110059
