pid,execution_cycles,compute_cycles,idle_cycles,loads,stores,hit_count,miss_count,miss_rate,private,shared,private_rate
0,13976528,10430314,3546214,1489888,1007461,2496973,376,0.0001505597,214883,2282451,0.08604496
1,13911431,10383276,3528155,1485857,1004611,2490163,305,0.0001224669,1571775,918684,0.6311186
2,14054032,10430338,3623694,1492629,1016428,2508117,940,0.0003746427,2029794,479085,0.8090442
3,13946743,10394904,3551839,1493736,1009391,2502758,369,0.0001474156,440379,2062739,0.1759322
