pid,execution_cycles,compute_cycles,idle_cycles,loads,stores,hit_count,miss_count,miss_rate,private,shared,private_rate
0,15150511,10430314,4720197,1489888,1007461,2474817,22532,0.009022367,2022056,474012,0.8100965
1,15059219,10383276,4675943,1485857,1004611,2468215,22253,0.008935268,2016627,472557,0.8101559
2,15800668,10430338,5370330,1492629,1016428,2480014,29043,0.01157527,2029735,472994,0.8110087
3,15127754,10394904,4732850,1493736,1009391,2480454,22673,0.00905787,2026362,475355,0.8099885
