pid,execution_cycles,compute_cycles,idle_cycles,loads,stores,hit_count,miss_count,miss_rate,private,shared,private_rate
0,13315215,10430314,2884901,1489888,1007461,2493369,3980,0.00159369,2022742,474117,0.8101146
1,13228791,10383276,2845515,1485857,1004611,2486779,3689,0.001481248,2017130,472952,0.8100657
2,13621742,10430338,3191404,1492629,1016428,2502028,7029,0.002801451,2032412,473603,0.8110135
3,13273934,10394904,2879030,1493736,1009391,2499246,3881,0.001550461,2027445,475251,0.8101044
