pid,execution_cycles,compute_cycles,idle_cycles,loads,stores,hit_count,miss_count,miss_rate,private,shared,private_rate
0,20163839,10430314,9733525,1489888,1007461,2417025,80324,0.03216371,2074947,419764,0.8317384
1,20079579,10383276,9696303,1485857,1004611,2410575,79893,0.03207951,2069014,418498,0.8317604
2,20605890,10430338,10175552,1492629,1016428,2423693,85364,0.03402234,2086693,416396,0.8336471
3,20159771,10394904,9764867,1493736,1009391,2422442,80685,0.03223368,2081563,418436,0.8326255
