pid,execution_cycles,compute_cycles,idle_cycles,loads,stores,hit_count,miss_count,miss_rate,private,shared,private_rate
0,18682441,10430314,8252127,1489888,1007461,2434803,62546,0.02504496,2030707,453474,0.8174553
1,18600314,10383276,8217038,1485857,1004611,2428529,61939,0.02487043,2027224,450411,0.8182093
2,19046491,10430338,8616153,1492629,1016428,2443209,65848,0.02624412,2043015,451024,0.8191592
3,18676889,10394904,8281985,1493736,1009391,2440283,62844,0.0251062,2034793,455207,0.8171859
