pid,execution_cycles,compute_cycles,idle_cycles,loads,stores,hit_count,miss_count,miss_rate,private,shared,private_rate
0,13784672,10430314,3354358,1489888,1007461,2488618,8731,0.003496107,2021529,473942,0.8100791
1,13634489,10383276,3251213,1485857,1004611,2482701,7767,0.003118691,2019306,469993,0.8111946
2,14471739,10430338,4041401,1492629,1016428,2493497,15560,0.006201533,2029672,472265,0.8112403
3,13693463,10394904,3298559,1493736,1009391,2495031,8096,0.003234354,2026852,474953,0.8101559
