pid,execution_cycles,compute_cycles,idle_cycles,loads,stores,hit_count,miss_count,miss_rate,private,shared,private_rate
0,57249765,10430314,46819451,1489888,1007461,2049651,447698,0.1792693,2122782,209298,0.9102526
1,57053583,10383276,46670307,1485857,1004611,2044207,446261,0.1791876,2122224,203570,0.9124729
2,57674723,10430338,47244385,1492629,1016428,2057185,451872,0.1800963,2135960,205559,0.9122113
3,57336161,10394904,46941257,1493736,1009391,2054257,448870,0.1793237,2126726,210724,0.9098488
