pid,execution_cycles,compute_cycles,idle_cycles,loads,stores,hit_count,miss_count,miss_rate,private,shared,private_rate
0,13792131,10430314,3361817,1489888,1007461,2488617,8732,0.003496508,2021490,473998,0.810058
1,13642281,10383276,3259005,1485857,1004611,2482705,7763,0.003117085,2019263,470047,0.8111738
2,14478746,10430338,4048408,1492629,1016428,2493508,15549,0.006197149,2029403,472562,0.8111237
3,13698941,10394904,3304037,1493736,1009391,2495037,8090,0.003231957,2026856,474980,0.8101474
