pid,execution_cycles,compute_cycles,idle_cycles,loads,stores,hit_count,miss_count,miss_rate,private,shared,private_rate
0,16220435,10430314,5790121,1489888,1007461,2464113,33236,0.01330851,2032532,461650,0.8149093
1,16130579,10383276,5747303,1485857,1004611,2457595,32873,0.01319953,2028498,458911,0.8155064
2,16388599,10430338,5958261,1492629,1016428,2474229,34828,0.01388091,2047526,457563,0.8173466
3,16210544,10394904,5815640,1493736,1009391,2469680,33447,0.01336209,2036808,463101,0.8147529
