pid,execution_cycles,compute_cycles,idle_cycles,loads,stores,hit_count,miss_count,miss_rate,private,shared,private_rate
0,13011256,10430314,2580942,1489888,1007461,2496438,911,0.0003647868,2023023,474323,0.8100692
1,12941158,10383276,2557882,1485857,1004611,2489706,762,0.0003059666,2017231,473237,0.8099807
2,13151620,10430338,2721282,1492629,1016428,2506778,2279,0.0009083094,2035142,473890,0.8111264
3,12976280,10394904,2581376,1493736,1009391,2502248,879,0.0003511608,2027793,475334,0.8101039
