pid,execution_cycles,compute_cycles,idle_cycles,loads,stores,hit_count,miss_count,miss_rate,private,shared,private_rate
0,14113650,10430314,3683336,1489888,1007461,2495149,2200,0.0008809341,293444,2203799,0.1175072
1,14033368,10383276,3650092,1485857,1004611,2488560,1908,0.0007661211,1627962,862353,0.6537173
2,14445354,10430338,4015016,1492629,1016428,2503627,5430,0.00216416,2030792,476361,0.8099992
3,14080883,10394904,3685979,1493736,1009391,2501161,1966,0.0007854176,1573431,929480,0.6286404
