pid,execution_cycles,compute_cycles,idle_cycles,loads,stores,hit_count,miss_count,miss_rate,private,shared,private_rate
0,14861706,10430314,4431392,1489888,1007461,2477848,19501,0.00780868,2024363,471887,0.8109616
1,14654199,10383276,4270923,1485857,1004611,2472515,17953,0.007208685,2016523,470544,0.8108036
2,15142003,10430338,4711665,1492629,1016428,2486837,22220,0.008855917,2035360,470750,0.8121591
3,14494020,10394904,4099116,1493736,1009391,2487024,16103,0.006433153,2028380,472939,0.8109242
