pid,execution_cycles,compute_cycles,idle_cycles,loads,stores,hit_count,miss_count,miss_rate,private,shared,private_rate
0,12960729,10430314,2530415,1489888,1007461,2497015,334,0.0001337418,2017963,479386,0.808042
1,12906711,10383276,2523435,1485857,1004611,2490135,333,0.0001337098,2012202,478264,0.807962
2,12990677,10430338,2560339,1492629,1016428,2508539,518,0.0002064521,2030142,478860,0.8091432
3,12936641,10394904,2541737,1493736,1009391,2502737,390,0.0001558051,2023562,479564,0.808414
