pid,execution_cycles,compute_cycles,idle_cycles,loads,stores,hit_count,miss_count,miss_rate,private,shared,private_rate
0,17060736,10430314,6630422,1489888,1007461,2455574,41775,0.01672774,2036933,458008,0.8164253
1,16985315,10383276,6602039,1485857,1004611,2448915,41553,0.01668482,2032268,456007,0.8167377
2,17392216,10430338,6961878,1492629,1016428,2464022,45035,0.01794897,2047636,457214,0.8174685
3,17040157,10394904,6645253,1493736,1009391,2461253,41874,0.01672868,2040804,460085,0.8160314
