pid,execution_cycles,compute_cycles,idle_cycles,loads,stores,hit_count,miss_count,miss_rate,private,shared,private_rate
0,13763025,10430314,3332711,1489888,1007461,2488911,8438,0.003378783,2021743,474136,0.8100325
1,13636341,10383276,3253065,1485857,1004611,2482765,7703,0.003092993,2018472,470968,0.8108137
2,14400041,10430338,3969703,1492629,1016428,2494303,14754,0.005880297,2029169,473263,0.8108788
3,13687556,10394904,3292652,1493736,1009391,2495152,7975,0.003186015,2026781,475209,0.8100676
