pid,execution_cycles,compute_cycles,idle_cycles,loads,stores,hit_count,miss_count,miss_rate,private,shared,private_rate
0,71322338,10430314,60892024,1489888,1007461,1907488,589861,0.2361949,2037630,178991,0.9192505
1,71134662,10383276,60751386,1485857,1004611,1901946,588522,0.2363098,2057530,153025,0.9307753
2,72156830,10430338,61726492,1492629,1016428,1910876,598181,0.2384087,2055092,167376,0.9246891
3,71511425,10394904,61116521,1493736,1009391,1911053,592074,0.2365337,2060360,161272,0.9274083
