pid,execution_cycles,compute_cycles,idle_cycles,loads,stores,hit_count,miss_count,miss_rate,private,shared,private_rate
0,14047788,10430314,3617474,1489888,1007461,2496051,1298,0.0005197511,2006549,490675,0.8035118
1,14011744,10383276,3628468,1485857,1004611,2488861,1607,0.0006452602,1338564,1151763,0.5375053
2,14218292,10430338,3787954,1492629,1016428,2506197,2860,0.00113987,2030931,476986,0.8098079
3,14058788,10394904,3663884,1493736,1009391,2501340,1787,0.000713907,1862716,640287,0.7441925
