pid,execution_cycles,compute_cycles,idle_cycles,loads,stores,hit_count,miss_count,miss_rate,private,shared,private_rate
0,13404249,10430314,2973935,1489888,1007461,2492535,4814,0.001927644,2022407,473923,0.8101521
1,13289940,10383276,2906664,1485857,1004611,2486264,4204,0.001688036,2019732,470110,0.8111888
2,13838018,10430338,3407680,1492629,1016428,2499980,9077,0.003617694,2032386,472741,0.8112906
3,13346699,10394904,2951795,1493736,1009391,2498595,4532,0.001810535,2027274,475112,0.8101364
