pid,execution_cycles,compute_cycles,idle_cycles,loads,stores,hit_count,miss_count,miss_rate,private,shared,private_rate
0,14722402,10430314,4292088,1489888,1007461,2479164,18185,0.007281722,2022777,474086,0.8101273
1,14652074,10383276,4268798,1485857,1004611,2472446,18022,0.007236391,2016669,473035,0.8100035
2,14931400,10430338,4501062,1492629,1016428,2488854,20203,0.008052029,2033698,473554,0.8111263
3,14704527,10394904,4309623,1493736,1009391,2484815,18312,0.00731565,2026992,475309,0.8100512
