pid,execution_cycles,compute_cycles,idle_cycles,loads,stores,hit_count,miss_count,miss_rate,private,shared,private_rate
0,13049567,10430314,2619253,1489888,1007461,2496153,1196,0.0004789078,2022146,475001,0.8097825
1,12979063,10383276,2595787,1485857,1004611,2489435,1033,0.0004147815,2018036,472311,0.8103433
2,13182983,10430338,2752645,1492629,1016428,2506633,2424,0.0009661,2033928,474362,0.8108823
3,13013628,10394904,2618724,1493736,1009391,2501980,1147,0.0004582268,2027725,475255,0.8101243
