pid,execution_cycles,compute_cycles,idle_cycles,loads,stores,hit_count,miss_count,miss_rate,private,shared,private_rate
0,14132344,10430314,3702030,1489888,1007461,2495176,2173,0.0008701227,2013564,483477,0.80638
1,14055779,10383276,3672503,1485857,1004611,2488544,1924,0.0007725456,2007192,483062,0.806019
2,14355388,10430338,3925050,1492629,1016428,2504773,4284,0.001707414,2030466,476854,0.8098153
3,14104553,10394904,3709649,1493736,1009391,2501016,2111,0.0008433451,2017230,485641,0.8059664
