pid,execution_cycles,compute_cycles,idle_cycles,loads,stores,hit_count,miss_count,miss_rate,private,shared,private_rate
0,13462672,10430314,3032358,1489888,1007461,2491838,5511,0.00220674,2022284,474136,0.8100736
1,13357082,10383276,2973806,1485857,1004611,2485386,5082,0.00204058,1995191,494423,0.8014058
2,13772957,10430338,3342619,1492629,1016428,2500403,8654,0.003449105,2031897,473600,0.8109756
3,13380861,10394904,2985957,1493736,1009391,2498065,5062,0.002022271,2026327,475994,0.809779
