pid,execution_cycles,compute_cycles,idle_cycles,loads,stores,hit_count,miss_count,miss_rate,private,shared,private_rate
0,21906747,10430314,11476433,1489888,1007461,2406689,90660,0.0363025,2048218,433969,0.8251667
1,21822198,10383276,11438922,1485857,1004611,2400130,90338,0.0362735,2058444,416978,0.8315528
2,22087457,10430338,11657119,1492629,1016428,2416687,92370,0.03681463,2081203,412042,0.8347367
3,21924536,10394904,11529632,1493736,1009391,2411988,91139,0.03641006,2059013,428872,0.8276158
