pid,execution_cycles,compute_cycles,idle_cycles,loads,stores,hit_count,miss_count,miss_rate,private,shared,private_rate
0,13085073,10430314,2654759,1489888,1007461,2495759,1590,0.0006366751,2022710,474400,0.8100204
1,13004919,10383276,2621643,1485857,1004611,2489143,1325,0.0005320285,2018880,471436,0.8106923
2,13245602,10430338,2815264,1492629,1016428,2505964,3093,0.001232734,2034733,473432,0.8112437
3,13074152,10394904,2679248,1493736,1009391,2501348,1779,0.000710711,2027724,475176,0.8101498
