pid,execution_cycles,compute_cycles,idle_cycles,loads,stores,hit_count,miss_count,miss_rate,private,shared,private_rate
0,15918090,10430314,5487776,1489888,1007461,2468692,28657,0.01147497,2018503,473339,0.8100445
1,16517637,10383276,6134361,1485857,1004611,2457665,32803,0.01317142,2011295,472136,0.8098856
2,16034201,10430338,5603863,1492629,1016428,2479467,29590,0.01179328,2031063,472176,0.811374
3,16620299,10394904,6225395,1493736,1009391,2469999,33128,0.01323465,2024086,473713,0.8103478
