pid,execution_cycles,compute_cycles,idle_cycles,loads,stores,hit_count,miss_count,miss_rate,private,shared,private_rate
0,16088484,10430314,5658170,1489888,1007461,2473195,24154,0.009671856,2020031,475112,0.8095853
1,16017339,10383276,5634063,1485857,1004611,2466752,23716,0.009522708,2016441,472088,0.8102944
2,16412189,10430338,5981851,1492629,1016428,2481821,27236,0.01085507,2031953,473157,0.8111233
3,16067133,10394904,5672229,1493736,1009391,2478967,24160,0.009651927,2024308,476753,0.8093797
