pid,execution_cycles,compute_cycles,idle_cycles,loads,stores,hit_count,miss_count,miss_rate,private,shared,private_rate
0,14006285,10430314,3575971,1489888,1007461,2496509,840,0.0003363567,1941061,556288,0.7772486
1,13937653,10383276,3554377,1485857,1004611,2489776,692,0.0002778594,1643147,847321,0.6597744
2,14159260,10430338,3728922,1492629,1016428,2506858,2199,0.0008764249,2030757,477224,0.8097179
3,13978124,10394904,3583220,1493736,1009391,2502332,795,0.0003176027,2001465,501662,0.7995859
