pid,execution_cycles,compute_cycles,idle_cycles,loads,stores,hit_count,miss_count,miss_rate,private,shared,private_rate
0,94173402,10430314,83743088,1489888,1007461,2169728,327621,0.1311875,2276374,158253,0.9349991
1,96563511,10383276,86180235,1485857,1004611,2171489,318979,0.1280799,2287625,145120,0.9403472
2,94421861,10430338,83991523,1492629,1016428,2179259,329798,0.131443,2287459,157817,0.9354605
3,97213774,10394904,86818870,1493736,1009391,2182073,321054,0.1282612,2299794,145296,0.9405764
