pid,execution_cycles,compute_cycles,idle_cycles,loads,stores,hit_count,miss_count,miss_rate,private,shared,private_rate
0,15668919,10430314,5238605,1489888,1007461,2469601,27748,0.01111098,2019717,473281,0.8101559
1,15520152,10383276,5136876,1485857,1004611,2463692,26776,0.01075139,2018244,468585,0.8115733
2,16432272,10430338,6001934,1492629,1016428,2473702,35355,0.01409095,2030917,468133,0.8126756
3,15619127,10394904,5224223,1493736,1009391,2475591,27536,0.01100064,2024927,474272,0.8102304
