pid,execution_cycles,compute_cycles,idle_cycles,loads,stores,hit_count,miss_count,miss_rate,private,shared,private_rate
0,172764952,10430314,162334638,1489888,1007461,882830,1614519,0.6464931,1826129,7132,0.9961097
1,172292659,10383276,161909383,1485857,1004611,880175,1610293,0.6465825,1813872,14400,0.9921237
2,173476911,10430338,163046573,1492629,1016428,887465,1621592,0.6462954,1831662,8122,0.9955854
3,173093516,10394904,162698612,1493736,1009391,884988,1618139,0.646447,1826158,11635,0.993669
