pid,execution_cycles,compute_cycles,idle_cycles,loads,stores,hit_count,miss_count,miss_rate,private,shared,private_rate
0,70706637,10430314,60276323,1489888,1007461,1913723,583626,0.2336982,2307055,18150,0.9921942
1,70395912,10383276,60012636,1485857,1004611,1909436,581032,0.2333023,2300008,19097,0.9917654
2,70912112,10430338,60481774,1492629,1016428,1923474,585583,0.2333877,2319004,16954,0.9927422
3,70749077,10394904,60354173,1493736,1009391,1918773,584354,0.2334496,2312418,18317,0.9921411
