pid,execution_cycles,compute_cycles,idle_cycles,loads,stores,hit_count,miss_count,miss_rate,private,shared,private_rate
0,14084715,10430314,3654401,1489888,1007461,2495703,1646,0.0006590989,2020120,476881,0.8090185
1,14014376,10383276,3631100,1485857,1004611,2489066,1402,0.0005629464,2016470,473797,0.8097405
2,14282726,10430338,3852388,1492629,1016428,2505547,3510,0.001398932,2031220,476554,0.8099693
3,14059416,10394904,3664512,1493736,1009391,2501479,1648,0.0006583765,2024886,477976,0.8090282
