pid,execution_cycles,compute_cycles,idle_cycles,loads,stores,hit_count,miss_count,miss_rate,private,shared,private_rate
0,17219838,10430314,6789524,1489888,1007461,2477941,19408,0.007771441,2018531,476216,0.8091125
1,16164358,10383276,5781082,1485857,1004611,2476281,14187,0.00569652,2012502,475394,0.8089173
2,17600737,10430338,7170399,1492629,1016428,2488044,21013,0.00837486,2028464,477588,0.8094261
3,16135692,10394904,5740788,1493736,1009391,2489513,13614,0.005438797,2024426,476292,0.8095379
