pid,execution_cycles,compute_cycles,idle_cycles,loads,stores,hit_count,miss_count,miss_rate,private,shared,private_rate
0,13072800,10430314,2642486,1489888,1007461,2495810,1539,0.0006162535,2023231,474118,0.8101515
1,12989508,10383276,2606232,1485857,1004611,2489168,1300,0.0005219902,2017408,473060,0.8100518
2,13326842,10430338,2896504,1492629,1016428,2504972,4085,0.001628102,2033504,473734,0.8110534
3,13028717,10394904,2633813,1493736,1009391,2501689,1438,0.0005744814,2027852,475275,0.8101275
