pid,execution_cycles,compute_cycles,idle_cycles,loads,stores,hit_count,miss_count,miss_rate,private,shared,private_rate
0,20831058,10430314,10400744,1489888,1007461,2417564,79785,0.03194788,2091339,401482,0.8389447
1,25631778,10383276,15248502,1485857,1004611,2361662,128806,0.0517196,2085882,373368,0.8481781
2,21077912,10430338,10647574,1492629,1016428,2426990,82067,0.0327083,2104003,399490,0.840427
3,25694051,10394904,15299147,1493736,1009391,2373931,129196,0.05161384,2098172,374035,0.848704
