pid,execution_cycles,compute_cycles,idle_cycles,loads,stores,hit_count,miss_count,miss_rate,private,shared,private_rate
0,45172989,10430314,34742675,1489888,1007461,2206259,291090,0.1165596,2206211,212457,0.9121595
1,44996779,10383276,34613503,1485857,1004611,2200554,289914,0.1164094,2203507,208658,0.9134976
2,45365960,10430338,34935622,1492629,1016428,2216171,292886,0.1167315,2216792,212797,0.9124144
3,45214159,10394904,34819255,1493736,1009391,2211386,291741,0.1165506,2212694,211635,0.9127037
