pid,execution_cycles,compute_cycles,idle_cycles,loads,stores,hit_count,miss_count,miss_rate,private,shared,private_rate
0,14291589,10430314,3861275,1489888,1007461,2493553,3796,0.001520012,2005833,491010,0.8033477
1,14222270,10383276,3838994,1485857,1004611,2486830,3638,0.00146077,2000696,489379,0.8034682
2,14627267,10430338,4196929,1492629,1016428,2502009,7048,0.002809023,2029666,476311,0.80993
3,14271573,10394904,3876669,1493736,1009391,2499319,3808,0.001521297,2009495,493194,0.8029344
