pid,execution_cycles,compute_cycles,idle_cycles,loads,stores,hit_count,miss_count,miss_rate,private,shared,private_rate
0,14745518,10430314,4315204,1489888,1007461,2488625,8724,0.003493304,2014540,480893,0.8072908
1,14630539,10383276,4247263,1485857,1004611,2482716,7752,0.003112668,2012082,477188,0.808302
2,15451069,10430338,5020731,1492629,1016428,2493406,15651,0.006237802,2027404,474447,0.8103616
3,14662627,10394904,4267723,1493736,1009391,2495046,8081,0.003228362,2019241,482539,0.8071217
