pid,execution_cycles,compute_cycles,idle_cycles,loads,stores,hit_count,miss_count,miss_rate,private,shared,private_rate
0,13063689,10430314,2633375,1489888,1007461,2495975,1374,0.0005501834,2023055,474171,0.8101209
1,13039965,10383276,2656689,1485857,1004611,2488789,1679,0.0006741705,2017125,473204,0.8099833
2,13228475,10430338,2798137,1492629,1016428,2506137,2920,0.001163784,2034176,473763,0.8110947
3,13080785,10394904,2685881,1493736,1009391,2501281,1846,0.0007374776,2027740,475270,0.8101206
