pid,execution_cycles,compute_cycles,idle_cycles,loads,stores,hit_count,miss_count,miss_rate,private,shared,private_rate
0,15045273,10430314,4614959,1489888,1007461,2475959,21390,0.008565082,2022566,473940,0.8101587
1,15002046,10383276,4618770,1485857,1004611,2468970,21498,0.008632113,2017047,472431,0.8102289
2,15444590,10430338,5014252,1492629,1016428,2483752,25305,0.01008546,2032399,473068,0.8111857
3,15066923,10394904,4672019,1493736,1009391,2481219,21908,0.008752253,2026610,475429,0.8099834
