pid,execution_cycles,compute_cycles,idle_cycles,loads,stores,hit_count,miss_count,miss_rate,private,shared,private_rate
0,14051904,10430314,3621590,1489888,1007461,2496257,1092,0.0004372637,2019154,477989,0.8085857
1,13973748,10383276,3590472,1485857,1004611,2489546,922,0.0003702115,2014684,475666,0.8089963
2,14206911,10430338,3776573,1492629,1016428,2506665,2392,0.0009533462,2030244,478038,0.8094162
3,14028116,10394904,3633212,1493736,1009391,2501990,1137,0.0004542318,2024777,478197,0.8089485
