pid,execution_cycles,compute_cycles,idle_cycles,loads,stores,hit_count,miss_count,miss_rate,private,shared,private_rate
0,25942203,10430314,15511889,1489888,1007461,2365889,131460,0.05263982,2049309,406666,0.8344177
1,25826706,10383276,15443430,1485857,1004611,2359630,130838,0.05253551,2044267,405150,0.8345933
2,26317364,10430338,15887026,1492629,1016428,2373926,135131,0.05385729,2058119,407657,0.834674
3,25967417,10394904,15572513,1493736,1009391,2371113,132014,0.05273963,2051681,410031,0.8334366
