pid,execution_cycles,compute_cycles,idle_cycles,loads,stores,hit_count,miss_count,miss_rate,private,shared,private_rate
0,14372511,10430314,3942197,1489888,1007461,2492546,4803,0.001923239,2018554,477726,0.8086248
1,14285369,10383276,3902093,1485857,1004611,2486270,4198,0.001685627,2015818,473996,0.8096259
2,14812346,10430338,4382008,1492629,1016428,2499941,9116,0.003633238,2030302,474741,0.8104859
3,14323567,10394904,3928663,1493736,1009391,2498573,4554,0.001819324,2023357,478976,0.8085882
