pid,execution_cycles,compute_cycles,idle_cycles,loads,stores,hit_count,miss_count,miss_rate,private,shared,private_rate
0,13445829,10430314,3015515,1489888,1007461,2492023,5326,0.002132661,2022294,474060,0.810099
1,13659365,10383276,3276089,1485857,1004611,2482341,8127,0.003263242,2016493,473048,0.8099859
2,14678514,10430338,4248176,1492629,1016428,2491308,17749,0.007073972,2031787,473379,0.8110389
3,13511076,10394904,3116172,1493736,1009391,2496772,6355,0.002538824,2025940,475843,0.8097985
