pid,execution_cycles,compute_cycles,idle_cycles,loads,stores,hit_count,miss_count,miss_rate,private,shared,private_rate
0,13977254,10430314,3546940,1489888,1007461,2497117,232,9.289851e-05,134162,2363187,0.05372177
1,13911583,10383276,3528307,1485857,1004611,2490274,194,7.789701e-05,35093,2455375,0.01409093
2,14024338,10430338,3594000,1492629,1016428,2508571,486,0.0001936983,2027428,481604,0.8080519
3,13942802,10394904,3547898,1493736,1009391,2502886,241,9.627957e-05,130535,2372592,0.05214877
