pid,execution_cycles,compute_cycles,idle_cycles,loads,stores,hit_count,miss_count,miss_rate,private,shared,private_rate
0,31896657,10430314,21466343,1489888,1007461,2305743,191606,0.07672376,2189146,278043,0.8873037
1,31765815,10383276,21382539,1485857,1004611,2299639,190829,0.07662375,2186955,273502,0.888841
2,32090054,10430338,21659716,1492629,1016428,2315616,193441,0.07709709,2190877,287244,0.884088
3,31924148,10394904,21529244,1493736,1009391,2310944,192183,0.07677717,2186290,286554,0.8841197
