pid,execution_cycles,compute_cycles,idle_cycles,loads,stores,hit_count,miss_count,miss_rate,private,shared,private_rate
0,14006285,10430314,3575971,1489888,1007461,2496509,840,0.0003363567,1916924,580423,0.7675842
1,13937721,10383276,3554445,1485857,1004611,2489776,692,0.0002778594,1632023,858445,0.6553078
2,14160811,10430338,3730473,1492629,1016428,2506854,2203,0.0008780191,2030787,477206,0.8097259
3,13978254,10394904,3583350,1493736,1009391,2502330,797,0.0003184017,2002593,500531,0.8000375
