pid,execution_cycles,compute_cycles,idle_cycles,loads,stores,hit_count,miss_count,miss_rate,private,shared,private_rate
0,13381113,10430314,2950799,1489888,1007461,2492711,4638,0.001857169,2022500,474008,0.8101316
1,13278618,10383276,2895342,1485857,1004611,2486302,4166,0.001672778,2019224,470683,0.8109636
2,13750166,10430338,3319828,1492629,1016428,2500752,8305,0.003310009,2032109,473384,0.8110615
3,13326458,10394904,2931554,1493736,1009391,2498746,4381,0.001750211,2027569,474923,0.81022
