pid,execution_cycles,compute_cycles,idle_cycles,loads,stores,hit_count,miss_count,miss_rate,private,shared,private_rate
0,13074795,10430314,2644481,1489888,1007461,2495825,1524,0.0006102471,2022162,474956,0.8097983
1,13001724,10383276,2618448,1485857,1004611,2489136,1332,0.0005348392,2017641,472682,0.8101925
2,13231283,10430338,2800945,1492629,1016428,2506065,2992,0.00119248,2034012,473992,0.8110083
3,13038710,10394904,2643806,1493736,1009391,2501682,1445,0.0005772779,2027728,475229,0.810133
