pid,execution_cycles,compute_cycles,idle_cycles,loads,stores,hit_count,miss_count,miss_rate,private,shared,private_rate
0,25728977,10430314,15298663,1489888,1007461,2368027,129322,0.05178371,2105181,370810,0.8502377
1,25594831,10383276,15211555,1485857,1004611,2361955,128513,0.05160195,2097484,372033,0.8493499
2,26115556,10430338,15685218,1492629,1016428,2375926,133131,0.05306017,2113773,371718,0.8504448
3,25750095,10394904,15355191,1493736,1009391,2373291,129836,0.05186952,2109472,372289,0.84999
