pid,execution_cycles,compute_cycles,idle_cycles,loads,stores,hit_count,miss_count,miss_rate,private,shared,private_rate
0,13041152,10430314,2610838,1489888,1007461,2497010,339,0.0001357439,2018047,479295,0.8080779
1,12983605,10383276,2600329,1485857,1004611,2490149,319,0.0001280884,2012317,478151,0.8080076
2,13090973,10430338,2660635,1492629,1016428,2508275,782,0.0003116709,2030063,478763,0.8091685
3,13026160,10394904,2631256,1493736,1009391,2502740,387,0.0001546066,2023406,479715,0.8083533
