pid,execution_cycles,compute_cycles,idle_cycles,loads,stores,hit_count,miss_count,miss_rate,private,shared,private_rate
0,99918321,10430314,89488007,1489888,1007461,2317245,180104,0.07211807,2089345,374333,0.8480593
1,69316152,10383276,58932876,1485857,1004611,2314506,175962,0.07065419,2110854,326286,0.8661193
2,100057822,10430338,89627484,1492629,1016428,2327957,181100,0.07217851,2101140,373872,0.8489413
3,69658139,10394904,59263235,1493736,1009391,2327221,175906,0.0702745,2116566,333625,0.8638371
