pid,execution_cycles,compute_cycles,idle_cycles,loads,stores,hit_count,miss_count,miss_rate,private,shared,private_rate
0,14184963,10430314,3754649,1489888,1007461,2484649,12700,0.005085393,2023444,473033,0.8105198
1,14088672,10383276,3705396,1485857,1004611,2478196,12272,0.004927588,2019475,470233,0.8111293
2,14324207,10430338,3893869,1492629,1016428,2495069,13988,0.005575003,2036653,470902,0.8122067
3,14162162,10394904,3767258,1493736,1009391,2490358,12769,0.005101219,2028554,473711,0.8106871
