pid,execution_cycles,compute_cycles,idle_cycles,loads,stores,hit_count,miss_count,miss_rate,private,shared,private_rate
0,12956472,10430314,2526158,1489888,1007461,2497058,291,0.0001165236,2012647,484701,0.8059137
1,12903939,10383276,2520663,1485857,1004611,2490163,305,0.0001224669,2006827,483641,0.8058032
2,12978302,10430338,2547964,1492629,1016428,2508664,393,0.0001566326,2025755,483295,0.8073793
3,12931493,10394904,2536589,1493736,1009391,2502789,338,0.0001350311,2018929,484198,0.8065628
