pid,execution_cycles,compute_cycles,idle_cycles,loads,stores,hit_count,miss_count,miss_rate,private,shared,private_rate
0,188111470,10430314,177681156,1489888,1007461,730997,1766352,0.7072908,1791841,74,0.9999587
1,187500782,10383276,177117506,1485857,1004611,729734,1760734,0.7069892,1787103,74,0.9999586
2,188819491,10430338,178389153,1492629,1016428,735670,1773387,0.7067942,1798110,99,0.9999449
3,188391542,10394904,177996638,1493736,1009391,733678,1769449,0.7068954,1796371,56,0.9999688
