pid,execution_cycles,compute_cycles,idle_cycles,loads,stores,hit_count,miss_count,miss_rate,private,shared,private_rate
0,37299978,10430314,26869664,1489888,1007461,2251156,246193,0.09858174,2190909,267718,0.8911108
1,37194147,10383276,26810871,1485857,1004611,2244795,245673,0.09864531,2188353,263519,0.8925233
2,37579946,10430338,27149608,1492629,1016428,2260156,248901,0.09920101,2213318,255597,0.896474
3,37370507,10394904,26975603,1493736,1009391,2255927,247200,0.09875648,2197291,266991,0.8916557
