pid,execution_cycles,compute_cycles,idle_cycles,loads,stores,hit_count,miss_count,miss_rate,private,shared,private_rate
0,13152294,10430314,2721980,1489888,1007461,2495080,2269,0.0009085634,2023066,474177,0.8101198
1,13069071,10383276,2685795,1485857,1004611,2488495,1973,0.0007922206,2017379,472937,0.8100896
2,13482509,10430338,3052171,1492629,1016428,2503571,5486,0.002186479,2033539,473619,0.8110933
3,13099100,10394904,2704196,1493736,1009391,2501096,2031,0.0008113851,2027726,475190,0.8101454
