pid,execution_cycles,compute_cycles,idle_cycles,loads,stores,hit_count,miss_count,miss_rate,private,shared,private_rate
0,17582930,10430314,7152616,1489888,1007461,2450997,46352,0.01856048,2017365,469376,0.8112485
1,17495690,10383276,7112414,1485857,1004611,2444853,45615,0.01831583,2014673,465839,0.8122005
2,18554900,10430338,8124562,1492629,1016428,2453928,55129,0.021972,2031383,460870,0.815079
3,17611210,10394904,7216306,1493736,1009391,2456154,46973,0.01876573,2022333,470264,0.8113357
