pid,execution_cycles,compute_cycles,idle_cycles,loads,stores,hit_count,miss_count,miss_rate,private,shared,private_rate
0,14190914,10430314,3760600,1489888,1007461,2494477,2872,0.001150019,2020473,476237,0.8092542
1,14110820,10383276,3727544,1485857,1004611,2488042,2426,0.0009741141,2017330,472763,0.8101424
2,14500466,10430338,4070128,1492629,1016428,2503192,5865,0.002337532,2032355,474328,0.8107746
3,14161824,10394904,3766920,1493736,1009391,2500279,2848,0.001137777,2024822,477798,0.8090809
