pid,execution_cycles,compute_cycles,idle_cycles,loads,stores,hit_count,miss_count,miss_rate,private,shared,private_rate
0,13120119,10430314,2689805,1489888,1007461,2495405,1944,0.0007784254,2022633,474323,0.8100395
1,13038777,10383276,2655501,1485857,1004611,2488801,1667,0.0006693521,2019579,470633,0.8110069
2,13366679,10430338,2936341,1492629,1016428,2504741,4316,0.001720168,2035276,472291,0.8116537
3,13111574,10394904,2716670,1493736,1009391,2500970,2157,0.0008617222,2027623,475130,0.8101571
