pid,execution_cycles,compute_cycles,idle_cycles,loads,stores,hit_count,miss_count,miss_rate,private,shared,private_rate
0,13430145,10430314,2999831,1489888,1007461,2492231,5118,0.002049373,2022708,473486,0.8103168
1,13309527,10383276,2926251,1485857,1004611,2486039,4429,0.001778381,2020901,468856,0.811686
2,13929869,10430338,3499531,1492629,1016428,2499003,10054,0.004007083,2035662,469052,0.8127323
3,13396283,10394904,3001379,1493736,1009391,2498067,5060,0.002021472,2027179,475003,0.8101645
