pid,execution_cycles,compute_cycles,idle_cycles,loads,stores,hit_count,miss_count,miss_rate,private,shared,private_rate
0,16704678,10430314,6274364,1489888,1007461,2460308,37041,0.01483213,2023064,470899,0.8111844
1,16571790,10383276,6188514,1485857,1004611,2460226,30242,0.0121431,2014816,470495,0.8106897
2,16804586,10430338,6374248,1492629,1016428,2471172,37885,0.0150993,2035418,469952,0.8124221
3,16760351,10394904,6365447,1493736,1009391,2472019,31108,0.01242766,2024859,472882,0.8106761
