pid,execution_cycles,compute_cycles,idle_cycles,loads,stores,hit_count,miss_count,miss_rate,private,shared,private_rate
0,13154868,10430314,2724554,1489888,1007461,2495054,2295,0.0009189745,2022189,474947,0.8098033
1,13066398,10383276,2683122,1485857,1004611,2488522,1946,0.0007813792,2016672,473527,0.8098437
2,13289756,10430338,2859418,1492629,1016428,2505518,3539,0.00141049,2033614,474018,0.8109699
3,13046630,10394904,2651726,1493736,1009391,2501626,1501,0.00059965,2027244,475520,0.8100021
