pid,execution_cycles,compute_cycles,idle_cycles,loads,stores,hit_count,miss_count,miss_rate,private,shared,private_rate
0,13143582,10430314,2713268,1489888,1007461,2495168,2181,0.0008733261,2022987,474104,0.8101375
1,13179060,10383276,2795784,1485857,1004611,2487384,3084,0.001238321,2016897,473027,0.8100235
2,13281737,10430338,2851399,1492629,1016428,2505599,3458,0.001378207,2034220,473700,0.8111184
3,13212257,10394904,2817353,1493736,1009391,2499953,3174,0.001268014,2027253,475331,0.8100639
