pid,execution_cycles,compute_cycles,idle_cycles,loads,stores,hit_count,miss_count,miss_rate,private,shared,private_rate
0,23324822,10430314,12894508,1489888,1007461,2439643,57706,0.0231069,2008985,463449,0.8125535
1,28664642,10383276,18281366,1485857,1004611,2388061,102407,0.04111958,1967037,477255,0.8047471
2,19266001,10430338,8835663,1492629,1016428,2492922,16135,0.006430703,2021615,480838,0.8078533
3,21396138,10394904,11001234,1493736,1009391,2447666,55461,0.02215669,2019055,458512,0.8149346
