pid,execution_cycles,compute_cycles,idle_cycles,loads,stores,hit_count,miss_count,miss_rate,private,shared,private_rate
0,17999554,10430314,7569240,1489888,1007461,2445313,52036,0.0208365,2014788,469552,0.8109953
1,17936621,10383276,7553345,1485857,1004611,2439043,51425,0.02064873,2011724,466198,0.8118593
2,18644735,10430338,8214397,1492629,1016428,2451569,57488,0.02291219,2028671,463916,0.8138817
3,17999628,10394904,7604724,1493736,1009391,2450751,52376,0.02092423,2019480,470726,0.8109691
