pid,execution_cycles,compute_cycles,idle_cycles,loads,stores,hit_count,miss_count,miss_rate,private,shared,private_rate
0,13078470,10430314,2648156,1489888,1007461,2495740,1609,0.0006442832,2023059,474266,0.8100904
1,13018368,10383276,2635092,1485857,1004611,2488896,1572,0.0006312067,2017354,473051,0.8100506
2,13348295,10430338,2917957,1492629,1016428,2504729,4328,0.001724951,2034445,473768,0.8111133
3,13040276,10394904,2645372,1493736,1009391,2501568,1559,0.000622821,2027779,475301,0.8101135
