pid,execution_cycles,compute_cycles,idle_cycles,loads,stores,hit_count,miss_count,miss_rate,private,shared,private_rate
0,47534163,10430314,37103849,1489888,1007461,2382880,114469,0.0458362,2102527,377887,0.8476516
1,47406583,10383276,37023307,1485857,1004611,2376486,113982,0.0457673,2096564,377130,0.8475438
2,47613723,10430338,37183385,1492629,1016428,2393505,115552,0.04605396,2114764,376939,0.8487223
3,47658149,10394904,37263245,1493736,1009391,2387778,115349,0.04608196,2111444,374599,0.8493192
