pid,execution_cycles,compute_cycles,idle_cycles,loads,stores,hit_count,miss_count,miss_rate,private,shared,private_rate
0,13025178,10430314,2594864,1489888,1007461,2496364,985,0.0003944182,2021961,475240,0.8096909
1,12956508,10383276,2573232,1485857,1004611,2489632,836,0.0003356799,2017766,472599,0.810229
2,13153928,10430338,2723590,1492629,1016428,2506890,2167,0.0008636711,2034037,474410,0.810875
3,13002476,10394904,2607572,1493736,1009391,2502072,1055,0.0004214728,2027418,475568,0.8099997
