pid,execution_cycles,compute_cycles,idle_cycles,loads,stores,hit_count,miss_count,miss_rate,private,shared,private_rate
0,64381259,10430314,53950945,1489888,1007461,1977649,519700,0.2081007,2318516,36533,0.9844874
1,64105810,10383276,53722534,1485857,1004611,1973014,517454,0.2077738,2313640,35186,0.9850198
2,64558037,10430338,54127699,1492629,1016428,1987719,521338,0.2077824,2336995,29091,0.987705
3,64425414,10394904,54030510,1493736,1009391,1982690,520437,0.2079147,2325869,34730,0.9852876
