pid,execution_cycles,compute_cycles,idle_cycles,loads,stores,hit_count,miss_count,miss_rate,private,shared,private_rate
0,20314701,10430314,9884387,1489888,1007461,2422727,74622,0.02988049,2054214,428413,0.8274356
1,20220318,10383276,9837042,1485857,1004611,2416242,74226,0.02980404,2046602,429292,0.8266113
2,20622029,10430338,10191691,1492629,1016428,2431435,77622,0.03093672,2066933,426074,0.8290923
3,20337629,10394904,9942725,1493736,1009391,2427973,75154,0.03002405,2057476,430810,0.8268648
