pid,execution_cycles,compute_cycles,idle_cycles,loads,stores,hit_count,miss_count,miss_rate,private,shared,private_rate
0,13051107,10430314,2620793,1489888,1007461,2497001,348,0.0001393478,2018044,479305,0.8080745
1,12991286,10383276,2608010,1485857,1004611,2490138,330,0.0001325052,2012267,478201,0.8079875
2,13069497,10430338,2639159,1492629,1016428,2508571,486,0.0001936983,2030652,478398,0.809331
3,13028434,10394904,2633530,1493736,1009391,2502742,385,0.0001538076,2023296,479831,0.8083074
