pid,execution_cycles,compute_cycles,idle_cycles,loads,stores,hit_count,miss_count,miss_rate,private,shared,private_rate
0,155572375,10430314,145142061,1489888,1007461,1032776,1464573,0.5864511,1831785,31537,0.9830749
1,155186213,10383276,144802937,1485857,1004611,1029276,1461192,0.5867138,1826953,31115,0.9832541
2,156218833,10430338,145788495,1492629,1016428,1038377,1470680,0.5861485,1833524,36747,0.980352
3,155878300,10394904,145483396,1493736,1009391,1034834,1468293,0.5865835,1835032,32713,0.9824853
