pid,execution_cycles,compute_cycles,idle_cycles,loads,stores,hit_count,miss_count,miss_rate,private,shared,private_rate
0,12983211,10430314,2552897,1489888,1007461,2496745,604,0.0002418565,2022177,475169,0.8097304
1,12923496,10383276,2540220,1485857,1004611,2489916,552,0.0002216451,2016484,473975,0.8096837
2,13073981,10430338,2643643,1492629,1016428,2507631,1426,0.000568341,2034502,474434,0.8109023
3,12952598,10394904,2557694,1493736,1009391,2502534,593,0.0002369037,2027319,475807,0.8099149
