pid,execution_cycles,compute_cycles,idle_cycles,loads,stores,hit_count,miss_count,miss_rate,private,shared,private_rate
0,18244277,10430314,7813963,1489888,1007461,2443595,53754,0.02152442,2063030,432674,0.8266325
1,18167675,10383276,7784399,1485857,1004611,2436939,53529,0.02149355,2058144,430068,0.8271578
2,18595736,10430338,8165398,1492629,1016428,2451846,57211,0.02280179,2074466,430963,0.8279883
3,18228945,10394904,7834041,1493736,1009391,2449221,53906,0.02153546,2069760,431466,0.8274982
