pid,execution_cycles,compute_cycles,idle_cycles,loads,stores,hit_count,miss_count,miss_rate,private,shared,private_rate
0,14006353,10430314,3576039,1489888,1007461,2496509,840,0.0003363567,1945272,552076,0.7789351
1,13937585,10383276,3554309,1485857,1004611,2489776,692,0.0002778594,1662288,828180,0.6674601
2,14160310,10430338,3729972,1492629,1016428,2506857,2200,0.0008768234,2030775,477214,0.8097225
3,13978124,10394904,3583220,1493736,1009391,2502332,795,0.0003176027,2002273,500854,0.7999087
