pid,execution_cycles,compute_cycles,idle_cycles,loads,stores,hit_count,miss_count,miss_rate,private,shared,private_rate
0,16943562,10430314,6513248,1489888,1007461,2459077,38272,0.01532505,2039256,457477,0.8167698
1,16893749,10383276,6510473,1485857,1004611,2452152,38316,0.01538506,2030391,459149,0.8155687
2,17209810,10430338,6779472,1492629,1016428,2468156,40901,0.01630134,2052768,454075,0.8188658
3,16961915,10394904,6567011,1493736,1009391,2464349,38778,0.01549182,2044332,457770,0.8170458
