pid,execution_cycles,compute_cycles,idle_cycles,loads,stores,hit_count,miss_count,miss_rate,private,shared,private_rate
0,14160142,10430314,3729828,1489888,1007461,2494924,2425,0.0009710297,2020267,476564,0.8091325
1,14087922,10383276,3704646,1485857,1004611,2488298,2170,0.0008713222,2016732,473359,0.8099029
2,14371206,10430338,3940868,1492629,1016428,2504647,4410,0.001757632,2031616,475964,0.8101899
3,14137260,10394904,3742356,1493736,1009391,2500664,2463,0.0009839693,2024915,477772,0.8090964
