pid,execution_cycles,compute_cycles,idle_cycles,loads,stores,hit_count,miss_count,miss_rate,private,shared,private_rate
0,13164570,10430314,2734256,1489888,1007461,2494956,2393,0.0009582161,2022492,474450,0.8099876
1,13086594,10383276,2703318,1485857,1004611,2488318,2150,0.0008632916,2018979,471205,0.810775
2,13368362,10430338,2938024,1492629,1016428,2504724,4333,0.001726944,2034585,473122,0.8113328
3,13135235,10394904,2740331,1493736,1009391,2500731,2396,0.0009572027,2027649,475141,0.8101555
