pid,execution_cycles,compute_cycles,idle_cycles,loads,stores,hit_count,miss_count,miss_rate,private,shared,private_rate
0,166408848,10430314,155978534,1489888,1007461,947034,1550315,0.6207843,1864999,2850,0.9984742
1,165933981,10383276,155550705,1485857,1004611,944405,1546063,0.6207922,1858352,4489,0.9975902
2,167019332,10430338,156588994,1492629,1016428,952694,1556363,0.620298,1872001,2822,0.9984948
3,166703342,10394904,156308438,1493736,1009391,949538,1553589,0.6206593,1868862,3653,0.9980491
