pid,execution_cycles,compute_cycles,idle_cycles,loads,stores,hit_count,miss_count,miss_rate,private,shared,private_rate
0,13206546,10430314,2776232,1489888,1007461,2494532,2817,0.001127996,2022118,475127,0.8097395
1,13281228,10383276,2897952,1485857,1004611,2486352,4116,0.001652701,2015822,474061,0.8096051
2,13341434,10430338,2911096,1492629,1016428,2504996,4061,0.001618536,2033834,474666,0.810777
3,13279082,10394904,2884178,1493736,1009391,2499278,3849,0.001537677,2026515,476002,0.8097907
