pid,execution_cycles,compute_cycles,idle_cycles,loads,stores,hit_count,miss_count,miss_rate,private,shared,private_rate
0,13790818,10430314,3360504,1489888,1007461,2488568,8781,0.003516129,2021586,473804,0.8101283
1,13642631,10383276,3259355,1485857,1004611,2482655,7813,0.003137161,2020245,468983,0.811595
2,14548832,10430338,4118494,1492629,1016428,2492722,16335,0.006510414,2035680,465792,0.8137928
3,13723836,10394904,3328932,1493736,1009391,2494740,8387,0.003350609,2026769,474854,0.8101816
