pid,execution_cycles,compute_cycles,idle_cycles,loads,stores,hit_count,miss_count,miss_rate,private,shared,private_rate
0,35371656,10430314,24941342,1489888,1007461,2270642,226707,0.09077906,2035989,373179,0.8451005
1,35209827,10383276,24826551,1485857,1004611,2264851,225617,0.09059221,2033192,369858,0.8460881
2,36268547,10430338,25838209,1492629,1016428,2273409,235648,0.09391895,2051931,362686,0.8497956
3,35421422,10394904,25026518,1493736,1009391,2275618,227509,0.09088991,2046184,368702,0.8473212
