pid,execution_cycles,compute_cycles,idle_cycles,loads,stores,hit_count,miss_count,miss_rate,private,shared,private_rate
0,13109382,10430314,2679068,1489888,1007461,2495432,1917,0.000767614,2022180,475132,0.8097426
1,12967866,10383276,2584590,1485857,1004611,2489478,990,0.0003975156,2016670,473762,0.8097671
2,13167059,10430338,2736721,1492629,1016428,2506693,2364,0.0009421866,2034500,474226,0.8109694
3,12971003,10394904,2576099,1493736,1009391,2502351,776,0.0003100122,2027356,475745,0.8099378
