pid,execution_cycles,compute_cycles,idle_cycles,loads,stores,hit_count,miss_count,miss_rate,private,shared,private_rate
0,85484999,10430314,75054685,1489888,1007461,2130245,367104,0.1469975,2281924,121706,0.9493658
1,85133510,10383276,74750234,1485857,1004611,2124662,365806,0.1468824,2278421,118786,0.9504482
2,85526132,10430338,75095794,1492629,1016428,2140783,368274,0.1467779,2311874,103094,0.9573104
3,85415838,10394904,75020934,1493736,1009391,2135245,367882,0.146969,2290686,118611,0.9507695
