pid,execution_cycles,compute_cycles,idle_cycles,loads,stores,hit_count,miss_count,miss_rate,private,shared,private_rate
0,33203687,10430314,22773373,1489888,1007461,2292529,204820,0.08201497,2126060,340837,0.8618357
1,33076063,10383276,22692787,1485857,1004611,2286387,204081,0.08194484,2119550,340866,0.86146
2,33534899,10430338,23104561,1492629,1016428,2301001,208056,0.08292199,2134014,342702,0.8616305
3,33248602,10394904,22853698,1493736,1009391,2297554,205573,0.08212648,2126561,346099,0.8600297
