pid,execution_cycles,compute_cycles,idle_cycles,loads,stores,hit_count,miss_count,miss_rate,private,shared,private_rate
0,53607357,10430314,43177043,1489888,1007461,2086443,410906,0.1645369,2324895,71207,0.9702821
1,53358408,10383276,42975132,1485857,1004611,2081532,408936,0.1642005,2326179,63655,0.9733643
2,53788082,10430338,43357744,1492629,1016428,2096444,412613,0.1644494,2343829,63163,0.9737585
3,53623661,10394904,43228757,1493736,1009391,2091757,411370,0.1643424,2327728,74125,0.9691384
