pid,execution_cycles,compute_cycles,idle_cycles,loads,stores,hit_count,miss_count,miss_rate,private,shared,private_rate
0,176453394,10430314,166023080,1489888,1007461,840482,1656867,0.6634503,1798764,22907,0.9874253
1,175896430,10383276,165513154,1485857,1004611,838680,1651788,0.663244,1797695,19200,0.9894325
2,177229712,10430338,166799374,1492629,1016428,845061,1663996,0.6631958,1806937,21126,0.9884435
3,176787898,10394904,166392994,1493736,1009391,843171,1659956,0.6631529,1803849,22456,0.9877041
