pid,execution_cycles,compute_cycles,idle_cycles,loads,stores,hit_count,miss_count,miss_rate,private,shared,private_rate
0,18716865,10430314,8286551,1489888,1007461,2438823,58526,0.02343525,2058471,437089,0.8248533
1,18630432,10383276,8247156,1485857,1004611,2432256,58212,0.02337392,2054302,434122,0.8255434
2,19179653,10430338,8749315,1492629,1016428,2445935,63122,0.02515766,2068377,435832,0.8259602
3,18709634,10394904,8314730,1493736,1009391,2444362,58765,0.02347664,2061759,439528,0.8242793
