pid,execution_cycles,compute_cycles,idle_cycles,loads,stores,hit_count,miss_count,miss_rate,private,shared,private_rate
0,15058440,10430314,4628126,1489888,1007461,2475826,21523,0.008618339,2019240,474696,0.8096599
1,15501600,10383276,5118324,1485857,1004611,2463924,26544,0.01065824,2014253,469574,0.8109474
2,15312425,10430338,4882087,1492629,1016428,2485087,23970,0.00955339,2032317,472513,0.8113593
3,19296005,10394904,8901101,1493736,1009391,2438501,64626,0.02581811,2026643,449193,0.8185692
