pid,execution_cycles,compute_cycles,idle_cycles,loads,stores,hit_count,miss_count,miss_rate,private,shared,private_rate
0,13981345,10430314,3551031,1489888,1007461,2497093,256,0.0001025087,2010473,486875,0.8050432
1,13912573,10383276,3529297,1485857,1004611,2490264,204,8.191232e-05,953334,1537132,0.3827934
2,14045777,10430338,3615439,1492629,1016428,2508389,668,0.0002662355,2027344,481487,0.8080831
3,13947443,10394904,3552539,1493736,1009391,2502858,269,0.0001074656,2014329,488788,0.8047283
