pid,execution_cycles,compute_cycles,idle_cycles,loads,stores,hit_count,miss_count,miss_rate,private,shared,private_rate
0,13587993,10430314,3157679,1489888,1007461,2490679,6670,0.002670832,2022213,474399,0.8099829
1,13324689,10383276,2941413,1485857,1004611,2485913,4555,0.001828974,2016685,473400,0.809886
2,14003150,10430338,3572812,1492629,1016428,2498312,10745,0.004282485,2030014,473601,0.8108331
3,13455896,10394904,3060992,1493736,1009391,2497492,5635,0.002251184,2026785,475766,0.8098876
