pid,execution_cycles,compute_cycles,idle_cycles,loads,stores,hit_count,miss_count,miss_rate,private,shared,private_rate
0,71989011,10430314,61558697,1489888,1007461,1900769,596580,0.2388853,2262479,51789,0.9776219
1,71762616,10383276,61379340,1485857,1004611,1895628,594840,0.2388467,2249648,58314,0.9747336
2,72250592,10430338,61820254,1492629,1016428,1909954,599103,0.2387762,2269148,55520,0.976117
3,72114089,10394904,61719185,1493736,1009391,1904985,598142,0.2389579,2252207,67403,0.9709421
