pid,execution_cycles,compute_cycles,idle_cycles,loads,stores,hit_count,miss_count,miss_rate,private,shared,private_rate
0,14434665,10430314,4004351,1489888,1007461,2491919,5430,0.002174306,478315,2018105,0.1916004
1,14290625,10383276,3907349,1485857,1004611,2485452,5016,0.002014079,1586933,902679,0.6374218
2,14755082,10430338,4324744,1492629,1016428,2500436,8621,0.003435952,2029574,475915,0.8100511
3,14335643,10394904,3940739,1493736,1009391,2498132,4995,0.001995504,1981211,521108,0.79175
