pid,execution_cycles,compute_cycles,idle_cycles,loads,stores,hit_count,miss_count,miss_rate,private,shared,private_rate
0,14350350,10430314,3920036,1489888,1007461,2492856,4493,0.001799108,1994695,501962,0.7989464
1,14228692,10383276,3845416,1485857,1004611,2486633,3835,0.001539871,1865993,624151,0.7493514
2,14891211,10430338,4460873,1492629,1016428,2499224,9833,0.003919002,2027822,475840,0.8099424
3,14287462,10394904,3892558,1493736,1009391,2499087,4040,0.001613981,1995553,507180,0.7973495
