pid,execution_cycles,compute_cycles,idle_cycles,loads,stores,hit_count,miss_count,miss_rate,private,shared,private_rate
0,13137857,10430314,2707543,1489888,1007461,2495175,2174,0.0008705231,2022911,474149,0.8101171
1,13065655,10383276,2682379,1485857,1004611,2488467,2001,0.0008034634,2017815,472446,0.8102825
2,13352691,10430338,2922353,1492629,1016428,2504793,4264,0.001699443,2033716,473636,0.8111011
3,13106629,10394904,2711725,1493736,1009391,2500965,2162,0.0008637197,2027662,475225,0.8101293
