pid,execution_cycles,compute_cycles,idle_cycles,loads,stores,hit_count,miss_count,miss_rate,private,shared,private_rate
0,12979394,10430314,2549080,1489888,1007461,2496872,477,0.0001910025,2021575,475774,0.8094884
1,12918633,10383276,2535357,1485857,1004611,2490057,411,0.0001650292,2015783,474685,0.8093993
2,13032379,10430338,2602041,1492629,1016428,2508165,892,0.0003555121,2034009,475005,0.8106806
3,12944161,10394904,2549257,1493736,1009391,2502693,434,0.0001733831,2026608,476519,0.8096305
