pid,execution_cycles,compute_cycles,idle_cycles,loads,stores,hit_count,miss_count,miss_rate,private,shared,private_rate
0,13386429,10430314,2956115,1489888,1007461,2492715,4634,0.001855568,2022534,473995,0.8101384
1,13285386,10383276,2902110,1485857,1004611,2486310,4158,0.001669566,2019172,470736,0.8109424
2,13759313,10430338,3328975,1492629,1016428,2500775,8282,0.003300842,2032111,473390,0.8110597
3,13331750,10394904,2936846,1493736,1009391,2498746,4381,0.001750211,2027547,474947,0.8102105
