pid,execution_cycles,compute_cycles,idle_cycles,loads,stores,hit_count,miss_count,miss_rate,private,shared,private_rate
0,13080249,10430314,2649935,1489888,1007461,2495767,1582,0.0006334717,2022179,474912,0.8098139
1,13006719,10383276,2623443,1485857,1004611,2489087,1381,0.0005545143,2018047,472275,0.8103558
2,13232426,10430338,2802088,1492629,1016428,2506060,2997,0.001194473,2033831,474157,0.8109413
3,13041833,10394904,2646929,1493736,1009391,2501649,1478,0.0005904615,2027759,475191,0.8101476
