pid,execution_cycles,compute_cycles,idle_cycles,loads,stores,hit_count,miss_count,miss_rate,private,shared,private_rate
0,16413948,10430314,5983634,1489888,1007461,2462134,35215,0.01410095,2030589,463019,0.8143176
1,16354089,10383276,5970813,1485857,1004611,2455313,35155,0.01411582,2025237,461542,0.8144017
2,16615661,10430338,6185323,1492629,1016428,2471923,37134,0.01479998,2044713,460044,0.8163319
3,16367684,10394904,5972780,1493736,1009391,2468080,35047,0.01400129,2034827,464554,0.8141324
