pid,execution_cycles,compute_cycles,idle_cycles,loads,stores,hit_count,miss_count,miss_rate,private,shared,private_rate
0,12987360,10430314,2557046,1489888,1007461,2496746,603,0.000241456,2022135,475214,0.8097126
1,12926808,10383276,2543532,1485857,1004611,2489932,536,0.0002152206,2016467,474001,0.8096739
2,13076510,10430338,2646172,1492629,1016428,2507672,1385,0.0005520002,2034608,474449,0.8109055
3,12956342,10394904,2561438,1493736,1009391,2502538,589,0.0002353057,2027282,475845,0.8098998
