pid,execution_cycles,compute_cycles,idle_cycles,loads,stores,hit_count,miss_count,miss_rate,private,shared,private_rate
0,13244364,10430314,2814050,1489888,1007461,2494150,3199,0.001280958,2001119,496203,0.801306
1,13133520,10383276,2750244,1485857,1004611,2487844,2624,0.001053617,1995931,494472,0.801449
2,13744067,10430338,3313729,1492629,1016428,2500929,8128,0.003239464,2034444,473669,0.8111453
3,13171667,10394904,2776763,1493736,1009391,2500363,2764,0.001104219,2005386,497707,0.8011632
