pid,execution_cycles,compute_cycles,idle_cycles,loads,stores,hit_count,miss_count,miss_rate,private,shared,private_rate
0,31897593,10430314,21467279,1489888,1007461,2305743,191606,0.07672376,2199722,267461,0.8915926
1,31767744,10383276,21384468,1485857,1004611,2299640,190828,0.07662335,2166686,293763,0.8806059
2,32093528,10430338,21663190,1492629,1016428,2315614,193443,0.07709789,2211810,266306,0.8925369
3,31925282,10394904,21530378,1493736,1009391,2310942,192185,0.07677797,2208843,263994,0.8932425
