pid,execution_cycles,compute_cycles,idle_cycles,loads,stores,hit_count,miss_count,miss_rate,private,shared,private_rate
0,31776075,10430314,21345761,1489888,1007461,2307185,190164,0.07614635,2062093,379311,0.8446341
1,34112445,10383276,23729169,1485857,1004611,2276365,214103,0.08596898,2066603,366203,0.849473
2,32960264,10430338,22529926,1492629,1016428,2307386,201671,0.08037721,2105093,355545,0.855507
3,29262137,10394904,18867233,1493736,1009391,2338281,164846,0.06585603,2081248,375514,0.8471508
