pid,execution_cycles,compute_cycles,idle_cycles,loads,stores,hit_count,miss_count,miss_rate,private,shared,private_rate
0,13189205,10430314,2758891,1489888,1007461,2494591,2758,0.001104371,2019590,477759,0.8086935
1,13083882,10383276,2700606,1485857,1004611,2488114,2354,0.0009452039,1995882,494586,0.8014084
2,13666252,10430338,3235914,1492629,1016428,2501426,7631,0.003041382,2032147,473661,0.8109747
3,13128743,10394904,2733839,1493736,1009391,2500607,2520,0.001006741,2026988,476139,0.8097823
