pid,execution_cycles,compute_cycles,idle_cycles,loads,stores,hit_count,miss_count,miss_rate,private,shared,private_rate
0,122361193,10430314,111930879,1489888,1007461,1378508,1118841,0.4480115,1868892,73090,0.9623632
1,122070036,10383276,111686760,1485857,1004611,1374012,1116456,0.4482916,1863292,73076,0.9622613
2,123058701,10430338,112628363,1492629,1016428,1383127,1125930,0.4487463,1887650,60987,0.9687027
3,122645308,10394904,112250404,1493736,1009391,1380892,1122235,0.4483332,1873795,72550,0.962725
