pid,execution_cycles,compute_cycles,idle_cycles,loads,stores,hit_count,miss_count,miss_rate,private,shared,private_rate
0,88869573,10430314,78439259,1489888,1007461,1730259,767090,0.3071617,2186157,27543,0.9875579
1,88539543,10383276,78156267,1485857,1004611,1726167,764301,0.3068905,2182788,24957,0.9886957
2,89264237,10430338,78833899,1492629,1016428,1738099,770958,0.30727,2202385,20827,0.990632
3,88978937,10394904,78584033,1493736,1009391,1734633,768494,0.3070136,2190782,28127,0.987324
