pid,execution_cycles,compute_cycles,idle_cycles,loads,stores,hit_count,miss_count,miss_rate,private,shared,private_rate
0,14020430,10430314,3590116,1489888,1007461,2496397,952,0.0003812042,2013500,483737,0.8062911
1,13986374,10383276,3603098,1485857,1004611,2489267,1201,0.0004822387,1771015,719364,0.7111428
2,14142634,10430338,3712296,1492629,1016428,2507058,1999,0.0007967137,2030399,477899,0.8094728
3,14029837,10394904,3634933,1493736,1009391,2501781,1346,0.0005377274,2013985,489051,0.8046169
