pid,execution_cycles,compute_cycles,idle_cycles,loads,stores,hit_count,miss_count,miss_rate,private,shared,private_rate
0,91992028,10430314,81561714,1489888,1007461,1695786,801563,0.3209656,2102660,104656,0.9525868
1,91639894,10383276,81256618,1485857,1004611,1691955,798513,0.3206277,2096075,105439,0.9521061
2,92254995,10430338,81824657,1492629,1016428,1705056,804001,0.3204395,2112338,105130,0.9525901
3,92070022,10394904,81675118,1493736,1009391,1700313,802814,0.3207244,2100558,112100,0.949337
