pid,execution_cycles,compute_cycles,idle_cycles,loads,stores,hit_count,miss_count,miss_rate,private,shared,private_rate
0,13382736,10430314,2952422,1489888,1007461,2492698,4651,0.001862375,2022490,473999,0.8101338
1,13279542,10383276,2896266,1485857,1004611,2486302,4166,0.001672778,2019300,470602,0.8109958
2,13753874,10430338,3323536,1492629,1016428,2500740,8317,0.003314791,2032208,473288,0.8111001
3,13327838,10394904,2932934,1493736,1009391,2498738,4389,0.001753407,2027567,474923,0.8102198
