pid,execution_cycles,compute_cycles,idle_cycles,loads,stores,hit_count,miss_count,miss_rate,private,shared,private_rate
0,13554633,10430314,3124319,1489888,1007461,2492119,5230,0.002094221,2020634,476656,0.8091307
1,13025913,10383276,2642637,1485857,1004611,2489213,1255,0.0005039214,2015224,475203,0.8091881
2,13282034,10430338,2851696,1492629,1016428,2505804,3253,0.001296503,2033754,475020,0.8106565
3,17467778,10394904,7072874,1493736,1009391,2457146,45981,0.01836942,2025687,455063,0.8165623
