pid,execution_cycles,compute_cycles,idle_cycles,loads,stores,hit_count,miss_count,miss_rate,private,shared,private_rate
0,14928156,10430314,4497842,1489888,1007461,2477142,20207,0.00809138,2021891,474004,0.8100866
1,14828301,10383276,4445025,1485857,1004611,2470725,19743,0.007927426,2017909,471432,0.8106198
2,15310247,10430338,4879909,1492629,1016428,2485109,23948,0.009544622,2031856,473076,0.8111422
3,14882882,10394904,4487978,1493736,1009391,2483078,20049,0.008009582,2026764,475162,0.8100815
