pid,execution_cycles,compute_cycles,idle_cycles,loads,stores,hit_count,miss_count,miss_rate,private,shared,private_rate
0,14747719,10430314,4317405,1489888,1007461,2488640,8709,0.003487298,2014605,480826,0.8073175
1,14630056,10383276,4246780,1485857,1004611,2482720,7748,0.003111062,2012102,477165,0.808311
2,15451570,10430338,5021232,1492629,1016428,2493415,15642,0.006234215,2027284,474581,0.8103091
3,14663290,10394904,4268386,1493736,1009391,2495071,8056,0.003218374,2019424,482371,0.80719
