pid,execution_cycles,compute_cycles,idle_cycles,loads,stores,hit_count,miss_count,miss_rate,private,shared,private_rate
0,14011708,10430314,3581394,1489888,1007461,2497238,111,4.444713e-05,20883,2476466,0.008362067
1,13946755,10383276,3563479,1485857,1004611,2490365,103,4.135769e-05,360568,2129900,0.1447792
2,14066444,10430338,3636106,1492629,1016428,2508835,222,8.847946e-05,2017103,491951,0.8039297
3,13953147,10394904,3558243,1493736,1009391,2503001,126,5.033704e-05,21452,2481675,0.008570081
