pid,execution_cycles,compute_cycles,idle_cycles,loads,stores,hit_count,miss_count,miss_rate,private,shared,private_rate
0,13040739,10430314,2610425,1489888,1007461,2496377,972,0.0003892127,2022075,475109,0.8097421
1,12969432,10383276,2586156,1485857,1004611,2489648,820,0.0003292554,2017860,472508,0.8102658
2,13169288,10430338,2738950,1492629,1016428,2506894,2163,0.0008620769,2034002,474417,0.8108701
3,13014488,10394904,2619584,1493736,1009391,2502072,1055,0.0004214728,2027446,475536,0.8100122
