pid,execution_cycles,compute_cycles,idle_cycles,loads,stores,hit_count,miss_count,miss_rate,private,shared,private_rate
0,13977254,10430314,3546940,1489888,1007461,2497117,232,9.289851e-05,30304,2467045,0.01213447
1,13911583,10383276,3528307,1485857,1004611,2490274,194,7.789701e-05,35163,2455305,0.01411903
2,14025700,10430338,3595362,1492629,1016428,2508573,484,0.0001929012,2027449,481608,0.8080522
3,13942802,10394904,3547898,1493736,1009391,2502886,241,9.627957e-05,26694,2476433,0.01066426
