pid,execution_cycles,compute_cycles,idle_cycles,loads,stores,hit_count,miss_count,miss_rate,private,shared,private_rate
0,14190348,10430314,3760034,1489888,1007461,2494469,2880,0.001153223,2020716,475989,0.8093531
1,14106152,10383276,3722876,1485857,1004611,2488118,2350,0.0009435977,2017278,472825,0.8101183
2,14498394,10430338,4068056,1492629,1016428,2503215,5842,0.002328365,2032155,474524,0.8106961
3,14150759,10394904,3755855,1493736,1009391,2500386,2741,0.00109503,2025269,477367,0.8092543
