pid,execution_cycles,compute_cycles,idle_cycles,loads,stores,hit_count,miss_count,miss_rate,private,shared,private_rate
0,13982057,10430314,3551743,1489888,1007461,2496919,430,0.0001721826,2014313,482992,0.8065947
1,13916572,10383276,3533296,1485857,1004611,2490113,355,0.0001425435,2005893,484561,0.8054327
2,14098153,10430338,3667815,1492629,1016428,2507692,1365,0.0005440291,2029599,478940,0.8090761
3,13953635,10394904,3558731,1493736,1009391,2502690,437,0.0001745816,2016934,486163,0.8057754
