pid,execution_cycles,compute_cycles,idle_cycles,loads,stores,hit_count,miss_count,miss_rate,private,shared,private_rate
0,114986946,10430314,104556632,1489888,1007461,1466436,1030913,0.4128029,1977472,31293,0.9844218
1,114684735,10383276,104301459,1485857,1004611,1462063,1028405,0.4129364,1967943,35234,0.9824109
2,115768126,10430338,105337788,1492629,1016428,1470356,1038701,0.4139806,1981378,33626,0.9833122
3,115248869,10394904,104853965,1493736,1009391,1469269,1033858,0.4130266,1975942,37449,0.9814
