pid,execution_cycles,compute_cycles,idle_cycles,loads,stores,hit_count,miss_count,miss_rate,private,shared,private_rate
0,12980232,10430314,2549918,1489888,1007461,2496818,531,0.0002126255,2021691,475630,0.8095439
1,12921066,10383276,2537790,1485857,1004611,2489990,478,0.0001919318,2016007,474449,0.8094931
2,13082549,10430338,2652211,1492629,1016428,2507611,1446,0.0005763121,2033800,474768,0.8107414
3,12948719,10394904,2553815,1493736,1009391,2502615,512,0.0002045442,2026886,476219,0.8097487
