pid,execution_cycles,compute_cycles,idle_cycles,loads,stores,hit_count,miss_count,miss_rate,private,shared,private_rate
0,14538492,10430314,4108178,1489888,1007461,2481078,16271,0.006515309,2024765,471222,0.8112082
1,14482494,10383276,4099218,1485857,1004611,2474218,16250,0.006524878,2019654,469550,0.8113654
2,14668628,10430338,4238290,1492629,1016428,2491590,17467,0.00696158,2038142,469269,0.8128472
3,14475002,10394904,4080098,1493736,1009391,2487198,15929,0.00636364,2029644,472083,0.8112972
