pid,execution_cycles,compute_cycles,idle_cycles,loads,stores,hit_count,miss_count,miss_rate,private,shared,private_rate
0,44268164,10430314,33837850,1489888,1007461,2277540,219809,0.08801693,2234873,216988,0.9115007
1,43976033,10383276,33592757,1485857,1004611,2274586,215882,0.08668331,2211096,233610,0.9044425
2,44574305,10430338,34143967,1492629,1016428,2286646,222411,0.08864326,2248208,214218,0.9130053
3,44175675,10394904,33780771,1493736,1009391,2286081,217046,0.08670994,2222880,234244,0.9046674
