pid,execution_cycles,compute_cycles,idle_cycles,loads,stores,hit_count,miss_count,miss_rate,private,shared,private_rate
0,12961917,10430314,2531603,1489888,1007461,2497003,346,0.0001385469,2018013,479331,0.8080637
1,12906513,10383276,2523237,1485857,1004611,2490137,331,0.0001329067,2012279,478189,0.8079923
2,13017308,10430338,2586970,1492629,1016428,2508270,787,0.0003136637,2030650,478183,0.8094002
3,12936443,10394904,2541539,1493736,1009391,2502739,388,0.0001550061,2023624,479497,0.8084403
