pid,execution_cycles,compute_cycles,idle_cycles,loads,stores,hit_count,miss_count,miss_rate,private,shared,private_rate
0,30650544,10430314,20220230,1489888,1007461,2318330,179019,0.07168361,2147166,320190,0.8702295
1,30545343,10383276,20162067,1485857,1004611,2311967,178501,0.07167368,2145045,315491,0.8717796
2,30780977,10430338,20350639,1492629,1016428,2328839,180218,0.07182699,2169917,308669,0.8754657
3,30687143,10394904,20292239,1493736,1009391,2323439,179688,0.07178541,2189317,283643,0.8853022
