pid,execution_cycles,compute_cycles,idle_cycles,loads,stores,hit_count,miss_count,miss_rate,private,shared,private_rate
0,14718925,10430314,4288611,1489888,1007461,2488939,8410,0.003367571,2007580,488260,0.8043705
1,14608939,10383276,4225663,1485857,1004611,2482798,7670,0.003079742,2004036,485386,0.8050206
2,15369937,10430338,4939599,1492629,1016428,2494242,14815,0.005904609,2026858,475489,0.8099828
3,14655596,10394904,4260692,1493736,1009391,2495178,7949,0.003175628,2012172,489791,0.8042373
