pid,execution_cycles,compute_cycles,idle_cycles,loads,stores,hit_count,miss_count,miss_rate,private,shared,private_rate
0,13990599,10430314,3560285,1489888,1007461,2497188,161,6.446836e-05,49376,2447973,0.01977137
1,13923729,10383276,3540453,1485857,1004611,2490330,138,5.541127e-05,32257,2458211,0.01295218
2,14034877,10430338,3604539,1492629,1016428,2508736,321,0.0001279365,2023654,485393,0.8065429
3,13945132,10394904,3550228,1493736,1009391,2502954,173,6.911355e-05,1483535,1019592,0.5926727
