pid,execution_cycles,compute_cycles,idle_cycles,loads,stores,hit_count,miss_count,miss_rate,private,shared,private_rate
0,17783403,10430314,7353089,1489888,1007461,2462045,35304,0.01413659,2029318,462575,0.814368
1,17667697,10383276,7284421,1485857,1004611,2455565,34903,0.01401464,2025934,459232,0.8152107
2,17949103,10430338,7518765,1492629,1016428,2472219,36838,0.01468201,2043066,459829,0.8162811
3,17771121,10394904,7376217,1493736,1009391,2467594,35533,0.01419544,2034884,462750,0.8147247
