pid,execution_cycles,compute_cycles,idle_cycles,loads,stores,hit_count,miss_count,miss_rate,private,shared,private_rate
0,90171126,10430314,79740812,1489888,1007461,1717112,780237,0.3124261,2198197,26720,0.9879906
1,89861589,10383276,79478313,1485857,1004611,1712813,777655,0.3122526,2191095,27785,0.9874779
2,90444218,10430338,80013880,1492629,1016428,1726180,782877,0.3120204,2210654,24269,0.989141
3,90296429,10394904,79901525,1493736,1009391,1721325,781802,0.3123301,2203717,26410,0.9881576
