pid,execution_cycles,compute_cycles,idle_cycles,loads,stores,hit_count,miss_count,miss_rate,private,shared,private_rate
0,13043112,10430314,2612798,1489888,1007461,2496882,467,0.0001869983,2018066,479244,0.8080959
1,13036549,10383276,2653273,1485857,1004611,2489789,679,0.0002726395,2013423,477016,0.8084611
2,13096408,10430338,2666070,1492629,1016428,2508166,891,0.0003551135,2030657,478150,0.8094114
3,13036159,10394904,2641255,1493736,1009391,2502639,488,0.0001949561,2024660,478436,0.8088623
