pid,execution_cycles,compute_cycles,idle_cycles,loads,stores,hit_count,miss_count,miss_rate,private,shared,private_rate
0,16207398,10430314,5777084,1489888,1007461,2469119,28230,0.01130399,2021393,470996,0.8110263
1,16151794,10383276,5768518,1485857,1004611,2462502,27966,0.01122921,2017900,467883,0.8117764
2,16586831,10430338,6156493,1492629,1016428,2477224,31833,0.01268724,2034145,467992,0.8129631
3,16228392,10394904,5833488,1493736,1009391,2474253,28874,0.01153517,2025172,472957,0.8106755
