pid,execution_cycles,compute_cycles,idle_cycles,loads,stores,hit_count,miss_count,miss_rate,private,shared,private_rate
0,13757114,10430314,3326800,1489888,1007461,2488888,8461,0.003387993,2021716,474108,0.8100395
1,13623425,10383276,3240149,1485857,1004611,2482757,7711,0.003096205,2018788,470645,0.8109429
2,14387657,10430338,3957319,1492629,1016428,2494311,14746,0.005877108,2029204,473243,0.8108879
3,13682304,10394904,3287400,1493736,1009391,2495140,7987,0.003190809,2026778,475202,0.8100696
