pid,execution_cycles,compute_cycles,idle_cycles,loads,stores,hit_count,miss_count,miss_rate,private,shared,private_rate
0,12987558,10430314,2557244,1489888,1007461,2496744,605,0.0002422569,2022174,475172,0.8097292
1,12928095,10383276,2544819,1485857,1004611,2489919,549,0.0002204405,2016477,473982,0.8096809
2,13080569,10430338,2650231,1492629,1016428,2507631,1426,0.000568341,2034513,474425,0.810906
3,12956540,10394904,2561636,1493736,1009391,2502536,591,0.0002361047,2027308,475818,0.8099105
