pid,execution_cycles,compute_cycles,idle_cycles,loads,stores,hit_count,miss_count,miss_rate,private,shared,private_rate
0,31027503,10430314,20597189,1489888,1007461,2308168,189181,0.07575273,2101255,345429,0.8588175
1,30915479,10383276,20532203,1485857,1004611,2301850,188618,0.07573597,2083905,356123,0.8540496
2,31288681,10430338,20858343,1492629,1016428,2317351,191706,0.0764056,2105912,351188,0.8570722
3,31069214,10394904,20674310,1493736,1009391,2313158,189969,0.07589267,2102580,349713,0.8573935
