pid,execution_cycles,compute_cycles,idle_cycles,loads,stores,hit_count,miss_count,miss_rate,private,shared,private_rate
0,107097781,10430314,96667467,1489888,1007461,1546135,951214,0.3808895,2150895,10080,0.9953354
1,106678472,10383276,96295196,1485857,1004611,1542940,947528,0.3804618,2143465,11990,0.9944374
2,107455840,10430338,97025502,1492629,1016428,1554342,954715,0.3805075,2162541,8160,0.9962408
3,107203055,10394904,96808151,1493736,1009391,1550551,952576,0.3805544,2155429,10942,0.9949492
