pid,execution_cycles,compute_cycles,idle_cycles,loads,stores,hit_count,miss_count,miss_rate,private,shared,private_rate
0,72406598,10430314,61976284,1489888,1007461,1876158,621191,0.2487402,2104861,155898,0.9310417
1,72121866,10383276,61738590,1485857,1004611,1871730,618738,0.2484425,2108183,146537,0.9350088
2,72768057,10430338,62337719,1492629,1016428,1884280,624777,0.2490087,2118432,151915,0.9330873
3,72459509,10394904,62064605,1493736,1009391,1880947,622180,0.2485611,2109926,156186,0.9310775
