pid,execution_cycles,compute_cycles,idle_cycles,loads,stores,hit_count,miss_count,miss_rate,private,shared,private_rate
0,12976866,10430314,2546552,1489888,1007461,2496852,497,0.000199011,2021605,475729,0.8095053
1,12916512,10383276,2533236,1485857,1004611,2490036,432,0.0001734614,2015791,474668,0.8094054
2,13042553,10430338,2612215,1492629,1016428,2508015,1042,0.0004152955,2034028,474859,0.8107292
3,12942977,10394904,2548073,1493736,1009391,2502673,454,0.0001813731,2026653,476465,0.8096514
