pid,execution_cycles,compute_cycles,idle_cycles,loads,stores,hit_count,miss_count,miss_rate,private,shared,private_rate
0,13080024,10430314,2649710,1489888,1007461,2495810,1539,0.0006162535,2023213,474136,0.8101443
1,13002444,10383276,2619168,1485857,1004611,2489168,1300,0.0005219902,2017450,473018,0.8100686
2,13348364,10430338,2918026,1492629,1016428,2504926,4131,0.001646435,2033517,473712,0.8110615
3,13040096,10394904,2645192,1493736,1009391,2501692,1435,0.0005732829,2027822,475303,0.8101162
