pid,execution_cycles,compute_cycles,idle_cycles,loads,stores,hit_count,miss_count,miss_rate,private,shared,private_rate
0,13152195,10430314,2721881,1489888,1007461,2495081,2268,0.000908163,2022943,474104,0.8101341
1,13073724,10383276,2690448,1485857,1004611,2488448,2020,0.0008110925,2017748,472510,0.8102566
2,13366382,10430338,2936044,1492629,1016428,2504744,4313,0.001718973,2033721,473630,0.8111034
3,13114544,10394904,2719640,1493736,1009391,2500940,2187,0.0008737072,2027652,475235,0.8101253
