pid,execution_cycles,compute_cycles,idle_cycles,loads,stores,hit_count,miss_count,miss_rate,private,shared,private_rate
0,12959739,10430314,2529425,1489888,1007461,2497025,324,0.0001297376,2012662,484678,0.8059223
1,12906612,10383276,2523336,1485857,1004611,2490136,332,0.0001333083,2007428,483029,0.806048
2,12991667,10430338,2561329,1492629,1016428,2508529,528,0.0002104376,2025736,483213,0.8074042
3,12933473,10394904,2538569,1493736,1009391,2502769,358,0.0001430211,2019294,483823,0.8067118
