pid,execution_cycles,compute_cycles,idle_cycles,loads,stores,hit_count,miss_count,miss_rate,private,shared,private_rate
0,14017677,10430314,3587363,1489888,1007461,2496586,763,0.000305524,2016304,480954,0.8074072
1,14027986,10383276,3644710,1485857,1004611,2489067,1401,0.0005625449,2006903,483498,0.8058554
2,14130438,10430338,3700100,1492629,1016428,2507384,1673,0.0006667844,2029771,478713,0.8091624
3,14073745,10394904,3678841,1493736,1009391,2501563,1564,0.0006248185,2018525,484507,0.806432
