pid,execution_cycles,compute_cycles,idle_cycles,loads,stores,hit_count,miss_count,miss_rate,private,shared,private_rate
0,14093856,10430314,3663542,1489888,1007461,2496744,605,0.0002422569,2017772,479464,0.8080021
1,13974077,10383276,3590801,1485857,1004611,2489996,472,0.0001895226,2013520,476890,0.8085094
2,14270007,10430338,3839669,1492629,1016428,2507642,1415,0.0005639569,2028016,480609,0.8084174
3,14066948,10394904,3672044,1493736,1009391,2502489,638,0.0002548812,2022995,480042,0.8082162
