pid,execution_cycles,compute_cycles,idle_cycles,loads,stores,hit_count,miss_count,miss_rate,private,shared,private_rate
0,62527496,10430314,52097182,1489888,1007461,2153878,343471,0.1375342,2295488,133759,0.9449381
1,61893555,10383276,51510279,1485857,1004611,2149278,341190,0.1369983,2286149,135449,0.9440663
2,62839120,10430338,52408782,1492629,1016428,2163147,345910,0.1378645,2306054,133769,0.9451727
3,62326955,10394904,51932051,1493736,1009391,2159868,343259,0.1371321,2297645,136054,0.9440958
