pid,execution_cycles,compute_cycles,idle_cycles,loads,stores,hit_count,miss_count,miss_rate,private,shared,private_rate
0,12982752,10430314,2552438,1489888,1007461,2496750,599,0.0002398543,2022184,475163,0.8097329
1,12921660,10383276,2538384,1485857,1004611,2489936,532,0.0002136145,2016481,473985,0.8096802
2,13073387,10430338,2643049,1492629,1016428,2507637,1420,0.0005659497,2034582,474430,0.8109096
3,12952463,10394904,2557559,1493736,1009391,2502535,592,0.0002365042,2027292,475834,0.8099041
