pid,execution_cycles,compute_cycles,idle_cycles,loads,stores,hit_count,miss_count,miss_rate,private,shared,private_rate
0,28125149,10430314,17694835,1489888,1007461,2343843,153506,0.06146758,2129065,351002,0.8584708
1,28003430,10383276,17620154,1485857,1004611,2337646,152822,0.06136276,2126508,346887,0.8597527
2,28333405,10430338,17903067,1492629,1016428,2353571,155486,0.0619699,2142955,347947,0.8603129
3,28144649,10394904,17749745,1493736,1009391,2349125,154002,0.06152385,2136393,349415,0.859436
