pid,execution_cycles,compute_cycles,idle_cycles,loads,stores,hit_count,miss_count,miss_rate,private,shared,private_rate
0,31490713,10430314,21060399,1489888,1007461,2391815,105534,0.04225841,2076872,408042,0.8357923
1,31403621,10383276,21020345,1485857,1004611,2385261,105207,0.04224387,2070095,408027,0.8353483
2,31681782,10430338,21251444,1492629,1016428,2401677,107380,0.04279696,2088197,407701,0.8366516
3,31560869,10394904,21165965,1493736,1009391,2396960,106167,0.04241375,2081971,408615,0.8359362
