pid,execution_cycles,compute_cycles,idle_cycles,loads,stores,hit_count,miss_count,miss_rate,private,shared,private_rate
0,12977420,10430314,2547106,1489888,1007461,2496886,463,0.0001853966,2021600,475730,0.8095046
1,12918183,10383276,2534907,1485857,1004611,2490059,409,0.0001642262,2016104,474364,0.8095282
2,13080716,10430338,2650378,1492629,1016428,2507666,1391,0.0005543916,2033708,474853,0.810707
3,12944025,10394904,2549121,1493736,1009391,2502689,438,0.0001749811,2026689,476424,0.8096674
