pid,execution_cycles,compute_cycles,idle_cycles,loads,stores,hit_count,miss_count,miss_rate,private,shared,private_rate
0,13796982,10430314,3366668,1489888,1007461,2488568,8781,0.003516129,2021589,473802,0.8101292
1,13647231,10383276,3263955,1485857,1004611,2482655,7813,0.003137161,2020270,468958,0.811605
2,14556362,10430338,4126024,1492629,1016428,2492724,16333,0.006509617,2035715,465766,0.8138039
3,13728245,10394904,3333341,1493736,1009391,2494741,8386,0.00335021,2026780,474854,0.8101825
