pid,execution_cycles,compute_cycles,idle_cycles,loads,stores,hit_count,miss_count,miss_rate,private,shared,private_rate
0,32095845,10430314,21665531,1489888,1007461,2303731,193618,0.07752941,2035941,395747,0.8372542
1,31926987,10383276,21543711,1485857,1004611,2298011,192457,0.07727744,2034505,391130,0.8387515
2,32981351,10430338,22551013,1492629,1016428,2306613,202444,0.08068529,2047509,389613,0.840134
3,32151254,10394904,21756350,1493736,1009391,2308650,194477,0.07769362,2047416,389978,0.8400021
