pid,execution_cycles,compute_cycles,idle_cycles,loads,stores,hit_count,miss_count,miss_rate,private,shared,private_rate
0,14214413,10430314,3784099,1489888,1007461,2494114,3235,0.001295374,247847,2249402,0.09924801
1,14124253,10383276,3740977,1485857,1004611,2487604,2864,0.001149985,1590630,899639,0.6387382
2,14763344,10430338,4333006,1492629,1016428,2500223,8834,0.003520845,2030384,475941,0.810104
3,14175682,10394904,3780778,1493736,1009391,2500086,3041,0.00121488,1554681,948268,0.6211397
