pid,execution_cycles,compute_cycles,idle_cycles,loads,stores,hit_count,miss_count,miss_rate,private,shared,private_rate
0,38978754,10430314,28548440,1489888,1007461,2234496,262853,0.1052528,2211863,222622,0.9085548
1,38963808,10383276,28580532,1485857,1004611,2227352,263116,0.1056492,2209166,215100,0.9112721
2,39091070,10430338,28660732,1492629,1016428,2245328,263729,0.1051108,2225473,220487,0.9098567
3,39128873,10394904,28733969,1493736,1009391,2238561,264566,0.1056942,2223792,212743,0.9126863
