pid,execution_cycles,compute_cycles,idle_cycles,loads,stores,hit_count,miss_count,miss_rate,private,shared,private_rate
0,147928672,10430314,137498358,1489888,1007461,1138502,1358847,0.5441158,1981641,365,0.9998158
1,147411984,10383276,137028708,1485857,1004611,1136252,1354216,0.5437596,1976457,325,0.9998356
2,148506351,10430338,138076013,1492629,1016428,1144576,1364481,0.5438222,1989664,358,0.9998201
3,148132041,10394904,137737137,1493736,1009391,1141974,1361153,0.543781,1986508,358,0.9998198
