pid,execution_cycles,compute_cycles,idle_cycles,loads,stores,hit_count,miss_count,miss_rate,private,shared,private_rate
0,12962214,10430314,2531900,1489888,1007461,2497000,349,0.0001397482,2020320,477029,0.8089858
1,12906315,10383276,2523039,1485857,1004611,2490139,329,0.0001321037,2014546,475922,0.8089026
2,12999092,10430338,2568754,1492629,1016428,2508454,603,0.0002403293,2032956,476098,0.810248
3,12937730,10394904,2542826,1493736,1009391,2502726,401,0.0001601996,2025609,477518,0.8092314
