pid,execution_cycles,compute_cycles,idle_cycles,loads,stores,hit_count,miss_count,miss_rate,private,shared,private_rate
0,15312313,10430314,4881999,1489888,1007461,2482704,14645,0.005864218,2018105,478714,0.8082704
1,15236032,10383276,4852756,1485857,1004611,2476113,14355,0.005763977,1861899,627706,0.7478692
2,15534670,10430338,5104332,1492629,1016428,2492313,16744,0.006673424,2030723,476455,0.8099636
3,15298704,10394904,4903800,1493736,1009391,2488470,14657,0.005855476,2017853,484347,0.8064315
