pid,execution_cycles,compute_cycles,idle_cycles,loads,stores,hit_count,miss_count,miss_rate,private,shared,private_rate
0,13052513,10430314,2622199,1489888,1007461,2496035,1314,0.0005261579,2023078,474180,0.8101197
1,12979105,10383276,2595829,1485857,1004611,2489333,1135,0.0004557376,2017226,473172,0.8100015
2,13205257,10430338,2774919,1492629,1016428,2506263,2794,0.001113566,2034196,473776,0.811092
3,13023675,10394904,2628771,1493736,1009391,2501783,1344,0.0005369284,2027732,475283,0.8101158
