pid,execution_cycles,compute_cycles,idle_cycles,loads,stores,hit_count,miss_count,miss_rate,private,shared,private_rate
0,17816074,10430314,7385760,1489888,1007461,2447996,49353,0.01976216,2040106,449399,0.8194826
1,17724395,10383276,7341119,1485857,1004611,2441495,48973,0.01966418,2034571,448163,0.8194881
2,18002030,10430338,7571692,1492629,1016428,2457932,51125,0.02037618,2052771,447635,0.8209751
3,17844924,10394904,7450020,1493736,1009391,2453168,49959,0.01995864,2044498,450766,0.8193514
