pid,execution_cycles,compute_cycles,idle_cycles,loads,stores,hit_count,miss_count,miss_rate,private,shared,private_rate
0,12958749,10430314,2528435,1489888,1007461,2497035,314,0.0001257333,2012741,484586,0.8059581
1,12972645,10383276,2589369,1485857,1004611,2489469,999,0.0004011294,2011599,478835,0.8077303
2,13019585,10430338,2589247,1492629,1016428,2508247,810,0.0003228304,2026475,482350,0.8077387
3,12937631,10394904,2542727,1493736,1009391,2502727,400,0.0001598001,2019178,483922,0.8066709
