pid,execution_cycles,compute_cycles,idle_cycles,loads,stores,hit_count,miss_count,miss_rate,private,shared,private_rate
0,12962907,10430314,2532593,1489888,1007461,2496993,356,0.0001425512,2017969,479375,0.8080461
1,12906711,10383276,2523435,1485857,1004611,2490135,333,0.0001337098,2012222,478239,0.8079717
2,12998399,10430338,2568061,1492629,1016428,2508461,596,0.0002375394,2030890,478100,0.8094452
3,12936047,10394904,2541143,1493736,1009391,2502743,384,0.0001534081,2023636,479490,0.8084435
