pid,execution_cycles,compute_cycles,idle_cycles,loads,stores,hit_count,miss_count,miss_rate,private,shared,private_rate
0,27671238,10430314,17240924,1489888,1007461,2348424,148925,0.05963324,2162399,309579,0.8747647
1,27545247,10383276,17161971,1485857,1004611,2342271,148197,0.05950568,2156504,308919,0.8746994
2,27992840,10430338,17562502,1492629,1016428,2357002,152055,0.06060245,2173072,309116,0.8754663
3,27692294,10394904,17297390,1493736,1009391,2353690,149437,0.05970013,2165927,311721,0.8741867
