pid,execution_cycles,compute_cycles,idle_cycles,loads,stores,hit_count,miss_count,miss_rate,private,shared,private_rate
0,14217807,10430314,3787493,1489888,1007461,2494156,3193,0.001278556,2022081,474519,0.8099339
1,14136817,10383276,3753541,1485857,1004611,2487706,2762,0.001109029,2019350,470619,0.810994
2,14585479,10430338,4155141,1492629,1016428,2502358,6699,0.002669927,2035814,470558,0.8122553
3,14215358,10394904,3820454,1493736,1009391,2499659,3468,0.001385467,2025958,476451,0.8096031
