pid,execution_cycles,compute_cycles,idle_cycles,loads,stores,hit_count,miss_count,miss_rate,private,shared,private_rate
0,13429314,10430314,2999000,1489888,1007461,2492236,5113,0.002047371,2022737,473460,0.8103275
1,13308894,10383276,2925618,1485857,1004611,2486042,4426,0.001777176,2020863,468892,0.8116714
2,13925846,10430338,3495508,1492629,1016428,2499036,10021,0.003993931,2035545,469174,0.812684
3,13395026,10394904,3000122,1493736,1009391,2498078,5049,0.002017077,2027209,474980,0.8101742
