pid,execution_cycles,compute_cycles,idle_cycles,loads,stores,hit_count,miss_count,miss_rate,private,shared,private_rate
0,18596502,10430314,8166188,1489888,1007461,2440088,57261,0.02292871,2038134,454890,0.8175348
1,18315279,10383276,7932003,1485857,1004611,2435503,54965,0.02207015,2030789,454221,0.8172156
2,18750002,10430338,8319664,1492629,1016428,2450364,58693,0.02339245,2049567,454745,0.8184152
3,18379463,10394904,7984559,1493736,1009391,2447759,55368,0.02211953,2039760,457791,0.816704
