pid,execution_cycles,compute_cycles,idle_cycles,loads,stores,hit_count,miss_count,miss_rate,private,shared,private_rate
0,13608387,10430314,3178073,1489888,1007461,2490473,6876,0.00275332,2025471,471509,0.8111683
1,13523382,10383276,3140106,1485857,1004611,2483906,6562,0.002634846,2021666,468547,0.8118446
2,13805546,10430338,3375208,1492629,1016428,2500308,8749,0.003486967,2039321,468602,0.8131514
3,13596872,10394904,3201968,1493736,1009391,2496068,7059,0.002820073,2030081,472669,0.8111401
