pid,execution_cycles,compute_cycles,idle_cycles,loads,stores,hit_count,miss_count,miss_rate,private,shared,private_rate
0,13188745,10430314,2758431,1489888,1007461,2494591,2758,0.001104371,2001104,496245,0.8012913
1,13083783,10383276,2700507,1485857,1004611,2488115,2353,0.0009448023,1995883,494585,0.8014088
2,13661617,10430338,3231279,1492629,1016428,2501431,7626,0.003039389,2035258,473799,0.8111645
3,13126075,10394904,2731171,1493736,1009391,2500607,2520,0.001006741,2005411,497716,0.8011623
