pid,execution_cycles,compute_cycles,idle_cycles,loads,stores,hit_count,miss_count,miss_rate,private,shared,private_rate
0,14033493,10430314,3603179,1489888,1007461,2486179,11170,0.004472743,2026043,470009,0.811699
1,13924530,10383276,3541254,1485857,1004611,2479854,10614,0.00426185,2023516,466067,0.8127931
2,14602892,10430338,4172554,1492629,1016428,2492254,16803,0.006696938,2041584,462678,0.8152438
3,14034155,10394904,3639251,1493736,1009391,2491651,11476,0.004584666,2030935,470970,0.8117554
