pid,execution_cycles,compute_cycles,idle_cycles,loads,stores,hit_count,miss_count,miss_rate,private,shared,private_rate
0,12962214,10430314,2531900,1489888,1007461,2497000,349,0.0001397482,2020320,477029,0.8089858
1,12906315,10383276,2523039,1485857,1004611,2490139,329,0.0001321037,2014523,475945,0.8088933
2,13000181,10430338,2569843,1492629,1016428,2508443,614,0.0002447135,2032906,476121,0.8102368
3,12937730,10394904,2542826,1493736,1009391,2502726,401,0.0001601996,2025609,477518,0.8092314
