pid,execution_cycles,compute_cycles,idle_cycles,loads,stores,hit_count,miss_count,miss_rate,private,shared,private_rate
0,12984826,10430314,2554512,1489888,1007461,2496816,533,0.0002134263,2021572,475762,0.809492
1,12920557,10383276,2537281,1485857,1004611,2490037,431,0.0001730598,2015795,474668,0.8094057
2,13043953,10430338,2613615,1492629,1016428,2508043,1014,0.0004041359,2033857,474955,0.8106853
3,12946354,10394904,2551450,1493736,1009391,2502670,457,0.0001825716,2026614,476501,0.8096368
