pid,execution_cycles,compute_cycles,idle_cycles,loads,stores,hit_count,miss_count,miss_rate,private,shared,private_rate
0,21569536,10430314,11139222,1489888,1007461,2410486,86863,0.03478208,2025232,442410,0.8207155
1,26878447,10383276,16495171,1485857,1004611,2359735,130733,0.05249335,2020429,429700,0.8246215
2,24007823,10430338,13577485,1492629,1016428,2397829,111228,0.0443306,2040225,440367,0.822475
3,20911297,10394904,10516393,1493736,1009391,2422805,80322,0.03208866,2028941,445796,0.8198613
