pid,execution_cycles,compute_cycles,idle_cycles,loads,stores,hit_count,miss_count,miss_rate,private,shared,private_rate
0,16637007,10430314,6206693,1489888,1007461,2471451,25898,0.0103702,2022327,473202,0.8103801
1,16544889,10383276,6161613,1485857,1004611,2464854,25614,0.01028481,2017127,471653,0.8104883
2,16826387,10430338,6396049,1492629,1016428,2481459,27598,0.01099935,2035768,470771,0.8121829
3,16634051,10394904,6239147,1493736,1009391,2476993,26134,0.01044054,2026723,474585,0.8102653
