pid,execution_cycles,compute_cycles,idle_cycles,loads,stores,hit_count,miss_count,miss_rate,private,shared,private_rate
0,13264560,10430314,2834246,1489888,1007461,2493946,3403,0.001362645,2022796,474380,0.8100334
1,13246974,10383276,2863698,1485857,1004611,2486698,3770,0.001513772,2016810,473256,0.8099424
2,13773767,10430338,3343429,1492629,1016428,2500629,8428,0.003359031,2032013,473661,0.8109646
3,13280963,10394904,2886059,1493736,1009391,2499259,3868,0.001545267,2027128,475737,0.809923
