pid,execution_cycles,compute_cycles,idle_cycles,loads,stores,hit_count,miss_count,miss_rate,private,shared,private_rate
0,13088758,10430314,2658444,1489888,1007461,2495616,1733,0.0006939358,2023088,474231,0.810104
1,12987656,10383276,2604380,1485857,1004611,2489248,1220,0.0004898678,2017285,473142,0.8100157
2,13221953,10430338,2791615,1492629,1016428,2506071,2986,0.001190089,2034889,473743,0.8111548
3,12994137,10394904,2599233,1493736,1009391,2502069,1058,0.0004226713,2027821,475273,0.8101258
