pid,execution_cycles,compute_cycles,idle_cycles,loads,stores,hit_count,miss_count,miss_rate,private,shared,private_rate
0,13024773,10430314,2594459,1489888,1007461,2496327,1022,0.000409234,2022129,475123,0.8097417
1,12959487,10383276,2576211,1485857,1004611,2489559,909,0.0003649916,2016569,473831,0.809737
2,13138529,10430338,2708191,1492629,1016428,2506991,2066,0.0008234169,2034029,474302,0.8109093
3,12997004,10394904,2602100,1493736,1009391,2502092,1035,0.0004134828,2027315,475714,0.8099447
