pid,execution_cycles,compute_cycles,idle_cycles,loads,stores,hit_count,miss_count,miss_rate,private,shared,private_rate
0,60768885,10430314,50338571,1489888,1007461,2014179,483170,0.1934732,2387206,27118,0.9887679
1,60481854,10383276,50098578,1485857,1004611,2009662,480806,0.1930585,2380016,28147,0.9883118
2,61103588,10430338,50673250,1492629,1016428,2022634,486423,0.1938669,2396353,28076,0.9884195
3,60788852,10394904,50393948,1493736,1009391,2019456,483671,0.1932267,2386402,33765,0.9860485
