pid,execution_cycles,compute_cycles,idle_cycles,loads,stores,hit_count,miss_count,miss_rate,private,shared,private_rate
0,64833731,10430314,54403417,1489888,1007461,2079174,418175,0.1674476,2317470,56487,0.9762056
1,64571286,10383276,54188010,1485857,1004611,2073751,416717,0.1673248,2310509,56929,0.9759533
2,65135042,10430338,54704704,1492629,1016428,2087629,421428,0.1679627,2328273,55932,0.9765406
3,64899572,10394904,54504668,1493736,1009391,2083922,419205,0.1674725,2321279,58094,0.9755843
