pid,execution_cycles,compute_cycles,idle_cycles,loads,stores,hit_count,miss_count,miss_rate,private,shared,private_rate
0,14353901,10430314,3923587,1489888,1007461,2492733,4616,0.00184836,2014650,481844,0.8069917
1,14273498,10383276,3890222,1485857,1004611,2486329,4139,0.001661937,2011074,478823,0.8076937
2,14737277,10430338,4306939,1492629,1016428,2500729,8328,0.003319175,2029457,475992,0.8100173
3,14305869,10394904,3910965,1493736,1009391,2498781,4346,0.001736228,2019489,482990,0.8069954
