pid,execution_cycles,compute_cycles,idle_cycles,loads,stores,hit_count,miss_count,miss_rate,private,shared,private_rate
0,14107188,10430314,3676874,1489888,1007461,2495458,1891,0.0007572029,2021563,475373,0.8096175
1,14032331,10383276,3649055,1485857,1004611,2488862,1606,0.0006448587,2018218,471990,0.8104616
2,14365598,10430338,3935260,1492629,1016428,2504745,4312,0.001718574,2034156,473365,0.8112219
3,14103850,10394904,3708946,1493736,1009391,2500988,2139,0.0008545312,2025927,476810,0.8094846
