pid,execution_cycles,compute_cycles,idle_cycles,loads,stores,hit_count,miss_count,miss_rate,private,shared,private_rate
0,13981076,10430314,3550762,1489888,1007461,2496825,524,0.0002098225,2011827,485509,0.8055892
1,13917721,10383276,3534445,1485857,1004611,2490028,440,0.0001766736,1912183,578281,0.7678019
2,14100808,10430338,3670470,1492629,1016428,2507517,1540,0.0006137764,2030279,478084,0.809404
3,13957465,10394904,3562561,1493736,1009391,2502583,544,0.0002173282,2012902,490208,0.8041604
