pid,execution_cycles,compute_cycles,idle_cycles,loads,stores,hit_count,miss_count,miss_rate,private,shared,private_rate
0,47041677,10430314,36611363,1489888,1007461,2152763,344586,0.1379807,2320153,106013,0.9563043
1,46876779,10383276,36493503,1485857,1004611,2147003,343465,0.1379118,2320548,99027,0.9590726
2,47187752,10430338,36757414,1492629,1016428,2163114,345943,0.1378777,2291889,145475,0.9403146
3,47096591,10394904,36701687,1493736,1009391,2157687,345440,0.1380034,2305984,125793,0.9482712
