pid,execution_cycles,compute_cycles,idle_cycles,loads,stores,hit_count,miss_count,miss_rate,private,shared,private_rate
0,13846581,10430314,3416267,1489888,1007461,2488067,9282,0.003716741,2022107,473064,0.8104082
1,13690989,10383276,3307713,1485857,1004611,2482213,8255,0.003314638,2021919,467130,0.8123259
2,14698427,10430338,4268089,1492629,1016428,2491289,17768,0.007081545,2037982,462811,0.8149343
3,13830017,10394904,3435113,1493736,1009391,2493713,9414,0.003760896,2026779,474435,0.8103181
