pid,execution_cycles,compute_cycles,idle_cycles,loads,stores,hit_count,miss_count,miss_rate,private,shared,private_rate
0,13228428,10430314,2798114,1489888,1007461,2494278,3071,0.001229704,2023266,473392,0.8103897
1,13132687,10383276,2749411,1485857,1004611,2487827,2641,0.001060443,2020627,469394,0.8114899
2,13581976,10430338,3151638,1492629,1016428,2502534,6523,0.002599782,2036587,469885,0.8125313
3,13226404,10394904,2831500,1493736,1009391,2499784,3343,0.00133553,2027448,475019,0.8101797
