pid,execution_cycles,compute_cycles,idle_cycles,loads,stores,hit_count,miss_count,miss_rate,private,shared,private_rate
0,14174397,10430314,3744083,1489888,1007461,2494672,2677,0.001071937,59948,2437399,0.02400467
1,14078879,10383276,3695603,1485857,1004611,2488186,2282,0.0009162936,1511245,979217,0.6068131
2,14659747,10430338,4229409,1492629,1016428,2501362,7695,0.003066889,2032176,476112,0.8101845
3,14123246,10394904,3728342,1493736,1009391,2500703,2424,0.0009683887,41170,2461954,0.01644745
