pid,execution_cycles,compute_cycles,idle_cycles,loads,stores,hit_count,miss_count,miss_rate,private,shared,private_rate
0,13046214,10430314,2615900,1489888,1007461,2496988,361,0.0001445533,2018048,479287,0.8080806
1,12990315,10383276,2607039,1485857,1004611,2490127,341,0.0001369221,2012276,478181,0.8079947
2,13078790,10430338,2648452,1492629,1016428,2508448,609,0.0002427207,2030433,478568,0.8092595
3,13023771,10394904,2628867,1493736,1009391,2502735,392,0.0001566041,2023497,479620,0.8083909
