pid,execution_cycles,compute_cycles,idle_cycles,loads,stores,hit_count,miss_count,miss_rate,private,shared,private_rate
0,13017456,10430314,2587142,1489888,1007461,2496442,907,0.0003631851,2023033,474313,0.8100732
1,12948687,10383276,2565411,1485857,1004611,2489711,757,0.0003039589,2017218,473250,0.8099755
2,13165016,10430338,2734678,1492629,1016428,2506778,2279,0.0009083094,2035146,473886,0.811128
3,12985151,10394904,2590247,1493736,1009391,2502247,880,0.0003515603,2027775,475352,0.8100967
