pid,execution_cycles,compute_cycles,idle_cycles,loads,stores,hit_count,miss_count,miss_rate,private,shared,private_rate
0,67521303,10430314,57090989,1489888,1007461,1945973,551376,0.2207845,2292983,24813,0.9892946
1,67236257,10383276,56852981,1485857,1004611,1941385,549083,0.2204738,2285923,25835,0.9888245
2,67845508,10430338,57415170,1492629,1016428,1954558,554499,0.220999,2303277,25043,0.9892442
3,67564541,10394904,57169637,1493736,1009391,1950965,552162,0.2205889,2298010,25393,0.9890708
