pid,execution_cycles,compute_cycles,idle_cycles,loads,stores,hit_count,miss_count,miss_rate,private,shared,private_rate
0,14726880,10430314,4296566,1489888,1007461,2488855,8494,0.003401207,2007902,487811,0.8045404
1,14615790,10383276,4232514,1485857,1004611,2482790,7678,0.003082955,2004851,484554,0.8053535
2,15372278,10430338,4941940,1492629,1016428,2494224,14833,0.005911783,2027487,474863,0.8102332
3,14657696,10394904,4262792,1493736,1009391,2495152,7975,0.003186015,2012008,489929,0.8041801
