pid,execution_cycles,compute_cycles,idle_cycles,loads,stores,hit_count,miss_count,miss_rate,private,shared,private_rate
0,13784057,10430314,3353743,1489888,1007461,2488627,8722,0.003492503,2021519,473955,0.8100742
1,13634291,10383276,3251015,1485857,1004611,2482703,7765,0.003117888,2019235,470072,0.8111635
2,14464486,10430338,4034148,1492629,1016428,2493508,15549,0.006197149,2029261,472692,0.8110708
3,13690323,10394904,3295419,1493736,1009391,2495059,8068,0.003223168,2026947,474892,0.8101828
