pid,execution_cycles,compute_cycles,idle_cycles,loads,stores,hit_count,miss_count,miss_rate,private,shared,private_rate
0,13080024,10430314,2649710,1489888,1007461,2495810,1539,0.0006162535,2023087,474262,0.8100938
1,13002543,10383276,2619267,1485857,1004611,2489167,1301,0.0005223918,2017295,473173,0.8100064
2,13344305,10430338,2913967,1492629,1016428,2504967,4090,0.001630094,2035205,473828,0.8111511
3,13040096,10394904,2645192,1493736,1009391,2501692,1435,0.0005732829,2027662,475465,0.8100516
