pid,execution_cycles,compute_cycles,idle_cycles,loads,stores,hit_count,miss_count,miss_rate,private,shared,private_rate
0,16828280,10430314,6397966,1489888,1007461,2457894,39455,0.01579875,2017489,472476,0.8102479
1,16684109,10383276,6300833,1485857,1004611,2451933,38535,0.015473,2016485,467375,0.8118352
2,17676986,10430338,7246648,1492629,1016428,2461144,47913,0.01909602,2032038,463546,0.8142535
3,16814412,10394904,6419508,1493736,1009391,2463536,39591,0.01581662,2022331,473695,0.8102203
