pid,execution_cycles,compute_cycles,idle_cycles,loads,stores,hit_count,miss_count,miss_rate,private,shared,private_rate
0,14048763,10430314,3618449,1489888,1007461,2496293,1056,0.0004228484,2019410,477742,0.8086853
1,13970998,10383276,3587722,1485857,1004611,2489567,901,0.0003617794,2014464,475888,0.8089073
2,14201042,10430338,3770704,1492629,1016428,2506726,2331,0.0009290343,2030039,478246,0.8093335
3,14022844,10394904,3627940,1493736,1009391,2502039,1088,0.0004346563,2024545,478428,0.8088561
