pid,execution_cycles,compute_cycles,idle_cycles,loads,stores,hit_count,miss_count,miss_rate,private,shared,private_rate
0,13763025,10430314,3332711,1489888,1007461,2488911,8438,0.003378783,2021750,474130,0.8100349
1,13636341,10383276,3253065,1485857,1004611,2482765,7703,0.003092993,2018456,470984,0.8108072
2,14400239,10430338,3969901,1492629,1016428,2494301,14756,0.005881094,2029166,473266,0.8108776
3,13687556,10394904,3292652,1493736,1009391,2495152,7975,0.003186015,2026784,475206,0.8100688
