pid,execution_cycles,compute_cycles,idle_cycles,loads,stores,hit_count,miss_count,miss_rate,private,shared,private_rate
0,13200606,10430314,2770292,1489888,1007461,2494592,2757,0.001103971,2001116,496233,0.8012961
1,13106790,10383276,2723514,1485857,1004611,2488114,2354,0.0009452039,1995910,494558,0.8014197
2,13694666,10430338,3264328,1492629,1016428,2501428,7629,0.003040585,2035252,473799,0.8111641
3,13147610,10394904,2752706,1493736,1009391,2500606,2521,0.00100714,2005378,497749,0.8011491
