pid,execution_cycles,compute_cycles,idle_cycles,loads,stores,hit_count,miss_count,miss_rate,private,shared,private_rate
0,17703466,10430314,7273152,1489888,1007461,2468720,28629,0.01146376,2019259,475592,0.8093706
1,16997400,10383276,6614124,1485857,1004611,2463824,26644,0.01069839,2012769,474522,0.8092214
2,17910554,10430338,7480216,1492629,1016428,2479038,30019,0.01196426,2030412,475651,0.8101999
3,16990655,10394904,6595751,1493736,1009391,2476200,26927,0.01075734,2023661,476206,0.8095075
