pid,execution_cycles,compute_cycles,idle_cycles,loads,stores,hit_count,miss_count,miss_rate,private,shared,private_rate
0,99170424,10430314,88740110,1489888,1007461,1626210,871139,0.3488255,2102750,37132,0.9826476
1,98879895,10383276,88496619,1485857,1004611,1621719,868749,0.3488296,2101909,31955,0.9850248
2,99614984,10430338,89184646,1492629,1016428,1633546,875511,0.3489403,2113292,35365,0.9835409
3,99358790,10394904,88963886,1493736,1009391,1629786,873341,0.3489,2115718,29019,0.9864697
