pid,execution_cycles,compute_cycles,idle_cycles,loads,stores,hit_count,miss_count,miss_rate,private,shared,private_rate
0,14473538,10430314,4043224,1489888,1007461,2491656,5693,0.002279617,1995285,501244,0.7992236
1,14275676,10383276,3892400,1485857,1004611,2486161,4307,0.001729394,1959042,530993,0.7867528
2,14987861,10430338,4557523,1492629,1016428,2498360,10697,0.004263355,2027674,475919,0.8099056
3,14334416,10394904,3939512,1493736,1009391,2498610,4517,0.001804543,1997166,505371,0.7980565
