pid,execution_cycles,compute_cycles,idle_cycles,loads,stores,hit_count,miss_count,miss_rate,private,shared,private_rate
0,16373912,10430314,5943598,1489888,1007461,2462478,34871,0.01396321,2019071,470272,0.8110859
1,16224459,10383276,5841183,1485857,1004611,2456575,33893,0.01360909,2016508,466701,0.8120573
2,17145341,10430338,6715003,1492629,1016428,2466503,42554,0.01696016,2027855,467558,0.812633
3,16325803,10394904,5930899,1493736,1009391,2468451,34676,0.01385307,2024022,471541,0.8110482
