pid,execution_cycles,compute_cycles,idle_cycles,loads,stores,hit_count,miss_count,miss_rate,private,shared,private_rate
0,13010761,10430314,2580447,1489888,1007461,2496443,906,0.0003627847,2023022,474327,0.8100678
1,12941090,10383276,2557814,1485857,1004611,2489706,762,0.0003059666,2017146,473322,0.8099466
2,13150395,10430338,2720057,1492629,1016428,2506789,2268,0.0009039253,2035169,473884,0.8111303
3,12976280,10394904,2581376,1493736,1009391,2502248,879,0.0003511608,2027779,475348,0.8100983
