pid,execution_cycles,compute_cycles,idle_cycles,loads,stores,hit_count,miss_count,miss_rate,private,shared,private_rate
0,34497084,10430314,24066770,1489888,1007461,2279454,217895,0.08725052,2037061,384413,0.8412483
1,34366884,10383276,23983608,1485857,1004611,2273352,217116,0.0871788,2039357,375722,0.8444266
2,35066012,10430338,24635674,1492629,1016428,2285538,223519,0.08908486,2076422,353286,0.8545973
3,34564076,10394904,24169172,1493736,1009391,2284256,218871,0.08743903,2057742,369354,0.8478206
