pid,execution_cycles,compute_cycles,idle_cycles,loads,stores,hit_count,miss_count,miss_rate,private,shared,private_rate
0,17110459,10430314,6680145,1489888,1007461,2455598,41751,0.01671813,2037704,457231,0.8167363
1,17042287,10383276,6659011,1485857,1004611,2448952,41516,0.01666996,2034177,454090,0.8175075
2,17449097,10430338,7018759,1492629,1016428,2464035,45022,0.01794379,2049364,455458,0.8181675
3,17095053,10394904,6700149,1493736,1009391,2461280,41847,0.01671789,2042523,458358,0.8167214
