pid,execution_cycles,compute_cycles,idle_cycles,loads,stores,hit_count,miss_count,miss_rate,private,shared,private_rate
0,14073673,10430314,3643359,1489888,1007461,2496059,1290,0.0005165477,2021040,476035,0.809363
1,13989371,10383276,3606095,1485857,1004611,2489387,1081,0.000434055,2017505,472807,0.8101415
2,14268052,10430338,3837714,1492629,1016428,2506065,2992,0.00119248,2031996,476121,0.8101679
3,14065229,10394904,3670325,1493736,1009391,2501642,1485,0.000593258,2026621,476252,0.8097179
