pid,execution_cycles,compute_cycles,idle_cycles,loads,stores,hit_count,miss_count,miss_rate,private,shared,private_rate
0,14508341,10430314,4078027,1489888,1007461,2491303,6046,0.002420967,1995079,501395,0.7991587
1,14226669,10383276,3843393,1485857,1004611,2486570,3898,0.001565168,1957749,532224,0.7862531
2,14883614,10430338,4453276,1492629,1016428,2499429,9628,0.003837298,2027677,475918,0.8099062
3,14299045,10394904,3904141,1493736,1009391,2498971,4156,0.001660323,1997065,505469,0.7980171
