pid,execution_cycles,compute_cycles,idle_cycles,loads,stores,hit_count,miss_count,miss_rate,private,shared,private_rate
0,13191201,10430314,2760887,1489888,1007461,2494687,2662,0.00106593,2022799,474046,0.810142
1,13105107,10383276,2721831,1485857,1004611,2488131,2337,0.0009383778,2019096,471055,0.8108328
2,13439939,10430338,3009601,1492629,1016428,2504001,5056,0.0020151,2033710,473330,0.8111997
3,13149689,10394904,2754785,1493736,1009391,2500585,2542,0.00101553,2027749,475004,0.8102074
