pid,execution_cycles,compute_cycles,idle_cycles,loads,stores,hit_count,miss_count,miss_rate,private,shared,private_rate
0,13321485,10430314,2891171,1489888,1007461,2493371,3978,0.001592889,2022745,474116,0.8101152
1,13238955,10383276,2855679,1485857,1004611,2486779,3689,0.001481248,2017153,472929,0.8100749
2,13634771,10430338,3204433,1492629,1016428,2502033,7024,0.002799458,2032413,473609,0.8110116
3,13281953,10394904,2887049,1493736,1009391,2499249,3878,0.001549262,2027415,475282,0.8100921
