pid,execution_cycles,compute_cycles,idle_cycles,loads,stores,hit_count,miss_count,miss_rate,private,shared,private_rate
0,133007450,10430314,122577136,1489888,1007461,1284420,1212929,0.4856866,1870428,40167,0.9789767
1,132725908,10383276,122342632,1485857,1004611,1279828,1210640,0.4861094,1863794,41133,0.978407
2,133680275,10430338,123249937,1492629,1016428,1289441,1219616,0.4860854,1861106,56248,0.9706637
3,133352971,10394904,122958067,1493736,1009391,1286403,1216724,0.4860816,1873637,41185,0.9784915
