pid,execution_cycles,compute_cycles,idle_cycles,loads,stores,hit_count,miss_count,miss_rate,private,shared,private_rate
0,13790514,10430314,3360200,1489888,1007461,2488572,8777,0.003514527,2021576,473816,0.8101236
1,13642546,10383276,3259270,1485857,1004611,2482654,7814,0.003137563,2020257,468971,0.8115998
2,14549079,10430338,4118741,1492629,1016428,2492713,16344,0.006514001,2035647,465825,0.8137796
3,13723935,10394904,3329031,1493736,1009391,2494739,8388,0.003351009,2026771,474851,0.8101828
