pid,execution_cycles,compute_cycles,idle_cycles,loads,stores,hit_count,miss_count,miss_rate,private,shared,private_rate
0,14720534,10430314,4290220,1489888,1007461,2488931,8418,0.003370774,2007299,488517,0.8042656
1,14612403,10383276,4229127,1485857,1004611,2482789,7679,0.003083356,2003602,485811,0.8048492
2,15367850,10430338,4937512,1492629,1016428,2494240,14817,0.005905406,2026946,475418,0.8100125
3,14654557,10394904,4259653,1493736,1009391,2495168,7959,0.003179623,2011821,490136,0.804099
