pid,execution_cycles,compute_cycles,idle_cycles,loads,stores,hit_count,miss_count,miss_rate,private,shared,private_rate
0,12962214,10430314,2531900,1489888,1007461,2497000,349,0.0001397482,2018032,479313,0.808071
1,12906612,10383276,2523336,1485857,1004611,2490136,332,0.0001333083,2012779,477686,0.8081941
2,13017605,10430338,2587267,1492629,1016428,2508267,790,0.0003148593,2030622,478206,0.8093907
3,12938324,10394904,2543420,1493736,1009391,2502720,407,0.0001625966,2023606,479510,0.8084348
