pid,execution_cycles,compute_cycles,idle_cycles,loads,stores,hit_count,miss_count,miss_rate,private,shared,private_rate
0,13043035,10430314,2612721,1489888,1007461,2496217,1132,0.0004532807,2022092,475068,0.8097567
1,12974255,10383276,2590979,1485857,1004611,2489483,985,0.000395508,2017924,472428,0.8102967
2,13177467,10430338,2747129,1492629,1016428,2506689,2368,0.0009437809,2033830,474464,0.810842
3,13011196,10394904,2616292,1493736,1009391,2502004,1123,0.0004486388,2027688,475294,0.8101089
