pid,execution_cycles,compute_cycles,idle_cycles,loads,stores,hit_count,miss_count,miss_rate,private,shared,private_rate
0,13079925,10430314,2649611,1489888,1007461,2495811,1538,0.0006158531,2023230,474119,0.8101511
1,13002543,10383276,2619267,1485857,1004611,2489167,1301,0.0005223918,2017413,473055,0.8100538
2,13344008,10430338,2913670,1492629,1016428,2504970,4087,0.001628899,2033513,473741,0.8110519
3,13040096,10394904,2645192,1493736,1009391,2501692,1435,0.0005732829,2027823,475304,0.8101159
