pid,execution_cycles,compute_cycles,idle_cycles,loads,stores,hit_count,miss_count,miss_rate,private,shared,private_rate
0,13019733,10430314,2589419,1489888,1007461,2496419,930,0.0003723949,2023106,474237,0.8101034
1,12950172,10383276,2566896,1485857,1004611,2489696,772,0.0003099819,2017217,473246,0.8099767
2,13165808,10430338,2735470,1492629,1016428,2506770,2287,0.0009114978,2034809,473870,0.8111078
3,12986042,10394904,2591138,1493736,1009391,2502238,889,0.0003551558,2027796,475328,0.8101061
