pid,execution_cycles,compute_cycles,idle_cycles,loads,stores,hit_count,miss_count,miss_rate,private,shared,private_rate
0,13403691,10430314,2973377,1489888,1007461,2492457,4892,0.001958877,2022440,474391,0.8100028
1,13240786,10383276,2857510,1485857,1004611,2486570,3898,0.001565168,2017061,473129,0.8100029
2,13922107,10430338,3491769,1492629,1016428,2498981,10076,0.004015851,2030119,473565,0.8108527
3,13318714,10394904,2923810,1493736,1009391,2498742,4385,0.001751809,2026995,475745,0.8099103
