pid,execution_cycles,compute_cycles,idle_cycles,loads,stores,hit_count,miss_count,miss_rate,private,shared,private_rate
0,13237329,10430314,2807015,1489888,1007461,2494143,3206,0.001283761,2022755,474108,0.8101185
1,13219110,10383276,2835834,1485857,1004611,2486870,3598,0.001444708,2016953,472904,0.8100678
2,13429103,10430338,2998765,1492629,1016428,2503945,5112,0.002037419,2033429,473660,0.8110717
3,13241744,10394904,2846840,1493736,1009391,2499544,3583,0.00143141,2027218,475312,0.8100674
