pid,execution_cycles,compute_cycles,idle_cycles,loads,stores,hit_count,miss_count,miss_rate,private,shared,private_rate
0,64367644,10430314,53937330,1489888,1007461,2015639,481710,0.1928885,2360537,12922,0.9945556
1,64031146,10383276,53647870,1485857,1004611,2011375,479093,0.1923707,2353858,13438,0.9943235
2,64814411,10430338,54384073,1492629,1016428,2023600,485457,0.1934819,2369173,14212,0.9940371
3,64367766,10394904,53972862,1493736,1009391,2021098,482029,0.1925707,2365709,13398,0.9943685
