pid,execution_cycles,compute_cycles,idle_cycles,loads,stores,hit_count,miss_count,miss_rate,private,shared,private_rate
0,15219507,10430314,4789193,1489888,1007461,2474149,23200,0.009289851,2022139,473464,0.8102807
1,15119154,10383276,4735878,1485857,1004611,2467754,22714,0.009120374,2018515,470565,0.8109482
2,15682328,10430338,5251990,1492629,1016428,2481270,27787,0.01107468,2032141,472127,0.8114711
3,15177017,10394904,4782113,1493736,1009391,2480073,23054,0.00921008,2026754,474891,0.8101685
