pid,execution_cycles,compute_cycles,idle_cycles,loads,stores,hit_count,miss_count,miss_rate,private,shared,private_rate
0,20912314,10430314,10482000,1489888,1007461,2417212,80137,0.03208883,2022723,460093,0.814689
1,25750864,10383276,15367588,1485857,1004611,2390676,99792,0.04006958,2018820,443577,0.8198597
2,21071405,10430338,10641067,1492629,1016428,2427315,81742,0.03257877,2035116,458963,0.815979
3,25776936,10394904,15382032,1493736,1009391,2403292,99835,0.03988411,2028813,446173,0.8197271
