pid,execution_cycles,compute_cycles,idle_cycles,loads,stores,hit_count,miss_count,miss_rate,private,shared,private_rate
0,13784856,10430314,3354542,1489888,1007461,2488618,8731,0.003496107,2021540,473938,0.8100813
1,13635182,10383276,3251906,1485857,1004611,2482694,7774,0.003121502,2019257,470049,0.8111727
2,14466403,10430338,4036065,1492629,1016428,2493497,15560,0.006201533,2029401,472547,0.8111284
3,13692692,10394904,3297788,1493736,1009391,2495036,8091,0.003232357,2026903,474925,0.8101688
