pid,execution_cycles,compute_cycles,idle_cycles,loads,stores,hit_count,miss_count,miss_rate,private,shared,private_rate
0,13980001,10430314,3549687,1489888,1007461,2496833,516,0.0002066191,33393,2463956,0.01337138
1,13916507,10383276,3533231,1485857,1004611,2490041,427,0.0001714537,700687,1789781,0.2813475
2,14072466,10430338,3642128,1492629,1016428,2507786,1271,0.0005065648,2030804,478249,0.8093906
3,13953412,10394904,3558508,1493736,1009391,2502624,503,0.0002009487,30038,2473089,0.01200019
