pid,execution_cycles,compute_cycles,idle_cycles,loads,stores,hit_count,miss_count,miss_rate,private,shared,private_rate
0,13392666,10430314,2962352,1489888,1007461,2492652,4697,0.001880794,2022479,473990,0.8101358
1,13287366,10383276,2904090,1485857,1004611,2486290,4178,0.001677596,2019204,470694,0.8109585
2,13768619,10430338,3338281,1492629,1016428,2500681,8376,0.003338306,2032362,473123,0.8111651
3,13334423,10394904,2939519,1493736,1009391,2498719,4408,0.001760997,2027503,474976,0.8101978
