pid,execution_cycles,compute_cycles,idle_cycles,loads,stores,hit_count,miss_count,miss_rate,private,shared,private_rate
0,12978703,10430314,2548389,1489888,1007461,2496877,472,0.0001890004,2021570,475776,0.8094874
1,12918661,10383276,2535385,1485857,1004611,2490057,411,0.0001650292,2015781,474686,0.8093988
2,13033326,10430338,2602988,1492629,1016428,2508156,901,0.0003590991,2034037,474994,0.8106863
3,12944105,10394904,2549201,1493736,1009391,2502693,434,0.0001733831,2026607,476520,0.8096301
