pid,execution_cycles,compute_cycles,idle_cycles,loads,stores,hit_count,miss_count,miss_rate,private,shared,private_rate
0,12978363,10430314,2548049,1489888,1007461,2496881,468,0.0001873987,2021576,475773,0.8094888
1,12918534,10383276,2535258,1485857,1004611,2490058,410,0.0001646277,2015762,474706,0.8093908
2,13032136,10430338,2601798,1492629,1016428,2508170,887,0.0003535193,2034056,474998,0.8106864
3,12944260,10394904,2549356,1493736,1009391,2502692,435,0.0001737826,2026604,476523,0.8096289
