pid,execution_cycles,compute_cycles,idle_cycles,loads,stores,hit_count,miss_count,miss_rate,private,shared,private_rate
0,13763124,10430314,3332810,1489888,1007461,2488910,8439,0.003379183,2021752,474120,0.8100383
1,13636836,10383276,3253560,1485857,1004611,2482760,7708,0.003095001,2018475,470960,0.8108165
2,14399447,10430338,3969109,1492629,1016428,2494309,14748,0.005877906,2029171,473265,0.8108783
3,13688348,10394904,3293444,1493736,1009391,2495144,7983,0.003189211,2026733,475253,0.8100497
