pid,execution_cycles,compute_cycles,idle_cycles,loads,stores,hit_count,miss_count,miss_rate,private,shared,private_rate
0,13973841,10430314,3543527,1489888,1007461,2497001,348,0.0001393478,32336,2465013,0.01294813
1,13909353,10383276,3526077,1485857,1004611,2490184,284,0.0001140348,37904,2452564,0.01521963
2,14036454,10430338,3606116,1492629,1016428,2508291,766,0.000305294,2029692,479362,0.8089471
3,13943989,10394904,3549085,1493736,1009391,2502783,344,0.0001374281,28225,2474902,0.0112759
