pid,execution_cycles,compute_cycles,idle_cycles,loads,stores,hit_count,miss_count,miss_rate,private,shared,private_rate
0,14062340,10430314,3632026,1489888,1007461,2495880,1469,0.0005882238,42191,2455158,0.01689431
1,13984503,10383276,3601227,1485857,1004611,2489242,1226,0.000492277,60639,2429829,0.02434844
2,14317135,10430338,3886797,1492629,1016428,2505037,4020,0.001602196,2032053,476634,0.8100066
3,14026745,10394904,3631841,1493736,1009391,2501777,1350,0.0005393254,165217,2337909,0.06600427
