pid,execution_cycles,compute_cycles,idle_cycles,loads,stores,hit_count,miss_count,miss_rate,private,shared,private_rate
0,13208853,10430314,2778539,1489888,1007461,2494535,2814,0.001126795,2022135,475099,0.8097499
1,13283933,10383276,2900657,1485857,1004611,2486349,4119,0.001653906,2015811,474070,0.8096013
2,13345655,10430338,2915317,1492629,1016428,2504989,4068,0.001621326,2033820,474666,0.8107759
3,13281404,10394904,2886500,1493736,1009391,2499280,3847,0.001536878,2026512,476004,0.8097898
