pid,execution_cycles,compute_cycles,idle_cycles,loads,stores,hit_count,miss_count,miss_rate,private,shared,private_rate
0,123664410,10430314,113234096,1489888,1007461,1378796,1118553,0.4478961,2096496,942,0.9995509
1,123187167,10383276,112803891,1485857,1004611,1376191,1114277,0.4474167,2091043,940,0.9995507
2,124130849,10430338,113700511,1492629,1016428,1385911,1123146,0.4476367,2105206,1251,0.9994061
3,123793871,10394904,113398967,1493736,1009391,1382967,1120160,0.4475043,2101419,1164,0.9994464
