pid,execution_cycles,compute_cycles,idle_cycles,loads,stores,hit_count,miss_count,miss_rate,private,shared,private_rate
0,13084974,10430314,2654660,1489888,1007461,2495760,1589,0.0006362747,2022185,474928,0.8098092
1,13010562,10383276,2627286,1485857,1004611,2489086,1382,0.0005549158,2018030,472289,0.81035
2,13235405,10430338,2805067,1492629,1016428,2506067,2990,0.001191683,2033837,474164,0.8109395
3,13044056,10394904,2649152,1493736,1009391,2501652,1475,0.0005892629,2027745,475209,0.8101407
