pid,execution_cycles,compute_cycles,idle_cycles,loads,stores,hit_count,miss_count,miss_rate,private,shared,private_rate
0,13975822,10430314,3545508,1489888,1007461,2496976,373,0.0001493584,2016022,481285,0.8072784
1,13909017,10383276,3525741,1485857,1004611,2490184,284,0.0001140348,2007617,482842,0.8061233
2,14090224,10430338,3659886,1492629,1016428,2507754,1303,0.0005193186,2029502,479048,0.8090339
3,13945400,10394904,3550496,1493736,1009391,2502769,358,0.0001430211,2018559,484552,0.8064201
