pid,execution_cycles,compute_cycles,idle_cycles,loads,stores,hit_count,miss_count,miss_rate,private,shared,private_rate
0,13189481,10430314,2759167,1489888,1007461,2494591,2758,0.001104371,2020923,476426,0.8092273
1,13083967,10383276,2700691,1485857,1004611,2488115,2353,0.0009448023,2012425,478043,0.8080509
2,13666443,10430338,3236105,1492629,1016428,2501425,7632,0.00304178,2032151,473662,0.8109747
3,13129203,10394904,2734299,1493736,1009391,2500607,2520,0.001006741,2026988,476139,0.8097823
