pid,execution_cycles,compute_cycles,idle_cycles,loads,stores,hit_count,miss_count,miss_rate,private,shared,private_rate
0,23568633,10430314,13138319,1489888,1007461,2390239,107110,0.04288948,2106216,381629,0.8466026
1,23470276,10383276,13087000,1485857,1004611,2383836,106632,0.04281605,2101889,379237,0.8471513
2,23687301,10430338,13256963,1492629,1016428,2400871,108186,0.04311819,2117507,381620,0.8472987
3,23626380,10394904,13231476,1493736,1009391,2395176,107951,0.04312646,2107823,385667,0.8453304
