pid,execution_cycles,compute_cycles,idle_cycles,loads,stores,hit_count,miss_count,miss_rate,private,shared,private_rate
0,16925595,10430314,6495281,1489888,1007461,2457021,40328,0.01614832,2028833,462545,0.8143417
1,16877289,10383276,6494013,1485857,1004611,2450077,40391,0.01621824,2023158,461389,0.8142965
2,17156411,10430338,6726073,1492629,1016428,2466557,42500,0.01693863,2042380,460113,0.8161381
3,16907483,10394904,6512579,1493736,1009391,2462711,40416,0.0161462,2033893,463243,0.8144903
