pid,execution_cycles,compute_cycles,idle_cycles,loads,stores,hit_count,miss_count,miss_rate,private,shared,private_rate
0,13164603,10430314,2734289,1489888,1007461,2497037,312,0.0001249325,2012757,484592,0.8059574
1,13095735,10383276,2712459,1485857,1004611,2490167,301,0.0001208608,2006961,483507,0.805857
2,13152773,10430338,2722435,1492629,1016428,2508619,438,0.0001745676,2025777,483193,0.8074138
3,13144178,10394904,2749274,1493736,1009391,2502778,349,0.0001394256,2018539,484585,0.8064079
