pid,execution_cycles,compute_cycles,idle_cycles,loads,stores,hit_count,miss_count,miss_rate,private,shared,private_rate
0,16218720,10430314,5788406,1489888,1007461,2464106,33243,0.01331132,2032290,461894,0.8148116
1,16128864,10383276,5745588,1485857,1004611,2457588,32880,0.01320234,2028234,459176,0.8154
2,16387466,10430338,5957128,1492629,1016428,2474228,34829,0.01388131,2047832,457272,0.8174639
3,16209284,10394904,5814380,1493736,1009391,2469680,33447,0.01336209,2037188,462732,0.8149013
