pid,execution_cycles,compute_cycles,idle_cycles,loads,stores,hit_count,miss_count,miss_rate,private,shared,private_rate
0,30778848,10430314,20348534,1489888,1007461,2317034,180315,0.07220256,2108550,345271,0.8592925
1,30340710,10383276,19957434,1485857,1004611,2314034,176434,0.07084371,2094988,350508,0.856672
2,30825131,10430338,20394793,1492629,1016428,2328393,180664,0.07200474,2121366,343904,0.8605005
3,30469937,10394904,20075033,1493736,1009391,2325633,177494,0.07090891,2106710,351146,0.8571332
