pid,execution_cycles,compute_cycles,idle_cycles,loads,stores,hit_count,miss_count,miss_rate,private,shared,private_rate
0,18662933,10430314,8232619,1489888,1007461,2440087,57262,0.02292911,2037647,455361,0.8173447
1,18380621,10383276,7997345,1485857,1004611,2435513,54955,0.02206613,2030358,454648,0.8170435
2,18795913,10430338,8365575,1492629,1016428,2450383,58674,0.02338488,2049587,454696,0.8184327
3,18438478,10394904,8043574,1493736,1009391,2447758,55369,0.02211993,2041401,456134,0.8173663
