pid,execution_cycles,compute_cycles,idle_cycles,loads,stores,hit_count,miss_count,miss_rate,private,shared,private_rate
0,13095547,10430314,2665233,1489888,1007461,2496369,980,0.0003924161,2022878,474325,0.8100575
1,13022147,10383276,2638871,1485857,1004611,2489639,829,0.0003328692,2018194,472176,0.8103993
2,13189233,10430338,2758895,1492629,1016428,2506987,2070,0.0008250111,2035278,473236,0.8113481
3,13080966,10394904,2686062,1493736,1009391,2501970,1157,0.0004622219,2027605,475356,0.8100825
