pid,execution_cycles,compute_cycles,idle_cycles,loads,stores,hit_count,miss_count,miss_rate,private,shared,private_rate
0,15130305,10430314,4699991,1489888,1007461,2483801,13548,0.005424953,2017383,477050,0.8087541
1,15022587,10383276,4639311,1485857,1004611,2477841,12627,0.005070131,2016139,472129,0.810258
2,15926735,10430338,5496397,1492629,1016428,2487793,21264,0.008474897,2033349,467112,0.8131896
3,15064621,10394904,4669717,1493736,1009391,2489940,13187,0.005268211,2022379,478287,0.8087362
