pid,execution_cycles,compute_cycles,idle_cycles,loads,stores,hit_count,miss_count,miss_rate,private,shared,private_rate
0,13152789,10430314,2722475,1489888,1007461,2495075,2274,0.0009105656,2022918,474108,0.8101309
1,13058676,10383276,2675400,1485857,1004611,2488600,1868,0.0007500598,2017400,472871,0.8101126
2,13356680,10430338,2926342,1492629,1016428,2504842,4215,0.001679914,2033757,473584,0.811121
3,13106723,10394904,2711819,1493736,1009391,2501019,2108,0.0008421466,2027684,475200,0.810139
