pid,execution_cycles,compute_cycles,idle_cycles,loads,stores,hit_count,miss_count,miss_rate,private,shared,private_rate
0,13385736,10430314,2955422,1489888,1007461,2492722,4627,0.001852765,2022427,474369,0.8100089
1,13259745,10383276,2876469,1485857,1004611,2486569,3899,0.001565569,2017170,473007,0.8100509
2,13920584,10430338,3490246,1492629,1016428,2499146,9911,0.00395009,2030189,473522,0.8108719
3,13313633,10394904,2918729,1493736,1009391,2498929,4198,0.001677102,2026999,475764,0.8099045
