pid,execution_cycles,compute_cycles,idle_cycles,loads,stores,hit_count,miss_count,miss_rate,private,shared,private_rate
0,13079925,10430314,2649611,1489888,1007461,2495811,1538,0.0006158531,2023229,474120,0.8101507
1,13002543,10383276,2619267,1485857,1004611,2489167,1301,0.0005223918,2017407,473061,0.8100514
2,13343909,10430338,2913571,1492629,1016428,2504971,4086,0.0016285,2033519,473736,0.8110539
3,13040096,10394904,2645192,1493736,1009391,2501692,1435,0.0005732829,2027821,475306,0.8101151
