pid,execution_cycles,compute_cycles,idle_cycles,loads,stores,hit_count,miss_count,miss_rate,private,shared,private_rate
0,17243347,10430314,6813033,1489888,1007461,2461364,35985,0.01440928,2015686,472488,0.8101065
1,17119334,10383276,6736058,1485857,1004611,2455468,35000,0.01405358,2012876,469166,0.8109758
2,18029113,10430338,7598775,1492629,1016428,2465337,43720,0.01742487,2025733,468479,0.8121735
3,17197184,10394904,6802280,1493736,1009391,2467300,35827,0.0143129,2020221,474141,0.8099149
