pid,execution_cycles,compute_cycles,idle_cycles,loads,stores,hit_count,miss_count,miss_rate,private,shared,private_rate
0,30920220,10430314,20489906,1489888,1007461,2317034,180315,0.07220256,2108051,345743,0.8590986
1,30464031,10383276,20080755,1485857,1004611,2314039,176429,0.07084171,2095696,349776,0.8569699
2,30933866,10430338,20503528,1492629,1016428,2328396,180661,0.07200355,2123420,341813,0.8613466
3,30595502,10394904,20200598,1493736,1009391,2325634,177493,0.07090851,2106940,350885,0.8572376
