pid,execution_cycles,compute_cycles,idle_cycles,loads,stores,hit_count,miss_count,miss_rate,private,shared,private_rate
0,157916529,10430314,147486215,1489888,1007461,1032815,1464534,0.5864355,1845529,17844,0.9904238
1,157532346,10383276,147149070,1485857,1004611,1029270,1461198,0.5867162,1841387,16680,0.9910229
2,158532557,10430338,148102219,1492629,1016428,1038419,1470638,0.5861318,1851257,19050,0.9898145
3,158258543,10394904,147863639,1493736,1009391,1034839,1468288,0.5865815,1846283,21476,0.9885017
