pid,execution_cycles,compute_cycles,idle_cycles,loads,stores,hit_count,miss_count,miss_rate,private,shared,private_rate
0,127914421,10430314,117484107,1489888,1007461,1330813,1166536,0.4671097,1959774,83708,0.9590366
1,127566848,10383276,117183572,1485857,1004611,1327083,1163385,0.4671351,1948226,89579,0.9560414
2,128374126,10430338,117943788,1492629,1016428,1337854,1171203,0.4667901,1965750,86326,0.9579324
3,128160271,10394904,117765367,1493736,1009391,1333912,1169215,0.4671017,1960676,87588,0.9572379
