pid,execution_cycles,compute_cycles,idle_cycles,loads,stores,hit_count,miss_count,miss_rate,private,shared,private_rate
0,13429512,10430314,2999198,1489888,1007461,2492234,5115,0.002048172,2022742,473454,0.8103298
1,13308240,10383276,2924964,1485857,1004611,2486052,4416,0.001773161,2020939,468816,0.811702
2,13923014,10430338,3492676,1492629,1016428,2499068,9989,0.003981177,2035265,469464,0.8125689
3,13398020,10394904,3003116,1493736,1009391,2498052,5075,0.002027464,2027229,474950,0.8101854
