pid,execution_cycles,compute_cycles,idle_cycles,loads,stores,hit_count,miss_count,miss_rate,private,shared,private_rate
0,13153449,10430314,2723135,1489888,1007461,2497047,302,0.0001209282,2012788,484561,0.8059699
1,13091412,10383276,2708136,1485857,1004611,2490164,304,0.0001220654,2007320,483144,0.8060024
2,13169735,10430338,2739397,1492629,1016428,2508569,488,0.0001944954,2026467,482485,0.8076946
3,13145993,10394904,2751089,1493736,1009391,2502769,358,0.0001430211,2018705,484417,0.8064749
