pid,execution_cycles,compute_cycles,idle_cycles,loads,stores,hit_count,miss_count,miss_rate,private,shared,private_rate
0,14062676,10430314,3632362,1489888,1007461,2495880,1469,0.0005882238,1830054,667295,0.7327987
1,13984587,10383276,3601311,1485857,1004611,2489242,1226,0.000492277,1144908,1345560,0.459716
2,14330260,10430338,3899922,1492629,1016428,2505024,4033,0.001607377,2030666,476546,0.8099299
3,14026913,10394904,3632009,1493736,1009391,2501777,1350,0.0005393254,1988578,514549,0.7944375
