pid,execution_cycles,compute_cycles,idle_cycles,loads,stores,hit_count,miss_count,miss_rate,private,shared,private_rate
0,166608174,10430314,156177860,1489888,1007461,934713,1562636,0.6257179,1808722,51779,0.9721693
1,166097536,10383276,155714260,1485857,1004611,932217,1558251,0.625686,1819260,36251,0.9804631
2,167197342,10430338,156767004,1492629,1016428,940462,1568595,0.6251731,1828703,38730,0.9792603
3,166864426,10394904,156469522,1493736,1009391,937288,1565839,0.6255532,1815480,49656,0.9733767
