pid,execution_cycles,compute_cycles,idle_cycles,loads,stores,hit_count,miss_count,miss_rate,private,shared,private_rate
0,14435235,10430314,4004921,1489888,1007461,2482121,15228,0.006097666,2022523,474062,0.8101158
1,14348943,10383276,3965667,1485857,1004611,2475567,14901,0.005983213,2016784,472751,0.8101047
2,14761193,10430338,4330855,1492629,1016428,2490655,18402,0.00733423,2032512,473477,0.8110618
3,14404712,10394904,4009808,1493736,1009391,2487908,15219,0.006079995,2026892,475238,0.8100666
