pid,execution_cycles,compute_cycles,idle_cycles,loads,stores,hit_count,miss_count,miss_rate,private,shared,private_rate
0,16463052,10430314,6032738,1489888,1007461,2461638,35711,0.01429956,2021600,468637,0.8118103
1,16358148,10383276,5974872,1485857,1004611,2455272,35196,0.01413228,2018370,465375,0.8126317
2,16966814,10430338,6536476,1492629,1016428,2468376,40681,0.01621366,2032603,466102,0.8134626
3,16449755,10394904,6054851,1493736,1009391,2467251,35876,0.01433247,2026222,469962,0.8117278
