pid,execution_cycles,compute_cycles,idle_cycles,loads,stores,hit_count,miss_count,miss_rate,private,shared,private_rate
0,108921033,10430314,98490719,1489888,1007461,1527719,969630,0.3882637,2042655,52122,0.9751181
1,108626115,10383276,98242839,1485857,1004611,1523263,967205,0.3883627,2046060,42742,0.9795376
2,109307813,10430338,98877475,1492629,1016428,1535631,973426,0.3879649,2056098,47658,0.9773462
3,109128932,10394904,98734028,1493736,1009391,1531096,972031,0.3883267,2051610,47902,0.9771842
