pid,execution_cycles,compute_cycles,idle_cycles,loads,stores,hit_count,miss_count,miss_rate,private,shared,private_rate
0,13212037,10430314,2781723,1489888,1007461,2494447,2902,0.001162032,2022858,473853,0.8102091
1,13107213,10383276,2723937,1485857,1004611,2488085,2383,0.0009568483,2019573,470532,0.8110393
2,13510383,10430338,3080045,1492629,1016428,2503229,5828,0.002322785,2034246,472482,0.8115145
3,13168354,10394904,2773450,1493736,1009391,2500358,2769,0.001106216,2027458,475187,0.8101261
