pid,execution_cycles,compute_cycles,idle_cycles,loads,stores,hit_count,miss_count,miss_rate,private,shared,private_rate
0,14169095,10430314,3738781,1489888,1007461,2494719,2630,0.001053117,2018819,478002,0.8085558
1,14098294,10383276,3715018,1485857,1004611,2488172,2296,0.0009219151,2014531,475614,0.8090015
2,14420197,10430338,3989859,1492629,1016428,2503998,5059,0.002016295,2030746,476250,0.8100316
3,14131833,10394904,3736929,1493736,1009391,2500644,2483,0.0009919593,2023129,479619,0.808363
