pid,execution_cycles,compute_cycles,idle_cycles,loads,stores,hit_count,miss_count,miss_rate,private,shared,private_rate
0,17363358,10430314,6933044,1489888,1007461,2452544,44805,0.01794102,2012688,462387,0.8131826
1,21738897,10383276,11355621,1485857,1004611,2400921,89547,0.03595589,1966513,479368,0.8040101
2,13030871,10430338,2600533,1492629,1016428,2508133,924,0.0003682658,2026853,482007,0.8078781
3,17356496,10394904,6961592,1493736,1009391,2458092,45035,0.0179915,2018842,461926,0.8137972
