pid,execution_cycles,compute_cycles,idle_cycles,loads,stores,hit_count,miss_count,miss_rate,private,shared,private_rate
0,13846482,10430314,3416168,1489888,1007461,2488068,9281,0.003716341,2022118,473053,0.8104126
1,13690989,10383276,3307713,1485857,1004611,2482213,8255,0.003314638,2021887,467164,0.8123124
2,14700308,10430338,4269970,1492629,1016428,2491270,17787,0.007089118,2038002,462778,0.8149465
3,13829720,10394904,3434816,1493736,1009391,2493716,9411,0.003759697,2026777,474444,0.810315
