pid,execution_cycles,compute_cycles,idle_cycles,loads,stores,hit_count,miss_count,miss_rate,private,shared,private_rate
0,37731320,10430314,27301006,1489888,1007461,2232805,264544,0.1059299,2091014,321236,0.8668314
1,37572991,10383276,27189715,1485857,1004611,2227007,263461,0.1057877,2086040,319862,0.8670511
2,38239321,10430338,27808983,1492629,1016428,2239169,269888,0.1075655,2100769,319859,0.8678612
3,37769970,10394904,27375066,1493736,1009391,2237732,265395,0.1060254,2094216,323689,0.8661283
