pid,execution_cycles,compute_cycles,idle_cycles,loads,stores,hit_count,miss_count,miss_rate,private,shared,private_rate
0,53527023,10430314,43096709,1489888,1007461,2087253,410096,0.1642125,2236661,142062,0.940278
1,53342415,10383276,42959139,1485857,1004611,2081691,408777,0.1641366,2222999,149379,0.9370341
2,53777426,10430338,43347088,1492629,1016428,2096548,412509,0.164408,2244563,144741,0.9394213
3,53609621,10394904,43214717,1493736,1009391,2091897,411230,0.1642865,2240841,143494,0.939818
