pid,execution_cycles,compute_cycles,idle_cycles,loads,stores,hit_count,miss_count,miss_rate,private,shared,private_rate
0,13073136,10430314,2642822,1489888,1007461,2495810,1539,0.0006162535,2023235,474114,0.8101531
1,12989523,10383276,2606247,1485857,1004611,2489167,1301,0.0005223918,2017346,473122,0.8100269
2,13326200,10430338,2895862,1492629,1016428,2504970,4087,0.001628899,2033506,473730,0.8110549
3,13028885,10394904,2633981,1493736,1009391,2501689,1438,0.0005744814,2027855,475272,0.8101287
