pid,execution_cycles,compute_cycles,idle_cycles,loads,stores,hit_count,miss_count,miss_rate,private,shared,private_rate
0,14012878,10430314,3582564,1489888,1007461,2497096,253,0.0001013074,2012202,485121,0.8057436
1,13926453,10383276,3543177,1485857,1004611,2490290,178,7.147251e-05,2004566,485888,0.8048998
2,14107834,10430338,3677496,1492629,1016428,2508340,717,0.0002857647,2023956,484831,0.8067468
3,13965557,10394904,3570653,1493736,1009391,2502860,267,0.0001066666,2016819,486278,0.8057295
