pid,execution_cycles,compute_cycles,idle_cycles,loads,stores,hit_count,miss_count,miss_rate,private,shared,private_rate
0,13120515,10430314,2690201,1489888,1007461,2495401,1948,0.0007800271,2022628,474322,0.8100394
1,13039569,10383276,2656293,1485857,1004611,2488793,1675,0.0006725644,2019550,470659,0.8109962
2,13366085,10430338,2935747,1492629,1016428,2504747,4310,0.001717777,2035263,472300,0.8116498
3,13111871,10394904,2716967,1493736,1009391,2500967,2160,0.0008629207,2027610,475148,0.8101502
