pid,execution_cycles,compute_cycles,idle_cycles,loads,stores,hit_count,miss_count,miss_rate,private,shared,private_rate
0,34453746,10430314,24023432,1489888,1007461,2279872,217477,0.08708314,2024598,396124,0.8363612
1,34310112,10383276,23926836,1485857,1004611,2273900,216568,0.08695876,2019517,394972,0.8364159
2,35343198,10430338,24912860,1492629,1016428,2282716,226341,0.09020959,2032369,393765,0.8376986
3,34536084,10394904,24141180,1493736,1009391,2284532,218595,0.08732877,2024109,402184,0.8342393
