pid,execution_cycles,compute_cycles,idle_cycles,loads,stores,hit_count,miss_count,miss_rate,private,shared,private_rate
0,32026014,10430314,21595700,1489888,1007461,2304444,192905,0.07724391,2216394,253320,0.8974294
1,31889828,10383276,21506552,1485857,1004611,2298392,192076,0.07712446,2206071,257109,0.8956191
2,32325851,10430338,21895513,1492629,1016428,2313241,195816,0.07804366,2223981,256261,0.896679
3,32059817,10394904,21664913,1493736,1009391,2309577,193550,0.07732328,2219257,256077,0.8965485
