pid,execution_cycles,compute_cycles,idle_cycles,loads,stores,hit_count,miss_count,miss_rate,private,shared,private_rate
0,70821449,10430314,60391135,1489888,1007461,1891873,605476,0.2424475,2043712,180651,0.9187853
1,70614836,10383276,60231560,1485857,1004611,1886487,603981,0.2425171,2029639,188516,0.9150123
2,71271707,10430338,60841369,1492629,1016428,1899076,609981,0.2431117,2051643,181474,0.9187351
3,70952257,10394904,60557353,1493736,1009391,1895773,607354,0.2426381,2035071,194339,0.9128294
