pid,execution_cycles,compute_cycles,idle_cycles,loads,stores,hit_count,miss_count,miss_rate,private,shared,private_rate
0,20246046,10430314,9815732,1489888,1007461,2460224,37125,0.01486576,2027871,463421,0.8139837
1,20221395,10383276,9838119,1485857,1004611,2452981,37487,0.01505219,2022935,461461,0.8142563
2,20587662,10430338,10157324,1492629,1016428,2469833,39224,0.01563296,2040584,461879,0.8154302
3,20311364,10394904,9916460,1493736,1009391,2465732,37395,0.01493931,2030914,466043,0.8133556
