pid,execution_cycles,compute_cycles,idle_cycles,loads,stores,hit_count,miss_count,miss_rate,private,shared,private_rate
0,13096062,10430314,2665748,1489888,1007461,2495648,1701,0.0006811223,2022273,474764,0.8098691
1,13018878,10383276,2635602,1485857,1004611,2489002,1466,0.0005886444,2018884,471389,0.8107079
2,13289261,10430338,2858923,1492629,1016428,2505523,3534,0.001408497,2034216,473599,0.8111507
3,13064747,10394904,2669843,1493736,1009391,2501443,1684,0.0006727585,2027631,475240,0.8101221
