pid,execution_cycles,compute_cycles,idle_cycles,loads,stores,hit_count,miss_count,miss_rate,private,shared,private_rate
0,13214070,10430314,2783756,1489888,1007461,2494456,2893,0.001158428,2022976,473751,0.8102512
1,13117383,10383276,2734107,1485857,1004611,2488007,2461,0.0009881677,2019733,470362,0.8111068
2,13520030,10430338,3089692,1492629,1016428,2503192,5865,0.002337532,2034391,472349,0.8115684
3,13182161,10394904,2787257,1493736,1009391,2500257,2870,0.001146566,2027296,475347,0.810062
