pid,execution_cycles,compute_cycles,idle_cycles,loads,stores,hit_count,miss_count,miss_rate,private,shared,private_rate
0,14062676,10430314,3632362,1489888,1007461,2495880,1469,0.0005882238,1846938,650411,0.7395594
1,13984503,10383276,3601227,1485857,1004611,2489242,1226,0.000492277,1305653,1184815,0.5242601
2,14331309,10430338,3900971,1492629,1016428,2505027,4030,0.001606181,2030678,476540,0.8099328
3,14026913,10394904,3632009,1493736,1009391,2501777,1350,0.0005393254,1988450,514677,0.7943864
