pid,execution_cycles,compute_cycles,idle_cycles,loads,stores,hit_count,miss_count,miss_rate,private,shared,private_rate
0,72999644,10430314,62569330,1489888,1007461,1871652,625697,0.2505445,2151010,133003,0.9417678
1,72751088,10383276,62367812,1485857,1004611,1866878,623590,0.2503907,2148026,129797,0.9430171
2,73270464,10430338,62840126,1492629,1016428,1880613,628444,0.2504702,2168056,125895,0.9451187
3,73091708,10394904,62696804,1493736,1009391,1875980,627147,0.2505454,2156624,132660,0.9420518
