pid,execution_cycles,compute_cycles,idle_cycles,loads,stores,hit_count,miss_count,miss_rate,private,shared,private_rate
0,12958947,10430314,2528633,1489888,1007461,2497033,316,0.0001265342,2012625,484717,0.8059068
1,12905424,10383276,2522148,1485857,1004611,2490148,320,0.0001284899,2007025,483429,0.8058872
2,12996716,10430338,2566378,1492629,1016428,2508478,579,0.000230764,2025757,483204,0.8074087
3,12933275,10394904,2538371,1493736,1009391,2502771,356,0.0001422221,2019010,484115,0.8065958
