pid,execution_cycles,compute_cycles,idle_cycles,loads,stores,hit_count,miss_count,miss_rate,private,shared,private_rate
0,165641752,10430314,155211438,1489888,1007461,947030,1550319,0.6207859,1809408,58440,0.9687127
1,165218937,10383276,154835661,1485857,1004611,944403,1546065,0.620793,1816319,46514,0.9750305
2,166236510,10430338,155806172,1492629,1016428,952662,1556395,0.6203107,1819939,54842,0.9707475
3,165938381,10394904,155543477,1493736,1009391,949520,1553607,0.6206665,1818558,53940,0.9711936
