pid,execution_cycles,compute_cycles,idle_cycles,loads,stores,hit_count,miss_count,miss_rate,private,shared,private_rate
0,13025277,10430314,2594963,1489888,1007461,2496363,986,0.0003948187,2022962,474247,0.8100892
1,12956013,10383276,2572737,1485857,1004611,2489637,831,0.0003336722,2017894,472481,0.8102772
2,13145414,10430338,2715076,1492629,1016428,2506976,2081,0.0008293953,2035261,473286,0.8113306
3,13012772,10394904,2617868,1493736,1009391,2501968,1159,0.0004630209,2027644,475333,0.8100929
