pid,execution_cycles,compute_cycles,idle_cycles,loads,stores,hit_count,miss_count,miss_rate,private,shared,private_rate
0,15711821,10430314,5281507,1489888,1007461,2484720,12629,0.005056962,2019024,476474,0.8090666
1,15375499,10383276,4992223,1485857,1004611,2479459,11009,0.004420454,2008702,479390,0.8073263
2,15554934,10430338,5124596,1492629,1016428,2497821,11236,0.004478176,2028809,478623,0.8091183
3,15102451,10394904,4707547,1493736,1009391,2494705,8422,0.003364592,2021657,479851,0.8081753
