pid,execution_cycles,compute_cycles,idle_cycles,loads,stores,hit_count,miss_count,miss_rate,private,shared,private_rate
0,14088964,10430314,3658650,1489888,1007461,2495651,1698,0.000679921,2019897,477101,0.8089302
1,14015959,10383276,3632683,1485857,1004611,2489046,1422,0.000570977,2016255,474007,0.8096558
2,14290030,10430338,3859692,1492629,1016428,2505467,3590,0.001430816,2031231,476527,0.8099789
3,14060263,10394904,3665359,1493736,1009391,2501465,1662,0.0006639695,2024662,478204,0.8089374
