pid,execution_cycles,compute_cycles,idle_cycles,loads,stores,hit_count,miss_count,miss_rate,private,shared,private_rate
0,13086855,10430314,2656541,1489888,1007461,2495741,1608,0.0006438828,2023076,474249,0.8100972
1,13029174,10383276,2645898,1485857,1004611,2488898,1570,0.0006304036,2017328,473078,0.8100398
2,13368065,10430338,2937727,1492629,1016428,2504727,4330,0.001725748,2034450,473771,0.8111127
3,13052273,10394904,2657369,1493736,1009391,2501569,1558,0.0006224215,2027735,475348,0.810095
