pid,execution_cycles,compute_cycles,idle_cycles,loads,stores,hit_count,miss_count,miss_rate,private,shared,private_rate
0,14760059,10430314,4329745,1489888,1007461,2488525,8824,0.003533347,2017858,477443,0.8086632
1,14647236,10383276,4263960,1485857,1004611,2482610,7858,0.00315523,2016319,472816,0.8100481
2,15550973,10430338,5120635,1492629,1016428,2492558,16499,0.006575777,2034823,466484,0.8135039
3,14699653,10394904,4304749,1493736,1009391,2494659,8468,0.003382969,2022636,478873,0.8085663
