pid,execution_cycles,compute_cycles,idle_cycles,loads,stores,hit_count,miss_count,miss_rate,private,shared,private_rate
0,14208540,10430314,3778226,1489888,1007461,2484382,12967,0.005192306,2027849,468174,0.812432
1,14096646,10383276,3713370,1485857,1004611,2478090,12378,0.00497015,2025005,464562,0.8133965
2,14776082,10430338,4345744,1492629,1016428,2490452,18605,0.007415136,2041900,462310,0.8153869
3,14211656,10394904,3816752,1493736,1009391,2489836,13291,0.005309759,2033379,468505,0.8127391
