pid,execution_cycles,compute_cycles,idle_cycles,loads,stores,hit_count,miss_count,miss_rate,private,shared,private_rate
0,48800250,10430314,38369936,1489888,1007461,2106466,390883,0.1565192,1853349,406618,0.8200779
1,48662985,10383276,38279709,1485857,1004611,2100801,389667,0.1564634,1850334,403554,0.8209521
2,49548772,10430338,39118434,1492629,1016428,2110084,398973,0.1590131,1860162,405793,0.8209174
3,48878156,10394904,38483252,1493736,1009391,2111045,392082,0.1566369,1863693,401460,0.8227669
