pid,execution_cycles,compute_cycles,idle_cycles,loads,stores,hit_count,miss_count,miss_rate,private,shared,private_rate
0,13050596,10430314,2620282,1489888,1007461,2497002,347,0.0001389473,2018046,479303,0.8080753
1,12991286,10383276,2608010,1485857,1004611,2490138,330,0.0001325052,2012262,478206,0.8079855
2,13066843,10430338,2636505,1492629,1016428,2508577,480,0.0001913069,2030648,478375,0.8093381
3,13026489,10394904,2631585,1493736,1009391,2502745,382,0.0001526091,2023296,479831,0.8083074
