pid,execution_cycles,compute_cycles,idle_cycles,loads,stores,hit_count,miss_count,miss_rate,private,shared,private_rate
0,13771044,10430314,3340730,1489888,1007461,2488830,8519,0.003411217,2021694,474071,0.8100498
1,13635747,10383276,3252471,1485857,1004611,2482771,7697,0.003090584,2018661,470772,0.8108919
2,14400734,10430338,3970396,1492629,1016428,2494296,14761,0.005883087,2029743,472704,0.8111033
3,13689338,10394904,3294434,1493736,1009391,2495134,7993,0.003193206,2026748,475229,0.8100586
