pid,execution_cycles,compute_cycles,idle_cycles,loads,stores,hit_count,miss_count,miss_rate,private,shared,private_rate
0,13980406,10430314,3550092,1489888,1007461,2496940,409,0.0001637737,548695,1948639,0.2197123
1,13912077,10383276,3528801,1485857,1004611,2490159,309,0.0001240731,1523894,966569,0.6118918
2,14050828,10430338,3620490,1492629,1016428,2508146,911,0.0003630846,2029524,479273,0.808963
3,13946234,10394904,3551330,1493736,1009391,2502762,365,0.0001458176,2010844,492270,0.803337
