pid,execution_cycles,compute_cycles,idle_cycles,loads,stores,hit_count,miss_count,miss_rate,private,shared,private_rate
0,13296636,10430314,2866322,1489888,1007461,2493622,3727,0.001492383,2022789,474113,0.8101195
1,13192821,10383276,2809545,1485857,1004611,2487245,3223,0.001294134,2017346,472801,0.8101313
2,13615070,10430338,3184732,1492629,1016428,2502232,6825,0.002720145,2032447,473613,0.8110129
3,13252154,10394904,2857250,1493736,1009391,2499550,3577,0.001429013,2027464,475273,0.8100987
