pid,execution_cycles,compute_cycles,idle_cycles,loads,stores,hit_count,miss_count,miss_rate,private,shared,private_rate
0,78441345,10430314,68011031,1489888,1007461,1811412,685937,0.2746661,1961333,207605,0.9042826
1,78265884,10383276,67882608,1485857,1004611,1805591,684877,0.2749993,1942758,220046,0.8982589
2,79208626,10430338,68778288,1492629,1016428,1814774,694283,0.2767107,1974764,200081,0.9080022
3,78645390,10394904,68250486,1493736,1009391,1814376,688751,0.2751562,1956904,216818,0.900255
