pid,execution_cycles,compute_cycles,idle_cycles,loads,stores,hit_count,miss_count,miss_rate,private,shared,private_rate
0,13129227,10430314,2698913,1489888,1007461,2496685,664,0.0002658819,2022321,474924,0.8098208
1,13070226,10383276,2686950,1485857,1004611,2489874,594,0.0002385094,2017124,473275,0.8099602
2,13213295,10430338,2782957,1492629,1016428,2507541,1516,0.0006042111,2034649,474013,0.8110495
3,13155233,10394904,2760329,1493736,1009391,2502237,890,0.0003555553,2027215,475779,0.809916
