pid,execution_cycles,compute_cycles,idle_cycles,loads,stores,hit_count,miss_count,miss_rate,private,shared,private_rate
0,133740481,10430314,123310167,1489888,1007461,1277011,1220338,0.4886534,1879085,37513,0.9804273
1,133458791,10383276,123075515,1485857,1004611,1272427,1218041,0.4890812,1869312,41576,0.9782426
2,134399687,10430338,123969349,1492629,1016428,1282177,1226880,0.4889805,1874945,48373,0.9748492
3,134084560,10394904,123689656,1493736,1009391,1279016,1224111,0.4890327,1871714,49093,0.9744415
