pid,execution_cycles,compute_cycles,idle_cycles,loads,stores,hit_count,miss_count,miss_rate,private,shared,private_rate
0,58133928,10430314,47703614,1489888,1007461,2298527,198822,0.07961322,2179469,269183,0.8900689
1,57908936,10383276,47525660,1485857,1004611,2292330,198138,0.07955854,2167602,274317,0.8876634
2,58286041,10430338,47855703,1492629,1016428,2308697,200360,0.0798547,2188839,270916,0.8898606
3,58242972,10394904,47848068,1493736,1009391,2303617,199510,0.07970431,2185082,269142,0.8903352
