pid,execution_cycles,compute_cycles,idle_cycles,loads,stores,hit_count,miss_count,miss_rate,private,shared,private_rate
0,13275630,10430314,2845316,1489888,1007461,2493768,3581,0.001433921,2022813,474095,0.8101272
1,13149384,10383276,2766108,1485857,1004611,2487576,2892,0.001161228,2017373,472820,0.8101272
2,13579712,10430338,3149374,1492629,1016428,2502478,6579,0.002622101,2032473,473594,0.811021
3,13199669,10394904,2804765,1493736,1009391,2499997,3130,0.001250436,2027568,475237,0.8101182
