pid,execution_cycles,compute_cycles,idle_cycles,loads,stores,hit_count,miss_count,miss_rate,private,shared,private_rate
0,13255353,10430314,2825039,1489888,1007461,2493947,3402,0.001362245,2022802,474374,0.8100358
1,13228397,10383276,2845121,1485857,1004611,2486697,3771,0.001514173,2016815,473249,0.809945
2,13749734,10430338,3319396,1492629,1016428,2500632,8425,0.003357835,2032000,473664,0.8109627
3,13263476,10394904,2868572,1493736,1009391,2499260,3867,0.001544868,2027169,475689,0.8099417
