pid,execution_cycles,compute_cycles,idle_cycles,loads,stores,hit_count,miss_count,miss_rate,private,shared,private_rate
0,97281189,10430314,86850875,1489888,1007461,1645283,852066,0.3411882,2113741,25669,0.9880018
1,96985764,10383276,86602488,1485857,1004611,1640844,849624,0.3411503,2103253,30171,0.9858579
2,97808618,10430338,87378280,1492629,1016428,1651776,857281,0.3416746,2120172,27590,0.9871541
3,97460066,10394904,87065162,1493736,1009391,1648954,854173,0.3412424,2119628,24646,0.9885061
