pid,execution_cycles,compute_cycles,idle_cycles,loads,stores,hit_count,miss_count,miss_rate,private,shared,private_rate
0,13010866,10430314,2580552,1489888,1007461,2496444,905,0.0003623843,2023090,474259,0.810095
1,12941263,10383276,2557987,1485857,1004611,2489707,761,0.0003055651,2017226,473242,0.8099787
2,13151180,10430338,2720842,1492629,1016428,2506790,2267,0.0009035267,2034892,473869,0.8111143
3,12976880,10394904,2581976,1493736,1009391,2502244,883,0.0003527588,2027788,475336,0.8101029
