pid,execution_cycles,compute_cycles,idle_cycles,loads,stores,hit_count,miss_count,miss_rate,private,shared,private_rate
0,61176566,10430314,50746252,1489888,1007461,2307279,190070,0.07610871,2070638,370768,0.8481334
1,68819727,10383276,58436451,1485857,1004611,2276375,214093,0.08596497,2078315,354492,0.8542868
2,80781915,10430338,70351577,1492629,1016428,2307418,201639,0.08036446,2123908,336726,0.8631548
3,64500794,10394904,54105890,1493736,1009391,2338315,164812,0.06584244,2095765,361003,0.8530578
