pid,execution_cycles,compute_cycles,idle_cycles,loads,stores,hit_count,miss_count,miss_rate,private,shared,private_rate
0,13411872,10430314,2981558,1489888,1007461,2492458,4891,0.001958477,2022454,474379,0.8100077
1,13259646,10383276,2876370,1485857,1004611,2486570,3898,0.001565168,2017059,473131,0.810002
2,13936820,10430338,3506482,1492629,1016428,2498982,10075,0.004015453,2030127,473565,0.8108533
3,13332245,10394904,2937341,1493736,1009391,2498741,4386,0.001752208,2026959,475785,0.8098947
