pid,execution_cycles,compute_cycles,idle_cycles,loads,stores,hit_count,miss_count,miss_rate,private,shared,private_rate
0,12986676,10430314,2556362,1489888,1007461,2496994,355,0.0001421507,2020313,477036,0.808983
1,12929049,10383276,2545773,1485857,1004611,2490141,327,0.0001313006,2014576,475892,0.8089146
2,13019057,10430338,2588719,1492629,1016428,2508443,614,0.0002447135,2032652,476230,0.8101824
3,12964562,10394904,2569658,1493736,1009391,2502726,401,0.0001601996,2025575,477552,0.8092178
