pid,execution_cycles,compute_cycles,idle_cycles,loads,stores,hit_count,miss_count,miss_rate,private,shared,private_rate
0,14061901,10430314,3631587,1489888,1007461,2495680,1669,0.0006683087,52387,2444932,0.0209773
1,13969945,10383276,3586669,1485857,1004611,2489309,1159,0.0004653744,1657579,832848,0.6655802
2,14205851,10430338,3775513,1492629,1016428,2506151,2906,0.001158204,2031623,477009,0.8098529
3,13991084,10394904,3596180,1493736,1009391,2502144,983,0.0003927088,32564,2470530,0.0130095
