pid,execution_cycles,compute_cycles,idle_cycles,loads,stores,hit_count,miss_count,miss_rate,private,shared,private_rate
0,14134122,10430314,3703808,1489888,1007461,2495138,2211,0.0008853388,2013463,483542,0.8063512
1,14046469,10383276,3663193,1485857,1004611,2488632,1836,0.0007372108,2002031,488231,0.8039439
2,14347073,10430338,3916735,1492629,1016428,2504875,4182,0.001666762,2030562,476756,0.8098542
3,14100158,10394904,3705254,1493736,1009391,2501044,2083,0.0008321591,2015983,486888,0.8054682
