pid,execution_cycles,compute_cycles,idle_cycles,loads,stores,hit_count,miss_count,miss_rate,private,shared,private_rate
0,14344959,10430314,3914645,1489888,1007461,2492853,4496,0.001800309,1997025,499631,0.7998799
1,14213732,10383276,3830456,1485857,1004611,2486815,3653,0.001466793,1912980,577180,0.7682157
2,14884276,10430338,4453938,1492629,1016428,2499234,9823,0.003915017,2027868,475773,0.8099676
3,14274615,10394904,3879711,1493736,1009391,2499135,3992,0.001594805,1997518,505204,0.7981382
