pid,execution_cycles,compute_cycles,idle_cycles,loads,stores,hit_count,miss_count,miss_rate,private,shared,private_rate
0,12982860,10430314,2552546,1489888,1007461,2496750,599,0.0002398543,2022225,475124,0.8097487
1,12921876,10383276,2538600,1485857,1004611,2489936,532,0.0002136145,2016518,473950,0.8096944
2,13074242,10430338,2643904,1492629,1016428,2507648,1409,0.0005615656,2034029,474391,0.8108806
3,12952724,10394904,2557820,1493736,1009391,2502536,591,0.0002361047,2027347,475780,0.8099257
