pid,execution_cycles,compute_cycles,idle_cycles,loads,stores,hit_count,miss_count,miss_rate,private,shared,private_rate
0,13790943,10430314,3360629,1489888,1007461,2488629,8720,0.003491703,2021530,473959,0.8100737
1,13642380,10383276,3259104,1485857,1004611,2482704,7764,0.003117486,2019201,470106,0.8111499
2,14478548,10430338,4048210,1492629,1016428,2493510,15547,0.006196352,2029377,472581,0.8111155
3,13697357,10394904,3302453,1493736,1009391,2495053,8074,0.003225565,2026930,474914,0.8101744
