pid,execution_cycles,compute_cycles,idle_cycles,loads,stores,hit_count,miss_count,miss_rate,private,shared,private_rate
0,64323612,10430314,53893298,1489888,1007461,1978198,519151,0.2078808,2064227,211870,0.9069152
1,64120401,10383276,53737125,1485857,1004611,1972825,517643,0.2078497,2051135,219015,0.903524
2,65158628,10430338,54728290,1492629,1016428,1981590,527467,0.2102252,2037908,243982,0.893079
3,64469012,10394904,54074108,1493736,1009391,1982208,520919,0.2081073,2073251,208182,0.9087495
