pid,execution_cycles,compute_cycles,idle_cycles,loads,stores,hit_count,miss_count,miss_rate,private,shared,private_rate
0,128374708,10430314,117944394,1489888,1007461,1313282,1184067,0.4741296,1828383,87139,0.954509
1,128070647,10383276,117687371,1485857,1004611,1308881,1181587,0.4744438,1828090,81837,0.9571518
2,129031037,10430338,118600699,1492629,1016428,1318476,1190581,0.4745133,1817142,105181,0.9452844
3,128681109,10394904,118286205,1493736,1009391,1315600,1187527,0.4744174,1824524,95341,0.9503397
