pid,execution_cycles,compute_cycles,idle_cycles,loads,stores,hit_count,miss_count,miss_rate,private,shared,private_rate
0,13999236,10430314,3568922,1489888,1007461,2497109,240,9.610191e-05,547074,1950233,0.2190656
1,13928180,10383276,3544904,1485857,1004611,2490285,183,7.348017e-05,2004392,486054,0.8048325
2,14098964,10430338,3668626,1492629,1016428,2508413,644,0.0002566701,2024421,484482,0.8068949
3,18369251,10394904,7974347,1493736,1009391,2458249,44878,0.01792877,441594,2039188,0.178006
