pid,execution_cycles,compute_cycles,idle_cycles,loads,stores,hit_count,miss_count,miss_rate,private,shared,private_rate
0,13763025,10430314,3332711,1489888,1007461,2488911,8438,0.003378783,2021764,474116,0.8100405
1,13636044,10383276,3252768,1485857,1004611,2482768,7700,0.003091788,2018508,470932,0.8108281
2,14399348,10430338,3969010,1492629,1016428,2494310,14747,0.005877507,2029180,473260,0.8108806
3,13688051,10394904,3293147,1493736,1009391,2495147,7980,0.003188012,2026766,475224,0.8100616
