pid,execution_cycles,compute_cycles,idle_cycles,loads,stores,hit_count,miss_count,miss_rate,private,shared,private_rate
0,129032863,10430314,118602549,1489888,1007461,1299970,1197379,0.47946,1831762,92153,0.9521013
1,128774709,10383276,118391433,1485857,1004611,1295411,1195057,0.4798524,1817827,100422,0.9476491
2,129712542,10430338,119282204,1492629,1016428,1304983,1204074,0.4798911,1843417,87243,0.9548118
3,129363308,10394904,118968404,1493736,1009391,1302057,1201070,0.4798278,1816623,111578,0.9421336
