pid,execution_cycles,compute_cycles,idle_cycles,loads,stores,hit_count,miss_count,miss_rate,private,shared,private_rate
0,55511214,10430314,45080900,1489888,1007461,2197913,299436,0.1199015,2319769,126661,0.9482262
1,55389341,10383276,45006065,1485857,1004611,2192015,298453,0.1198381,2312644,127200,0.9478655
2,55793686,10430338,45363348,1492629,1016428,2206556,302501,0.1205636,2331903,124906,0.9491593
3,55626405,10394904,45231501,1493736,1009391,2202816,300311,0.1199743,2320324,131757,0.9462673
