pid,execution_cycles,compute_cycles,idle_cycles,loads,stores,hit_count,miss_count,miss_rate,private,shared,private_rate
0,110013522,10430314,99583208,1489888,1007461,1515840,981509,0.3930204,2135972,21428,0.9900677
1,109592746,10383276,99209470,1485857,1004611,1512684,977784,0.3926105,2131479,20297,0.9905673
2,110276826,10430338,99846488,1492629,1016428,1525241,983816,0.3921059,2145135,22376,0.9896766
3,110128205,10394904,99733301,1493736,1009391,1520206,982921,0.3926772,2142336,20327,0.9906009
