pid,execution_cycles,compute_cycles,idle_cycles,loads,stores,hit_count,miss_count,miss_rate,private,shared,private_rate
0,122811786,10430314,112381472,1489888,1007461,1387400,1109949,0.4444509,1906787,38998,0.9799577
1,122522275,10383276,112138999,1485857,1004611,1382895,1107573,0.4447248,1915991,24167,0.9875438
2,123523738,10430338,113093400,1492629,1016428,1392036,1117021,0.4451955,1917198,35226,0.9819578
3,123116774,10394904,112721870,1493736,1009391,1389798,1113329,0.4447753,1919808,30349,0.9844377
