pid,execution_cycles,compute_cycles,idle_cycles,loads,stores,hit_count,miss_count,miss_rate,private,shared,private_rate
0,51252161,10430314,40821847,1489888,1007461,2139942,357407,0.1431146,2224215,159297,0.9331671
1,51075830,10383276,40692554,1485857,1004611,2134443,356025,0.1429551,2218479,158542,0.9333022
2,51582355,10430338,41152017,1492629,1016428,2148909,360148,0.1435392,2232892,161024,0.9327362
3,51306308,10394904,40911404,1493736,1009391,2144729,358398,0.1431801,2232338,156634,0.9344346
