pid,execution_cycles,compute_cycles,idle_cycles,loads,stores,hit_count,miss_count,miss_rate,private,shared,private_rate
0,42577788,10430314,32147474,1489888,1007461,2197878,299471,0.1199156,2302972,143458,0.9413603
1,42427302,10383276,32044026,1485857,1004611,2191974,298494,0.1198546,2287740,152104,0.9376583
2,42892028,10430338,32461690,1492629,1016428,2206554,302503,0.1205644,2320104,136705,0.9443567
3,42631313,10394904,32236409,1493736,1009391,2202805,300322,0.1199787,2309741,142333,0.941954
