pid,execution_cycles,compute_cycles,idle_cycles,loads,stores,hit_count,miss_count,miss_rate,private,shared,private_rate
0,44897570,10430314,34467256,1489888,1007461,2151337,346012,0.1385517,2009829,335065,0.8571087
1,44764476,10383276,34381200,1485857,1004611,2145545,344923,0.1384973,1999541,338967,0.8550499
2,45264773,10430338,34834435,1492629,1016428,2159345,349712,0.1393799,2032614,321941,0.8632689
3,44978551,10394904,34583647,1493736,1009391,2155960,347167,0.1386933,2015659,334598,0.8576334
