pid,execution_cycles,compute_cycles,idle_cycles,loads,stores,hit_count,miss_count,miss_rate,private,shared,private_rate
0,13990566,10430314,3560252,1489888,1007461,2497180,169,6.767176e-05,2013407,483931,0.8062213
1,13921768,10383276,3538492,1485857,1004611,2490329,139,5.58128e-05,2004595,485871,0.8049076
2,14092349,10430338,3662011,1492629,1016428,2508380,677,0.0002698225,2023844,484953,0.806699
3,13945527,10394904,3550623,1493736,1009391,2502950,177,7.071155e-05,2012494,490627,0.8039939
