pid,execution_cycles,compute_cycles,idle_cycles,loads,stores,hit_count,miss_count,miss_rate,private,shared,private_rate
0,13016961,10430314,2586647,1489888,1007461,2496447,902,0.000361183,2023155,474193,0.8101214
1,12948390,10383276,2565114,1485857,1004611,2489714,754,0.0003027543,2017283,473184,0.8100019
2,13171649,10430338,2741311,1492629,1016428,2506711,2346,0.0009350126,2034197,473791,0.8110872
3,12985745,10394904,2590841,1493736,1009391,2502241,886,0.0003539573,2027843,475281,0.8101249
