pid,execution_cycles,compute_cycles,idle_cycles,loads,stores,hit_count,miss_count,miss_rate,private,shared,private_rate
0,14091269,10430314,3660955,1489888,1007461,2495635,1714,0.0006863278,2020146,476856,0.8090286
1,14019046,10383276,3635770,1485857,1004611,2489009,1459,0.0005858337,2016256,474004,0.8096568
2,14293606,10430338,3863268,1492629,1016428,2505433,3624,0.001444367,2031365,476404,0.8100288
3,14070456,10394904,3675552,1493736,1009391,2501358,1769,0.000706716,2024596,478258,0.8089149
