pid,execution_cycles,compute_cycles,idle_cycles,loads,stores,hit_count,miss_count,miss_rate,private,shared,private_rate
0,12982707,10430314,2552393,1489888,1007461,2496749,600,0.0002402548,2022153,475196,0.8097198
1,12921615,10383276,2538339,1485857,1004611,2489935,533,0.000214016,2016470,473998,0.8096751
2,13068968,10430338,2638630,1492629,1016428,2507682,1375,0.0005480147,2034598,474459,0.8109015
3,12952256,10394904,2557352,1493736,1009391,2502536,591,0.0002361047,2027284,475843,0.8099006
