pid,execution_cycles,compute_cycles,idle_cycles,loads,stores,hit_count,miss_count,miss_rate,private,shared,private_rate
0,13320693,10430314,2890379,1489888,1007461,2493379,3970,0.001589686,2022754,474111,0.8101175
1,13239153,10383276,2855877,1485857,1004611,2486777,3691,0.001482051,2017157,472926,0.8100762
2,13636454,10430338,3206116,1492629,1016428,2502016,7041,0.002806234,2032431,473589,0.8110195
3,13282745,10394904,2887841,1493736,1009391,2499241,3886,0.001552458,2027412,475285,0.8100909
