pid,execution_cycles,compute_cycles,idle_cycles,loads,stores,hit_count,miss_count,miss_rate,private,shared,private_rate
0,51404142,10430314,40973828,1489888,1007461,2108860,388489,0.1555606,2321361,93444,0.9613037
1,51216336,10383276,40833060,1485857,1004611,2103244,387224,0.1554824,2318764,89513,0.9628311
2,51569611,10430338,41139273,1492629,1016428,2118961,390096,0.1554751,2342316,83560,0.9655547
3,51459381,10394904,41064477,1493736,1009391,2113685,389442,0.1555822,2330811,89576,0.962991
