pid,execution_cycles,compute_cycles,idle_cycles,loads,stores,hit_count,miss_count,miss_rate,private,shared,private_rate
0,16096640,10430314,5666326,1489888,1007461,2474885,22464,0.008995138,2012600,483457,0.8063117
1,15982666,10383276,5599390,1485857,1004611,2468281,22187,0.008908767,2005429,483752,0.8056582
2,16760434,10430338,6330096,1492629,1016428,2479985,29072,0.01158682,2027582,475085,0.8101685
3,16059448,10394904,5664544,1493736,1009391,2480511,22616,0.009035099,2014851,486865,0.8053876
