pid,execution_cycles,compute_cycles,idle_cycles,loads,stores,hit_count,miss_count,miss_rate,private,shared,private_rate
0,13980001,10430314,3549687,1489888,1007461,2496833,516,0.0002066191,580174,1917175,0.2323159
1,13916507,10383276,3533231,1485857,1004611,2490041,427,0.0001714537,145069,2345399,0.05824969
2,14075892,10430338,3645554,1492629,1016428,2507767,1290,0.0005141374,2030568,478216,0.8093834
3,13954032,10394904,3559128,1493736,1009391,2502617,510,0.0002037452,1761391,741732,0.7036774
