pid,execution_cycles,compute_cycles,idle_cycles,loads,stores,hit_count,miss_count,miss_rate,private,shared,private_rate
0,13025376,10430314,2595062,1489888,1007461,2496362,987,0.0003952191,2022084,475112,0.8097418
1,12956013,10383276,2572737,1485857,1004611,2489637,831,0.0003336722,2017819,472549,0.8102493
2,13152839,10430338,2722501,1492629,1016428,2506901,2156,0.000859287,2034049,474393,0.8108814
3,13001882,10394904,2606978,1493736,1009391,2502078,1049,0.0004190758,2027531,475458,0.8100439
