pid,execution_cycles,compute_cycles,idle_cycles,loads,stores,hit_count,miss_count,miss_rate,private,shared,private_rate
0,14062775,10430314,3632461,1489888,1007461,2495879,1470,0.0005886242,1868821,628527,0.7483222
1,13984755,10383276,3601479,1485857,1004611,2489242,1226,0.000492277,1339969,1150498,0.5380393
2,14333021,10430338,3902683,1492629,1016428,2504980,4077,0.001624913,2030682,476523,0.8099386
3,14027012,10394904,3632108,1493736,1009391,2501776,1351,0.0005397249,1988404,514720,0.794369
