pid,execution_cycles,compute_cycles,idle_cycles,loads,stores,hit_count,miss_count,miss_rate,private,shared,private_rate
0,21484827,10430314,11054513,1489888,1007461,2410913,86436,0.0346111,2052897,436022,0.8248147
1,21391506,10383276,11008230,1485857,1004611,2404430,86038,0.03454692,2049347,432876,0.8256095
2,21624566,10430338,11194228,1492629,1016428,2421328,87729,0.03496493,2068465,431860,0.8272785
3,21526970,10394904,11132066,1493736,1009391,2415966,87161,0.03482085,2059238,435301,0.8254984
