pid,execution_cycles,compute_cycles,idle_cycles,loads,stores,hit_count,miss_count,miss_rate,private,shared,private_rate
0,25940608,10430314,15510294,1489888,1007461,2365890,131459,0.05263942,2049769,406205,0.8346053
1,25825080,10383276,15441804,1485857,1004611,2359632,130836,0.0525347,2043358,406058,0.8342225
2,26314885,10430338,15884547,1492629,1016428,2373927,135130,0.05385689,2060336,405434,0.8355751
3,25965674,10394904,15570770,1493736,1009391,2371110,132017,0.05274083,2050364,411342,0.8329037
