pid,execution_cycles,compute_cycles,idle_cycles,loads,stores,hit_count,miss_count,miss_rate,private,shared,private_rate
0,13189389,10430314,2759075,1489888,1007461,2494591,2758,0.001104371,2019751,477598,0.808758
1,13083790,10383276,2700514,1485857,1004611,2488114,2354,0.0009452039,1995890,494578,0.8014116
2,13667172,10430338,3236834,1492629,1016428,2501426,7631,0.003041382,2032140,473665,0.8109729
3,13129111,10394904,2734207,1493736,1009391,2500607,2520,0.001006741,2026987,476140,0.8097819
