pid,execution_cycles,compute_cycles,idle_cycles,loads,stores,hit_count,miss_count,miss_rate,private,shared,private_rate
0,13154472,10430314,2724158,1489888,1007461,2496206,1143,0.0004576853,2017021,480123,0.8077312
1,14253969,10383276,3870693,1485857,1004611,2479569,10899,0.004376286,2009125,477676,0.8079155
2,13326782,10430338,2896444,1492629,1016428,2507916,1141,0.0004547525,2028633,480139,0.8086159
3,13233245,10394904,2838341,1493736,1009391,2501589,1538,0.0006144315,2026245,476561,0.8095893
