pid,execution_cycles,compute_cycles,idle_cycles,loads,stores,hit_count,miss_count,miss_rate,private,shared,private_rate
0,73637415,10430314,63207101,1489888,1007461,1884113,613236,0.2455548,2196338,92704,0.959501
1,73375639,10383276,62992363,1485857,1004611,1879335,611133,0.2453888,2190614,92223,0.9596016
2,73920636,10430338,63490298,1492629,1016428,1893078,615979,0.2455022,2211059,87905,0.9617632
3,73743784,10394904,63348880,1493736,1009391,1888520,614607,0.2455357,2199081,95258,0.9584813
