pid,execution_cycles,compute_cycles,idle_cycles,loads,stores,hit_count,miss_count,miss_rate,private,shared,private_rate
0,54098298,10430314,43667984,1489888,1007461,2081484,415865,0.1665226,2324919,101382,0.9582154
1,53808957,10383276,43425681,1485857,1004611,2076981,413487,0.1660278,2318072,101426,0.9580797
2,54364163,10430338,43933825,1492629,1016428,2090625,418432,0.1667686,2333134,103779,0.9574137
3,54079853,10394904,43684949,1493736,1009391,2087149,415978,0.1661833,2329314,102246,0.9579505
