pid,execution_cycles,compute_cycles,idle_cycles,loads,stores,hit_count,miss_count,miss_rate,private,shared,private_rate
0,74155392,10430314,63725078,1489888,1007461,1891143,606206,0.2427398,2288978,13721,0.9940413
1,73802026,10383276,63418750,1485857,1004611,1887177,603291,0.24224,2284739,12109,0.994728
2,74344350,10430338,63914012,1492629,1016428,1901208,607849,0.2422619,2300459,13227,0.9942831
3,74184837,10394904,63789933,1493736,1009391,1896416,606711,0.2423812,2295861,12525,0.9945741
