pid,execution_cycles,compute_cycles,idle_cycles,loads,stores,hit_count,miss_count,miss_rate,private,shared,private_rate
0,13207932,10430314,2777618,1489888,1007461,2494518,2831,0.001133602,2001131,496193,0.8013101
1,13133916,10383276,2750640,1485857,1004611,2487840,2628,0.001055223,1995851,494519,0.8014275
2,13718525,10430338,3288187,1492629,1016428,2501187,7870,0.003136637,2033830,473743,0.8110751
3,13161272,10394904,2766368,1493736,1009391,2500468,2659,0.001062271,2027015,476047,0.8098141
