pid,execution_cycles,compute_cycles,idle_cycles,loads,stores,hit_count,miss_count,miss_rate,private,shared,private_rate
0,107097849,10430314,96667535,1489888,1007461,1546135,951214,0.3808895,2151411,9563,0.9955747
1,106678917,10383276,96295641,1485857,1004611,1542941,947527,0.3804614,2144303,11153,0.9948257
2,107456081,10430338,97025743,1492629,1016428,1554343,954714,0.3805071,2163371,7333,0.9966218
3,107203055,10394904,96808151,1493736,1009391,1550551,952576,0.3805544,2156265,10107,0.9953346
