pid,execution_cycles,compute_cycles,idle_cycles,loads,stores,hit_count,miss_count,miss_rate,private,shared,private_rate
0,13797564,10430314,3367250,1489888,1007461,2488498,8851,0.003544158,2021651,473735,0.8101556
1,13646598,10383276,3263322,1485857,1004611,2482614,7854,0.003153624,2020302,468925,0.8116182
2,14562319,10430338,4131981,1492629,1016428,2492609,16448,0.006555451,2035131,466307,0.8135844
3,13731402,10394904,3336498,1493736,1009391,2494658,8469,0.003383368,2026802,474801,0.8102013
