pid,execution_cycles,compute_cycles,idle_cycles,loads,stores,hit_count,miss_count,miss_rate,private,shared,private_rate
0,17813313,10430314,7382999,1489888,1007461,2447999,49350,0.01976095,2040347,449165,0.8195771
1,17722071,10383276,7338795,1485857,1004611,2441495,48973,0.01966418,2034407,448329,0.8194214
2,18000968,10430338,7570630,1492629,1016428,2457930,51127,0.02037698,2052461,447961,0.8208458
3,17843576,10394904,7448672,1493736,1009391,2453172,49955,0.01995704,2045130,450142,0.819602
