pid,execution_cycles,compute_cycles,idle_cycles,loads,stores,hit_count,miss_count,miss_rate,private,shared,private_rate
0,127837755,10430314,117407441,1489888,1007461,1336641,1160708,0.464776,2038489,16146,0.9921417
1,127475550,10383276,117092274,1485857,1004611,1332874,1157594,0.4648098,2035195,13700,0.9933135
2,128229548,10430338,117799210,1492629,1016428,1344510,1164547,0.4641373,2051815,11742,0.9943098
3,128068196,10394904,117673292,1493736,1009391,1339792,1163335,0.4647527,2043126,16277,0.9920963
