pid,execution_cycles,compute_cycles,idle_cycles,loads,stores,hit_count,miss_count,miss_rate,private,shared,private_rate
0,14732407,10430314,4302093,1489888,1007461,2485443,11906,0.004767455,2023985,470880,0.8112603
1,14712329,10383276,4329053,1485857,1004611,2479120,11348,0.004556573,2021066,467325,0.8121979
2,15459929,10430338,5029591,1492629,1016428,2491452,17605,0.00701658,2040757,462285,0.8153107
3,14744998,10394904,4350094,1493736,1009391,2490895,12232,0.004886688,2028218,472480,0.8110608
