pid,execution_cycles,compute_cycles,idle_cycles,loads,stores,hit_count,miss_count,miss_rate,private,shared,private_rate
0,13077424,10430314,2647110,1489888,1007461,2496602,747,0.0002991172,2021724,475525,0.8095805
1,13011264,10383276,2627988,1485857,1004611,2489828,640,0.0002569798,2016712,473705,0.8097889
2,13152448,10430338,2722110,1492629,1016428,2507550,1507,0.0006006241,2032934,475708,0.8103723
3,13061480,10394904,2666576,1493736,1009391,2502300,827,0.0003303868,2027199,475836,0.8098964
