pid,execution_cycles,compute_cycles,idle_cycles,loads,stores,hit_count,miss_count,miss_rate,private,shared,private_rate
0,18168486,10430314,7738172,1489888,1007461,2444380,52969,0.02121009,2021742,467218,0.8122838
1,18058923,10383276,7675647,1485857,1004611,2438067,52401,0.02104062,2018663,463860,0.8131498
2,18728453,10430338,8298115,1492629,1016428,2450535,58522,0.0233243,2034682,462528,0.8147821
3,18194456,10394904,7799552,1493736,1009391,2449604,53523,0.02138245,2026016,468745,0.8121083
