pid,execution_cycles,compute_cycles,idle_cycles,loads,stores,hit_count,miss_count,miss_rate,private,shared,private_rate
0,41923179,10430314,31492865,1489888,1007461,2204465,292884,0.117278,2280955,178020,0.927604
1,41733729,10383276,31350453,1485857,1004611,2198953,291515,0.1170523,2278776,173805,0.9291338
2,42122417,10430338,31692079,1492629,1016428,2214279,294778,0.1174856,2300966,168829,0.9316425
3,41935226,10394904,31540322,1493736,1009391,2209822,293305,0.1171754,2292317,172607,0.9299747
