pid,execution_cycles,compute_cycles,idle_cycles,loads,stores,hit_count,miss_count,miss_rate,private,shared,private_rate
0,53607073,10430314,43176759,1489888,1007461,2086447,410902,0.1645353,2328900,67201,0.971954
1,53358957,10383276,42975681,1485857,1004611,2081529,408939,0.1642017,2314544,75290,0.9684957
2,53788121,10430338,43357783,1492629,1016428,2096447,412610,0.1644482,2339836,67151,0.9721016
3,53623829,10394904,43228925,1493736,1009391,2091757,411370,0.1643424,2335893,65956,0.9725395
