pid,execution_cycles,compute_cycles,idle_cycles,loads,stores,hit_count,miss_count,miss_rate,private,shared,private_rate
0,71897211,10430314,61466897,1489888,1007461,1901697,595652,0.2385137,2201901,92111,0.9598472
1,71662617,10383276,61279341,1485857,1004611,1896641,593827,0.2384399,2189938,97793,0.9572533
2,72189014,10430338,61758676,1492629,1016428,1910576,598481,0.2385283,2205404,98509,0.9572427
3,72010832,10394904,61615928,1493736,1009391,1906028,597099,0.2385412,2205178,94093,0.959077
