pid,execution_cycles,compute_cycles,idle_cycles,loads,stores,hit_count,miss_count,miss_rate,private,shared,private_rate
0,13150644,10430314,2720330,1489888,1007461,2496926,423,0.0001693796,2018347,478961,0.8082091
1,13085043,10383276,2701767,1485857,1004611,2490107,361,0.0001449527,2014340,476113,0.8088247
2,13157195,10430338,2726857,1492629,1016428,2508173,884,0.0003523236,2031277,477506,0.8096663
3,13130747,10394904,2735843,1493736,1009391,2502643,484,0.0001933581,2026100,476986,0.8094408
