pid,execution_cycles,compute_cycles,idle_cycles,loads,stores,hit_count,miss_count,miss_rate,private,shared,private_rate
0,14220753,10430314,3790439,1489888,1007461,2494219,3130,0.001253329,2006515,490344,0.8036157
1,14123871,10383276,3740595,1485857,1004611,2487787,2681,0.001076504,1933617,556573,0.7764938
2,14540631,10430338,4110293,1492629,1016428,2502847,6210,0.002475033,2029787,476287,0.809947
3,14176304,10394904,3781400,1493736,1009391,2500241,2886,0.001152958,2008464,494334,0.8024875
