pid,execution_cycles,compute_cycles,idle_cycles,loads,stores,hit_count,miss_count,miss_rate,private,shared,private_rate
0,12981659,10430314,2551345,1489888,1007461,2496833,516,0.0002066191,2021735,475587,0.8095612
1,13001977,10383276,2618701,1485857,1004611,2489201,1267,0.0005087397,2015823,474619,0.8094238
2,13068249,10430338,2637911,1492629,1016428,2507799,1258,0.0005013836,2033905,474862,0.810719
3,12959833,10394904,2564929,1493736,1009391,2502533,594,0.0002373032,2026601,476486,0.8096407
