pid,execution_cycles,compute_cycles,idle_cycles,loads,stores,hit_count,miss_count,miss_rate,private,shared,private_rate
0,66744657,10430314,56314343,1489888,1007461,1953743,543606,0.2176732,2113149,163948,0.9280013
1,66543129,10383276,56159853,1485857,1004611,1948353,542115,0.217676,2117418,153472,0.9324177
2,67217828,10430338,56787490,1492629,1016428,1960790,548267,0.2185152,2084959,200727,0.9121809
3,66877583,10394904,56482679,1493736,1009391,1957879,545248,0.2178267,2114734,167609,0.9265627
