pid,execution_cycles,compute_cycles,idle_cycles,loads,stores,hit_count,miss_count,miss_rate,private,shared,private_rate
0,13242616,10430314,2812302,1489888,1007461,2494134,3215,0.001287365,2023217,473418,0.8103776
1,13147834,10383276,2764558,1485857,1004611,2487674,2794,0.001121877,2020634,469363,0.8115006
2,13596851,10430338,3166513,1492629,1016428,2502381,6676,0.002660761,2036597,469847,0.8125444
3,13239967,10394904,2845063,1493736,1009391,2499647,3480,0.001390261,2027477,474974,0.8101965
