pid,execution_cycles,compute_cycles,idle_cycles,loads,stores,hit_count,miss_count,miss_rate,private,shared,private_rate
0,63694170,10430314,53263856,1489888,1007461,1984556,512793,0.2053349,2127926,174351,0.9242702
1,63493830,10383276,53110554,1485857,1004611,1979154,511314,0.2053084,2122418,173633,0.9243776
2,64174172,10430338,53743834,1492629,1016428,1991534,517523,0.206262,2131376,179437,0.922349
3,63816899,10394904,53421995,1493736,1009391,1988795,514332,0.2054758,2143429,164184,0.9288512
