pid,execution_cycles,compute_cycles,idle_cycles,loads,stores,hit_count,miss_count,miss_rate,private,shared,private_rate
0,13840304,10430314,3409990,1489888,1007461,2488070,9279,0.00371554,2022126,473048,0.8104148
1,13687266,10383276,3303990,1485857,1004611,2482206,8262,0.003317449,2021841,467219,0.812291
2,14691888,10430338,4261550,1492629,1016428,2491290,17767,0.007081146,2037950,462843,0.8149215
3,13824209,10394904,3429305,1493736,1009391,2493741,9386,0.00374971,2026790,474440,0.8103173
