pid,execution_cycles,compute_cycles,idle_cycles,loads,stores,hit_count,miss_count,miss_rate,private,shared,private_rate
0,47625681,10430314,37195367,1489888,1007461,2121370,375979,0.1505512,2098254,264679,0.8879871
1,47486269,10383276,37102993,1485857,1004611,2115501,374967,0.1505609,2103559,252899,0.8926783
2,47942977,10430338,37512639,1492629,1016428,2129840,379217,0.1511393,2115144,257636,0.8914202
3,47699641,10394904,37304737,1493736,1009391,2125863,377264,0.1507171,2109759,258565,0.8908236
