pid,execution_cycles,compute_cycles,idle_cycles,loads,stores,hit_count,miss_count,miss_rate,private,shared,private_rate
0,147453516,10430314,137023202,1489888,1007461,1138502,1358847,0.5441158,1981581,425,0.9997856
1,146941128,10383276,136557852,1485857,1004611,1136252,1354216,0.5437596,1976517,265,0.9998659
2,148023029,10430338,137592691,1492629,1016428,1144575,1364482,0.5438226,1989576,447,0.9997754
3,147652178,10394904,137257274,1493736,1009391,1141974,1361153,0.543781,1986478,388,0.9998047
