pid,execution_cycles,compute_cycles,idle_cycles,loads,stores,hit_count,miss_count,miss_rate,private,shared,private_rate
0,13593655,10430314,3163341,1489888,1007461,2490645,6704,0.002684447,2022072,474840,0.8098291
1,13684140,10383276,3300864,1485857,1004611,2482300,8168,0.003279705,2016089,473416,0.8098353
2,14184512,10430338,3754174,1492629,1016428,2496514,12543,0.004999089,2033519,473509,0.8111274
3,13419134,10394904,3024230,1493736,1009391,2497882,5245,0.002095379,2026390,475390,0.8099793
