pid,execution_cycles,compute_cycles,idle_cycles,loads,stores,hit_count,miss_count,miss_rate,private,shared,private_rate
0,153815832,10430314,143385518,1489888,1007461,1053908,1443441,0.5779893,1837484,33284,0.9822084
1,153443113,10383276,143059837,1485857,1004611,1050495,1439973,0.5781937,1837542,28003,0.9849894
2,154452098,10430338,144021760,1492629,1016428,1059557,1449500,0.5777071,1846535,31239,0.9833638
3,154150944,10394904,143756040,1493736,1009391,1056211,1446916,0.5780434,1849494,25776,0.9862548
