pid,execution_cycles,compute_cycles,idle_cycles,loads,stores,hit_count,miss_count,miss_rate,private,shared,private_rate
0,14765716,10430314,4335402,1489888,1007461,2488436,8913,0.003568985,2017821,477452,0.8086574
1,14651166,10383276,4267890,1485857,1004611,2482544,7924,0.003181731,2016073,473034,0.8099584
2,15558382,10430338,5128044,1492629,1016428,2492440,16617,0.006622807,2034079,467181,0.8132217
3,14705557,10394904,4310653,1493736,1009391,2494546,8581,0.003428112,2022336,479123,0.8084626
