pid,execution_cycles,compute_cycles,idle_cycles,loads,stores,hit_count,miss_count,miss_rate,private,shared,private_rate
0,68750001,10430314,58319687,1489888,1007461,1933487,563862,0.2257842,2204928,79699,0.9651151
1,68496201,10383276,58112925,1485857,1004611,1928625,561843,0.2255974,2191870,86465,0.962049
2,69018935,10430338,58588597,1492629,1016428,1942597,566460,0.2257661,2204371,90208,0.9606865
3,68831150,10394904,58436246,1493736,1009391,1938146,564981,0.2257101,2198836,91019,0.9602512
