pid,execution_cycles,compute_cycles,idle_cycles,loads,stores,hit_count,miss_count,miss_rate,private,shared,private_rate
0,30715455,10430314,20285141,1489888,1007461,2318337,179012,0.07168081,2157114,310204,0.8742748
1,30604710,10383276,20221434,1485857,1004611,2311974,178494,0.07167087,2174138,286371,0.8836131
2,30839915,10430338,20409577,1492629,1016428,2328841,180216,0.07182619,2165797,312744,0.8738193
3,30756179,10394904,20361275,1493736,1009391,2323423,179704,0.0717918,2173647,299272,0.8789803
