pid,execution_cycles,compute_cycles,idle_cycles,loads,stores,hit_count,miss_count,miss_rate,private,shared,private_rate
0,14082931,10430314,3652617,1489888,1007461,2495466,1883,0.0007539995,388559,2108650,0.1555973
1,14014261,10383276,3630985,1485857,1004611,2488755,1713,0.0006878225,1657955,832326,0.6657702
2,14296403,10430338,3866065,1492629,1016428,2505238,3819,0.001522086,2030710,476880,0.8098254
3,14050628,10394904,3655724,1493736,1009391,2501542,1585,0.000633208,1584446,918370,0.6330653
