pid,execution_cycles,compute_cycles,idle_cycles,loads,stores,hit_count,miss_count,miss_rate,private,shared,private_rate
0,14511535,10430314,4081221,1489888,1007461,2490758,6591,0.002639199,2018551,477425,0.8087221
1,14443218,10383276,4059942,1485857,1004611,2484319,6149,0.002469014,2015211,474249,0.8094972
2,14967273,10430338,4536935,1492629,1016428,2498049,11008,0.004387306,2031387,473349,0.8110184
3,14476715,10394904,4081811,1493736,1009391,2496633,6494,0.002594355,2023089,478902,0.8085916
