pid,execution_cycles,compute_cycles,idle_cycles,loads,stores,hit_count,miss_count,miss_rate,private,shared,private_rate
0,18416668,10430314,7986354,1489888,1007461,2477551,19798,0.007927606,2018110,476348,0.8090375
1,18198126,10383276,7814850,1485857,1004611,2469082,21386,0.008587141,2010247,475445,0.8087273
2,18856332,10430338,8425994,1492629,1016428,2486108,22949,0.009146464,2027931,476837,0.8096283
3,17146595,10394904,6751691,1493736,1009391,2485885,17242,0.006888184,2023874,475933,0.8096121
