pid,execution_cycles,compute_cycles,idle_cycles,loads,stores,hit_count,miss_count,miss_rate,private,shared,private_rate
0,12984948,10430314,2554634,1489888,1007461,2497002,347,0.0001389473,2020315,477034,0.8089838
1,12927534,10383276,2544258,1485857,1004611,2490150,318,0.0001276868,2014544,475924,0.8089018
2,13025030,10430338,2594692,1492629,1016428,2508452,605,0.0002411264,2032959,476095,0.8102492
3,12965441,10394904,2570537,1493736,1009391,2502725,402,0.0001605991,2025547,477580,0.8092066
