pid,execution_cycles,compute_cycles,idle_cycles,loads,stores,hit_count,miss_count,miss_rate,private,shared,private_rate
0,43276361,10430314,32846047,1489888,1007461,2190791,306558,0.1227534,2179694,246227,0.8985016
1,43062879,10383276,32679603,1485857,1004611,2185519,304949,0.1224465,2172898,246768,0.8980157
2,43597691,10430338,33167353,1492629,1016428,2199369,309688,0.123428,2190192,245564,0.8991837
3,43301105,10394904,32906201,1493736,1009391,2196017,307110,0.1226905,2181390,250349,0.8970494
