pid,execution_cycles,compute_cycles,idle_cycles,loads,stores,hit_count,miss_count,miss_rate,private,shared,private_rate
0,41347395,10430314,30917081,1489888,1007461,2210281,287068,0.1149491,2048870,358654,0.8510279
1,41188734,10383276,30805458,1485857,1004611,2204458,286010,0.1148419,2047461,353783,0.8526668
2,41874224,10430338,31443886,1492629,1016428,2216786,292271,0.1164864,2057470,358406,0.8516455
3,41415179,10394904,31020275,1493736,1009391,2215075,288052,0.1150769,2052425,360796,0.8504919
