pid,execution_cycles,compute_cycles,idle_cycles,loads,stores,hit_count,miss_count,miss_rate,private,shared,private_rate
0,157916253,10430314,147485939,1489888,1007461,1032815,1464534,0.5864355,1843041,20332,0.9890886
1,157531688,10383276,147148412,1485857,1004611,1029272,1461196,0.5867154,1840373,17694,0.9904772
2,158532104,10430338,148101766,1492629,1016428,1038418,1470639,0.5861322,1850355,19939,0.9893391
3,158258090,10394904,147863186,1493736,1009391,1034838,1468289,0.5865819,1846218,21544,0.9884653
