pid,execution_cycles,compute_cycles,idle_cycles,loads,stores,hit_count,miss_count,miss_rate,private,shared,private_rate
0,15721472,10430314,5291158,1489888,1007461,2478648,18701,0.007488341,2018221,478730,0.8082742
1,15660530,10383276,5277254,1485857,1004611,2472052,18416,0.007394594,2009075,480481,0.8070013
2,15894977,10430338,5464639,1492629,1016428,2488748,20309,0.008094276,2030814,477021,0.8097877
3,15720319,10394904,5325415,1493736,1009391,2484439,18688,0.007465862,2021611,480549,0.8079463
