pid,execution_cycles,compute_cycles,idle_cycles,loads,stores,hit_count,miss_count,miss_rate,private,shared,private_rate
0,13016961,10430314,2586647,1489888,1007461,2496447,902,0.000361183,2023100,474247,0.8100997
1,12948390,10383276,2565114,1485857,1004611,2489714,754,0.0003027543,2017158,473309,0.8099517
2,13166798,10430338,2736460,1492629,1016428,2506760,2297,0.0009154834,2035128,473874,0.8111305
3,12985448,10394904,2590544,1493736,1009391,2502244,883,0.0003527588,2027755,475370,0.8100894
