pid,execution_cycles,compute_cycles,idle_cycles,loads,stores,hit_count,miss_count,miss_rate,private,shared,private_rate
0,13188752,10430314,2758438,1489888,1007461,2494590,2759,0.001104771,2001099,496250,0.8012893
1,13085248,10383276,2701972,1485857,1004611,2488116,2352,0.0009444008,1995897,494570,0.8014148
2,13664793,10430338,3234455,1492629,1016428,2501411,7646,0.00304736,2035166,473788,0.8111611
3,13126075,10394904,2731171,1493736,1009391,2500607,2520,0.001006741,2005409,497716,0.8011621
