pid,execution_cycles,compute_cycles,idle_cycles,loads,stores,hit_count,miss_count,miss_rate,private,shared,private_rate
0,187796511,10430314,177366197,1489888,1007461,730997,1766352,0.7072908,1791758,157,0.9999124
1,187186410,10383276,176803134,1485857,1004611,729734,1760734,0.7069892,1787002,175,0.9999021
2,188504708,10430338,178074370,1492629,1016428,735670,1773387,0.7067942,1798129,80,0.9999555
3,188073482,10394904,177678578,1493736,1009391,733678,1769449,0.7068954,1796410,17,0.9999905
