pid,execution_cycles,compute_cycles,idle_cycles,loads,stores,hit_count,miss_count,miss_rate,private,shared,private_rate
0,13001814,10430314,2571500,1489888,1007461,2496600,749,0.000299918,2021516,475749,0.809492
1,12933144,10383276,2549868,1485857,1004611,2489868,600,0.0002409186,2016664,473754,0.8097693
2,13084628,10430338,2654290,1492629,1016428,2507590,1467,0.0005846818,2032780,475887,0.8103028
3,12973172,10394904,2578268,1493736,1009391,2502368,759,0.0003032207,2027375,475680,0.8099602
