pid,execution_cycles,compute_cycles,idle_cycles,loads,stores,hit_count,miss_count,miss_rate,private,shared,private_rate
0,22929039,10430314,12498725,1489888,1007461,2396325,101024,0.0404525,2029888,433249,0.8241068
1,22760676,10383276,12377400,1485857,1004611,2390600,99868,0.04010009,2029183,427833,0.8258729
2,23760194,10430338,13329856,1492629,1016428,2399756,109301,0.04356258,2040191,428639,0.8263797
3,22922870,10394904,12527966,1493736,1009391,2401866,101261,0.0404538,2036962,432123,0.8249866
