pid,execution_cycles,compute_cycles,idle_cycles,loads,stores,hit_count,miss_count,miss_rate,private,shared,private_rate
0,127734171,10430314,117303857,1489888,1007461,2240744,256605,0.102751,2280550,166138,0.9320968
1,127459196,10383276,117075920,1485857,1004611,2234490,255978,0.1027831,2275342,164609,0.9325359
2,127700102,10430338,117269764,1492629,1016428,2251361,257696,0.1027063,2291444,166527,0.9322502
3,128162646,10394904,117767742,1493736,1009391,2245562,257565,0.1028973,2286099,166115,0.9322592
