pid,execution_cycles,compute_cycles,idle_cycles,loads,stores,hit_count,miss_count,miss_rate,private,shared,private_rate
0,12993399,10430314,2563085,1489888,1007461,2496685,664,0.0002658819,2021876,475402,0.8096319
1,12926907,10383276,2543631,1485857,1004611,2489931,537,0.0002156221,2016466,473967,0.8096849
2,13090469,10430338,2660131,1492629,1016428,2507531,1526,0.0006081966,2033608,475001,0.8106516
3,12961391,10394904,2566487,1493736,1009391,2502487,640,0.0002556802,2027342,475730,0.8099415
