pid,execution_cycles,compute_cycles,idle_cycles,loads,stores,hit_count,miss_count,miss_rate,private,shared,private_rate
0,14617791,10430314,4187477,1489888,1007461,2480277,17072,0.006836049,2022085,474057,0.8100841
1,14516847,10383276,4133571,1485857,1004611,2473871,16597,0.006664209,2016446,472775,0.8100711
2,15161351,10430338,4731013,1492629,1016428,2486613,22444,0.008945193,2030278,473375,0.8109263
3,14583308,10394904,4188404,1493736,1009391,2486104,17023,0.006800694,2026397,475385,0.8099814
