pid,execution_cycles,compute_cycles,idle_cycles,loads,stores,hit_count,miss_count,miss_rate,private,shared,private_rate
0,12987186,10430314,2556872,1489888,1007461,2496992,357,0.0001429516,2020315,477034,0.8089838
1,12928539,10383276,2545263,1485857,1004611,2490143,325,0.0001304976,2014565,475903,0.8089102
2,13020998,10430338,2590660,1492629,1016428,2508436,621,0.0002475033,2032644,476232,0.8101811
3,12965327,10394904,2570423,1493736,1009391,2502723,404,0.0001613981,2025577,477550,0.8092186
