pid,execution_cycles,compute_cycles,idle_cycles,loads,stores,hit_count,miss_count,miss_rate,private,shared,private_rate
0,13563045,10430314,3132731,1489888,1007461,2490931,6418,0.002569925,2020746,475977,0.8093593
1,13286970,10383276,2903694,1485857,1004611,2486294,4174,0.00167599,2015501,474369,0.8094804
2,13540721,10430338,3110383,1492629,1016428,2502983,6074,0.00242083,2032159,474362,0.8107488
3,17637953,10394904,7243049,1493736,1009391,2455249,47878,0.01912728,2025345,454471,0.816732
