pid,execution_cycles,compute_cycles,idle_cycles,loads,stores,hit_count,miss_count,miss_rate,private,shared,private_rate
0,51389361,10430314,40959047,1489888,1007461,2108847,388502,0.1555658,2314136,100690,0.9583034
1,51208821,10383276,40825545,1485857,1004611,2103245,387223,0.155482,2323210,85080,0.964672
2,51559196,10430338,41128858,1492629,1016428,2118958,390099,0.1554763,2330306,95606,0.9605897
3,51452591,10394904,41057687,1493736,1009391,2113687,389440,0.1555814,2329733,90679,0.9625357
