pid,execution_cycles,compute_cycles,idle_cycles,loads,stores,hit_count,miss_count,miss_rate,private,shared,private_rate
0,12974292,10430314,2543978,1489888,1007461,2496878,471,0.0001886,2021579,475770,0.80949
1,12914334,10383276,2531058,1485857,1004611,2490058,410,0.0001646277,2015789,474679,0.8094017
2,13026812,10430338,2596474,1492629,1016428,2508174,883,0.000351925,2034046,475008,0.8106824
3,12941096,10394904,2546192,1493736,1009391,2502692,435,0.0001737826,2026615,476512,0.8096333
