pid,execution_cycles,compute_cycles,idle_cycles,loads,stores,hit_count,miss_count,miss_rate,private,shared,private_rate
0,15178923,10430314,4748609,1489888,1007461,2474609,22740,0.009105656,2021499,473587,0.8101921
1,15062139,10383276,4678863,1485857,1004611,2468363,22105,0.008875842,2018668,469942,0.8111629
2,15614078,10430338,5183740,1492629,1016428,2482040,27017,0.01076779,2031642,472246,0.8113949
3,15128204,10394904,4733300,1493736,1009391,2480600,22527,0.008999543,2026200,474938,0.8101112
