pid,execution_cycles,compute_cycles,idle_cycles,loads,stores,hit_count,miss_count,miss_rate,private,shared,private_rate
0,12956868,10430314,2526554,1489888,1007461,2497054,295,0.0001181253,2012647,484702,0.8059134
1,12903543,10383276,2520267,1485857,1004611,2490167,301,0.0001208608,2006851,483617,0.8058128
2,12978995,10430338,2548657,1492629,1016428,2508657,400,0.0001594224,2025710,483292,0.8073768
3,12931493,10394904,2536589,1493736,1009391,2502789,338,0.0001350311,2018945,484182,0.8065691
