pid,execution_cycles,compute_cycles,idle_cycles,loads,stores,hit_count,miss_count,miss_rate,private,shared,private_rate
0,13077369,10430314,2647055,1489888,1007461,2495799,1550,0.0006206581,2022167,474938,0.8098046
1,13004181,10383276,2620905,1485857,1004611,2489113,1355,0.0005440744,2017943,472379,0.8103141
2,13229357,10430338,2799019,1492629,1016428,2506087,2970,0.001183712,2033944,474058,0.8109818
3,13040330,10394904,2645426,1493736,1009391,2501666,1461,0.0005836699,2027742,475206,0.8101415
