pid,execution_cycles,compute_cycles,idle_cycles,loads,stores,hit_count,miss_count,miss_rate,private,shared,private_rate
0,13241415,10430314,2811101,1489888,1007461,2494117,3232,0.001294172,2022815,474093,0.810128
1,13131786,10383276,2748510,1485857,1004611,2487758,2710,0.001088149,2017433,472776,0.8101461
2,13546409,10430338,3116071,1492629,1016428,2502811,6246,0.002489381,2032520,473574,0.811031
3,13186196,10394904,2791292,1493736,1009391,2500156,2971,0.001186915,2027592,475222,0.8101249
