pid,execution_cycles,compute_cycles,idle_cycles,loads,stores,hit_count,miss_count,miss_rate,private,shared,private_rate
0,13100292,10430314,2669978,1489888,1007461,2495574,1775,0.0007107537,2022305,474695,0.8098939
1,13022415,10383276,2639139,1485857,1004611,2488939,1529,0.0006139408,2018943,471320,0.8107349
2,13296047,10430338,2865709,1492629,1016428,2505413,3644,0.001452338,2034272,473520,0.8111805
3,13073279,10394904,2678375,1493736,1009391,2501335,1792,0.0007159045,2027644,475215,0.8101311
