pid,execution_cycles,compute_cycles,idle_cycles,loads,stores,hit_count,miss_count,miss_rate,private,shared,private_rate
0,13138236,10430314,2707922,1489888,1007461,2495222,2127,0.0008517031,2023052,474270,0.8100886
1,13034718,10383276,2651442,1485857,1004611,2488842,1626,0.0006528893,2017405,473021,0.8100642
2,13398953,10430338,2968615,1492629,1016428,2504415,4642,0.001850097,2034752,473699,0.8111588
3,13059797,10394904,2664893,1493736,1009391,2501493,1634,0.0006527835,2027690,475405,0.8100731
