pid,execution_cycles,compute_cycles,idle_cycles,loads,stores,hit_count,miss_count,miss_rate,private,shared,private_rate
0,13025772,10430314,2595458,1489888,1007461,2496358,991,0.0003968208,2022215,474979,0.8097949
1,12958488,10383276,2575212,1485857,1004611,2489612,856,0.0003437105,2017868,472493,0.8102713
2,13155809,10430338,2725471,1492629,1016428,2506871,2186,0.0008712437,2034439,473994,0.8110398
3,13005842,10394904,2610938,1493736,1009391,2502038,1089,0.0004350558,2027531,475442,0.8100491
