pid,execution_cycles,compute_cycles,idle_cycles,loads,stores,hit_count,miss_count,miss_rate,private,shared,private_rate
0,13152129,10430314,2721815,1489888,1007461,2496883,466,0.0001865979,2013885,483421,0.806423
1,13077288,10383276,2694012,1485857,1004611,2490092,376,0.0001509756,2012945,477500,0.8082672
2,13182077,10430338,2751739,1492629,1016428,2508099,958,0.0003818168,2028108,480684,0.8084002
3,13154012,10394904,2759108,1493736,1009391,2502576,551,0.0002201247,2026311,476765,0.8095284
