pid,execution_cycles,compute_cycles,idle_cycles,loads,stores,hit_count,miss_count,miss_rate,private,shared,private_rate
0,174000493,10430314,163570179,1489888,1007461,868980,1628369,0.652039,1818001,26021,0.985889
1,173437781,10383276,163054505,1485857,1004611,867172,1623296,0.6518036,1817530,21598,0.9882564
2,174620577,10430338,164190239,1492629,1016428,874616,1634441,0.6514164,1828938,21826,0.988207
3,174238947,10394904,163844043,1493736,1009391,871791,1631336,0.6517192,1827012,21599,0.9883161
