pid,execution_cycles,compute_cycles,idle_cycles,loads,stores,hit_count,miss_count,miss_rate,private,shared,private_rate
0,39364540,10430314,28934226,1489888,1007461,2222986,274363,0.1098617,2009821,356759,0.8492512
1,39217304,10383276,28834028,1485857,1004611,2217231,273237,0.1097131,2005276,355172,0.849532
2,40175268,10430338,29744930,1492629,1016428,2226050,283007,0.1127942,2019946,352215,0.8515215
3,39443016,10394904,29048112,1493736,1009391,2227680,275447,0.1100412,2016017,356064,0.8498938
