pid,execution_cycles,compute_cycles,idle_cycles,loads,stores,hit_count,miss_count,miss_rate,private,shared,private_rate
0,37300968,10430314,26870654,1489888,1007461,2251154,246195,0.09858254,2188740,269889,0.8902278
1,37195371,10383276,26812095,1485857,1004611,2244795,245673,0.09864531,2189988,261885,0.8931898
2,37580594,10430338,27150256,1492629,1016428,2260156,248901,0.09920101,2209648,259276,0.8949842
3,37370732,10394904,26975828,1493736,1009391,2255928,247199,0.09875608,2200259,264030,0.8928575
