pid,execution_cycles,compute_cycles,idle_cycles,loads,stores,hit_count,miss_count,miss_rate,private,shared,private_rate
0,155822990,10430314,145392676,1489888,1007461,1053960,1443389,0.5779685,1852037,18794,0.9899542
1,155436629,10383276,145053353,1485857,1004611,1050437,1440031,0.578217,1853521,12031,0.993551
2,156438933,10430338,146008595,1492629,1016428,1059563,1449494,0.5777047,1857717,20074,0.9893098
3,156148096,10394904,145753192,1493736,1009391,1056152,1446975,0.578067,1853950,21327,0.9886273
