pid,execution_cycles,compute_cycles,idle_cycles,loads,stores,hit_count,miss_count,miss_rate,private,shared,private_rate
0,13245113,10430314,2814799,1489888,1007461,2494255,3094,0.001238914,2021599,475713,0.80951
1,13004554,10383276,2621278,1485857,1004611,2489186,1282,0.0005147627,2015953,474485,0.8094773
2,13179768,10430338,2749430,1492629,1016428,2506670,2387,0.0009513534,2034243,474527,0.8108527
3,12978038,10394904,2583134,1493736,1009391,2502346,781,0.0003120097,2026730,476357,0.8096922
