pid,execution_cycles,compute_cycles,idle_cycles,loads,stores,hit_count,miss_count,miss_rate,private,shared,private_rate
0,13200705,10430314,2770391,1489888,1007461,2494591,2758,0.001104371,2001130,496219,0.8013017
1,13106790,10383276,2723514,1485857,1004611,2488114,2354,0.0009452039,1995894,494573,0.8014136
2,13696844,10430338,3266506,1492629,1016428,2501406,7651,0.003049353,2035170,473785,0.8111624
3,13147610,10394904,2752706,1493736,1009391,2500606,2521,0.00100714,2005376,497749,0.801149
