pid,execution_cycles,compute_cycles,idle_cycles,loads,stores,hit_count,miss_count,miss_rate,private,shared,private_rate
0,15761439,10430314,5331125,1489888,1007461,2468725,28624,0.01146175,2020458,474099,0.8099466
1,15440715,10383276,5057439,1485857,1004611,2464539,25929,0.0104113,2014778,472239,0.8101183
2,15934046,10430338,5503708,1492629,1016428,2478808,30249,0.01205592,2033160,472555,0.8114091
3,15475199,10394904,5080295,1493736,1009391,2477095,26032,0.01039979,2024714,474886,0.8100152
