pid,execution_cycles,compute_cycles,idle_cycles,loads,stores,hit_count,miss_count,miss_rate,private,shared,private_rate
0,14006285,10430314,3575971,1489888,1007461,2496509,840,0.0003363567,1970288,527061,0.7889518
1,13937585,10383276,3554309,1485857,1004611,2489776,692,0.0002778594,1684922,805546,0.6765483
2,14159446,10430338,3729108,1492629,1016428,2506863,2194,0.0008744321,2030771,477215,0.8097218
3,13978124,10394904,3583220,1493736,1009391,2502332,795,0.0003176027,2000917,502210,0.799367
