pid,execution_cycles,compute_cycles,idle_cycles,loads,stores,hit_count,miss_count,miss_rate,private,shared,private_rate
0,13057551,10430314,2627237,1489888,1007461,2496037,1312,0.0005253571,2023082,474176,0.8101213
1,12986010,10383276,2602734,1485857,1004611,2489334,1134,0.0004553361,2017214,473185,0.8099963
2,13215704,10430338,2785366,1492629,1016428,2506266,2791,0.00111237,2034212,473763,0.8110974
3,13030790,10394904,2635886,1493736,1009391,2501786,1341,0.0005357299,2027704,475314,0.8101036
