pid,execution_cycles,compute_cycles,idle_cycles,loads,stores,hit_count,miss_count,miss_rate,private,shared,private_rate
0,75082601,10430314,64652287,1489888,1007461,1945990,551359,0.2207777,2297508,20285,0.9912481
1,74753241,10383276,64369965,1485857,1004611,1941398,549070,0.2204686,2290850,20910,0.9909549
2,75402304,10430338,64971966,1492629,1016428,1954561,554496,0.2209978,2307493,20829,0.9910541
3,75179456,10394904,64784552,1493736,1009391,1950974,552153,0.2205853,2303215,20185,0.9913123
