pid,execution_cycles,compute_cycles,idle_cycles,loads,stores,hit_count,miss_count,miss_rate,private,shared,private_rate
0,12968352,10430314,2538038,1489888,1007461,2496938,411,0.0001645745,2018317,478991,0.8081971
1,12910176,10383276,2526900,1485857,1004611,2490100,368,0.0001477634,2012227,478219,0.8079786
2,13017506,10430338,2587168,1492629,1016428,2508268,789,0.0003144608,2030356,478550,0.8092595
3,17356100,10394904,6961196,1493736,1009391,2458096,45031,0.0179899,2027723,453060,0.8173722
