pid,execution_cycles,compute_cycles,idle_cycles,loads,stores,hit_count,miss_count,miss_rate,private,shared,private_rate
0,16458990,10430314,6028676,1489888,1007461,2461640,35709,0.01429876,2021611,468615,0.8118183
1,16355856,10383276,5972580,1485857,1004611,2455268,35200,0.01413389,2018295,465448,0.8126022
2,16960964,10430338,6530626,1492629,1016428,2468374,40683,0.01621446,2032560,466139,0.8134473
3,16447418,10394904,6052514,1493736,1009391,2467250,35877,0.01433287,2026180,469993,0.8117146
