pid,execution_cycles,compute_cycles,idle_cycles,loads,stores,hit_count,miss_count,miss_rate,private,shared,private_rate
0,13017555,10430314,2587241,1489888,1007461,2496441,908,0.0003635855,2023036,474310,0.8100744
1,12948687,10383276,2565411,1485857,1004611,2489711,757,0.0003039589,2017221,473247,0.8099767
2,13166699,10430338,2736361,1492629,1016428,2506761,2296,0.0009150848,2035019,473878,0.811121
3,12985250,10394904,2590346,1493736,1009391,2502246,881,0.0003519598,2027776,475350,0.8100975
