pid,execution_cycles,compute_cycles,idle_cycles,loads,stores,hit_count,miss_count,miss_rate,private,shared,private_rate
0,13092984,10430314,2662670,1489888,1007461,2495646,1703,0.0006819231,2022255,474753,0.8098713
1,13016367,10383276,2633091,1485857,1004611,2488999,1469,0.000589849,2018872,471400,0.8107034
2,13285256,10430338,2854918,1492629,1016428,2505518,3539,0.00141049,2034192,473606,0.8111467
3,13063316,10394904,2668412,1493736,1009391,2501436,1691,0.000675555,2027629,475237,0.8101229
