pid,execution_cycles,compute_cycles,idle_cycles,loads,stores,hit_count,miss_count,miss_rate,private,shared,private_rate
0,14935383,10430314,4505069,1489888,1007461,2477069,20280,0.008120611,2022264,473869,0.8101588
1,14851764,10383276,4468488,1485857,1004611,2470488,19980,0.008022589,2017702,471749,0.8105008
2,15196199,10430338,4765861,1492629,1016428,2486261,22796,0.009085485,2033220,473107,0.8112349
3,14910404,10394904,4515500,1493736,1009391,2482800,20327,0.008120643,2026808,475228,0.8100635
