pid,execution_cycles,compute_cycles,idle_cycles,loads,stores,hit_count,miss_count,miss_rate,private,shared,private_rate
0,13066668,10430314,2636354,1489888,1007461,2495978,1371,0.0005489821,2022500,474583,0.809945
1,12992262,10383276,2608986,1485857,1004611,2489298,1170,0.0004697912,2018772,471547,0.810648
2,13239350,10430338,2809012,1492629,1016428,2506056,3001,0.001196067,2034525,473606,0.8111717
3,13047361,10394904,2652457,1493736,1009391,2501637,1490,0.0005952555,2027633,475254,0.8101177
