pid,execution_cycles,compute_cycles,idle_cycles,loads,stores,hit_count,miss_count,miss_rate,private,shared,private_rate
0,17357235,10430314,6926921,1489888,1007461,2480435,16914,0.006772782,2023614,471518,0.8110248
1,17277697,10383276,6894421,1485857,1004611,2473589,16879,0.006777441,2018380,469980,0.8111286
2,17704840,10430338,7274502,1492629,1016428,2490971,18086,0.007208286,2035704,470794,0.8121706
3,17245350,10394904,6850446,1493736,1009391,2486514,16613,0.006636899,2027653,473213,0.8107803
