pid,execution_cycles,compute_cycles,idle_cycles,loads,stores,hit_count,miss_count,miss_rate,private,shared,private_rate
0,15066735,10430314,4636421,1489888,1007461,2484675,12674,0.005074982,2021158,475447,0.8095626
1,15082672,10383276,4699396,1485857,1004611,2477317,13151,0.005280534,1758440,729856,0.7066844
2,15398522,10430338,4968184,1492629,1016428,2493054,16003,0.006378093,2031071,475097,0.8104289
3,15027733,10394904,4632829,1493736,1009391,2490947,12180,0.004865914,2015917,486051,0.8057325
