pid,execution_cycles,compute_cycles,idle_cycles,loads,stores,hit_count,miss_count,miss_rate,private,shared,private_rate
0,12973995,10430314,2543681,1489888,1007461,2496881,468,0.0001873987,2021585,475764,0.8094924
1,12914433,10383276,2531157,1485857,1004611,2490057,411,0.0001650292,2015784,474684,0.8093997
2,13028990,10430338,2598652,1492629,1016428,2508152,905,0.0003606933,2033884,474971,0.8106822
3,12942581,10394904,2547677,1493736,1009391,2502677,450,0.0001797751,2026625,476497,0.8096389
