pid,execution_cycles,compute_cycles,idle_cycles,loads,stores,hit_count,miss_count,miss_rate,private,shared,private_rate
0,14010784,10430314,3580470,1489888,1007461,2497238,111,4.444713e-05,2003828,493520,0.8023824
1,13942861,10383276,3559585,1485857,1004611,2490367,101,4.055463e-05,1994159,496309,0.8007166
2,14062149,10430338,3631811,1492629,1016428,2508785,272,0.0001084073,2017084,491889,0.8039481
3,13952519,10394904,3557615,1493736,1009391,2502998,129,5.153554e-05,2001813,501310,0.7997262
