pid,execution_cycles,compute_cycles,idle_cycles,loads,stores,hit_count,miss_count,miss_rate,private,shared,private_rate
0,25812018,10430314,15381704,1489888,1007461,2367204,130145,0.05211326,2080574,397850,0.8394746
1,25695531,10383276,15312255,1485857,1004611,2360955,129513,0.05200348,2065822,405858,0.8357967
2,25999376,10430338,15569038,1492629,1016428,2377138,131919,0.05257712,2085416,403843,0.8377658
3,25824560,10394904,15429656,1493736,1009391,2372556,130571,0.05216315,2095809,388302,0.8436857
