pid,execution_cycles,compute_cycles,idle_cycles,loads,stores,hit_count,miss_count,miss_rate,private,shared,private_rate
0,21446001,10430314,11015687,1489888,1007461,2398424,98925,0.039612,2074936,414710,0.8334261
1,21313660,10383276,10930384,1485857,1004611,2392647,97821,0.03927816,2071270,412327,0.8339799
2,22175018,10430338,11744680,1492629,1016428,2401912,107145,0.04270329,2083536,411872,0.834948
3,21417244,10394904,11022340,1493736,1009391,2404240,98887,0.03950539,2080811,415095,0.8336897
