pid,execution_cycles,compute_cycles,idle_cycles,loads,stores,hit_count,miss_count,miss_rate,private,shared,private_rate
0,13078034,10430314,2647720,1489888,1007461,2496600,749,0.000299918,2021512,475736,0.8094959
1,13010207,10383276,2626931,1485857,1004611,2489847,621,0.0002493507,2016761,473659,0.8098076
2,13156303,10430338,2725965,1492629,1016428,2507561,1496,0.0005962399,2032741,475903,0.8102947
3,13055987,10394904,2661083,1493736,1009391,2502343,784,0.0003132082,2027131,475916,0.8098653
