pid,execution_cycles,compute_cycles,idle_cycles,loads,stores,hit_count,miss_count,miss_rate,private,shared,private_rate
0,12986220,10430314,2555906,1489888,1007461,2496986,363,0.0001453541,2020323,477017,0.80899
1,12929019,10383276,2545743,1485857,1004611,2490135,333,0.0001337098,2014540,475919,0.8089031
2,13027427,10430338,2597089,1492629,1016428,2508401,656,0.0002614528,2032919,476091,0.8102475
3,12965792,10394904,2570888,1493736,1009391,2502712,415,0.0001657926,2025554,477564,0.8092124
