pid,execution_cycles,compute_cycles,idle_cycles,loads,stores,hit_count,miss_count,miss_rate,private,shared,private_rate
0,19628238,10430314,9197924,1489888,1007461,2445788,51561,0.02064629,2069311,425261,0.8295255
1,19275145,10383276,8891869,1485857,1004611,2441239,49229,0.01976697,2061135,425656,0.8288332
2,19895116,10430338,9464778,1492629,1016428,2455002,54055,0.02154395,2080775,424309,0.8306208
3,19312222,10394904,8917318,1493736,1009391,2453884,49243,0.01967259,2071319,428815,0.8284832
