pid,execution_cycles,compute_cycles,idle_cycles,loads,stores,hit_count,miss_count,miss_rate,private,shared,private_rate
0,110810547,10430314,100380233,1489888,1007461,1508633,988716,0.3959062,2142004,8035,0.9962629
1,110415573,10383276,100032297,1485857,1004611,1505197,985271,0.3956168,2136452,7838,0.9963447
2,111075323,10430338,100644985,1492629,1016428,1517785,991272,0.3950775,2151452,8622,0.9960085
3,110950601,10394904,100555697,1493736,1009391,1512697,990430,0.3956771,2146303,8849,0.995894
