pid,execution_cycles,compute_cycles,idle_cycles,loads,stores,hit_count,miss_count,miss_rate,private,shared,private_rate
0,13232682,10430314,2802368,1489888,1007461,2494268,3081,0.001233708,2022818,474073,0.8101347
1,13126689,10383276,2743413,1485857,1004611,2487913,2555,0.001025912,2017965,472263,0.8103535
2,13543691,10430338,3113353,1492629,1016428,2502953,6104,0.002432787,2032551,473562,0.8110373
3,13175726,10394904,2780822,1493736,1009391,2500322,2805,0.001120598,2027663,475159,0.8101507
