pid,execution_cycles,compute_cycles,idle_cycles,loads,stores,hit_count,miss_count,miss_rate,private,shared,private_rate
0,14507166,10430314,4076852,1489888,1007461,2491313,6036,0.002416963,1995095,501376,0.7991661
1,14227925,10383276,3844649,1485857,1004611,2486560,3908,0.001569183,1957804,532159,0.7862784
2,14896548,10430338,4466210,1492629,1016428,2499303,9754,0.003887516,2027684,475911,0.809909
3,14295983,10394904,3901079,1493736,1009391,2499001,4126,0.001648338,1997052,505483,0.7980116
