pid,execution_cycles,compute_cycles,idle_cycles,loads,stores,hit_count,miss_count,miss_rate,private,shared,private_rate
0,14124920,10430314,3694606,1489888,1007461,2495133,2216,0.0008873409,806483,1690654,0.3229631
1,14040920,10383276,3657644,1485857,1004611,2488604,1864,0.0007484537,1676359,813838,0.6731833
2,14273235,10430338,3842897,1492629,1016428,2505617,3440,0.001371033,2030027,477602,0.8095404
3,14041654,10394904,3646750,1493736,1009391,2501695,1432,0.0005720844,1710054,792706,0.6832673
