pid,execution_cycles,compute_cycles,idle_cycles,loads,stores,hit_count,miss_count,miss_rate,private,shared,private_rate
0,13256046,10430314,2825732,1489888,1007461,2494032,3317,0.001328208,2001124,496126,0.8013311
1,13165794,10383276,2782518,1485857,1004611,2487518,2950,0.001184516,1995910,494361,0.8014831
2,13818416,10430338,3388078,1492629,1016428,2500178,8879,0.00353878,2032737,473591,0.8110419
3,13206713,10394904,2811809,1493736,1009391,2500009,3118,0.001245642,2026731,476223,0.8097356
