pid,execution_cycles,compute_cycles,idle_cycles,loads,stores,hit_count,miss_count,miss_rate,private,shared,private_rate
0,13168629,10430314,2738315,1489888,1007461,2494915,2434,0.0009746335,2022488,474640,0.8099256
1,13094811,10383276,2711535,1485857,1004611,2488235,2233,0.0008966186,2017878,472438,0.8102899
2,13298072,10430338,2867734,1492629,1016428,2505434,3623,0.001443969,2034319,473953,0.811044
3,13147115,10394904,2752211,1493736,1009391,2500611,2516,0.001005143,2027648,475274,0.8101123
