pid,execution_cycles,compute_cycles,idle_cycles,loads,stores,hit_count,miss_count,miss_rate,private,shared,private_rate
0,12956472,10430314,2526158,1489888,1007461,2497058,291,0.0001165236,2012646,484703,0.805913
1,12904137,10383276,2520861,1485857,1004611,2490161,307,0.00012327,2006840,483627,0.8058087
2,12979490,10430338,2549152,1492629,1016428,2508652,405,0.0001614152,2025725,483310,0.8073722
3,12931691,10394904,2536787,1493736,1009391,2502787,340,0.0001358301,2018937,484190,0.8065659
