pid,execution_cycles,compute_cycles,idle_cycles,loads,stores,hit_count,miss_count,miss_rate,private,shared,private_rate
0,57598839,10430314,47168525,1489888,1007461,2046125,451224,0.1806812,2034768,283690,0.8776385
1,57412656,10383276,47029380,1485857,1004611,2040580,449888,0.180644,2023593,288658,0.8751615
2,58172594,10430338,47742256,1492629,1016428,2052156,456901,0.1821007,2043268,283401,0.8781945
3,57717014,10394904,47322110,1493736,1009391,2050410,452717,0.1808606,2042864,280917,0.8791121
