pid,execution_cycles,compute_cycles,idle_cycles,loads,stores,hit_count,miss_count,miss_rate,private,shared,private_rate
0,41822933,10430314,31392619,1489888,1007461,2205479,291870,0.1168719,2235507,218243,0.9110574
1,41663013,10383276,31279737,1485857,1004611,2199669,290799,0.1167648,2230781,216458,0.9115501
2,42013896,10430338,31583558,1492629,1016428,2215378,293679,0.1170476,2254871,209738,0.9149001
3,41866363,10394904,31471459,1493736,1009391,2210519,292608,0.116897,2238526,221014,0.9101401
