pid,execution_cycles,compute_cycles,idle_cycles,loads,stores,hit_count,miss_count,miss_rate,private,shared,private_rate
0,43438005,10430314,33007691,1489888,1007461,2189151,308198,0.1234101,1928614,401968,0.8275246
1,43260921,10383276,32877645,1485857,1004611,2183509,306959,0.1232535,1923006,401341,0.8273317
2,43962296,10430338,33531958,1492629,1016428,2195646,313411,0.1249119,1937763,401303,0.8284345
3,43499627,10394904,33104723,1493736,1009391,2194003,309124,0.1234951,1928530,407459,0.8255732
