pid,execution_cycles,compute_cycles,idle_cycles,loads,stores,hit_count,miss_count,miss_rate,private,shared,private_rate
0,13399170,10430314,2968856,1489888,1007461,2492532,4817,0.001928845,2022389,473919,0.810152
1,13286754,10383276,2903478,1485857,1004611,2486258,4210,0.001690445,2019702,470137,0.8111778
2,13826996,10430338,3396658,1492629,1016428,2499998,9059,0.00361052,2032321,472799,0.8112669
3,13343054,10394904,2948150,1493736,1009391,2498586,4541,0.001814131,2027323,475051,0.8101599
