pid,execution_cycles,compute_cycles,idle_cycles,loads,stores,hit_count,miss_count,miss_rate,private,shared,private_rate
0,13010773,10430314,2580459,1489888,1007461,2496447,902,0.000361183,2023104,474245,0.8101006
1,12940997,10383276,2557721,1485857,1004611,2489709,759,0.000304762,2017146,473322,0.8099466
2,13150834,10430338,2720496,1492629,1016428,2506788,2269,0.0009043238,2034917,473868,0.8111165
3,12976416,10394904,2581512,1493736,1009391,2502248,879,0.0003511608,2027781,475344,0.8100998
