pid,execution_cycles,compute_cycles,idle_cycles,loads,stores,hit_count,miss_count,miss_rate,private,shared,private_rate
0,15833217,10430314,5402903,1489888,1007461,2468167,29182,0.01168519,2031996,462513,0.8145876
1,15746496,10383276,5363220,1485857,1004611,2461600,28868,0.0115914,2027316,460412,0.8149267
2,15981419,10430338,5551081,1492629,1016428,2478413,30644,0.01221335,2043225,462435,0.8154438
3,15817526,10394904,5422622,1493736,1009391,2473738,29389,0.01174091,2033673,466538,0.8134005
