pid,execution_cycles,compute_cycles,idle_cycles,loads,stores,hit_count,miss_count,miss_rate,private,shared,private_rate
0,54330699,10430314,43900385,1489888,1007461,2079157,418192,0.1674544,2304526,69433,0.9707522
1,54132861,10383276,43749585,1485857,1004611,2073725,416743,0.1673352,2297814,69624,0.970591
2,54664610,10430338,44234272,1492629,1016428,2087628,421429,0.1679631,2306143,78053,0.9672623
3,54400700,10394904,44005796,1493736,1009391,2083916,419211,0.1674749,2302518,76855,0.9676995
