pid,execution_cycles,compute_cycles,idle_cycles,loads,stores,hit_count,miss_count,miss_rate,private,shared,private_rate
0,14402036,10430314,3971722,1489888,1007461,2492209,5140,0.002058182,2020611,475519,0.8094975
1,14307658,10383276,3924382,1485857,1004611,2486012,4456,0.001789222,2018467,471214,0.8107332
2,14915748,10430338,4485410,1492629,1016428,2498959,10098,0.00402462,2034288,470305,0.812223
3,14374733,10394904,3979829,1493736,1009391,2497978,5149,0.002057027,2024797,477279,0.8092468
