pid,execution_cycles,compute_cycles,idle_cycles,loads,stores,hit_count,miss_count,miss_rate,private,shared,private_rate
0,15968108,10430314,5537794,1489888,1007461,2475907,21442,0.008585904,2020265,475782,0.8093858
1,15894078,10383276,5510802,1485857,1004611,2469272,21196,0.00851085,2015051,474261,0.8094811
2,16181257,10430338,5750919,1492629,1016428,2485590,23467,0.009352916,2031676,475114,0.8104692
3,15957278,10394904,5562374,1493736,1009391,2481551,21576,0.008619619,2024854,477038,0.8093291
