pid,execution_cycles,compute_cycles,idle_cycles,loads,stores,hit_count,miss_count,miss_rate,private,shared,private_rate
0,13995150,10430314,3564836,1489888,1007461,2497167,182,7.287728e-05,955320,1542021,0.3825349
1,13923598,10383276,3540322,1485857,1004611,2490323,145,5.822199e-05,1590859,899607,0.6387797
2,14043630,10430338,3613292,1492629,1016428,2508660,397,0.0001582268,2023658,485309,0.8065702
3,13946648,10394904,3551744,1493736,1009391,2502947,180,7.191005e-05,1936695,566427,0.7737118
