pid,execution_cycles,compute_cycles,idle_cycles,loads,stores,hit_count,miss_count,miss_rate,private,shared,private_rate
0,13013242,10430314,2582928,1489888,1007461,2496512,837,0.0003351554,2021735,475528,0.8095803
1,13021271,10383276,2637995,1485857,1004611,2489003,1465,0.0005882429,2016143,474258,0.8095656
2,13116623,10430338,2686285,1492629,1016428,2507305,1752,0.0006982703,2033758,474735,0.8107489
3,13061441,10394904,2666537,1493736,1009391,2501501,1626,0.0006495875,2027006,476028,0.8098196
