pid,execution_cycles,compute_cycles,idle_cycles,loads,stores,hit_count,miss_count,miss_rate,private,shared,private_rate
0,46936143,10430314,36505829,1489888,1007461,2153829,343520,0.1375539,2284806,144464,0.9405319
1,46656108,10383276,36272832,1485857,1004611,2149232,341236,0.1370168,2278212,143405,0.9407813
2,47185079,10430338,36754741,1492629,1016428,2163141,345916,0.1378669,2295675,144173,0.940909
3,46882157,10394904,36487253,1493736,1009391,2159853,343274,0.1371381,2291843,141878,0.9417033
