pid,execution_cycles,compute_cycles,idle_cycles,loads,stores,hit_count,miss_count,miss_rate,private,shared,private_rate
0,22726089,10430314,12295775,1489888,1007461,2398375,98974,0.03963163,2068855,420800,0.8309806
1,22563072,10383276,12179796,1485857,1004611,2392596,97872,0.03929864,2065872,417727,0.8318058
2,23547740,10430338,13117402,1492629,1016428,2401902,107155,0.04270728,2075976,419448,0.8319131
3,22692596,10394904,12297692,1493736,1009391,2404192,98935,0.03952456,2075016,420888,0.8313685
