pid,execution_cycles,compute_cycles,idle_cycles,loads,stores,hit_count,miss_count,miss_rate,private,shared,private_rate
0,13153383,10430314,2723069,1489888,1007461,2497029,320,0.0001281359,2012743,484598,0.8059544
1,13085967,10383276,2702691,1485857,1004611,2490163,305,0.0001224669,2007138,483316,0.8059326
2,13184387,10430338,2754049,1492629,1016428,2508477,580,0.0002311625,2026542,482412,0.8077239
3,13143848,10394904,2748944,1493736,1009391,2502772,355,0.0001418226,2018763,484360,0.8064977
