pid,execution_cycles,compute_cycles,idle_cycles,loads,stores,hit_count,miss_count,miss_rate,private,shared,private_rate
0,19433052,10430314,9002738,1489888,1007461,2431638,65711,0.0263123,2048560,444227,0.821795
1,19158561,10383276,8775285,1485857,1004611,2426985,63483,0.02549039,2041640,444010,0.8213707
2,19611203,10430338,9180865,1492629,1016428,2441665,67392,0.02685949,2060469,443435,0.8229026
3,19230170,10394904,8835266,1493736,1009391,2439166,63961,0.02555244,2051130,447045,0.8210514
