pid,execution_cycles,compute_cycles,idle_cycles,loads,stores,hit_count,miss_count,miss_rate,private,shared,private_rate
0,12974886,10430314,2544572,1489888,1007461,2496872,477,0.0001910025,2021581,475768,0.8094908
1,12914532,10383276,2531256,1485857,1004611,2490056,412,0.0001654308,2015754,474714,0.8093876
2,13028198,10430338,2597860,1492629,1016428,2508160,897,0.0003575048,2034010,475004,0.810681
3,12941096,10394904,2546192,1493736,1009391,2502692,435,0.0001737826,2026617,476510,0.8096341
