pid,execution_cycles,compute_cycles,idle_cycles,loads,stores,hit_count,miss_count,miss_rate,private,shared,private_rate
0,13797642,10430314,3367328,1489888,1007461,2488500,8849,0.003543357,2021643,473741,0.8101531
1,13643628,10383276,3260352,1485857,1004611,2482644,7824,0.003141578,2020224,469004,0.8115866
2,14553358,10430338,4123020,1492629,1016428,2492680,16377,0.006527153,2035929,465549,0.8138904
3,13726594,10394904,3331690,1493736,1009391,2494714,8413,0.003360996,2026779,474844,0.8101856
