pid,execution_cycles,compute_cycles,idle_cycles,loads,stores,hit_count,miss_count,miss_rate,private,shared,private_rate
0,14864841,10430314,4434527,1489888,1007461,2490034,7315,0.002929106,2018713,477276,0.8087828
1,14824755,10383276,4441479,1485857,1004611,2483353,7115,0.002856893,2009924,479342,0.8074364
2,15079419,10430338,4649081,1492629,1016428,2500352,8705,0.003469431,2028101,479197,0.8088791
3,14749995,10394904,4355091,1493736,1009391,2496569,6558,0.002619923,2025479,476870,0.8094311
