pid,execution_cycles,compute_cycles,idle_cycles,loads,stores,hit_count,miss_count,miss_rate,private,shared,private_rate
0,15499386,10430314,5069072,1489888,1007461,2471372,25977,0.01040183,2023387,472161,0.8107987
1,15418341,10383276,5035065,1485857,1004611,2464765,25703,0.01032055,2018735,470047,0.8111337
2,15670112,10430338,5239774,1492629,1016428,2481474,27583,0.01099337,2037147,469440,0.8127175
3,15487376,10394904,5092472,1493736,1009391,2476972,26155,0.01044893,2027683,473645,0.8106426
