pid,execution_cycles,compute_cycles,idle_cycles,loads,stores,hit_count,miss_count,miss_rate,private,shared,private_rate
0,14941397,10430314,4511083,1489888,1007461,2477491,19858,0.007951632,2019473,475028,0.8095699
1,15382467,10383276,4999191,1485857,1004611,2469135,21333,0.00856586,2012023,473822,0.809392
2,15253857,10430338,4823519,1492629,1016428,2486307,22750,0.009067152,2032851,472204,0.8114995
3,14905432,10394904,4510528,1493736,1009391,2485780,17347,0.006930132,2024722,475095,0.8099481
