pid,execution_cycles,compute_cycles,idle_cycles,loads,stores,hit_count,miss_count,miss_rate,private,shared,private_rate
0,14011708,10430314,3581394,1489888,1007461,2497238,111,4.444713e-05,2006885,490464,0.8036061
1,13944709,10383276,3561433,1485857,1004611,2490367,101,4.055463e-05,1995331,495137,0.8011872
2,14052318,10430338,3621980,1492629,1016428,2508791,266,0.0001060159,2017092,491886,0.8039497
3,13953147,10394904,3558243,1493736,1009391,2503001,126,5.033704e-05,2003630,499497,0.8004508
