pid,execution_cycles,compute_cycles,idle_cycles,loads,stores,hit_count,miss_count,miss_rate,private,shared,private_rate
0,14600439,10430314,4170125,1489888,1007461,2481089,16260,0.006510904,2025043,470943,0.8113199
1,14542646,10383276,4159370,1485857,1004611,2474218,16250,0.006524878,2019919,469284,0.8114722
2,14714539,10430338,4284201,1492629,1016428,2491609,17448,0.006954007,2037679,469671,0.8126823
3,14543803,10394904,4148899,1493736,1009391,2487223,15904,0.006353653,2029534,472189,0.8112545
