pid,execution_cycles,compute_cycles,idle_cycles,loads,stores,hit_count,miss_count,miss_rate,private,shared,private_rate
0,13993632,10430314,3563318,1489888,1007461,2497174,175,7.007431e-05,2012512,484826,0.8058629
1,13920532,10383276,3537256,1485857,1004611,2490329,139,5.58128e-05,2002976,487489,0.8042578
2,14093205,10430338,3662867,1492629,1016428,2508388,669,0.000266634,2023852,484954,0.8066993
3,13946729,10394904,3551825,1493736,1009391,2502942,185,7.390756e-05,2011095,492019,0.8034372
