pid,execution_cycles,compute_cycles,idle_cycles,loads,stores,hit_count,miss_count,miss_rate,private,shared,private_rate
0,13119723,10430314,2689409,1489888,1007461,2495409,1940,0.0007768237,2023133,474076,0.8101577
1,13048281,10383276,2665005,1485857,1004611,2488705,1763,0.0007078991,2017276,473006,0.8100593
2,13324703,10430338,2894365,1492629,1016428,2505165,3892,0.00155118,2033963,473632,0.811121
3,13061282,10394904,2666378,1493736,1009391,2501478,1649,0.000658776,2027743,475076,0.8101836
