pid,execution_cycles,compute_cycles,idle_cycles,loads,stores,hit_count,miss_count,miss_rate,private,shared,private_rate
0,14429592,10430314,3999278,1489888,1007461,2482178,15171,0.006074842,2023554,472202,0.810798
1,14423688,10383276,4040412,1485857,1004611,2474812,15656,0.006286369,2018487,470404,0.8109986
2,14699516,10430338,4269178,1492629,1016428,2491278,17779,0.007085929,2037140,469762,0.8126125
3,14371844,10394904,3976940,1493736,1009391,2488240,14887,0.005947361,2028711,472851,0.8109777
