pid,execution_cycles,compute_cycles,idle_cycles,loads,stores,hit_count,miss_count,miss_rate,private,shared,private_rate
0,13146732,10430314,2716418,1489888,1007461,2495050,2299,0.0009205762,2022207,474930,0.8098102
1,13062780,10383276,2679504,1485857,1004611,2488516,1952,0.0007837884,2016682,473515,0.8098484
2,13283699,10430338,2853361,1492629,1016428,2505521,3536,0.001409294,2033613,474015,0.8109708
3,13043264,10394904,2648360,1493736,1009391,2501628,1499,0.000598851,2027283,475477,0.8100189
