pid,execution_cycles,compute_cycles,idle_cycles,loads,stores,hit_count,miss_count,miss_rate,private,shared,private_rate
0,13011725,10430314,2581411,1489888,1007461,2496447,902,0.000361183,2023168,474181,0.8101263
1,12941399,10383276,2558123,1485857,1004611,2489707,761,0.0003055651,2017250,473218,0.8099883
2,13153870,10430338,2723532,1492629,1016428,2506780,2277,0.0009075123,2034179,473821,0.8110762
3,12977368,10394904,2582464,1493736,1009391,2502248,879,0.0003511608,2027864,475263,0.8101323
