pid,execution_cycles,compute_cycles,idle_cycles,loads,stores,hit_count,miss_count,miss_rate,private,shared,private_rate
0,14085182,10430314,3654868,1489888,1007461,2495699,1650,0.0006607006,2020142,476859,0.8090273
1,14014241,10383276,3630965,1485857,1004611,2489067,1401,0.0005625449,2016366,473901,0.8096987
2,14285677,10430338,3855339,1492629,1016428,2505527,3530,0.001406903,2031186,476576,0.8099596
3,14059631,10394904,3664727,1493736,1009391,2501479,1648,0.0006583765,2024882,477978,0.8090273
