pid,execution_cycles,compute_cycles,idle_cycles,loads,stores,hit_count,miss_count,miss_rate,private,shared,private_rate
0,13137635,10430314,2707321,1489888,1007461,2495169,2180,0.0008729257,2022954,474132,0.8101259
1,13172155,10383276,2788879,1485857,1004611,2487383,3085,0.001238723,2016881,473042,0.8100174
2,13271364,10430338,2841026,1492629,1016428,2505598,3459,0.001378606,2034200,473717,0.8111114
3,13205019,10394904,2810115,1493736,1009391,2499943,3184,0.001272009,2027266,475316,0.8100698
