pid,execution_cycles,compute_cycles,idle_cycles,loads,stores,hit_count,miss_count,miss_rate,private,shared,private_rate
0,42077595,17729254,24348341,2380720,889412,3113322,156810,0.04795219,2632868,625612,0.808005
1,41384606,17120545,24264061,2388005,899247,3131022,156230,0.04752602,2674471,601184,0.8164691
2,18284210,17556877,727333,74523,43175,113422,4276,0.03633027,94846,22283,0.8097568
3,42248563,17140113,25108450,2416052,908867,3163600,161319,0.04851817,2507028,804743,0.7570052
