pid,execution_cycles,compute_cycles,idle_cycles,loads,stores,hit_count,miss_count,miss_rate,private,shared,private_rate
0,29409118,17729254,11679864,2380720,889412,3229425,40707,0.01244812,2280026,989128,0.6974361
1,28810543,17120545,11689998,2388005,899247,3246826,40426,0.01229781,2365023,921007,0.7197205
2,17804030,17556877,247153,74523,43175,117274,424,0.00360244,66814,50772,0.5682139
3,28999295,17140113,11859182,2416052,908867,3284037,40882,0.01229564,2415175,908745,0.7266044
