pid,execution_cycles,compute_cycles,idle_cycles,loads,stores,hit_count,miss_count,miss_rate,private,shared,private_rate
0,30629939,17729254,12900685,2380720,889412,3156554,113578,0.03473193,2224412,1035330,0.682389
1,30258416,17120545,13137871,2388005,899247,3173110,114142,0.03472262,2198102,1078290,0.670891
2,17842627,17556877,285750,74523,43175,116279,1419,0.01205628,89603,27660,0.76412
3,30280421,17140113,13140308,2416052,908867,3211507,113412,0.0341097,2226493,1088017,0.6717412
