pid,execution_cycles,compute_cycles,idle_cycles,loads,stores,hit_count,miss_count,miss_rate,private,shared,private_rate
0,23229967,17729254,5500713,2380720,889412,3245685,24447,0.007475845,2137305,1127295,0.6546912
1,22728870,17120545,5608325,2388005,899247,3263201,24051,0.007316445,2153674,1128263,0.6562204
2,17897460,17556877,340583,74523,43175,115299,2399,0.02038267,90248,27449,0.7667825
3,22855516,17140113,5715403,2416052,908867,3299679,25240,0.007591162,2166289,1153539,0.6525305
