pid,execution_cycles,compute_cycles,idle_cycles,loads,stores,hit_count,miss_count,miss_rate,private,shared,private_rate
0,35219053,17729254,17489799,2380720,889412,3126499,143633,0.04392269,2310616,926711,0.7137419
1,34125138,17120545,17004593,2388005,899247,3148693,138559,0.0421504,2445559,811112,0.7509383
2,18280851,17556877,723974,74523,43175,111574,6124,0.05203147,90592,24987,0.7838102
3,33953980,17140113,16813867,2416052,908867,3188667,136252,0.04097904,2332686,965745,0.7072108
