pid,execution_cycles,compute_cycles,idle_cycles,loads,stores,hit_count,miss_count,miss_rate,private,shared,private_rate
0,28355316,17729254,10626062,2380720,889412,3193394,76738,0.02346633,2175282,1077308,0.6687846
1,27704214,17120545,10583669,2388005,899247,3212957,74295,0.02260094,2220096,1051045,0.6786916
2,18107929,17556877,551052,74523,43175,113172,4526,0.03845435,90716,26599,0.7732686
3,27704065,17140113,10563952,2416052,908867,3250476,74443,0.02238942,2226653,1084419,0.672487
