pid,execution_cycles,compute_cycles,idle_cycles,loads,stores,hit_count,miss_count,miss_rate,private,shared,private_rate
0,29683441,17729254,11954187,2380720,889412,3181719,88413,0.02703652,2216489,1048989,0.678764
1,28998963,17120545,11878418,2388005,899247,3200094,87158,0.02651394,2185390,1097818,0.6656264
2,17755242,17556877,198365,74523,43175,116841,857,0.007281347,89205,28493,0.7579143
3,29127037,17140113,11986924,2416052,908867,3236876,88043,0.02647974,2195416,1125492,0.6610891
