pid,execution_cycles,compute_cycles,idle_cycles,loads,stores,hit_count,miss_count,miss_rate,private,shared,private_rate
0,33889222,17729254,16159968,2380720,889412,3141936,128196,0.03920209,2558113,690245,0.7875096
1,35497986,17120545,18377441,2388005,899247,3136233,151019,0.0459408,2528962,730783,0.7758159
2,18402585,17556877,845708,74523,43175,110420,7278,0.06183622,92838,22332,0.8060953
3,31403800,17140113,14263687,2416052,908867,3216415,108504,0.03263358,2580485,735094,0.7782909
