pid,execution_cycles,compute_cycles,idle_cycles,loads,stores,hit_count,miss_count,miss_rate,private,shared,private_rate
0,71858260,17729254,54129006,2380720,889412,2756406,513726,0.1570964,2983977,125162,0.9597438
1,72332307,17120545,55211762,2388005,899247,2762762,524490,0.1595527,2890775,230943,0.9260205
2,19505976,17556877,1949099,74523,43175,99199,18499,0.1571734,93709,17141,0.8453676
3,72921370,17140113,55781257,2416052,908867,2795057,529862,0.1593609,2921683,237192,0.9249125
