pid,execution_cycles,compute_cycles,idle_cycles,loads,stores,hit_count,miss_count,miss_rate,private,shared,private_rate
0,26932456,17729254,9203202,2380720,889412,3210202,59930,0.01832648,2133767,1134746,0.652825
1,26321562,17120545,9201017,2388005,899247,3227517,59735,0.01817171,2105627,1180217,0.6408177
2,17721699,17556877,164822,74523,43175,117222,476,0.004044249,89402,28223,0.7600595
3,26364541,17140113,9224428,2416052,908867,3265328,59591,0.01792254,2224898,1098239,0.6695174
