pid,execution_cycles,compute_cycles,idle_cycles,loads,stores,hit_count,miss_count,miss_rate,private,shared,private_rate
0,33662739,17729254,15933485,2380720,889412,3215225,54907,0.01679045,2054013,1214592,0.6284066
1,32995552,17120545,15875007,2388005,899247,3232375,54877,0.01669388,2092889,1193166,0.6369002
2,17771029,17556877,214152,74523,43175,117370,328,0.002786793,86693,31005,0.7365716
3,33172203,17140113,16032090,2416052,908867,3269606,55313,0.01663589,2145044,1178501,0.6454084
