pid,execution_cycles,compute_cycles,idle_cycles,loads,stores,hit_count,miss_count,miss_rate,private,shared,private_rate
0,23204215,17729254,5474961,2380720,889412,3247861,22271,0.006810428,2128572,1131661,0.6528895
1,22605003,17120545,5484458,2388005,899247,3265058,22194,0.006751536,2155644,1122066,0.6576677
2,18108294,17556877,551417,74523,43175,113317,4381,0.03722238,90474,27224,0.7686962
3,22765198,17140113,5625085,2416052,908867,3301685,23234,0.006987839,2168863,1146834,0.6541198
