pid,execution_cycles,compute_cycles,idle_cycles,loads,stores,hit_count,miss_count,miss_rate,private,shared,private_rate
0,31896774,17729254,14167520,2380720,889412,3204608,65524,0.02003711,2702845,565888,0.8268785
1,31040260,17120545,13919715,2388005,899247,3221625,65627,0.01996409,2718151,567111,0.8273772
2,17810184,17556877,253307,74523,43175,116930,768,0.006525175,67845,49671,0.5773256
3,31644836,17140113,14504723,2416052,908867,3259071,65848,0.01980439,2495094,828178,0.7507944
