pid,execution_cycles,compute_cycles,idle_cycles,loads,stores,hit_count,miss_count,miss_rate,private,shared,private_rate
0,33361120,17729254,15631866,2380720,889412,3145266,124866,0.03818378,2541131,722108,0.7787143
1,32810418,17120545,15689873,2388005,899247,3161973,125279,0.03811056,3024812,254929,0.9222716
2,18010482,17556877,453605,74523,43175,114305,3393,0.02882802,93107,23985,0.7951611
3,33050704,17140113,15910591,2416052,908867,3197791,127128,0.03823492,2409512,908123,0.726274
