pid,execution_cycles,compute_cycles,idle_cycles,loads,stores,hit_count,miss_count,miss_rate,private,shared,private_rate
0,40969171,17729254,23239917,2380720,889412,3068417,201715,0.06168405,3023277,219344,0.932356
1,40703490,17120545,23582945,2388005,899247,3082245,205007,0.06236425,3038248,219072,0.9327447
2,18587652,17556877,1030775,74523,43175,108475,9223,0.07836157,94300,20467,0.8216648
3,40908829,17140113,23768716,2416052,908867,3118416,206503,0.06210768,3063674,232507,0.9294617
