pid,execution_cycles,compute_cycles,idle_cycles,loads,stores,hit_count,miss_count,miss_rate,private,shared,private_rate
0,23492473,17729254,5763219,2380720,889412,3244481,25651,0.007844026,2109021,1155480,0.646047
1,23298001,17120545,6177456,2388005,899247,3260342,26910,0.008186169,2146646,1135258,0.6540856
2,18062019,17556877,505142,74523,43175,113373,4325,0.03674659,89318,28336,0.7591582
3,23258793,17140113,6118680,2416052,908867,3298892,26027,0.00782786,2159764,1159760,0.6506246
