pid,execution_cycles,compute_cycles,idle_cycles,loads,stores,hit_count,miss_count,miss_rate,private,shared,private_rate
0,24447061,17729254,6717807,2380720,889412,3236531,33601,0.01027512,2084990,1182493,0.6381028
1,23912035,17120545,6791490,2388005,899247,3253509,33743,0.0102648,2105013,1179892,0.640814
2,17787055,17556877,230178,74523,43175,116914,784,0.006661116,87471,30188,0.743428
3,23927207,17140113,6787094,2416052,908867,3291742,33177,0.009978288,2147082,1175828,0.6461451
