pid,execution_cycles,compute_cycles,idle_cycles,loads,stores,hit_count,miss_count,miss_rate,private,shared,private_rate
0,32233366,17729254,14504112,2380720,889412,3155724,114408,0.03498574,2772384,487342,0.850496
1,31646721,17120545,14526176,2388005,899247,3173132,114120,0.03471593,2219866,1056698,0.6774981
2,17817082,17556877,260205,74523,43175,116229,1469,0.0124811,90947,26364,0.775264
3,31659881,17140113,14519768,2416052,908867,3210920,113999,0.03428625,2500964,813704,0.7545142
