pid,execution_cycles,compute_cycles,idle_cycles,loads,stores,hit_count,miss_count,miss_rate,private,shared,private_rate
0,34952941,17729254,17223687,2380720,889412,3129187,140945,0.04310071,2263706,987266,0.6963167
1,34571727,17120545,17451182,2388005,899247,3144182,143070,0.04352267,2223313,1042729,0.6807362
2,17954250,17556877,397373,74523,43175,114873,2825,0.02400211,90542,25862,0.7778255
3,34496203,17140113,17356090,2416052,908867,3183190,141729,0.0426263,3019358,286016,0.9134694
