pid,execution_cycles,compute_cycles,idle_cycles,loads,stores,hit_count,miss_count,miss_rate,private,shared,private_rate
0,105469750,17729254,87740496,2380720,889412,2416896,853236,0.2609179,2966887,59354,0.9803869
1,105105861,17120545,87985316,2388005,899247,2431716,855536,0.2602587,2979035,60432,0.9801176
2,21853266,17556877,4296389,74523,43175,75489,42209,0.3586212,99770,2450,0.9760321
3,107047561,17140113,89907448,2416052,908867,2450348,874571,0.2630353,3051049,21874,0.9928817
