pid,execution_cycles,compute_cycles,idle_cycles,loads,stores,hit_count,miss_count,miss_rate,private,shared,private_rate
0,29361309,17729254,11632055,2380720,889412,3199345,70787,0.02164653,2370835,896129,0.7256998
1,28788487,17120545,11667942,2388005,899247,3216664,70588,0.02147325,2356643,927734,0.7175312
2,17773917,17556877,217040,74523,43175,117174,524,0.004452072,87807,29830,0.7464233
3,28933368,17140113,11793255,2416052,908867,3254167,70752,0.02127932,2364032,957875,0.7116491
