pid,execution_cycles,compute_cycles,idle_cycles,loads,stores,hit_count,miss_count,miss_rate,private,shared,private_rate
0,22933739,17729254,5204485,2380720,889412,3247821,22311,0.00682266,2128738,1131494,0.6529406
1,22540129,17120545,5419584,2388005,899247,3265060,22192,0.006750928,2155438,1122264,0.6576065
2,18085230,17556877,528353,74523,43175,113313,4385,0.03725637,90469,27229,0.7686537
3,22643432,17140113,5503319,2416052,908867,3301679,23240,0.006989644,2168721,1146963,0.6540795
