pid,execution_cycles,compute_cycles,idle_cycles,loads,stores,hit_count,miss_count,miss_rate,private,shared,private_rate
0,72907957,17729254,55178703,2380720,889412,2745803,524329,0.1603388,2968249,131216,0.957665
1,73505259,17120545,56384714,2388005,899247,2750914,536338,0.1631569,2889286,221928,0.9286684
2,19235508,17556877,1678631,74523,43175,101931,15767,0.1339615,93096,18299,0.8357287
3,74127091,17140113,56986978,2416052,908867,2782878,542041,0.1630238,2916758,231081,0.9265906
