pid,execution_cycles,compute_cycles,idle_cycles,loads,stores,hit_count,miss_count,miss_rate,private,shared,private_rate
0,25183720,17729254,7454466,2380720,889412,3227866,42266,0.01292486,2096253,1172970,0.6412083
1,24647175,17120545,7526630,2388005,899247,3244430,42822,0.01302669,2053760,1232738,0.6249083
2,17708730,17556877,151853,74523,43175,117353,345,0.002931231,89712,27947,0.7624746
3,24679561,17140113,7539448,2416052,908867,3282348,42571,0.01280362,2034694,1289259,0.6121308
