pid,execution_cycles,compute_cycles,idle_cycles,loads,stores,hit_count,miss_count,miss_rate,private,shared,private_rate
0,33963331,17729254,16234077,2380720,889412,3114124,156008,0.04770694,2286726,959173,0.704497
1,33556782,17120545,16436237,2388005,899247,3130359,156893,0.04772771,2243163,1019251,0.6875777
2,18148994,17556877,592117,74523,43175,112864,4834,0.04107122,90511,25198,0.7822296
3,33581652,17140113,16441539,2416052,908867,3167355,157564,0.04738882,2271069,1030251,0.6879276
