pid,execution_cycles,compute_cycles,idle_cycles,loads,stores,hit_count,miss_count,miss_rate,private,shared,private_rate
0,24219277,17729254,6490023,2380720,889412,3235675,34457,0.01053688,2144088,1119796,0.6569131
1,23603808,17120545,6483263,2388005,899247,3254387,32865,0.009997712,2165005,1116577,0.6597443
2,17898735,17556877,341858,74523,43175,115298,2400,0.02039117,90300,27386,0.767296
3,23725702,17140113,6585589,2416052,908867,3290913,34006,0.01022762,2172338,1147335,0.6543831
