pid,execution_cycles,compute_cycles,idle_cycles,loads,stores,hit_count,miss_count,miss_rate,private,shared,private_rate
0,30445756,17729254,12716502,2380720,889412,3213967,56165,0.01717515,2260233,1008174,0.6915396
1,29841602,17120545,12721057,2388005,899247,3231191,56061,0.01705406,2292559,993321,0.6977002
2,17769766,17556877,212889,74523,43175,117367,331,0.002812282,86883,30800,0.73828
3,29990586,17140113,12850473,2416052,908867,3268443,56476,0.01698568,2326995,996221,0.7002238
