pid,execution_cycles,compute_cycles,idle_cycles,loads,stores,hit_count,miss_count,miss_rate,private,shared,private_rate
0,38402452,17729254,20673198,2380720,889412,3094146,175986,0.05381618,2623149,625681,0.8074134
1,38494872,17120545,21374327,2388005,899247,3104471,182781,0.05560298,2697827,566952,0.8263429
2,19279716,17556877,1722839,74523,43175,101475,16223,0.1378358,93015,19596,0.825985
3,38307685,17140113,21167572,2416052,908867,3144504,180415,0.05426147,2743926,560208,0.8304524
