pid,execution_cycles,compute_cycles,idle_cycles,loads,stores,hit_count,miss_count,miss_rate,private,shared,private_rate
0,22510720,17729254,4781466,2380720,889412,3254866,15266,0.004668313,2009643,1259776,0.6146789
1,22055652,17120545,4935107,2388005,899247,3270607,16645,0.0050635,2054322,1232393,0.6250381
2,17912769,17556877,355892,74523,43175,115292,2406,0.02044215,89403,27277,0.7662239
3,22050913,17140113,4910800,2416052,908867,3308900,16019,0.004817862,2133774,1190626,0.6418524
