pid,execution_cycles,compute_cycles,idle_cycles,loads,stores,hit_count,miss_count,miss_rate,private,shared,private_rate
0,48512357,17729254,30783103,2380720,889412,2979215,290917,0.08896185,2510695,693394,0.7835909
1,49519947,17120545,32399402,2388005,899247,2989904,297348,0.09045488,2904541,312404,0.902888
2,19097154,17556877,1540277,74523,43175,103472,14226,0.1208687,92816,19121,0.8291807
3,48531242,17140113,31391129,2416052,908867,3028943,295976,0.08901751,2546959,710469,0.7818926
