pid,execution_cycles,compute_cycles,idle_cycles,loads,stores,hit_count,miss_count,miss_rate,private,shared,private_rate
0,30850389,17729254,13121135,2380720,889412,3168277,101855,0.03114706,2393742,870323,0.7333622
1,30123059,17120545,13002514,2388005,899247,3184706,102546,0.03119505,2179181,1101592,0.6642279
2,17836338,17556877,279461,74523,43175,116433,1265,0.01074785,89830,27414,0.7661799
3,30144508,17140113,13004395,2416052,908867,3222224,102695,0.03088647,2230247,1088608,0.6719929
