pid,execution_cycles,compute_cycles,idle_cycles,loads,stores,hit_count,miss_count,miss_rate,private,shared,private_rate
0,32919765,17729254,15190511,2380720,889412,3129981,140151,0.0428579,2239953,1010902,0.689035
1,32525619,17120545,15405074,2388005,899247,3144504,142748,0.04342472,2242021,1024030,0.6864623
2,17967282,17556877,410405,74523,43175,114940,2758,0.02343285,90075,26252,0.7743258
3,32549662,17140113,15409549,2416052,908867,3183760,141159,0.04245487,2267813,1037441,0.6861237
