pid,execution_cycles,compute_cycles,idle_cycles,loads,stores,hit_count,miss_count,miss_rate,private,shared,private_rate
0,32430676,17729254,14701422,2380720,889412,3155810,114322,0.03495945,2613797,650571,0.8007054
1,32566770,17120545,15446225,2388005,899247,3165233,122019,0.03711885,2508992,770919,0.7649573
2,18211944,17556877,655067,74523,43175,112311,5387,0.04576968,91879,24198,0.7915349
3,32586571,17140113,15446458,2416052,908867,3203390,121529,0.03655097,2632460,685040,0.7935072
