pid,execution_cycles,compute_cycles,idle_cycles,loads,stores,hit_count,miss_count,miss_rate,private,shared,private_rate
0,23011858,17729254,5282604,2380720,889412,3249804,20328,0.006216263,2134233,1130451,0.6537334
1,22352058,17120545,5231513,2388005,899247,3267613,19639,0.005974291,2150964,1131138,0.6553617
2,17912373,17556877,355496,74523,43175,115296,2402,0.02040816,90318,27380,0.7673707
3,22556407,17140113,5416294,2416052,908867,3303794,21125,0.006353538,2163573,1156348,0.6516941
