pid,execution_cycles,compute_cycles,idle_cycles,loads,stores,hit_count,miss_count,miss_rate,private,shared,private_rate
0,40333942,17729254,22604688,2380720,889412,3074500,195632,0.05982388,3028085,215528,0.9335531
1,40156623,17120545,23036078,2388005,899247,3087690,199562,0.06070785,2923218,335082,0.8971605
2,18578349,17556877,1021472,74523,43175,108552,9146,0.07770735,94206,20567,0.8208028
3,40217005,17140113,23076892,2416052,908867,3125136,199783,0.06008658,2904231,393170,0.8807637
