pid,execution_cycles,compute_cycles,idle_cycles,loads,stores,hit_count,miss_count,miss_rate,private,shared,private_rate
0,22022773,17729254,4293519,2380720,889412,3258035,12097,0.003699239,2131640,1137254,0.6520982
1,21458796,17120545,4338251,2388005,899247,3275995,11257,0.003424441,2146146,1140166,0.6530561
2,17802350,17556877,245473,74523,43175,116305,1393,0.01183538,89907,27764,0.764054
3,21587480,17140113,4447367,2416052,908867,3312647,12272,0.003690917,2155211,1168554,0.6484246
