pid,execution_cycles,compute_cycles,idle_cycles,loads,stores,hit_count,miss_count,miss_rate,private,shared,private_rate
0,79527493,17729254,61798239,2380720,889412,2678939,591193,0.1807857,2662670,436470,0.8591642
1,79546734,17120545,62426189,2388005,899247,2689889,597363,0.1817211,2679515,435097,0.8603046
2,20966424,17556877,3409547,74523,43175,84447,33251,0.2825112,101343,4985,0.9531168
3,80741083,17140113,63600970,2416052,908867,2716070,608849,0.1831169,3099852,47654,0.9848598
