pid,execution_cycles,compute_cycles,idle_cycles,loads,stores,hit_count,miss_count,miss_rate,private,shared,private_rate
0,22295395,17729254,4566141,2380720,889412,3257041,13091,0.004003202,2132986,1136676,0.6523567
1,21687966,17120545,4567421,2388005,899247,3274321,12931,0.003933681,2150643,1136276,0.6543036
2,17912373,17556877,355496,74523,43175,115296,2402,0.02040816,90038,27660,0.7649918
3,21832816,17140113,4692703,2416052,908867,3311103,13816,0.004155289,2163302,1161371,0.6506811
