pid,execution_cycles,compute_cycles,idle_cycles,loads,stores,hit_count,miss_count,miss_rate,private,shared,private_rate
0,89372732,17729254,71643478,2380720,889412,2575177,694955,0.2125159,2849828,215870,0.9295854
1,89555781,17120545,72435236,2388005,899247,2585341,701911,0.2135252,2923567,158088,0.9487003
2,20901016,17556877,3344139,74523,43175,84713,32985,0.2802512,99564,5083,0.9514272
3,90683246,17140113,73543133,2416052,908867,2612657,712262,0.2142194,2992581,122976,0.9605284
