pid,execution_cycles,compute_cycles,idle_cycles,loads,stores,hit_count,miss_count,miss_rate,private,shared,private_rate
0,24081876,17729254,6352622,2380720,889412,3245646,24486,0.007487771,2084288,1185148,0.6375069
1,23549588,17120545,6429043,2388005,899247,3262579,24673,0.007505661,2002495,1284245,0.6092648
2,17748311,17556877,191434,74523,43175,117386,312,0.002650852,89499,28199,0.7604122
3,23825153,17140113,6685040,2416052,908867,3299672,25247,0.007593268,2030877,1293442,0.6109152
