pid,execution_cycles,compute_cycles,idle_cycles,loads,stores,hit_count,miss_count,miss_rate,private,shared,private_rate
0,36292609,17729254,18563355,2380720,889412,3115655,154477,0.04723877,2586128,674569,0.7931212
1,35447580,17120545,18327035,2388005,899247,3135335,151917,0.04621398,2286041,991864,0.6974092
2,18431925,17556877,875048,74523,43175,110048,7650,0.06499686,94985,21178,0.8176872
3,35863294,17140113,18723181,2416052,908867,3169381,155538,0.04677949,2314641,1000509,0.698201
