pid,execution_cycles,compute_cycles,idle_cycles,loads,stores,hit_count,miss_count,miss_rate,private,shared,private_rate
0,26679280,17729254,8950026,2380720,889412,3228710,41422,0.01266677,2312308,956849,0.7073102
1,26179596,17120545,9059051,2388005,899247,3245807,41445,0.0126078,2108927,1177486,0.6417109
2,17754336,17556877,197459,74523,43175,117191,507,0.004307635,90726,26867,0.7715255
3,26755756,17140113,9615643,2416052,908867,3283711,41208,0.01239369,2128003,1196125,0.6401688
