pid,execution_cycles,compute_cycles,idle_cycles,loads,stores,hit_count,miss_count,miss_rate,private,shared,private_rate
0,23670307,17729254,5941053,2380720,889412,3243153,26979,0.008250126,2142720,1124445,0.6558346
1,23081886,17120545,5961341,2388005,899247,3260241,27011,0.008216894,2151594,1132695,0.6551171
2,17812482,17556877,255605,74523,43175,116305,1393,0.01183538,90052,27613,0.7653253
3,23059129,17140113,5919016,2416052,908867,3298716,26203,0.007880793,2162441,1160040,0.6508513
