pid,execution_cycles,compute_cycles,idle_cycles,loads,stores,hit_count,miss_count,miss_rate,private,shared,private_rate
0,23239360,17729254,5510106,2380720,889412,3247506,22626,0.006918987,2156586,1112749,0.6596406
1,22588767,17120545,5468222,2388005,899247,3265222,22030,0.006701646,2174078,1112635,0.6614749
2,17715660,17556877,158783,74523,43175,117283,415,0.003525973,88949,28748,0.7557457
3,22666594,17140113,5526481,2416052,908867,3302681,22238,0.006688283,2182909,1141457,0.6566392
