pid,execution_cycles,compute_cycles,idle_cycles,loads,stores,hit_count,miss_count,miss_rate,private,shared,private_rate
0,29939311,17729254,12210057,2380720,889412,3179269,90863,0.02778573,2375884,888838,0.7277447
1,29241873,17120545,12121328,2388005,899247,3197708,89544,0.02723977,2238306,1044138,0.6819023
2,17757690,17556877,200813,74523,43175,116821,877,0.007451274,89271,28397,0.7586685
3,29382448,17140113,12242335,2416052,908867,3234319,90600,0.02724878,2254930,1064770,0.6792572
