pid,execution_cycles,compute_cycles,idle_cycles,loads,stores,hit_count,miss_count,miss_rate,private,shared,private_rate
0,119124792,17729254,101395538,2380720,889412,2505823,764309,0.2337242,2991627,71181,0.9767596
1,122901756,17120545,105781211,2388005,899247,2472714,814538,0.2477869,2973824,79088,0.9740942
2,21475412,17556877,3918535,74523,43175,86068,31630,0.2687386,104103,2144,0.9798206
3,122470987,17140113,105330874,2416052,908867,2495926,828993,0.2493273,3017711,65006,0.9789128
