pid,execution_cycles,compute_cycles,idle_cycles,loads,stores,hit_count,miss_count,miss_rate,private,shared,private_rate
0,25895590,17729254,8166336,2380720,889412,3236713,33419,0.01021947,2009313,1259238,0.6147412
1,25254856,17120545,8134311,2388005,899247,3253969,33283,0.01012487,2022672,1263393,0.6155301
2,17771991,17556877,215114,74523,43175,117200,498,0.004231168,87298,30400,0.7417118
3,25409887,17140113,8269774,2416052,908867,3291351,33568,0.01009589,2123453,1200220,0.6388875
