pid,execution_cycles,compute_cycles,idle_cycles,loads,stores,hit_count,miss_count,miss_rate,private,shared,private_rate
0,21425878,17729254,3696624,2380720,889412,3265824,4308,0.001317378,2085884,1184189,0.6378708
1,20805579,17120545,3685034,2388005,899247,3283234,4018,0.001222298,2087441,1199784,0.6350162
2,17733381,17556877,176504,74523,43175,117104,594,0.005046815,88453,29245,0.7515251
3,20887960,17140113,3747847,2416052,908867,3320647,4272,0.001284843,2169059,1155829,0.6523705
