pid,execution_cycles,compute_cycles,idle_cycles,loads,stores,hit_count,miss_count,miss_rate,private,shared,private_rate
0,45720761,17729254,27991507,2380720,889412,3020303,249829,0.07639722,2486976,748313,0.7687029
1,45178436,17120545,28057891,2388005,899247,3036935,250317,0.0761478,2791508,459329,0.8587044
2,18658766,17556877,1101889,74523,43175,107745,9953,0.08456388,95105,19526,0.8296621
3,45794089,17140113,28653976,2416052,908867,3068936,255983,0.07698924,2627726,660244,0.799194
