pid,execution_cycles,compute_cycles,idle_cycles,loads,stores,hit_count,miss_count,miss_rate,private,shared,private_rate
0,77933417,17729254,60204163,2380720,889412,3002658,267474,0.08179303,2797590,420085,0.8694446
1,76084314,17120545,58963769,2388005,899247,3022852,264400,0.08043192,2877582,357551,0.8894787
2,19802525,17556877,2245648,74523,43175,106015,11683,0.09926252,100773,13101,0.8849518
3,76572391,17140113,59432278,2416052,908867,3052970,271949,0.08179117,2903214,366716,0.887852
