pid,execution_cycles,compute_cycles,idle_cycles,loads,stores,hit_count,miss_count,miss_rate,private,shared,private_rate
0,28139517,17729254,10410263,2380720,889412,3192864,77268,0.0236284,2135930,1129743,0.6540551
1,27503213,17120545,10382668,2388005,899247,3210573,76679,0.02332617,2147349,1136165,0.6539789
2,17785580,17556877,228703,74523,43175,116922,776,0.006593145,87965,29731,0.7473916
3,27522327,17140113,10382214,2416052,908867,3247068,77851,0.0234144,2182370,1138849,0.6570991
