pid,execution_cycles,compute_cycles,idle_cycles,loads,stores,hit_count,miss_count,miss_rate,private,shared,private_rate
0,31365354,17729254,13636100,2380720,889412,3164204,105928,0.03239258,2256009,1005618,0.6916821
1,30749191,17120545,13628646,2388005,899247,3182154,105098,0.03197139,2238734,1040527,0.6826947
2,17806363,17556877,249486,74523,43175,116294,1404,0.01192883,90559,27087,0.7697584
3,30839849,17140113,13699736,2416052,908867,3219164,105755,0.03180679,2209238,1107820,0.6660233
