pid,execution_cycles,compute_cycles,idle_cycles,loads,stores,hit_count,miss_count,miss_rate,private,shared,private_rate
0,22686884,17729254,4957630,2380720,889412,3259710,10422,0.003187027,2053774,1214555,0.6283866
1,22081647,17120545,4961102,2388005,899247,3277553,9699,0.002950489,2077636,1208308,0.6322798
2,17785292,17556877,228415,74523,43175,116922,776,0.006593145,87137,30561,0.7403439
3,22186893,17140113,5046780,2416052,908867,3314522,10397,0.003126993,2121113,1202620,0.6381719
