pid,execution_cycles,compute_cycles,idle_cycles,loads,stores,hit_count,miss_count,miss_rate,private,shared,private_rate
0,37464209,17729254,19734955,2380720,889412,3081283,188849,0.05774966,2240357,992916,0.6929068
1,37449531,17120545,20328986,2388005,899247,3093076,194176,0.0590694,2255651,990786,0.6948082
2,18325011,17556877,768134,74523,43175,110455,7243,0.06153885,90992,23594,0.7940935
3,37480737,17140113,20340624,2416052,908867,3133824,191095,0.05747358,2406298,881109,0.7319745
