pid,execution_cycles,compute_cycles,idle_cycles,loads,stores,hit_count,miss_count,miss_rate,private,shared,private_rate
0,34952149,17729254,17222895,2380720,889412,3129195,140937,0.04309826,2264412,986562,0.6965334
1,34571133,17120545,17450588,2388005,899247,3144188,143064,0.04352085,2218841,1047201,0.679367
2,17954349,17556877,397472,74523,43175,114872,2826,0.0240106,90547,25857,0.7778685
3,34503925,17140113,17363812,2416052,908867,3183112,141807,0.04264976,3016557,288820,0.9126212
