pid,execution_cycles,compute_cycles,idle_cycles,loads,stores,hit_count,miss_count,miss_rate,private,shared,private_rate
0,31944067,17729254,14214813,2380720,889412,3182857,87275,0.02668853,2239385,1024706,0.686067
1,31667958,17120545,14547413,2388005,899247,3189977,97275,0.02959159,2216156,1065094,0.6753999
2,18039027,17556877,482150,74523,43175,114194,3504,0.02977111,91520,24686,0.7875669
3,31988302,17140113,14848189,2416052,908867,3233405,91514,0.02752368,2173423,1143650,0.6552231
