pid,execution_cycles,compute_cycles,idle_cycles,loads,stores,hit_count,miss_count,miss_rate,private,shared,private_rate
0,24325829,17729254,6596575,2380720,889412,3230612,39520,0.01208514,2122589,1139428,0.6506983
1,23908758,17120545,6788213,2388005,899247,3249485,37767,0.01148893,2172853,1107996,0.6622838
2,18110654,17556877,553777,74523,43175,112917,4781,0.04062091,88596,27907,0.7604611
3,24076724,17140113,6936611,2416052,908867,3284304,40615,0.01221534,2173093,1143865,0.6551464
