pid,execution_cycles,compute_cycles,idle_cycles,loads,stores,hit_count,miss_count,miss_rate,private,shared,private_rate
0,34882875,17729254,17153621,2380720,889412,3245452,24680,0.007547096,2076229,1193166,0.6350499
1,33942454,17120545,16821909,2388005,899247,3262516,24736,0.007524826,2161940,1124695,0.6577974
2,17798339,17556877,241462,74523,43175,117537,161,0.001367908,64377,53311,0.5470141
3,34255096,17140113,17114983,2416052,908867,3300221,24698,0.007428151,2092301,1231950,0.6294052
