pid,execution_cycles,compute_cycles,idle_cycles,loads,stores,hit_count,miss_count,miss_rate,private,shared,private_rate
0,32554117,17729254,14824863,2380720,889412,3152731,117401,0.035901,2442618,815166,0.749779
1,31731363,17120545,14610818,2388005,899247,3172470,114782,0.03491731,2549513,728067,0.7778645
2,18256533,17556877,699656,74523,43175,111800,5898,0.0501113,91556,24561,0.7884806
3,31611154,17140113,14471041,2416052,908867,3211761,113158,0.03403331,2631531,684619,0.7935501
