pid,execution_cycles,compute_cycles,idle_cycles,loads,stores,hit_count,miss_count,miss_rate,private,shared,private_rate
0,139955476,17729254,122226222,2380720,889412,2068714,1201418,0.3673913,2914153,17689,0.9939666
1,139277229,17120545,122156684,2388005,899247,2087372,1199880,0.36501,2937935,10457,0.9964533
2,22201218,17556877,4644341,74523,43175,72021,45677,0.3880865,101037,593,0.9941651
3,141205630,17140113,124065517,2416052,908867,2105513,1219406,0.3667476,2959030,21868,0.992664
