pid,execution_cycles,compute_cycles,idle_cycles,loads,stores,hit_count,miss_count,miss_rate,private,shared,private_rate
0,23206294,17729254,5477040,2380720,889412,3247840,22292,0.00681685,1957141,1312605,0.5985606
1,22583718,17120545,5463173,2388005,899247,3265273,21979,0.006686132,2155492,1131485,0.6557673
2,17701503,17556877,144626,74523,43175,117426,272,0.002310999,89321,28375,0.7589128
3,22759555,17140113,5619442,2416052,908867,3301742,23177,0.006970696,2152675,1171922,0.6474995
