pid,execution_cycles,compute_cycles,idle_cycles,loads,stores,hit_count,miss_count,miss_rate,private,shared,private_rate
0,24026778,17729254,6297524,2380720,889412,3229781,40351,0.01233926,2103480,1163196,0.6439206
1,23497048,17120545,6376503,2388005,899247,3247457,39795,0.01210586,2131764,1152477,0.6490888
2,17823467,17556877,266590,74523,43175,116382,1316,0.01118116,89034,28663,0.7564679
3,23530997,17140113,6390884,2416052,908867,3284433,40486,0.01217654,2147375,1174756,0.6463848
