pid,execution_cycles,compute_cycles,idle_cycles,loads,stores,hit_count,miss_count,miss_rate,private,shared,private_rate
0,22270160,17729254,4540906,2380720,889412,3265220,4912,0.00150208,2049996,1219438,0.6270186
1,21737058,17120545,4616513,2388005,899247,3282526,4726,0.001437675,2062310,1224434,0.6274629
2,17785256,17556877,228379,74523,43175,116922,776,0.006593145,86489,31209,0.7348383
3,21796428,17140113,4656315,2416052,908867,3319970,4949,0.001488457,2118093,1206403,0.637117
