pid,execution_cycles,compute_cycles,idle_cycles,loads,stores,hit_count,miss_count,miss_rate,private,shared,private_rate
0,28977499,17729254,11248245,2380720,889412,3189545,80587,0.02464335,2194794,1065416,0.6732063
1,28433232,17120545,11312687,2388005,899247,3206187,81065,0.02466042,2201957,1075318,0.6718866
2,17915244,17556877,358367,74523,43175,115267,2431,0.02065456,90706,26867,0.7714867
3,28542442,17140113,11402329,2416052,908867,3243329,81590,0.02453894,2206892,1108926,0.6655649
