pid,execution_cycles,compute_cycles,idle_cycles,loads,stores,hit_count,miss_count,miss_rate,private,shared,private_rate
0,32585218,17729254,14855964,2380720,889412,3151676,118456,0.03622361,2201822,1049230,0.6772645
1,32171991,17120545,15051446,2388005,899247,3167906,119346,0.0363057,2214624,1052162,0.6779214
2,18122443,17556877,565566,74523,43175,113070,4628,0.03932097,90439,26234,0.7751493
3,32097361,17140113,14957248,2416052,908867,3206392,118527,0.03564809,2254886,1051271,0.6820263
