pid,execution_cycles,compute_cycles,idle_cycles,loads,stores,hit_count,miss_count,miss_rate,private,shared,private_rate
0,30154114,17729254,12424860,2380720,889412,3177660,92472,0.02827776,2831198,433316,0.8672648
1,29545299,17120545,12424754,2388005,899247,3194954,92298,0.02807756,2425255,856420,0.7390296
2,17765556,17556877,208679,74523,43175,116779,919,0.007808119,89373,28042,0.7611719
3,29626096,17140113,12485983,2416052,908867,3232383,92536,0.02783105,2230512,1088528,0.6720353
