pid,execution_cycles,compute_cycles,idle_cycles,loads,stores,hit_count,miss_count,miss_rate,private,shared,private_rate
0,22234883,17729254,4505629,2380720,889412,3267092,3040,0.0009296261,1987441,1281933,0.6078965
1,21611155,17120545,4490610,2388005,899247,3284285,2967,0.0009025776,1976803,1309914,0.6014521
2,17772103,17556877,215226,74523,43175,117200,498,0.004231168,86118,31580,0.7316862
3,21706138,17140113,4566025,2416052,908867,3321869,3050,0.0009173156,2106355,1218092,0.6335956
