pid,execution_cycles,compute_cycles,idle_cycles,loads,stores,hit_count,miss_count,miss_rate,private,shared,private_rate
0,32903289,17729254,15174035,2380720,889412,3130141,139991,0.04280898,2240763,1010085,0.6892857
1,32510086,17120545,15389541,2388005,899247,3144529,142723,0.04341712,2243505,1022559,0.686914
2,17967898,17556877,411021,74523,43175,114938,2760,0.02344985,90152,26210,0.7747546
3,32534176,17140113,15394063,2416052,908867,3184021,140898,0.04237637,2268585,1036652,0.6863608
