pid,execution_cycles,compute_cycles,idle_cycles,loads,stores,hit_count,miss_count,miss_rate,private,shared,private_rate
0,50584348,17729254,32855094,2380720,889412,2971294,298838,0.09138408,2707339,507243,0.8422056
1,50016717,17120545,32896172,2388005,899247,2988172,299080,0.09098177,2660003,571803,0.8230701
2,19044735,17556877,1487858,74523,43175,103858,13840,0.1175891,102139,10791,0.9044452
3,50901295,17140113,33761182,2416052,908867,3017482,307437,0.09246451,2976883,288536,0.9116389
