pid,execution_cycles,compute_cycles,idle_cycles,loads,stores,hit_count,miss_count,miss_rate,private,shared,private_rate
0,33220558,17729254,15491304,2380720,889412,3146892,123240,0.03768655,2635272,629773,0.8071166
1,32636612,17120545,15516067,2388005,899247,3163803,123449,0.03755386,2948356,333756,0.8983106
2,18026570,17556877,469693,74523,43175,114149,3549,0.03015344,93773,23432,0.8000768
3,32800407,17140113,15660294,2416052,908867,3200386,124533,0.03745445,2718932,600827,0.8190149
