pid,execution_cycles,compute_cycles,idle_cycles,loads,stores,hit_count,miss_count,miss_rate,private,shared,private_rate
0,37565249,17729254,19835995,2380720,889412,3079358,190774,0.05833832,2250345,982197,0.6961534
1,37551425,17120545,20430880,2388005,899247,3090373,196879,0.05989167,2255190,990437,0.6948395
2,18393801,17556877,836924,74523,43175,109728,7970,0.06771568,90856,23379,0.7953429
3,37156775,17140113,20016662,2416052,908867,3130611,194308,0.05843992,2302266,984449,0.7004763
