pid,execution_cycles,compute_cycles,idle_cycles,loads,stores,hit_count,miss_count,miss_rate,private,shared,private_rate
0,30092074,17729254,12362820,2380720,889412,3161149,108983,0.03332679,2178400,1083013,0.6679314
1,29743645,17120545,12623100,2388005,899247,3178576,108676,0.03305983,2207311,1071666,0.6731706
2,17825629,17556877,268752,74523,43175,116367,1331,0.0113086,89463,28191,0.7603906
3,29765035,17140113,12624922,2416052,908867,3215892,109027,0.03279087,2217337,1099597,0.6684899
