pid,execution_cycles,compute_cycles,idle_cycles,loads,stores,hit_count,miss_count,miss_rate,private,shared,private_rate
0,26025616,17729254,8296362,2380720,889412,3219362,50770,0.01552537,2152196,1107373,0.6602701
1,25321761,17120545,8201216,2388005,899247,3237616,49636,0.01509954,2179336,1097892,0.6649937
2,18108294,17556877,551417,74523,43175,113317,4381,0.03722238,90923,26769,0.7725504
3,25655404,17140113,8515291,2416052,908867,3272491,52428,0.0157682,2193004,1122173,0.6615043
