pid,execution_cycles,compute_cycles,idle_cycles,loads,stores,hit_count,miss_count,miss_rate,private,shared,private_rate
0,44870167,17729254,27140913,2380720,889412,3029013,241119,0.07373372,2875592,341126,0.8939522
1,45007119,17120545,27886574,2388005,899247,3038774,248478,0.07558836,2860041,370890,0.8852065
2,18894552,17556877,1337675,74523,43175,105375,12323,0.1047002,91499,21138,0.8123352
3,45234139,17140113,28094026,2416052,908867,3074726,250193,0.07524785,2730404,539098,0.8351131
