pid,execution_cycles,compute_cycles,idle_cycles,loads,stores,hit_count,miss_count,miss_rate,private,shared,private_rate
0,22390369,17729254,4661115,2380720,889412,3269480,652,0.0001993803,1769361,1500675,0.541083
1,21455136,17120545,4334591,2388005,899247,3286605,647,0.0001968209,1817458,1469742,0.5528894
2,17804708,17556877,247831,74523,43175,117538,160,0.001359411,62746,54952,0.5331102
3,21804936,17140113,4664823,2416052,908867,3324270,649,0.0001951927,1819191,1505682,0.547146
