pid,execution_cycles,compute_cycles,idle_cycles,loads,stores,hit_count,miss_count,miss_rate,private,shared,private_rate
0,22042873,17729254,4313619,2380720,889412,3257003,13129,0.004014823,2132938,1136716,0.6523436
1,21599268,17120545,4478723,2388005,899247,3274231,13021,0.003961059,2150369,1136550,0.6542203
2,17896680,17556877,339803,74523,43175,115295,2403,0.02041666,89925,27773,0.7640317
3,21696994,17140113,4556881,2416052,908867,3311069,13850,0.004165515,2163157,1161510,0.6506387
