pid,execution_cycles,compute_cycles,idle_cycles,loads,stores,hit_count,miss_count,miss_rate,private,shared,private_rate
0,30313626,17729254,12584372,2380720,889412,3242365,27767,0.008491095,2179241,1089618,0.6666672
1,30499981,17120545,13379436,2388005,899247,3258373,28879,0.008785149,2006568,1279596,0.610611
2,18106454,17556877,549577,74523,43175,115365,2333,0.01982192,80203,36430,0.6876527
3,30095647,17140113,12955534,2416052,908867,3295835,29084,0.008747281,2115345,1207967,0.6365171
