pid,execution_cycles,compute_cycles,idle_cycles,loads,stores,hit_count,miss_count,miss_rate,private,shared,private_rate
0,32259502,17729254,14530248,2380720,889412,3155732,114400,0.0349833,2790966,468655,0.8562241
1,31673024,17120545,14552479,2388005,899247,3173003,114249,0.03475517,2259410,1016871,0.6896264
2,17817565,17556877,260688,74523,43175,116220,1478,0.01255756,90684,26587,0.7732858
3,31712786,17140113,14572673,2416052,908867,3210569,114350,0.03439182,2293775,1020686,0.6920507
