pid,execution_cycles,compute_cycles,idle_cycles,loads,stores,hit_count,miss_count,miss_rate,private,shared,private_rate
0,28492795,17729254,10763541,2380720,889412,3194441,75691,0.02314616,2962533,304220,0.9068739
1,27955854,17120545,10835309,2388005,899247,3211009,76243,0.02319354,2184382,1099472,0.6651885
2,17759913,17556877,203036,74523,43175,116836,862,0.007323829,89503,27963,0.7619481
3,27996655,17140113,10856542,2416052,908867,3248842,76077,0.02288086,2241302,1080511,0.6747225
