pid,execution_cycles,compute_cycles,idle_cycles,loads,stores,hit_count,miss_count,miss_rate,private,shared,private_rate
0,24927904,17729254,7198650,2380720,889412,3230450,39682,0.01213468,2157575,1111792,0.6599366
1,24273153,17120545,7152608,2388005,899247,3248208,39044,0.0118774,2459492,827212,0.7483156
2,17705364,17556877,148487,74523,43175,117387,311,0.002642356,89514,28184,0.7605397
3,24427804,17140113,7287691,2416052,908867,3284891,40028,0.01203879,2176855,1147153,0.6548886
