pid,execution_cycles,compute_cycles,idle_cycles,loads,stores,hit_count,miss_count,miss_rate,private,shared,private_rate
0,28867213,17729254,11137959,2380720,889412,3190659,79473,0.02430269,2919299,346815,0.8938142
1,28393038,17120545,11272493,2388005,899247,3206593,80659,0.02453691,2507638,776018,0.7636726
2,17851983,17556877,295106,74523,43175,115906,1792,0.01522541,90014,27139,0.7683457
3,28442452,17140113,11302339,2416052,908867,3244339,80580,0.02423518,2373893,947149,0.7148037
