pid,execution_cycles,compute_cycles,idle_cycles,loads,stores,hit_count,miss_count,miss_rate,private,shared,private_rate
0,37454968,17729254,19725714,2380720,889412,3103914,166218,0.05082914,2446794,808893,0.7515446
1,37007820,17120545,19887275,2388005,899247,3119575,167677,0.05100826,2499099,772664,0.7638386
2,18268773,17556877,711896,74523,43175,111696,6002,0.05099492,94628,21558,0.8144527
3,37226227,17140113,20086114,2416052,908867,3155614,169305,0.05092004,3061646,247649,0.9251656
