pid,execution_cycles,compute_cycles,idle_cycles,loads,stores,hit_count,miss_count,miss_rate,private,shared,private_rate
0,29516570,17729254,11787316,2380720,889412,3164711,105421,0.03223754,2171913,1089262,0.6659909
1,29172617,17120545,12052072,2388005,899247,3182154,105098,0.03197139,2201624,1077320,0.671443
2,17827402,17556877,270525,74523,43175,116360,1338,0.01136808,89408,28216,0.760117
3,29193747,17140113,12053634,2416052,908867,3219699,105220,0.03164588,2214753,1102188,0.6677095
