pid,execution_cycles,compute_cycles,idle_cycles,loads,stores,hit_count,miss_count,miss_rate,private,shared,private_rate
0,22689726,17729254,4960472,2380720,889412,3259654,10478,0.003204152,2053804,1214530,0.6283948
1,22079218,17120545,4958673,2388005,899247,3277595,9657,0.002937712,2077413,1208536,0.632211
2,17785292,17556877,228415,74523,43175,116922,776,0.006593145,87098,30600,0.7400126
3,22183131,17140113,5043018,2416052,908867,3314572,10347,0.003111956,2121066,1202665,0.6381581
