pid,execution_cycles,compute_cycles,idle_cycles,loads,stores,hit_count,miss_count,miss_rate,private,shared,private_rate
0,28671856,17729254,10942602,2380720,889412,3205326,64806,0.01981755,2641130,626762,0.808206
1,28213393,17120545,11092848,2388005,899247,3222153,65099,0.01980347,2553386,731587,0.7772928
2,17779069,17556877,222192,74523,43175,117161,537,0.004562524,88883,28654,0.7562129
3,28138590,17140113,10998477,2416052,908867,3260174,64745,0.01947265,2626401,696395,0.790419
