pid,execution_cycles,compute_cycles,idle_cycles,loads,stores,hit_count,miss_count,miss_rate,private,shared,private_rate
0,25814545,17729254,8085291,2380720,889412,3219339,50793,0.0155324,2152592,1106956,0.6603959
1,25266455,17120545,8145910,2388005,899247,3237618,49634,0.01509893,2178893,1098329,0.6648598
2,18087318,17556877,530441,74523,43175,113317,4381,0.03722238,90958,26732,0.7728609
3,25531876,17140113,8391763,2416052,908867,3272487,52432,0.01576941,2192879,1122279,0.6614704
