pid,execution_cycles,compute_cycles,idle_cycles,loads,stores,hit_count,miss_count,miss_rate,private,shared,private_rate
0,53005687,17729254,35276433,2380720,889412,2946665,323467,0.09891558,2830767,371755,0.883918
1,51212228,17120545,34091683,2388005,899247,2975967,311285,0.0946946,2843004,382063,0.8815333
2,19235942,17556877,1679065,74523,43175,101917,15781,0.1340804,94656,17455,0.8443061
3,52096112,17140113,34955999,2416052,908867,3005295,319624,0.09612986,2884358,376110,0.8846454
