pid,execution_cycles,compute_cycles,idle_cycles,loads,stores,hit_count,miss_count,miss_rate,private,shared,private_rate
0,25510222,17729254,7780968,2380720,889412,3224568,45564,0.01393338,2291519,976302,0.7012376
1,24908040,17120545,7787495,2388005,899247,3241795,45457,0.01382827,2160098,1125616,0.6574212
2,18208680,17556877,651803,74523,43175,112303,5395,0.04583765,90558,25875,0.7777692
3,24986956,17140113,7846843,2416052,908867,3279243,45676,0.01373748,2202227,1120527,0.6627716
