pid,execution_cycles,compute_cycles,idle_cycles,loads,stores,hit_count,miss_count,miss_rate,private,shared,private_rate
0,79400362,17729254,61671108,2380720,889412,2672531,597601,0.1827452,3026625,67251,0.9782632
1,79260359,17120545,62139814,2388005,899247,2685261,601991,0.1831289,3042387,66146,0.9787212
2,20801368,17556877,3244491,74523,43175,84473,33225,0.2822903,99812,6462,0.9391949
3,80425221,17140113,63285108,2416052,908867,2712252,612667,0.1842652,3076072,66977,0.9786904
