pid,execution_cycles,compute_cycles,idle_cycles,loads,stores,hit_count,miss_count,miss_rate,private,shared,private_rate
0,28116991,17729254,10387737,2380720,889412,3198237,71895,0.02198535,2211774,1055343,0.6769803
1,27467487,17120545,10346942,2388005,899247,3215942,71310,0.02169289,2191167,1093531,0.6670832
2,17734272,17556877,177395,74523,43175,117095,603,0.005123282,89325,28339,0.7591532
3,27521752,17140113,10381639,2416052,908867,3253639,71280,0.02143812,2224411,1097542,0.6696094
