pid,execution_cycles,compute_cycles,idle_cycles,loads,stores,hit_count,miss_count,miss_rate,private,shared,private_rate
0,29192572,17729254,11463318,2380720,889412,3186706,83426,0.02551151,2256128,1009575,0.6908552
1,28535760,17120545,11415215,2388005,899247,3204795,82457,0.02508387,2183806,1099626,0.6650986
2,17755305,17556877,198428,74523,43175,116840,858,0.007289843,89120,28577,0.7571986
3,28650352,17140113,11510239,2416052,908867,3241711,83208,0.02502557,2185838,1135115,0.658196
