pid,execution_cycles,compute_cycles,idle_cycles,loads,stores,hit_count,miss_count,miss_rate,private,shared,private_rate
0,22797599,17729254,5068345,2380720,889412,3253118,17014,0.005202848,2102737,1166318,0.6432247
1,22543515,17120545,5422970,2388005,899247,3269886,17366,0.005282832,2142254,1143899,0.6519033
2,17973698,17556877,416821,74523,43175,114436,3262,0.027715,88065,29014,0.7521844
3,22577169,17140113,5437056,2416052,908867,3306747,18172,0.005465396,2152205,1171515,0.647529
