pid,execution_cycles,compute_cycles,idle_cycles,loads,stores,hit_count,miss_count,miss_rate,private,shared,private_rate
0,23085338,17729254,5356084,2380720,889412,3249579,20553,0.006285067,2108917,1160726,0.6449992
1,22918637,17120545,5798092,2388005,899247,3265996,21256,0.006466191,2147444,1139477,0.65333
2,18058870,17556877,501993,74523,43175,113376,4322,0.0367211,88966,28732,0.7558837
3,22926281,17140113,5786168,2416052,908867,3303443,21476,0.006459105,2160724,1163982,0.6498993
