pid,execution_cycles,compute_cycles,idle_cycles,loads,stores,hit_count,miss_count,miss_rate,private,shared,private_rate
0,56737021,17729254,39007767,2380720,889412,2979359,290773,0.08891782,2803009,414942,0.871054
1,55013193,17120545,37892648,2388005,899247,3009184,278068,0.0845898,2773952,467984,0.8556467
2,19748451,17556877,2191574,74523,43175,101808,15890,0.1350065,95703,17344,0.8465771
3,55959863,17140113,38819750,2416052,908867,3036403,288516,0.08677384,2877277,398602,0.8783221
