pid,execution_cycles,compute_cycles,idle_cycles,loads,stores,hit_count,miss_count,miss_rate,private,shared,private_rate
0,27521407,17729254,9792153,2380720,889412,3204253,65879,0.02014567,2553250,715221,0.7811757
1,26929818,17120545,9809273,2388005,899247,3221373,65879,0.02004075,2173579,1112015,0.6615483
2,17736747,17556877,179870,74523,43175,117070,628,0.00533569,89762,27788,0.763607
3,26997547,17140113,9857434,2416052,908867,3258934,65985,0.0198456,2291556,1031512,0.6895905
