pid,execution_cycles,compute_cycles,idle_cycles,loads,stores,hit_count,miss_count,miss_rate,private,shared,private_rate
0,23566379,17729254,5837125,2380720,889412,3249099,21033,0.00643185,2102390,1157835,0.6448604
1,23247166,17120545,6126621,2388005,899247,3265388,21864,0.006651148,2141071,1136616,0.6532262
2,18059882,17556877,503005,74523,43175,113376,4322,0.0367211,89276,28422,0.7585176
3,23306316,17140113,6166203,2416052,908867,3302775,22144,0.006660012,2153733,1161928,0.6495637
