pid,execution_cycles,compute_cycles,idle_cycles,loads,stores,hit_count,miss_count,miss_rate,private,shared,private_rate
0,36782668,17729254,19053414,2380720,889412,3110662,159470,0.04876562,2844946,416546,0.8722836
1,36218799,17120545,19098254,2388005,899247,3127518,159734,0.04859195,2940220,338162,0.8968509
2,18204234,17556877,647357,74523,43175,112337,5361,0.04554878,94891,21877,0.8126456
3,36495697,17140113,19355584,2416052,908867,3162928,161991,0.04872028,2987059,328628,0.9008869
