pid,execution_cycles,compute_cycles,idle_cycles,loads,stores,hit_count,miss_count,miss_rate,private,shared,private_rate
0,36190045,17729254,18460791,2380720,889412,3116691,153441,0.04692196,2942860,308011,0.9052528
1,35821998,17120545,18701453,2388005,899247,3131553,155699,0.04736449,2245673,1019874,0.6876866
2,18140667,17556877,583790,74523,43175,112990,4708,0.04000068,92417,23629,0.7963825
3,35853592,17140113,18713479,2416052,908867,3169479,155440,0.04675001,2334021,971137,0.7061753
