pid,execution_cycles,compute_cycles,idle_cycles,loads,stores,hit_count,miss_count,miss_rate,private,shared,private_rate
0,35578442,17729254,17849188,2380720,889412,3101404,168728,0.05159669,2226233,1009296,0.6880584
1,35565983,17120545,18445438,2388005,899247,3114208,173044,0.05264093,2254588,994986,0.6938103
2,18178712,17556877,621835,74523,43175,112568,5130,0.04358613,89471,25830,0.7759777
3,35193715,17140113,18053602,2416052,908867,3154634,170285,0.05121478,2277343,1011981,0.6923438
