pid,execution_cycles,compute_cycles,idle_cycles,loads,stores,hit_count,miss_count,miss_rate,private,shared,private_rate
0,22754117,17729254,5024863,2380720,889412,3257456,12676,0.003876296,2096248,1170689,0.6416555
1,22434577,17120545,5314032,2388005,899247,3274288,12964,0.00394372,2132431,1151614,0.6493306
2,17901125,17556877,344248,74523,43175,115360,2338,0.0198644,88630,29068,0.7530289
3,22478494,17140113,5338381,2416052,908867,3311555,13364,0.004019346,2145003,1176750,0.6457443
