pid,execution_cycles,compute_cycles,idle_cycles,loads,stores,hit_count,miss_count,miss_rate,private,shared,private_rate
0,43966990,17729254,26237736,2380720,889412,3038136,231996,0.07094393,2505571,720325,0.7767054
1,43929108,17120545,26808563,2388005,899247,3049663,237589,0.07227587,2591019,647322,0.8001069
2,18900789,17556877,1343912,74523,43175,105312,12386,0.1052354,92225,20598,0.8174308
3,43829527,17140113,26689414,2416052,908867,3088914,236005,0.07098068,2971170,307249,0.9062814
