pid,execution_cycles,compute_cycles,idle_cycles,loads,stores,hit_count,miss_count,miss_rate,private,shared,private_rate
0,23576580,17729254,5847326,2380720,889412,3247940,22192,0.00678627,2103387,1157013,0.6451316
1,23267709,17120545,6147164,2388005,899247,3264158,23094,0.007025321,2141997,1135839,0.653479
2,18059790,17556877,502913,74523,43175,113376,4322,0.0367211,89485,28213,0.7602933
3,23321630,17140113,6181517,2416052,908867,3301557,23362,0.007026337,2154568,1161287,0.6497775
