pid,execution_cycles,compute_cycles,idle_cycles,loads,stores,hit_count,miss_count,miss_rate,private,shared,private_rate
0,141751449,17729254,124022195,2380720,889412,2050435,1219697,0.372981,2897561,23117,0.9920851
1,141216143,17120545,124095598,2388005,899247,2067386,1219866,0.3710899,2925364,11534,0.9960727
2,22317739,17556877,4760862,74523,43175,70814,46884,0.3983415,100010,574,0.9942933
3,143201927,17140113,126061814,2416052,908867,2085194,1239725,0.3728587,2943862,25259,0.9914928
