pid,execution_cycles,compute_cycles,idle_cycles,loads,stores,hit_count,miss_count,miss_rate,private,shared,private_rate
0,30154807,17729254,12425553,2380720,889412,3177653,92479,0.0282799,2835596,428918,0.868612
1,29550348,17120545,12429803,2388005,899247,3194903,92349,0.02809307,2427184,854510,0.7396131
2,17766348,17556877,209471,74523,43175,116771,927,0.00787609,89392,28040,0.7612235
3,29626393,17140113,12486280,2416052,908867,3232380,92539,0.02783196,2226981,1092067,0.6709698
