pid,execution_cycles,compute_cycles,idle_cycles,loads,stores,hit_count,miss_count,miss_rate,private,shared,private_rate
0,75115459,17729254,57386205,2380720,889412,2723505,546627,0.1671575,2845109,271835,0.912788
1,80029161,17120545,62908616,2388005,899247,2685016,602236,0.1832035,2898584,212587,0.9316698
2,19981473,17556877,2424596,74523,43175,94396,23302,0.1979813,102434,6524,0.9401237
3,77776726,17140113,60636613,2416052,908867,2746013,578906,0.1741113,2943037,215296,0.9318324
