pid,execution_cycles,compute_cycles,idle_cycles,loads,stores,hit_count,miss_count,miss_rate,private,shared,private_rate
0,67361284,17729254,49632030,2380720,889412,2801830,468302,0.1432058,2917715,225887,0.9281439
1,66895623,17120545,49775078,2388005,899247,2817678,469574,0.142847,3052736,105837,0.9664921
2,20189472,17556877,2632595,74523,43175,92295,25403,0.215832,99022,10982,0.9001673
3,67925335,17140113,50785222,2416052,908867,2845522,479397,0.1441831,2960325,232941,0.9270524
