pid,execution_cycles,compute_cycles,idle_cycles,loads,stores,hit_count,miss_count,miss_rate,private,shared,private_rate
0,30123937,17729254,12394683,2380720,889412,3177579,92553,0.02830253,2852872,411509,0.8739397
1,29524608,17120545,12404063,2388005,899247,3194847,92405,0.02811011,2376939,904517,0.724355
2,17764683,17556877,207806,74523,43175,116770,928,0.007884586,89317,28100,0.760682
3,29592553,17140113,12452440,2416052,908867,3232220,92699,0.02788008,2224398,1094603,0.6702011
