pid,execution_cycles,compute_cycles,idle_cycles,loads,stores,hit_count,miss_count,miss_rate,private,shared,private_rate
0,31358546,17729254,13629292,2380720,889412,3163871,106261,0.03249441,2449513,813747,0.7506337
1,30627709,17120545,13507164,2388005,899247,3179328,107924,0.03283107,2195964,1083862,0.6695367
2,17894429,17556877,337552,74523,43175,115814,1884,0.01600707,89947,27022,0.7689815
3,30649440,17140113,13509327,2416052,908867,3216819,108100,0.03251207,2235706,1081941,0.673883
