pid,execution_cycles,compute_cycles,idle_cycles,loads,stores,hit_count,miss_count,miss_rate,private,shared,private_rate
0,93403370,17729254,75674116,2380720,889412,2987028,283104,0.08657265,2579333,625635,0.8047921
1,111418169,17120545,94297624,2388005,899247,2841636,445616,0.1355588,2483679,666723,0.7883689
2,19284927,17556877,1728050,74523,43175,107816,9882,0.08396065,91529,22014,0.8061175
3,86398580,17140113,69258467,2416052,908867,3078743,246176,0.0740397,2697469,578220,0.8234814
