pid,execution_cycles,compute_cycles,idle_cycles,loads,stores,hit_count,miss_count,miss_rate,private,shared,private_rate
0,50576782,17729254,32847528,2380720,889412,2971272,298860,0.09139081,3036546,175767,0.9452834
1,50436666,17120545,33316121,2388005,899247,2983897,303355,0.09228225,2933977,292561,0.9093267
2,18877383,17556877,1320506,74523,43175,105534,12164,0.1033492,94832,18871,0.8340325
3,50997451,17140113,33857338,2416052,908867,3016358,308561,0.09280256,2971431,292564,0.9103663
