pid,execution_cycles,compute_cycles,idle_cycles,loads,stores,hit_count,miss_count,miss_rate,private,shared,private_rate
0,66011171,17729254,48281917,2380720,889412,2794992,475140,0.1452969,2839991,296835,0.9053709
1,65692183,17120545,48571638,2388005,899247,2810180,477072,0.1451279,2862472,290181,0.9079566
2,20251273,17556877,2694396,74523,43175,88959,28739,0.2441758,96791,9872,0.9074468
3,66781293,17140113,49641180,2416052,908867,2839270,485649,0.1460634,3061270,125664,0.960569
