pid,execution_cycles,compute_cycles,idle_cycles,loads,stores,hit_count,miss_count,miss_rate,private,shared,private_rate
0,26071057,17729254,8341803,2380720,889412,3218903,51229,0.01566573,2133165,1135589,0.6525927
1,25439670,17120545,8319125,2388005,899247,3236425,50827,0.01546185,2359011,927194,0.7178527
2,17715462,17556877,158585,74523,43175,117285,413,0.003508981,89167,28524,0.7576365
3,25555315,17140113,8415202,2416052,908867,3273502,51417,0.01546414,2181888,1141615,0.6565025
