pid,execution_cycles,compute_cycles,idle_cycles,loads,stores,hit_count,miss_count,miss_rate,private,shared,private_rate
0,91860760,17729254,74131506,2380720,889412,2554474,715658,0.2188468,3022374,100586,0.9677915
1,90643812,17120545,73523267,2388005,899247,2578259,708993,0.2156795,3059882,82514,0.9737417
2,20496402,17556877,2939525,74523,43175,89201,28497,0.2421197,102529,4326,0.9595152
3,92823487,17140113,75683374,2416052,908867,2594098,730821,0.2198011,3091672,80669,0.9745711
