pid,execution_cycles,compute_cycles,idle_cycles,loads,stores,hit_count,miss_count,miss_rate,private,shared,private_rate
0,31768737,17729254,14039483,2380720,889412,3160183,109949,0.03362219,2219952,1041658,0.6806307
1,31127635,17120545,14007090,2388005,899247,3178354,108898,0.03312737,2231167,1047985,0.6804098
2,17804551,17556877,247674,74523,43175,116302,1396,0.01186086,90575,27099,0.7697112
3,31244726,17140113,14104613,2416052,908867,3215097,109822,0.03302998,2215036,1101913,0.6677932
