pid,execution_cycles,compute_cycles,idle_cycles,loads,stores,hit_count,miss_count,miss_rate,private,shared,private_rate
0,44202630,17729254,26473376,2380720,889412,3151072,119060,0.03640832,2403137,856824,0.7371674
1,44286670,17120545,27166125,2388005,899247,3163569,123683,0.03762504,2648260,627827,0.8083607
2,18365713,17556877,808836,74523,43175,114337,3361,0.02855614,85794,31022,0.7344371
3,44226439,17140113,27086326,2416052,908867,3204299,120620,0.03627758,2378787,934177,0.7180238
