pid,execution_cycles,compute_cycles,idle_cycles,loads,stores,hit_count,miss_count,miss_rate,private,shared,private_rate
0,31527189,17729254,13797935,2380720,889412,3127607,142525,0.04358387,2179430,1057883,0.6732219
1,31514012,17120545,14393467,2388005,899247,3148913,138339,0.04208348,2221275,1035530,0.6820411
2,18253473,17556877,696596,74523,43175,111621,6077,0.05163214,89811,25753,0.7771538
3,31186286,17140113,14046173,2416052,908867,3189627,135292,0.04069031,2262303,1036118,0.6858745
