pid,execution_cycles,compute_cycles,idle_cycles,loads,stores,hit_count,miss_count,miss_rate,private,shared,private_rate
0,75315904,17729254,57586650,2380720,889412,3062457,207675,0.06350661,2534783,695487,0.7846969
1,80108841,17120545,62988296,2388005,899247,3070899,216353,0.06581576,2612910,633260,0.8049209
2,19084760,17556877,1527883,74523,43175,110684,7014,0.0595932,92595,22449,0.804866
3,75688869,17140113,58548756,2416052,908867,3121868,203051,0.06106946,2640870,644097,0.8039259
