pid,execution_cycles,compute_cycles,idle_cycles,loads,stores,hit_count,miss_count,miss_rate,private,shared,private_rate
0,39771271,17729254,22042017,2380720,889412,3080517,189615,0.0579839,2791825,441606,0.863425
1,39629439,17120545,22508894,2388005,899247,3093094,194158,0.05906392,3003155,243317,0.9250519
2,18398562,17556877,841685,74523,43175,110385,7313,0.0621336,91274,23338,0.7963739
3,39429868,17140113,22289755,2416052,908867,3133355,191564,0.05761464,2590956,696553,0.7881213
