pid,execution_cycles,compute_cycles,idle_cycles,loads,stores,hit_count,miss_count,miss_rate,private,shared,private_rate
0,22158082,17729254,4428828,2380720,889412,3258428,11704,0.00357906,2121125,1147254,0.6489838
1,21434229,17120545,4313684,2388005,899247,3276884,10368,0.003154002,2138540,1147428,0.6508097
2,17760309,17556877,203432,74523,43175,116832,866,0.007357814,88814,28884,0.7545923
3,21594820,17140113,4454707,2416052,908867,3313507,11412,0.003432264,2154764,1168988,0.6482927
