pid,execution_cycles,compute_cycles,idle_cycles,loads,stores,hit_count,miss_count,miss_rate,private,shared,private_rate
0,33037600,17729254,15308346,2380720,889412,3146758,123374,0.03772753,2231953,1013457,0.6877261
1,32675228,17120545,15554683,2388005,899247,3162715,124537,0.03788484,2252895,1008967,0.6906776
2,18120095,17556877,563218,74523,43175,113090,4608,0.03915105,90730,25876,0.7780903
3,32606618,17140113,15466505,2416052,908867,3200985,123934,0.03727429,2451095,850272,0.7424485
