pid,execution_cycles,compute_cycles,idle_cycles,loads,stores,hit_count,miss_count,miss_rate,private,shared,private_rate
0,23281039,17729254,5551785,2380720,889412,3247085,23047,0.007047728,2134607,1133196,0.6532239
1,22661730,17120545,5541185,2388005,899247,3264485,22767,0.006925846,2162602,1122621,0.6582816
2,18108591,17556877,551714,74523,43175,113314,4384,0.03724787,90282,27386,0.7672604
3,22849447,17140113,5709334,2416052,908867,3300834,24085,0.007243785,2175205,1147428,0.654663
