pid,execution_cycles,compute_cycles,idle_cycles,loads,stores,hit_count,miss_count,miss_rate,private,shared,private_rate
0,25000867,17729254,7271613,2380720,889412,3229713,40419,0.01236005,2175966,1093289,0.6655847
1,24354729,17120545,7234184,2388005,899247,3247384,39868,0.01212806,2604234,682292,0.7923972
2,17706750,17556877,149873,74523,43175,117373,325,0.002761304,89522,28159,0.7607175
3,24498292,17140113,7358179,2416052,908867,3284179,40740,0.01225293,2211741,1112179,0.6654014
