pid,execution_cycles,compute_cycles,idle_cycles,loads,stores,hit_count,miss_count,miss_rate,private,shared,private_rate
0,21931697,17729254,4202443,2380720,889412,3267211,2921,0.0008932361,2083470,1186536,0.6371456
1,21465639,17120545,4345094,2388005,899247,3284170,3082,0.0009375612,1992083,1295096,0.606016
2,17759930,17556877,203053,74523,43175,117381,317,0.002693334,89008,28690,0.7562405
3,21698098,17140113,4557985,2416052,908867,3321353,3566,0.001072507,2008921,1315922,0.6042153
