pid,execution_cycles,compute_cycles,idle_cycles,loads,stores,hit_count,miss_count,miss_rate,private,shared,private_rate
0,29362071,17729254,11632817,2380720,889412,3199345,70787,0.02164653,2373498,893471,0.7265138
1,28789400,17120545,11668855,2388005,899247,3216669,70583,0.02147173,2358569,925818,0.7181154
2,17773833,17556877,216956,74523,43175,117174,524,0.004452072,87867,29771,0.746927
3,28934508,17140113,11794395,2416052,908867,3254173,70746,0.02127751,2363450,958447,0.711476
