pid,execution_cycles,compute_cycles,idle_cycles,loads,stores,hit_count,miss_count,miss_rate,private,shared,private_rate
0,24261920,17729254,6532666,2380720,889412,3224673,45459,0.01390127,2122874,1140478,0.6505195
1,23998457,17120545,6877912,2388005,899247,3240958,46294,0.01408289,2148823,1131251,0.6551142
2,17914875,17556877,357998,74523,43175,115255,2443,0.02075651,89148,28393,0.7584417
3,24013930,17140113,6873817,2416052,908867,3278907,46012,0.01383853,2171118,1147433,0.6542367
