pid,execution_cycles,compute_cycles,idle_cycles,loads,stores,hit_count,miss_count,miss_rate,private,shared,private_rate
0,112475030,17729254,94745776,2380720,889412,2346352,923780,0.2824901,2932598,47728,0.9839856
1,106330856,17120545,89210311,2388005,899247,2419875,867377,0.2638608,2960396,63259,0.9790786
2,21138978,17556877,3582101,74523,43175,82729,34969,0.2971079,102530,2618,0.9751018
3,106988295,17140113,89848182,2416052,908867,2451342,873577,0.2627363,2998512,62123,0.9797026
