pid,execution_cycles,compute_cycles,idle_cycles,loads,stores,hit_count,miss_count,miss_rate,private,shared,private_rate
0,32952435,17729254,15223181,2380720,889412,3129736,140396,0.04293282,2241987,1008829,0.689669
1,32558040,17120545,15437495,2388005,899247,3144020,143232,0.04357196,2241549,1024488,0.6863208
2,17976281,17556877,419404,74523,43175,114832,2866,0.02435046,90260,26115,0.7755961
3,32582250,17140113,15442137,2416052,908867,3183225,141694,0.04261578,2267056,1038183,0.6858978
