pid,execution_cycles,compute_cycles,idle_cycles,loads,stores,hit_count,miss_count,miss_rate,private,shared,private_rate
0,48741984,17729254,31012730,2380720,889412,2989598,280534,0.08578675,2805249,403004,0.8743852
1,48566829,17120545,31446284,2388005,899247,3002756,284496,0.08654524,2832476,390488,0.878842
2,19069922,17556877,1513045,74523,43175,103585,14113,0.1199086,91867,20168,0.8199848
3,48775075,17140113,31634962,2416052,908867,3038814,286105,0.08604871,2792598,468651,0.8562971
