pid,execution_cycles,compute_cycles,idle_cycles,loads,stores,hit_count,miss_count,miss_rate,private,shared,private_rate
0,82346043,17729254,64616789,2380720,889412,2652150,617982,0.1889777,3036205,57634,0.9813714
1,82131159,17120545,65010614,2388005,899247,2665643,621609,0.1890969,3054682,53525,0.9827795
2,20899087,17556877,3342210,74523,43175,84959,32739,0.2781611,99476,5083,0.9513863
3,83366951,17140113,66226838,2416052,908867,2690926,633993,0.1906792,3081481,60491,0.9807474
