pid,execution_cycles,compute_cycles,idle_cycles,loads,stores,hit_count,miss_count,miss_rate,private,shared,private_rate
0,78814990,17729254,61085736,2380720,889412,2686136,583996,0.1785848,3055519,127368,0.9599835
1,77644350,17120545,60523805,2388005,899247,2709105,578147,0.1758755,3067315,133147,0.9583976
2,20013846,17556877,2456969,74523,43175,94069,23629,0.2007596,102210,5888,0.9455309
3,78822859,17140113,61682746,2416052,908867,2735446,589473,0.1772894,3104412,129341,0.9600028
