pid,execution_cycles,compute_cycles,idle_cycles,loads,stores,hit_count,miss_count,miss_rate,private,shared,private_rate
0,34609363,17729254,16880109,2380720,889412,3132901,137231,0.04196497,2640152,612963,0.8115766
1,34102402,17120545,16981857,2388005,899247,3149113,138139,0.04202264,2554148,718351,0.7804886
2,18421793,17556877,864916,74523,43175,110156,7542,0.06407925,92176,23061,0.799882
3,33986780,17140113,16846667,2416052,908867,3188599,136320,0.0409995,2708724,602317,0.8180883
