pid,execution_cycles,compute_cycles,idle_cycles,loads,stores,hit_count,miss_count,miss_rate,private,shared,private_rate
0,46574623,17729254,28845369,2380720,889412,3004410,265722,0.08125727,2784080,439352,0.8637006
1,45328103,17120545,28207558,2388005,899247,3017468,269784,0.08206977,2356108,882030,0.727612
2,18768445,17556877,1211568,74523,43175,106927,10771,0.09151387,94960,19129,0.8323327
3,45363066,17140113,28222953,2416052,908867,3054218,270701,0.08141582,2344157,932180,0.715481
