pid,execution_cycles,compute_cycles,idle_cycles,loads,stores,hit_count,miss_count,miss_rate,private,shared,private_rate
0,27788116,17729254,10058862,2380720,889412,3197701,72431,0.02214926,2148289,1116284,0.6580613
1,27164077,17120545,10043532,2388005,899247,3215076,72176,0.02195633,2142191,1140210,0.6526293
2,18125981,17556877,569104,74523,43175,112963,4735,0.04023008,89254,27513,0.7643769
3,27183957,17140113,10043844,2416052,908867,3252686,72233,0.02172474,2185802,1134377,0.6583386
