pid,execution_cycles,compute_cycles,idle_cycles,loads,stores,hit_count,miss_count,miss_rate,private,shared,private_rate
0,22238394,17729254,4509140,2380720,889412,3267067,3065,0.000937271,1987766,1281631,0.6079916
1,21615700,17120545,4495155,2388005,899247,3284262,2990,0.0009095743,1983196,1303547,0.6033925
2,17772103,17556877,215226,74523,43175,117200,498,0.004231168,86324,31374,0.7334364
3,21708731,17140113,4568618,2416052,908867,3321851,3068,0.0009227292,2106350,1218112,0.6335912
