pid,execution_cycles,compute_cycles,idle_cycles,loads,stores,hit_count,miss_count,miss_rate,private,shared,private_rate
0,37282992,17729254,19553738,2380720,889412,3104562,165570,0.05063098,2213020,1025269,0.6833918
1,37100348,17120545,19979803,2388005,899247,3118067,169185,0.051467,2950165,302064,0.9071209
2,18172901,17556877,616024,74523,43175,112604,5094,0.04328026,89562,25674,0.777205
3,36814401,17140113,19674288,2416052,908867,3158852,166067,0.04994618,2284275,1008350,0.693755
