pid,execution_cycles,compute_cycles,idle_cycles,loads,stores,hit_count,miss_count,miss_rate,private,shared,private_rate
0,31558690,17729254,13829436,2380720,889412,3204998,65134,0.01991785,2570059,698521,0.7862922
1,30598135,17120545,13477590,2388005,899247,3223493,63759,0.01939584,2388530,896643,0.7270637
2,17818210,17556877,261333,74523,43175,116878,820,0.006966983,68688,48798,0.5846484
3,31056498,17140113,13916385,2416052,908867,3259800,65119,0.01958514,2660237,662724,0.8005622
