pid,execution_cycles,compute_cycles,idle_cycles,loads,stores,hit_count,miss_count,miss_rate,private,shared,private_rate
0,194071514,17729254,176342260,2380720,889412,1521928,1748204,0.5345974,2710367,15650,0.994259
1,194653539,17120545,177532994,2388005,899247,1527194,1760058,0.5354192,2731386,9873,0.9963984
2,23605034,17556877,6048157,74523,43175,57793,59905,0.5089721,96943,86,0.9991137
3,196313312,17140113,179173199,2416052,908867,1548671,1776248,0.5342229,2754913,15875,0.9942706
