pid,execution_cycles,compute_cycles,idle_cycles,loads,stores,hit_count,miss_count,miss_rate,private,shared,private_rate
0,22308661,17729254,4579407,2380720,889412,3256907,13225,0.004044179,2132295,1134574,0.6527029
1,21696084,17120545,4575539,2388005,899247,3274239,13013,0.003958626,2149243,1134945,0.6544214
2,17912373,17556877,355496,74523,43175,115296,2402,0.02040816,90038,27660,0.7649918
3,21843904,17140113,4703791,2416052,908867,3310991,13928,0.004188974,2161918,1160098,0.6507849
