pid,execution_cycles,compute_cycles,idle_cycles,loads,stores,hit_count,miss_count,miss_rate,private,shared,private_rate
0,29297067,17729254,11567813,2380720,889412,3196692,73440,0.02245781,2693023,573579,0.8244111
1,28835404,17120545,11714859,2388005,899247,3213099,74153,0.02255775,2625327,658371,0.7995032
2,17781471,17556877,224594,74523,43175,117075,623,0.005293208,88920,28570,0.7568304
3,28758550,17140113,11618437,2416052,908867,3251605,73314,0.02204986,2661636,659948,0.8013153
