pid,execution_cycles,compute_cycles,idle_cycles,loads,stores,hit_count,miss_count,miss_rate,private,shared,private_rate
0,22351339,17729254,4622085,2380720,889412,3268087,2045,0.000625357,1896999,1373129,0.5800993
1,21590358,17120545,4469813,2388005,899247,3285216,2036,0.0006193623,1883558,1403683,0.5729905
2,17771185,17556877,214308,74523,43175,117370,328,0.002786793,85476,32222,0.7262315
3,21748242,17140113,4608129,2416052,908867,3322865,2054,0.0006177594,2102552,1222359,0.6323634
