pid,execution_cycles,compute_cycles,idle_cycles,loads,stores,hit_count,miss_count,miss_rate,private,shared,private_rate
0,28117168,17729254,10387914,2380720,889412,3200186,69946,0.02138935,2369161,898752,0.7249768
1,27435600,17120545,10315055,2388005,899247,3217167,70085,0.02132024,2659832,625064,0.8097157
2,17763621,17556877,206744,74523,43175,116860,838,0.007119917,89837,27626,0.764811
3,27608380,17140113,10468267,2416052,908867,3254283,70636,0.02124443,2620612,701845,0.7887572
