pid,execution_cycles,compute_cycles,idle_cycles,loads,stores,hit_count,miss_count,miss_rate,private,shared,private_rate
0,24446686,17729254,6717432,2380720,889412,3241316,28816,0.008811877,2181240,1087457,0.6673118
1,23926335,17120545,6805790,2388005,899247,3257242,30010,0.009129206,2033788,1252518,0.6188675
2,17948498,17556877,391621,74523,43175,115289,2409,0.02046764,89865,26767,0.7705004
3,24188422,17140113,7048309,2416052,908867,3294313,30606,0.009205036,2058656,1264715,0.6194481
