pid,execution_cycles,compute_cycles,idle_cycles,loads,stores,hit_count,miss_count,miss_rate,private,shared,private_rate
0,34412005,17729254,16682751,2380720,889412,3134651,135481,0.04142983,2380935,867884,0.7328617
1,33499557,17120545,16379012,2388005,899247,3155012,132240,0.04022813,2474211,793176,0.7572446
2,18120075,17556877,563198,74523,43175,113198,4500,0.03823344,90940,25302,0.7823334
3,33473038,17140113,16332925,2416052,908867,3193525,131394,0.03951796,2589532,717527,0.7830317
