pid,execution_cycles,compute_cycles,idle_cycles,loads,stores,hit_count,miss_count,miss_rate,private,shared,private_rate
0,36720620,17729254,18991366,2380720,889412,3085273,184859,0.05652952,2346031,897554,0.7232833
1,36272634,17120545,19152089,2388005,899247,3102960,184292,0.05606263,2281675,977831,0.7000064
2,18440917,17556877,884040,74523,43175,109388,8310,0.07060443,93160,21682,0.8112015
3,36298739,17140113,19158626,2416052,908867,3139593,185326,0.0557385,2310411,988670,0.7003196
