pid,execution_cycles,compute_cycles,idle_cycles,loads,stores,hit_count,miss_count,miss_rate,private,shared,private_rate
0,124572295,17729254,106843041,2380720,889412,2223941,1046191,0.3199232,2839649,70081,0.9759149
1,125062083,17120545,107941538,2388005,899247,2230138,1057114,0.3215798,2905371,16741,0.9942709
2,22768026,17556877,5211149,74523,43175,66249,51449,0.4371272,95863,2001,0.9795533
3,127219504,17140113,110079391,2416052,908867,2246591,1078328,0.3243171,2883142,70892,0.9760016
