pid,execution_cycles,compute_cycles,idle_cycles,loads,stores,hit_count,miss_count,miss_rate,private,shared,private_rate
0,34402470,17729254,16673216,2380720,889412,3216994,53138,0.0162495,2217315,1048588,0.6789286
1,35007185,17120545,17886640,2388005,899247,3223646,63606,0.01934929,2298286,980942,0.7008619
2,18276753,17556877,719876,74523,43175,114536,3162,0.02686537,78254,37805,0.6742605
3,34099986,17140113,16959873,2416052,908867,3276422,48497,0.01458592,2292869,1029330,0.6901661
