pid,execution_cycles,compute_cycles,idle_cycles,loads,stores,hit_count,miss_count,miss_rate,private,shared,private_rate
0,23888206,17729254,6158952,2380720,889412,3240952,29180,0.008923187,2257515,1011565,0.6905658
1,23427198,17120545,6306653,2388005,899247,3256753,30499,0.009277962,2083153,1203343,0.6338523
2,17913165,17556877,356288,74523,43175,115288,2410,0.02047613,89845,26834,0.7700186
3,23475226,17140113,6335113,2416052,908867,3294513,30406,0.009144884,2136175,1187195,0.6427738
