pid,execution_cycles,compute_cycles,idle_cycles,loads,stores,hit_count,miss_count,miss_rate,private,shared,private_rate
0,30094145,17729254,12364891,2380720,889412,3178535,91597,0.02801018,2839430,427202,0.8692225
1,29467802,17120545,12347257,2388005,899247,3195913,91339,0.02778582,2640429,642792,0.8042191
2,17789011,17556877,232134,74523,43175,116550,1148,0.009753777,90608,26774,0.7719071
3,29585821,17140113,12445708,2416052,908867,3232996,91923,0.02764669,2815938,505115,0.8479052
