pid,execution_cycles,compute_cycles,idle_cycles,loads,stores,hit_count,miss_count,miss_rate,private,shared,private_rate
0,22776069,17729254,5046815,2380720,889412,3257959,12173,0.00372248,2096280,1170574,0.6416816
1,22442143,17120545,5321598,2388005,899247,3274716,12536,0.00381352,2132294,1151703,0.6492984
2,17901041,17556877,344164,74523,43175,115360,2338,0.0198644,88424,29274,0.7512787
3,22487965,17140113,5347852,2416052,908867,3312022,12897,0.003878891,2144939,1176830,0.6457219
