pid,execution_cycles,compute_cycles,idle_cycles,loads,stores,hit_count,miss_count,miss_rate,private,shared,private_rate
0,30322655,17729254,12593401,2380720,889412,3245839,24293,0.007428752,2182184,1087143,0.6674719
1,29502572,17120545,12382027,2388005,899247,3263556,23696,0.007208453,2036581,1250087,0.6196491
2,17780961,17556877,224084,74523,43175,117446,252,0.002141073,64612,53054,0.5491136
3,29768201,17140113,12628088,2416052,908867,3300879,24040,0.007230251,2114605,1209651,0.6361138
