pid,execution_cycles,compute_cycles,idle_cycles,loads,stores,hit_count,miss_count,miss_rate,private,shared,private_rate
0,80722324,17729254,62993070,2380720,889412,2666870,603262,0.1844763,2997814,91494,0.9703837
1,80143704,17120545,63023159,2388005,899247,2683859,603393,0.1835554,2965900,137804,0.9556001
2,20422221,17556877,2865344,74523,43175,89944,27754,0.2358069,97708,9527,0.9111577
3,82138963,17140113,64998850,2416052,908867,2701950,622969,0.1873637,2996922,136969,0.9562943
