pid,execution_cycles,compute_cycles,idle_cycles,loads,stores,hit_count,miss_count,miss_rate,private,shared,private_rate
0,31213612,17729254,13484358,2380720,889412,3166958,103174,0.03155041,2537082,723255,0.7781656
1,30656475,17120545,13535930,2388005,899247,3183730,103522,0.03149196,2408945,868613,0.7349817
2,18051072,17556877,494195,74523,43175,113895,3803,0.03231151,90951,25526,0.7808494
3,30576595,17140113,13436482,2416052,908867,3222782,102137,0.03071864,2345613,970381,0.7073635
