pid,execution_cycles,compute_cycles,idle_cycles,loads,stores,hit_count,miss_count,miss_rate,private,shared,private_rate
0,32774941,17729254,15045687,2380720,889412,3151187,118945,0.03637315,2917917,341666,0.8951811
1,32243643,17120545,15123098,2388005,899247,3167698,119554,0.03636898,2231867,1044172,0.68127
2,17835747,17556877,278870,74523,43175,116070,1628,0.01383201,90833,26168,0.7763438
3,32260189,17140113,15120076,2416052,908867,3205776,119143,0.03583335,2632151,682356,0.7941305
