pid,execution_cycles,compute_cycles,idle_cycles,loads,stores,hit_count,miss_count,miss_rate,private,shared,private_rate
0,28669708,17729254,10940454,2380720,889412,3216454,53678,0.01641463,2268075,998902,0.6942427
1,28427259,17120545,11306714,2388005,899247,3226846,60406,0.01837583,2080182,1203536,0.6334838
2,18009162,17556877,452285,74523,43175,114785,2913,0.02474978,90817,25545,0.7804696
3,28135948,17140113,10995835,2416052,908867,3274623,50296,0.01512699,2122162,1200799,0.6386358
