pid,execution_cycles,compute_cycles,idle_cycles,loads,stores,hit_count,miss_count,miss_rate,private,shared,private_rate
0,25732576,17729254,8003322,2380720,889412,3222322,47810,0.0146202,2296557,972686,0.7024736
1,25201674,17120545,8081129,2388005,899247,3238829,48423,0.01473054,2038163,1248167,0.6201943
2,17719224,17556877,162347,74523,43175,117247,451,0.003831841,89870,27747,0.7640902
3,25237921,17140113,8097808,2416052,908867,3276708,48211,0.0144999,2080857,1243063,0.626025
