pid,execution_cycles,compute_cycles,idle_cycles,loads,stores,hit_count,miss_count,miss_rate,private,shared,private_rate
0,26031160,17729254,8301906,2380720,889412,3219306,50826,0.01554249,2152199,1107370,0.660271
1,25316316,17120545,8195771,2388005,899247,3237671,49581,0.01508281,2179378,1097844,0.6650077
2,18108294,17556877,551417,74523,43175,113317,4381,0.03722238,90938,26760,0.7726384
3,25655008,17140113,8514895,2416052,908867,3272495,52424,0.015767,2192961,1122211,0.6614924
