pid,execution_cycles,compute_cycles,idle_cycles,loads,stores,hit_count,miss_count,miss_rate,private,shared,private_rate
0,50199733,17729254,32470479,2380720,889412,2975179,294953,0.09019605,2899288,329101,0.8980603
1,50146308,17120545,33025763,2388005,899247,2986863,300389,0.09137997,2986894,257570,0.9206125
2,19260654,17556877,1703777,74523,43175,101677,16021,0.1361196,97970,14602,0.8702875
3,51099889,17140113,33959776,2416052,908867,3015476,309443,0.09306783,3002419,276891,0.9155642
