pid,execution_cycles,compute_cycles,idle_cycles,loads,stores,hit_count,miss_count,miss_rate,private,shared,private_rate
0,25899567,17729254,8170313,2380720,889412,3225625,44507,0.01361015,2276954,991847,0.6965716
1,25204538,17120545,8083993,2388005,899247,3242017,45235,0.01376073,2411783,873759,0.7340594
2,17877214,17556877,320337,74523,43175,115905,1793,0.0152339,90078,26826,0.7705297
3,25440967,17140113,8300854,2416052,908867,3280862,44057,0.01325055,2282953,1040796,0.6868608
