pid,execution_cycles,compute_cycles,idle_cycles,loads,stores,hit_count,miss_count,miss_rate,private,shared,private_rate
0,32135118,17729254,14405864,2380720,889412,3140614,129518,0.03960635,2222802,1029941,0.6833623
1,31761520,17120545,14640975,2388005,899247,3156053,131199,0.03991145,2219089,1049697,0.6788725
2,17933323,17556877,376446,74523,43175,115183,2515,0.02136825,89751,27304,0.7667421
3,31784673,17140113,14644560,2416052,908867,3194794,130125,0.03913629,2252005,1055169,0.6809454
