pid,execution_cycles,compute_cycles,idle_cycles,loads,stores,hit_count,miss_count,miss_rate,private,shared,private_rate
0,32836024,17729254,15106770,2380720,889412,3150570,119562,0.03656183,2916332,343221,0.894703
1,32295519,17120545,15174974,2388005,899247,3167174,120078,0.03652838,2257378,1018628,0.6890641
2,17842578,17556877,285701,74523,43175,116001,1697,0.01441826,90761,26237,0.7757483
3,32331271,17140113,15191158,2416052,908867,3205058,119861,0.0360493,2337397,977036,0.7052178
