pid,execution_cycles,compute_cycles,idle_cycles,loads,stores,hit_count,miss_count,miss_rate,private,shared,private_rate
0,61903270,17729254,44174016,2380720,889412,2856880,413252,0.1263717,2969021,197415,0.9376539
1,60263109,17120545,43142564,2388005,899247,2884584,402668,0.1224938,2923199,261361,0.9179287
2,19446795,17556877,1889918,74523,43175,99790,17908,0.1521521,94106,16862,0.8480463
3,62465875,17140113,45325762,2416052,908867,2900618,424301,0.1276124,2991692,223622,0.930451
