pid,execution_cycles,compute_cycles,idle_cycles,loads,stores,hit_count,miss_count,miss_rate,private,shared,private_rate
0,24468997,17729254,6739743,2380720,889412,3220565,49567,0.01515749,2125813,1133725,0.6521823
1,24092975,17120545,6972430,2388005,899247,3237871,49381,0.01502197,2166217,1110985,0.6609959
2,18061091,17556877,504214,74523,43175,113374,4324,0.03673809,89973,27684,0.7647059
3,24197035,17140113,7056922,2416052,908867,3273476,51443,0.01547196,2178336,1136801,0.6570878
