pid,execution_cycles,compute_cycles,idle_cycles,loads,stores,hit_count,miss_count,miss_rate,private,shared,private_rate
0,83868049,17729254,66138795,2380720,889412,2635095,635037,0.1941931,3013493,67286,0.9781594
1,83265669,17120545,66145124,2388005,899247,2652324,634928,0.1931486,2958796,137941,0.955456
2,21010578,17556877,3453701,74523,43175,84001,33697,0.2863005,101057,4784,0.9548001
3,85081243,17140113,67941130,2416052,908867,2672230,652689,0.1963022,3011151,117545,0.96243
