pid,execution_cycles,compute_cycles,idle_cycles,loads,stores,hit_count,miss_count,miss_rate,private,shared,private_rate
0,30042370,17729254,12313116,2380720,889412,3230877,39255,0.0120041,2264575,1004466,0.6927337
1,29234621,17120545,12114076,2388005,899247,3247852,39400,0.0119857,2310247,976048,0.7029944
2,17783251,17556877,226374,74523,43175,117452,246,0.002090095,64864,52811,0.5512131
3,29491247,17140113,12351134,2416052,908867,3285470,39449,0.01186465,2346259,977624,0.7058789
