pid,execution_cycles,compute_cycles,idle_cycles,loads,stores,hit_count,miss_count,miss_rate,private,shared,private_rate
0,43854925,17729254,26125671,2380720,889412,3038663,231469,0.07078277,2711915,513489,0.8407985
1,43926172,17120545,26805627,2388005,899247,3049583,237669,0.07230021,3021423,216424,0.9331581
2,18903899,17556877,1347022,74523,43175,105262,12436,0.1056602,92371,20429,0.8188918
3,43791333,17140113,26651220,2416052,908867,3088824,236095,0.07100774,2881693,396823,0.8789626
