pid,execution_cycles,compute_cycles,idle_cycles,loads,stores,hit_count,miss_count,miss_rate,private,shared,private_rate
0,71304652,17729254,53575398,2380720,889412,2761998,508134,0.1553864,2882337,227284,0.9269094
1,71801865,17120545,54681320,2388005,899247,2768120,519132,0.1579228,3010409,110650,0.9645473
2,20009094,17556877,2452217,74523,43175,94117,23581,0.2003517,94738,13703,0.8736364
3,72747130,17140113,55607017,2416052,908867,2796817,528102,0.1588315,2923624,232807,0.9262436
