pid,execution_cycles,compute_cycles,idle_cycles,loads,stores,hit_count,miss_count,miss_rate,private,shared,private_rate
0,122601799,17729254,104872545,2380720,889412,2243845,1026287,0.3138366,2901011,56087,0.9810331
1,123585894,17120545,106465349,2388005,899247,2245049,1042203,0.3170438,2821452,148387,0.9500353
2,22117596,17556877,4560719,74523,43175,72819,44879,0.3813064,99870,1390,0.986273
3,124703122,17140113,107563009,2416052,908867,2272009,1052910,0.3166724,2897949,106215,0.9646441
