pid,execution_cycles,compute_cycles,idle_cycles,loads,stores,hit_count,miss_count,miss_rate,private,shared,private_rate
0,21582589,17729254,3853335,2380720,889412,3266767,3365,0.00102901,2099003,1171017,0.641893
1,20896518,17120545,3775973,2388005,899247,3284137,3115,0.0009476,2140295,1146898,0.6511011
2,17737017,17556877,180140,74523,43175,117280,418,0.003551462,88500,29198,0.7519244
3,21066883,17140113,3926770,2416052,908867,3321342,3577,0.001075816,2172007,1152872,0.653259
