pid,execution_cycles,compute_cycles,idle_cycles,loads,stores,hit_count,miss_count,miss_rate,private,shared,private_rate
0,21880778,17729254,4151524,2380720,889412,3267588,2544,0.0007779502,2066602,1203437,0.6319808
1,21433613,17120545,4313068,2388005,899247,3284352,2900,0.0008821958,1990281,1296952,0.6054578
2,17760754,17556877,203877,74523,43175,117381,317,0.002693334,88953,28745,0.7557733
3,21665463,17140113,4525350,2416052,908867,3321666,3253,0.0009783697,2009143,1315758,0.6042715
