pid,execution_cycles,compute_cycles,idle_cycles,loads,stores,hit_count,miss_count,miss_rate,private,shared,private_rate
0,37452715,17729254,19723461,2380720,889412,3080705,189427,0.05792641,2239422,993838,0.6926205
1,37438231,17120545,20317686,2388005,899247,3092746,194506,0.05916979,2256024,990451,0.6949149
2,18319402,17556877,762525,74523,43175,110522,7176,0.0609696,91038,23591,0.7941969
3,37469247,17140113,20329134,2416052,908867,3133528,191391,0.05756261,2395669,891715,0.7287463
