pid,execution_cycles,compute_cycles,idle_cycles,loads,stores,hit_count,miss_count,miss_rate,private,shared,private_rate
0,35040238,17729254,17310984,2380720,889412,3127332,142800,0.04366796,2300041,950642,0.7075562
1,34693677,17120545,17573132,2388005,899247,3142464,144788,0.0440453,2584684,681065,0.7914521
2,17976372,17556877,419495,74523,43175,114619,3079,0.02616017,90696,25639,0.7796106
3,34612180,17140113,17472067,2416052,908867,3181215,143704,0.0432203,2804883,500146,0.8486712
