pid,execution_cycles,compute_cycles,idle_cycles,loads,stores,hit_count,miss_count,miss_rate,private,shared,private_rate
0,37558631,17729254,19829377,2380720,889412,3154387,115745,0.0353946,2360475,902147,0.7234902
1,37268821,17120545,20148276,2388005,899247,3163707,123545,0.03758306,2809865,468121,0.8571925
2,18470047,17556877,913170,74523,43175,112235,5463,0.0464154,91124,24884,0.7854976
3,37538752,17140113,20398639,2416052,908867,3201590,123329,0.03709233,2532940,782684,0.7639407
