pid,execution_cycles,compute_cycles,idle_cycles,loads,stores,hit_count,miss_count,miss_rate,private,shared,private_rate
0,22076635,17729254,4347381,2380720,889412,3256869,13263,0.0040558,2132181,1134677,0.6526702
1,21632625,17120545,4512080,2388005,899247,3274152,13100,0.003985091,2149080,1135109,0.6543716
2,17896680,17556877,339803,74523,43175,115295,2403,0.02041666,89926,27772,0.7640402
3,21731923,17140113,4591810,2416052,908867,3310958,13961,0.004198899,2161856,1160150,0.6507682
