pid,execution_cycles,compute_cycles,idle_cycles,loads,stores,hit_count,miss_count,miss_rate,private,shared,private_rate
0,23334886,17729254,5605632,2380720,889412,3245660,24472,0.00748349,2151616,1116929,0.6582794
1,22715388,17120545,5594843,2388005,899247,3263467,23785,0.007235527,2197625,1088612,0.668736
2,18124746,17556877,567869,74523,43175,113089,4609,0.03915954,89933,26988,0.7691775
3,22904689,17140113,5764576,2416052,908867,3299612,25307,0.007611313,2170703,1152462,0.6532035
