pid,execution_cycles,compute_cycles,idle_cycles,loads,stores,hit_count,miss_count,miss_rate,private,shared,private_rate
0,21734716,17729254,4005462,2380720,889412,3260922,9210,0.0028164,2129953,1139839,0.6514032
1,21192547,17120545,4072002,2388005,899247,3278626,8626,0.002624076,2140737,1146223,0.6512817
2,17801546,17556877,244669,74523,43175,116309,1389,0.01180139,89813,27871,0.7631709
3,21297454,17140113,4157341,2416052,908867,3315501,9418,0.00283255,2153418,1171238,0.6477115
