pid,execution_cycles,compute_cycles,idle_cycles,loads,stores,hit_count,miss_count,miss_rate,private,shared,private_rate
0,26485762,17729254,8756508,2380720,889412,3200926,69206,0.02116306,2156737,1106207,0.6609789
1,25896696,17120545,8776151,2388005,899247,3217421,69831,0.02124297,2153138,1126863,0.6564443
2,17965638,17556877,408761,74523,43175,114824,2874,0.02441843,89295,27601,0.7638841
3,25913432,17140113,8773319,2416052,908867,3256469,68450,0.02058697,2182588,1136080,0.6576699
