pid,execution_cycles,compute_cycles,idle_cycles,loads,stores,hit_count,miss_count,miss_rate,private,shared,private_rate
0,122715955,17729254,104986701,2380720,889412,2254069,1016063,0.3107101,2896031,65634,0.9778388
1,123063243,17120545,105942698,2388005,899247,2261179,1026073,0.312137,2919178,56845,0.980899
2,21928349,17556877,4371472,74523,43175,75275,42423,0.3604394,100426,2179,0.9787632
3,124509331,17140113,107369218,2416052,908867,2285474,1039445,0.3126227,2946291,62844,0.9791156
