pid,execution_cycles,compute_cycles,idle_cycles,loads,stores,hit_count,miss_count,miss_rate,private,shared,private_rate
0,23060401,17729254,5331147,2380720,889412,3266655,3477,0.00106326,2011820,1258218,0.6152283
1,22446537,17120545,5325992,2388005,899247,3284196,3056,0.0009296519,2011273,1275907,0.6118536
2,17817267,17556877,260390,74523,43175,117442,256,0.002175058,89201,28497,0.7578803
3,23150704,17140113,6010591,2416052,908867,3321143,3776,0.001135667,2012604,1312267,0.6053179
