pid,execution_cycles,compute_cycles,idle_cycles,loads,stores,hit_count,miss_count,miss_rate,private,shared,private_rate
0,23565447,17729254,5836193,2380720,889412,3248851,21281,0.006507688,2102620,1157708,0.6449106
1,23246100,17120545,6125555,2388005,899247,3265185,22067,0.006712902,2141234,1136551,0.6532564
2,18059882,17556877,503005,74523,43175,113376,4322,0.0367211,89343,28355,0.7590868
3,23300589,17140113,6160476,2416052,908867,3302555,22364,0.006726179,2153902,1161853,0.6495962
