pid,execution_cycles,compute_cycles,idle_cycles,loads,stores,hit_count,miss_count,miss_rate,private,shared,private_rate
0,32702770,17729254,14973516,2380720,889412,3151916,118216,0.03615022,2198703,1052539,0.6762656
1,32214537,17120545,15093992,2388005,899247,3167992,119260,0.03627954,2215334,1051672,0.678093
2,18135123,17556877,578246,74523,43175,113046,4652,0.03952489,90452,26219,0.7752741
3,32135548,17140113,14995435,2416052,908867,3207035,117884,0.0354547,2256370,1049797,0.6824731
