pid,execution_cycles,compute_cycles,idle_cycles,loads,stores,hit_count,miss_count,miss_rate,private,shared,private_rate
0,102677257,17729254,84948003,2380720,889412,2445103,825029,0.2522923,2917440,86909,0.9710723
1,103341285,17120545,86220740,2388005,899247,2449540,837712,0.2548366,2989151,27544,0.9908695
2,22672788,17556877,5115911,74523,43175,67211,50487,0.4289538,95344,2725,0.9722134
3,104598202,17140113,87458089,2416052,908867,2475089,849830,0.2555942,2959660,89179,0.9707498
