pid,execution_cycles,compute_cycles,idle_cycles,loads,stores,hit_count,miss_count,miss_rate,private,shared,private_rate
0,33709307,17729254,15980053,2380720,889412,3140413,129719,0.03966782,2483217,771631,0.7629287
1,32855512,17120545,15734967,2388005,899247,3160707,126545,0.03849568,2615793,658261,0.7989462
2,18056261,17556877,499384,74523,43175,113800,3898,0.03311866,91428,24917,0.7858352
3,32755221,17140113,15615108,2416052,908867,3199676,125243,0.03766799,2708551,604361,0.8175741
