pid,execution_cycles,compute_cycles,idle_cycles,loads,stores,hit_count,miss_count,miss_rate,private,shared,private_rate
0,21705808,17729254,3976554,2380720,889412,3261350,8782,0.002685519,2129237,1138217,0.6516502
1,21167781,17120545,4047236,2388005,899247,3279052,8200,0.002494485,2138751,1146186,0.6510782
2,17801144,17556877,244267,74523,43175,116311,1387,0.0117844,89798,27900,0.7629526
3,21260916,17140113,4120803,2416052,908867,3316015,8904,0.00267796,2147298,1175436,0.6462443
