pid,execution_cycles,compute_cycles,idle_cycles,loads,stores,hit_count,miss_count,miss_rate,private,shared,private_rate
0,26646643,17729254,8917389,2380720,889412,3213089,57043,0.01744364,2091483,1177112,0.6398722
1,26029215,17120545,8908670,2388005,899247,3230470,56782,0.01727339,2395257,890780,0.7289197
2,17715264,17556877,158387,74523,43175,117287,411,0.003491988,89201,28492,0.7579125
3,26138326,17140113,8998213,2416052,908867,3267613,57306,0.01723531,2252904,1070222,0.6779472
