pid,execution_cycles,compute_cycles,idle_cycles,loads,stores,hit_count,miss_count,miss_rate,private,shared,private_rate
0,22235107,17729254,4505853,2380720,889412,3267092,3040,0.0009296261,1987425,1281946,0.6078922
1,21611939,17120545,4491394,2388005,899247,3284285,2967,0.0009025776,1976766,1309958,0.6014396
2,17772103,17556877,215226,74523,43175,117200,498,0.004231168,86117,31581,0.7316777
3,21705886,17140113,4565773,2416052,908867,3321869,3050,0.0009173156,2106366,1218081,0.6335989
