pid,execution_cycles,compute_cycles,idle_cycles,loads,stores,hit_count,miss_count,miss_rate,private,shared,private_rate
0,73292779,17729254,55563525,2380720,889412,2741913,528219,0.1615283,3028473,126307,0.9599633
1,73206864,17120545,56086319,2388005,899247,2753915,533337,0.162244,3009610,162057,0.9489048
2,20263848,17556877,2706971,74523,43175,91543,26155,0.2222213,102619,5928,0.9453877
3,74543179,17140113,57403066,2416052,908867,2778662,546257,0.1642918,3107093,99143,0.9690781
