pid,execution_cycles,compute_cycles,idle_cycles,loads,stores,hit_count,miss_count,miss_rate,private,shared,private_rate
0,41591795,17729254,23862541,2380720,889412,3249328,20804,0.006361823,1781732,1487934,0.5449278
1,40784170,17120545,23663625,2388005,899247,3265872,21380,0.006503913,2030018,1256952,0.6175955
2,17804708,17556877,247831,74523,43175,117538,160,0.001359411,64100,53596,0.5446234
3,41013911,17140113,23873798,2416052,908867,3303593,21326,0.006413991,1838823,1485764,0.5530982
