pid,execution_cycles,compute_cycles,idle_cycles,loads,stores,hit_count,miss_count,miss_rate,private,shared,private_rate
0,30788380,17729254,13059126,2380720,889412,3170946,99186,0.03033089,3005920,258204,0.9208964
1,30208149,17120545,13087604,2388005,899247,3188076,99176,0.03016988,2385137,896112,0.7268991
2,17783142,17556877,226265,74523,43175,116589,1109,0.00942242,90148,27125,0.7687021
3,30261928,17140113,13121815,2416052,908867,3225539,99380,0.02988945,2245754,1073158,0.6766537
