pid,execution_cycles,compute_cycles,idle_cycles,loads,stores,hit_count,miss_count,miss_rate,private,shared,private_rate
0,25819646,17729254,8090392,2380720,889412,3207639,62493,0.01911024,2138504,1117925,0.6567022
1,25549246,17120545,8428701,2388005,899247,3221676,65576,0.01994858,2158372,1114041,0.6595659
2,18168563,17556877,611686,74523,43175,112449,5249,0.04459719,88986,27247,0.7655829
3,25555266,17140113,8415153,2416052,908867,3262590,62329,0.01874602,2198776,1113402,0.663846
