pid,execution_cycles,compute_cycles,idle_cycles,loads,stores,hit_count,miss_count,miss_rate,private,shared,private_rate
0,24968157,17729254,7238903,2380720,889412,3228647,41485,0.01268603,2152915,1113782,0.6590495
1,24343014,17120545,7222469,2388005,899247,3246913,40339,0.01227134,2163923,1120343,0.6588757
2,17802819,17556877,245942,74523,43175,116314,1384,0.01175891,90215,27483,0.7664956
3,24484343,17140113,7344230,2416052,908867,3283462,41457,0.01246857,2166633,1155536,0.6521742
