pid,execution_cycles,compute_cycles,idle_cycles,loads,stores,hit_count,miss_count,miss_rate,private,shared,private_rate
0,29823759,17729254,12094505,2380720,889412,3153261,116871,0.03573892,2193954,1053967,0.6754949
1,29481726,17120545,12361181,2388005,899247,3168788,118464,0.0360374,2207512,1057432,0.6761255
2,18100538,17556877,543661,74523,43175,113213,4485,0.038106,90026,26650,0.7715897
3,29501766,17140113,12361653,2416052,908867,3207894,117025,0.03519635,2249018,1055298,0.6806304
