pid,execution_cycles,compute_cycles,idle_cycles,loads,stores,hit_count,miss_count,miss_rate,private,shared,private_rate
0,46862785,17729254,29133531,2380720,889412,3008815,261317,0.07991023,2951455,287890,0.9111271
1,46469376,17120545,29348831,2388005,899247,3023975,263277,0.0800903,2828482,427331,0.8687483
2,18486123,17556877,929246,74523,43175,109494,8204,0.06970382,97908,18162,0.8435255
3,47086726,17140113,29946613,2416052,908867,3055985,268934,0.08088438,2973209,318718,0.9031819
