pid,execution_cycles,compute_cycles,idle_cycles,loads,stores,hit_count,miss_count,miss_rate,private,shared,private_rate
0,51720076,17729254,33990822,2380720,889412,2959822,310310,0.09489219,2873790,341904,0.8936765
1,50940981,17120545,33820436,2388005,899247,2978836,308416,0.09382183,2907161,328937,0.8983538
2,19121757,17556877,1564880,74523,43175,103080,14618,0.1241992,104166,8975,0.9206742
3,51155824,17140113,34015711,2416052,908867,3014911,310008,0.09323776,2960562,307264,0.905973
