pid,execution_cycles,compute_cycles,idle_cycles,loads,stores,hit_count,miss_count,miss_rate,private,shared,private_rate
0,22372909,17729254,4643655,2380720,889412,3268966,1166,0.0003565605,1789472,1480564,0.5472331
1,21517801,17120545,4397256,2388005,899247,3286092,1160,0.0003528783,1831827,1455367,0.5572616
2,17783745,17556877,226868,74523,43175,117472,226,0.001920169,63097,54601,0.5360924
3,21757442,17140113,4617329,2416052,908867,3323745,1174,0.0003530913,1912167,1412690,0.5751126
