pid,execution_cycles,compute_cycles,idle_cycles,loads,stores,hit_count,miss_count,miss_rate,private,shared,private_rate
0,27682090,17729254,9952836,2380720,889412,3204472,65660,0.0200787,2141560,1126686,0.6552628
1,27053943,17120545,9933398,2388005,899247,3221498,65754,0.02000273,2198525,1086960,0.669163
2,17740116,17556877,183239,74523,43175,117099,599,0.005089296,89690,27850,0.7630594
3,27150388,17140113,10010275,2416052,908867,3259519,65400,0.01966965,2491897,830815,0.7499588
