pid,execution_cycles,compute_cycles,idle_cycles,loads,stores,hit_count,miss_count,miss_rate,private,shared,private_rate
0,35926394,17729254,18197140,2380720,889412,3097474,172658,0.05279848,2330484,917963,0.7174148
1,35489466,17120545,18368921,2388005,899247,3111532,175720,0.05345498,2261768,1001243,0.6931537
2,18313805,17556877,756928,74523,43175,110740,6958,0.0591174,93746,21678,0.8121881
3,35515321,17140113,18375208,2416052,908867,3149161,175758,0.05286084,2292893,1009526,0.6943071
