pid,execution_cycles,compute_cycles,idle_cycles,loads,stores,hit_count,miss_count,miss_rate,private,shared,private_rate
0,28591597,17729254,10862343,2380720,889412,3193443,76689,0.02345135,2166490,1086113,0.6660788
1,27763992,17120545,10643447,2388005,899247,3212947,74305,0.02260399,2198364,1072799,0.6720436
2,18122847,17556877,565970,74523,43175,113170,4528,0.03847134,90838,26483,0.7742689
3,27832216,17140113,10692103,2416052,908867,3250503,74416,0.0223813,2253331,1057743,0.6805438
