pid,execution_cycles,compute_cycles,idle_cycles,loads,stores,hit_count,miss_count,miss_rate,private,shared,private_rate
0,36114013,17729254,18384759,2380720,889412,3117459,152673,0.04668711,2688311,562671,0.8269228
1,35748639,17120545,18628094,2388005,899247,3132294,154958,0.04713907,2257064,1008694,0.6911302
2,18135816,17556877,578939,74523,43175,113039,4659,0.03958436,92598,23466,0.7978184
3,35753701,17140113,18613588,2416052,908867,3170488,154431,0.04644655,2300634,1004686,0.6960397
