pid,execution_cycles,compute_cycles,idle_cycles,loads,stores,hit_count,miss_count,miss_rate,private,shared,private_rate
0,34884906,17729254,17155652,2380720,889412,3231311,38821,0.01187139,2137085,1132120,0.6537017
1,34180877,17120545,17060332,2388005,899247,3248441,38811,0.01180652,2207896,1078648,0.6717987
2,17783119,17556877,226242,74523,43175,117470,228,0.001937161,64626,53066,0.5491112
3,34355969,17140113,17215856,2416052,908867,3285992,38927,0.01170765,2129602,1194407,0.6406728
