pid,execution_cycles,compute_cycles,idle_cycles,loads,stores,hit_count,miss_count,miss_rate,private,shared,private_rate
0,25546720,17729254,7817466,2380720,889412,3238750,31382,0.009596555,2236539,1032874,0.6840797
1,25148577,17120545,8028032,2388005,899247,3255484,31768,0.009663999,2095070,1191698,0.6374256
2,17759055,17556877,202178,74523,43175,117414,284,0.002412955,89979,27679,0.7647504
3,25702495,17140113,8562382,2416052,908867,3293118,31801,0.009564444,2042797,1281541,0.6144974
