pid,execution_cycles,compute_cycles,idle_cycles,loads,stores,hit_count,miss_count,miss_rate,private,shared,private_rate
0,23309254,17729254,5580000,2380720,889412,3246800,23332,0.00713488,2164722,1103440,0.6623668
1,22598271,17120545,5477726,2388005,899247,3265126,22126,0.00673085,2210647,1075255,0.6727672
2,17942370,17556877,385493,74523,43175,114993,2705,0.02298255,90006,27070,0.7687827
3,22800739,17140113,5660626,2416052,908867,3301326,23593,0.007095812,2202724,1120203,0.6628867
