pid,execution_cycles,compute_cycles,idle_cycles,loads,stores,hit_count,miss_count,miss_rate,private,shared,private_rate
0,68402170,17729254,50672916,2380720,889412,2791316,478816,0.146421,2963519,219295,0.9311003
1,68432598,17120545,51312053,2388005,899247,2802153,485099,0.1475698,3056321,140482,0.9560555
2,20028795,17556877,2471918,74523,43175,93918,23780,0.2020425,102105,8165,0.9259545
3,69452905,17140113,52312792,2416052,908867,2830092,494827,0.1488238,3074061,156008,0.9517013
