pid,execution_cycles,compute_cycles,idle_cycles,loads,stores,hit_count,miss_count,miss_rate,private,shared,private_rate
0,22075375,17729254,4346121,2380720,889412,3256869,13263,0.0040558,2132172,1134691,0.6526665
1,21630615,17120545,4510070,2388005,899247,3274146,13106,0.003986917,2149089,1135092,0.6543759
2,17896680,17556877,339803,74523,43175,115295,2403,0.02041666,89926,27772,0.7640402
3,21729067,17140113,4588954,2416052,908867,3310958,13961,0.004198899,2161831,1160173,0.6507611
