pid,execution_cycles,compute_cycles,idle_cycles,loads,stores,hit_count,miss_count,miss_rate,private,shared,private_rate
0,21895138,17729254,4165884,2380720,889412,3261084,9048,0.002766861,2060457,1209363,0.6301439
1,21236724,17120545,4116179,2388005,899247,3278879,8373,0.002547112,2118067,1168972,0.6443693
2,17716155,17556877,159278,74523,43175,117278,420,0.003568455,88846,28840,0.7549411
3,21353854,17140113,4213741,2416052,908867,3315941,8978,0.002700216,2183594,1140999,0.6568004
