pid,execution_cycles,compute_cycles,idle_cycles,loads,stores,hit_count,miss_count,miss_rate,private,shared,private_rate
0,21538837,17729254,3809583,2380720,889412,3263875,6257,0.001913378,2120787,1148651,0.6486702
1,20919870,17120545,3799325,2388005,899247,3281725,5527,0.001681344,2127463,1159334,0.6472754
2,17755053,17556877,198176,74523,43175,116828,870,0.007391799,88542,29156,0.7522813
3,21032707,17140113,3892594,2416052,908867,3318650,6269,0.001885459,2152015,1172542,0.6473088
