pid,execution_cycles,compute_cycles,idle_cycles,loads,stores,hit_count,miss_count,miss_rate,private,shared,private_rate
0,24928201,17729254,7198947,2380720,889412,3230447,39685,0.0121356,2157671,1111698,0.6599656
1,24271569,17120545,7151024,2388005,899247,3248224,39028,0.01187253,2454841,831872,0.7468985
2,17705364,17556877,148487,74523,43175,117387,311,0.002642356,89515,28183,0.7605482
3,24427705,17140113,7287592,2416052,908867,3284892,40027,0.01203849,2176949,1147062,0.6549163
