pid,execution_cycles,compute_cycles,idle_cycles,loads,stores,hit_count,miss_count,miss_rate,private,shared,private_rate
0,28361026,17729254,10631772,2380720,889412,3195772,74360,0.02273914,2904418,362667,0.8889937
1,27775674,17120545,10655129,2388005,899247,3212829,74423,0.02263988,2192449,1091610,0.6676034
2,17751894,17556877,195017,74523,43175,116917,781,0.006635627,89481,28025,0.7615015
3,27823603,17140113,10683490,2416052,908867,3250590,74329,0.02235513,2227937,1093956,0.670683
