pid,execution_cycles,compute_cycles,idle_cycles,loads,stores,hit_count,miss_count,miss_rate,private,shared,private_rate
0,39821747,17729254,22092493,2380720,889412,3184930,85202,0.02605461,2313458,948482,0.7092276
1,39671502,17120545,22550957,2388005,899247,3191384,95868,0.02916357,2370640,908411,0.7229653
2,18638540,17556877,1081663,74523,43175,111035,6663,0.05661099,83261,31129,0.7278696
3,39770427,17140113,22630314,2416052,908867,3242387,82532,0.02482226,2217489,1101203,0.6681816
