pid,execution_cycles,compute_cycles,idle_cycles,loads,stores,hit_count,miss_count,miss_rate,private,shared,private_rate
0,40579249,17729254,22849995,2380720,889412,3072499,197633,0.06043579,2664863,579510,0.82138
1,41435356,17120545,24314811,2388005,899247,3074991,212261,0.06457095,2687354,571765,0.8245646
2,19400225,17556877,1843348,74523,43175,100272,17426,0.1480569,94438,18066,0.839419
3,40396820,17140113,23256707,2416052,908867,3123695,201224,0.06051997,2760082,541310,0.8360358
