pid,execution_cycles,compute_cycles,idle_cycles,loads,stores,hit_count,miss_count,miss_rate,private,shared,private_rate
0,29997100,17729254,12267846,2380720,889412,3178706,91426,0.02795789,2502179,762399,0.7664632
1,29302389,17120545,12181844,2388005,899247,3197088,90164,0.02742838,2222141,1060011,0.6770378
2,17759454,17556877,202577,74523,43175,116813,885,0.007519244,89339,28276,0.7595885
3,29399431,17140113,12259318,2416052,908867,3234146,90773,0.02730082,2210204,1109283,0.665827
