pid,execution_cycles,compute_cycles,idle_cycles,loads,stores,hit_count,miss_count,miss_rate,private,shared,private_rate
0,31403014,17729254,13673760,2380720,889412,3151988,118144,0.03612821,2340733,918957,0.7180845
1,30650131,17120545,13529586,2388005,899247,3167976,119276,0.03628441,2211024,1064972,0.6749166
2,17862891,17556877,306014,74523,43175,116123,1575,0.01338171,90259,26696,0.7717413
3,30672383,17140113,13532270,2416052,908867,3206707,118212,0.03555335,2249627,1064796,0.6787387
