pid,execution_cycles,compute_cycles,idle_cycles,loads,stores,hit_count,miss_count,miss_rate,private,shared,private_rate
0,65212116,17729254,47482862,2380720,889412,2842200,427932,0.1308608,2870657,300674,0.90519
1,62638441,17120545,45517896,2388005,899247,2879342,407910,0.1240884,2953602,246656,0.9229262
2,20523697,17556877,2966820,74523,43175,89962,27736,0.235654,96280,12308,0.8866541
3,63584666,17140113,46444553,2416052,908867,2908290,416629,0.125305,2973290,263739,0.9185244
