pid,execution_cycles,compute_cycles,idle_cycles,loads,stores,hit_count,miss_count,miss_rate,private,shared,private_rate
0,81023042,17729254,63293788,2380720,889412,2663848,606284,0.1854005,3012882,97996,0.9684989
1,80817038,17120545,63696493,2388005,899247,2677065,610187,0.1856222,2977367,148535,0.9524825
2,20944799,17556877,3387922,74523,43175,84666,33032,0.2806505,101170,5404,0.9492934
3,81180370,17140113,64040257,2416052,908867,2711777,613142,0.1844081,2995479,167437,0.9470625
