pid,execution_cycles,compute_cycles,idle_cycles,loads,stores,hit_count,miss_count,miss_rate,private,shared,private_rate
0,30789334,17729254,13060080,2380720,889412,3170980,99152,0.03032049,3006787,257352,0.9211578
1,30214440,17120545,13093895,2388005,899247,3188055,99197,0.03017627,2392639,888626,0.7291819
2,17781360,17556877,224483,74523,43175,116607,1091,0.009269486,90137,27143,0.7685624
3,30270811,17140113,13130698,2416052,908867,3225478,99441,0.0299078,2246511,1072409,0.6768801
