pid,execution_cycles,compute_cycles,idle_cycles,loads,stores,hit_count,miss_count,miss_rate,private,shared,private_rate
0,23259556,17729254,5530302,2380720,889412,3247302,22830,0.00698137,2136833,1129481,0.6542032
1,22692420,17120545,5571875,2388005,899247,3264175,23077,0.007020149,2156728,1126679,0.6568567
2,17912274,17556877,355397,74523,43175,115297,2401,0.02039967,90193,27469,0.7665431
3,22733221,17140113,5593108,2416052,908867,3302008,22911,0.006890694,2167442,1153988,0.6525629
