pid,execution_cycles,compute_cycles,idle_cycles,loads,stores,hit_count,miss_count,miss_rate,private,shared,private_rate
0,38699169,17729254,20969915,2380720,889412,3068569,201563,0.06163757,2248135,984531,0.695443
1,38684521,17120545,21563976,2388005,899247,3080062,207190,0.06302833,2267026,978585,0.6984897
2,18600664,17556877,1043787,74523,43175,107580,10118,0.08596578,91854,21652,0.8092436
3,38716317,17140113,21576204,2416052,908867,3120692,204227,0.06142315,2374189,912514,0.7223619
