pid,execution_cycles,compute_cycles,idle_cycles,loads,stores,hit_count,miss_count,miss_rate,private,shared,private_rate
0,21882070,17729254,4152816,2380720,889412,3261216,8916,0.002726495,2128612,1138923,0.6514428
1,21250089,17120545,4129544,2388005,899247,3278744,8508,0.00258818,2140041,1144916,0.651467
2,17812086,17556877,255209,74523,43175,116309,1389,0.01180139,89796,27902,0.7629356
3,21365536,17140113,4225423,2416052,908867,3315823,9096,0.002735706,2152536,1170293,0.6478022
