pid,execution_cycles,compute_cycles,idle_cycles,loads,stores,hit_count,miss_count,miss_rate,private,shared,private_rate
0,41927623,17729254,24198369,2380720,889412,3038429,231703,0.07085433,2265030,960195,0.7022859
1,42847920,17120545,25727375,2388005,899247,3049276,237976,0.0723936,2580294,657475,0.7969358
2,18888284,17556877,1331407,74523,43175,105111,12587,0.1069432,92101,20555,0.8175419
3,41942789,17140113,24802676,2416052,908867,3088615,236304,0.0710706,2304515,973975,0.7029196
