pid,execution_cycles,compute_cycles,idle_cycles,loads,stores,hit_count,miss_count,miss_rate,private,shared,private_rate
0,37182538,17729254,19453284,2380720,889412,3106524,163608,0.05003101,2648864,612456,0.8122061
1,36296955,17120545,19176410,2388005,899247,3126706,160546,0.04883897,2859689,418307,0.8723894
2,18212640,17556877,655763,74523,43175,112255,5443,0.04624548,94951,21789,0.8133545
3,36630499,17140113,19490386,2416052,908867,3161558,163361,0.04913232,2850318,465098,0.8597165
