pid,execution_cycles,compute_cycles,idle_cycles,loads,stores,hit_count,miss_count,miss_rate,private,shared,private_rate
0,70696021,17729254,52966767,2380720,889412,2736586,533546,0.1631573,2764819,320324,0.8961721
1,70418401,17120545,53297856,2388005,899247,2747133,540119,0.1643071,2684741,416213,0.865779
2,19667861,17556877,2110984,74523,43175,96019,21679,0.1841917,91593,16938,0.843934
3,71798688,17140113,54658575,2416052,908867,2775109,549810,0.1653604,2868818,263315,0.9159311
