pid,execution_cycles,compute_cycles,idle_cycles,loads,stores,hit_count,miss_count,miss_rate,private,shared,private_rate
0,24400036,17729254,6670782,2380720,889412,3235782,34350,0.01050416,2131304,1137286,0.6520561
1,23714991,17120545,6594446,2388005,899247,3253846,33406,0.01016229,2150834,1135295,0.654519
2,17732787,17556877,175910,74523,43175,117110,588,0.004995837,89055,28643,0.7566399
3,23844496,17140113,6704383,2416052,908867,3290783,34136,0.01026672,2190471,1133307,0.6590305
