pid,execution_cycles,compute_cycles,idle_cycles,loads,stores,hit_count,miss_count,miss_rate,private,shared,private_rate
0,22221757,17729254,4492503,2380720,889412,3256863,13269,0.004057634,2128678,1140684,0.6510989
1,21654783,17120545,4534238,2388005,899247,3274154,13098,0.003984483,2119653,1167018,0.644924
2,18124143,17556877,567266,74523,43175,113090,4608,0.03915105,89724,27200,0.7673703
3,21741772,17140113,4601659,2416052,908867,3311323,13596,0.004089122,2148735,1175510,0.6463829
