pid,execution_cycles,compute_cycles,idle_cycles,loads,stores,hit_count,miss_count,miss_rate,private,shared,private_rate
0,33598368,17729254,15869114,2380720,889412,3215226,54906,0.01679015,2052584,1216034,0.6279669
1,32927626,17120545,15807081,2388005,899247,3232341,54911,0.01670423,2093102,1192965,0.6369627
2,17771029,17556877,214152,74523,43175,117370,328,0.002786793,86692,31006,0.7365631
3,33102042,17140113,15961929,2416052,908867,3269645,55274,0.01662416,2145921,1177634,0.6456704
