pid,execution_cycles,compute_cycles,idle_cycles,loads,stores,hit_count,miss_count,miss_rate,private,shared,private_rate
0,105601906,17729254,87872652,2380720,889412,2406241,863891,0.2641762,2862252,143457,0.9522718
1,106745679,17120545,89625134,2388005,899247,2408143,879109,0.2674298,2919719,98785,0.9672735
2,21065106,17556877,3508229,74523,43175,82707,34991,0.2972948,100816,3739,0.9642389
3,108323431,17140113,91183318,2416052,908867,2432789,892130,0.2683163,2984385,68292,0.9776288
