pid,execution_cycles,compute_cycles,idle_cycles,loads,stores,hit_count,miss_count,miss_rate,private,shared,private_rate
0,27184286,17729254,9455032,2380720,889412,3214192,55940,0.01710634,2230091,1037900,0.6824043
1,26745387,17120545,9624842,2388005,899247,3228130,59122,0.01798524,2432866,852094,0.7406075
2,17887187,17556877,330310,74523,43175,115746,1952,0.01658482,90221,26633,0.7720831
3,26274882,17140113,9134769,2416052,908867,3271573,53346,0.0160443,2367281,956072,0.712317
