pid,execution_cycles,compute_cycles,idle_cycles,loads,stores,hit_count,miss_count,miss_rate,private,shared,private_rate
0,168515233,17729254,150785979,2380720,889412,1780067,1490065,0.455659,2800980,32021,0.9886971
1,168535128,17120545,151414583,2388005,899247,1791007,1496245,0.4551659,2805520,41230,0.9855168
2,22971120,17556877,5414243,74523,43175,64195,53503,0.4545787,97385,795,0.9919026
3,170475046,17140113,153334933,2416052,908867,1809657,1515262,0.455729,2855014,23483,0.9918419
