pid,execution_cycles,compute_cycles,idle_cycles,loads,stores,hit_count,miss_count,miss_rate,private,shared,private_rate
0,28114714,17729254,10385460,2380720,889412,3198260,71872,0.02197832,2221184,1045938,0.6798595
1,27466002,17120545,10345457,2388005,899247,3215957,71295,0.02168833,2186138,1098565,0.6655512
2,17734173,17556877,177296,74523,43175,117096,602,0.005114785,89317,28337,0.7591497
3,27520762,17140113,10380649,2416052,908867,3253649,71270,0.02143511,2222111,1099841,0.6689173
