pid,execution_cycles,compute_cycles,idle_cycles,loads,stores,hit_count,miss_count,miss_rate,private,shared,private_rate
0,22934341,17729254,5205087,2380720,889412,3267639,2493,0.0007623545,2017389,1252631,0.6169348
1,22383342,17120545,5262797,2388005,899247,3284769,2483,0.0007553422,2009943,1277264,0.611444
2,17824032,17556877,267155,74523,43175,117439,259,0.002200547,89127,28571,0.7572516
3,23082493,17140113,5942380,2416052,908867,3321804,3115,0.0009368649,2011116,1313776,0.6048666
