pid,execution_cycles,compute_cycles,idle_cycles,loads,stores,hit_count,miss_count,miss_rate,private,shared,private_rate
0,24791730,17729254,7062476,2380720,889412,3255393,14739,0.004507158,1917200,1352183,0.5864103
1,24590124,17120545,7469579,2388005,899247,3271220,16032,0.004877022,1885763,1400974,0.5737493
2,18390747,17556877,833870,74523,43175,113291,4407,0.03744329,86426,30205,0.7410208
3,24178765,17140113,7038652,2416052,908867,3310056,14863,0.004470184,2137963,1186395,0.6431206
