pid,execution_cycles,compute_cycles,idle_cycles,loads,stores,hit_count,miss_count,miss_rate,private,shared,private_rate
0,38237761,17729254,20508507,2380720,889412,3096007,174125,0.05324709,3023619,224140,0.9309863
1,37938519,17120545,20817974,2388005,899247,3110174,177078,0.05386809,2967676,294722,0.9096609
2,18402522,17556877,845645,74523,43175,110345,7353,0.06247345,93863,21476,0.8138011
3,38070004,17140113,20929891,2416052,908867,3147091,177828,0.05348341,2857659,443602,0.8656265
