pid,execution_cycles,compute_cycles,idle_cycles,loads,stores,hit_count,miss_count,miss_rate,private,shared,private_rate
0,45414757,17729254,27685503,2380720,889412,3118501,151631,0.04636846,2665205,569915,0.823835
1,57478515,17120545,40357970,2388005,899247,3030606,256646,0.07807311,2427821,778408,0.7572201
2,18673901,17556877,1117024,74523,43175,110561,7137,0.06063824,85000,29297,0.7436766
3,41971354,17140113,24831241,2416052,908867,3209689,115230,0.03465648,2672813,637807,0.8073451
