pid,execution_cycles,compute_cycles,idle_cycles,loads,stores,hit_count,miss_count,miss_rate,private,shared,private_rate
0,32699344,17729254,14970090,2380720,889412,3137123,133009,0.04067389,2385718,873771,0.7319301
1,31915078,17120545,14794533,2388005,899247,3153153,134099,0.04079365,2231607,1044022,0.6812759
2,17991887,17556877,435010,74523,43175,114323,3375,0.02867508,92903,23857,0.7956749
3,31938476,17140113,14798363,2416052,908867,3190700,134219,0.0403676,2260739,1053478,0.6821337
