pid,execution_cycles,compute_cycles,idle_cycles,loads,stores,hit_count,miss_count,miss_rate,private,shared,private_rate
0,25190947,17729254,7461693,2380720,889412,3227793,42339,0.01294718,2151859,1115147,0.6586639
1,24468480,17120545,7347935,2388005,899247,3246235,41017,0.0124776,2162660,1121926,0.658427
2,17812086,17556877,255209,74523,43175,116309,1389,0.01180139,90165,27533,0.7660708
3,24612340,17140113,7472227,2416052,908867,3283027,41892,0.0125994,2171292,1151113,0.6535302
