pid,execution_cycles,compute_cycles,idle_cycles,loads,stores,hit_count,miss_count,miss_rate,private,shared,private_rate
0,22799211,17729254,5069957,2380720,889412,3248061,22071,0.006749269,2134526,1131931,0.6534683
1,22481811,17120545,5361266,2388005,899247,3265374,21878,0.006655407,2161040,1122856,0.658072
2,18084855,17556877,527978,74523,43175,113314,4384,0.03724787,90258,27440,0.7668609
3,22574878,17140113,5434765,2416052,908867,3301957,22962,0.006906033,2174347,1147477,0.6545642
