pid,execution_cycles,compute_cycles,idle_cycles,loads,stores,hit_count,miss_count,miss_rate,private,shared,private_rate
0,27744840,17729254,10015586,2380720,889412,3197039,73093,0.0223517,2131656,1134122,0.6527253
1,27114817,17120545,9994272,2388005,899247,3214881,72371,0.02201565,2144167,1139369,0.6530055
2,17785652,17556877,228775,74523,43175,116922,776,0.006593145,87787,29907,0.7458919
3,27135635,17140113,9995522,2416052,908867,3251639,73280,0.02203963,2179098,1142294,0.6560797
