pid,execution_cycles,compute_cycles,idle_cycles,loads,stores,hit_count,miss_count,miss_rate,private,shared,private_rate
0,32923828,17729254,15194574,2380720,889412,3130062,140070,0.04283313,2242171,1008678,0.6897186
1,32529982,17120545,15409437,2388005,899247,3144495,142757,0.04342746,2247350,1018687,0.6880969
2,17967964,17556877,411087,74523,43175,114922,2776,0.02358579,90161,26224,0.7746789
3,32554314,17140113,15414201,2416052,908867,3183813,141106,0.04243893,2268567,1036677,0.6863539
