pid,execution_cycles,compute_cycles,idle_cycles,loads,stores,hit_count,miss_count,miss_rate,private,shared,private_rate
0,65358423,17729254,47629169,2380720,889412,2822041,448091,0.1370254,3075227,91820,0.9710077
1,65010870,17120545,47890325,2388005,899247,2836685,450567,0.1370649,3098389,83240,0.9738373
2,20041480,17556877,2484603,74523,43175,93783,23915,0.2031895,99702,10106,0.9079666
3,65867010,17140113,48726897,2416052,908867,2866285,458634,0.1379384,3119939,97622,0.9696596
