pid,execution_cycles,compute_cycles,idle_cycles,loads,stores,hit_count,miss_count,miss_rate,private,shared,private_rate
0,22629817,17729254,4900563,2380720,889412,3253663,16469,0.005036188,2134194,1135252,0.6527693
1,21967344,17120545,4846799,2388005,899247,3271499,15753,0.004792149,2126374,1160428,0.6469431
2,17715858,17556877,158981,74523,43175,117281,417,0.003542966,88927,28771,0.7555523
3,22063684,17140113,4923571,2416052,908867,3308771,16148,0.00485666,2172580,1151890,0.6535117
