pid,execution_cycles,compute_cycles,idle_cycles,loads,stores,hit_count,miss_count,miss_rate,private,shared,private_rate
0,40943482,17729254,23214228,2380720,889412,3068416,201716,0.06168436,3019974,222793,0.9312954
1,40695870,17120545,23575325,2388005,899247,3082249,205003,0.06236303,3036222,221093,0.9321242
2,18586011,17556877,1029134,74523,43175,108478,9220,0.07833608,94210,20542,0.8209879
3,40889833,17140113,23749720,2416052,908867,3118372,206547,0.06212091,3060732,235413,0.9285793
