pid,execution_cycles,compute_cycles,idle_cycles,loads,stores,hit_count,miss_count,miss_rate,private,shared,private_rate
0,28135398,17729254,10406144,2380720,889412,3198492,71640,0.02190737,2192934,1073933,0.6712652
1,27484839,17120545,10364294,2388005,899247,3216062,71190,0.02165639,2245847,1038722,0.683757
2,17736527,17556877,179650,74523,43175,117094,604,0.005131778,89297,28365,0.7589281
3,27548020,17140113,10407907,2416052,908867,3253719,71200,0.02141406,2253039,1068700,0.6782709
