pid,execution_cycles,compute_cycles,idle_cycles,loads,stores,hit_count,miss_count,miss_rate,private,shared,private_rate
0,31523455,17729254,13794201,2380720,889412,3163425,106707,0.03263079,2487228,776060,0.7621846
1,31084776,17120545,13964231,2388005,899247,3179255,107997,0.03285328,2734648,545442,0.8337113
2,17862846,17556877,305969,74523,43175,115785,1913,0.01625346,90350,26636,0.7723146
3,31164052,17140113,14023939,2416052,908867,3216431,108488,0.03262876,2424921,892890,0.7308798
