pid,execution_cycles,compute_cycles,idle_cycles,loads,stores,hit_count,miss_count,miss_rate,private,shared,private_rate
0,33407155,17729254,15677901,2380720,889412,3144801,125331,0.03832598,2652680,612274,0.8124709
1,32649543,17120545,15528998,2388005,899247,3163598,123654,0.03761622,2787308,494598,0.8492955
2,18029292,17556877,472415,74523,43175,114115,3583,0.03044232,93877,23345,0.800848
3,32832013,17140113,15691900,2416052,908867,3200000,124919,0.03757054,2854978,464394,0.8600958
