pid,execution_cycles,compute_cycles,idle_cycles,loads,stores,hit_count,miss_count,miss_rate,private,shared,private_rate
0,22540445,17729254,4811191,2380720,889412,3258105,12027,0.003677833,2096803,1173291,0.6412057
1,22272365,17120545,5151820,2388005,899247,3274874,12378,0.003765455,2133821,1153373,0.6491314
2,17901041,17556877,344164,74523,43175,115360,2338,0.0198644,88424,29274,0.7512787
3,22291889,17140113,5151776,2416052,908867,3312242,12677,0.003812724,2146512,1178280,0.6456079
