pid,execution_cycles,compute_cycles,idle_cycles,loads,stores,hit_count,miss_count,miss_rate,private,shared,private_rate
0,22943746,17729254,5214492,2380720,889412,3267740,2392,0.0007314689,2015729,1254311,0.6164233
1,22388358,17120545,5267813,2388005,899247,3284765,2487,0.000756559,2012539,1274675,0.6122324
2,17824956,17556877,268079,74523,43175,117439,259,0.002200547,89126,28572,0.7572431
3,23085760,17140113,5945647,2416052,908867,3321799,3120,0.0009383687,2012004,1312883,0.6051346
