pid,execution_cycles,compute_cycles,idle_cycles,loads,stores,hit_count,miss_count,miss_rate,private,shared,private_rate
0,40433516,17729254,22704262,2380720,889412,3073462,196670,0.0601413,2760849,488867,0.8495662
1,39187196,17120545,22066651,2388005,899247,3097405,189847,0.05775249,2816210,451944,0.8617128
2,18626937,17556877,1070060,74523,43175,107910,9788,0.08316199,93726,20824,0.8182104
3,39854517,17140113,22714404,2416052,908867,3128155,196764,0.05917858,2785470,518046,0.8431834
