pid,execution_cycles,compute_cycles,idle_cycles,loads,stores,hit_count,miss_count,miss_rate,private,shared,private_rate
0,72734028,17729254,55004774,2380720,889412,3105409,164723,0.05037197,2622453,627017,0.8070402
1,72906015,17120545,55785470,2388005,899247,3125800,161452,0.04911458,2589291,677674,0.7925677
2,21166695,17556877,3609818,74523,43175,109057,8641,0.07341671,90931,24156,0.7901066
3,73210857,17140113,56070744,2416052,908867,3158963,165956,0.04991279,2692725,610707,0.8151295
