pid,execution_cycles,compute_cycles,idle_cycles,loads,stores,hit_count,miss_count,miss_rate,private,shared,private_rate
0,25585660,17729254,7856406,2380720,889412,3223806,46326,0.0141664,2164015,1099463,0.6631008
1,25029909,17120545,7909364,2388005,899247,3240564,46688,0.01420274,2194357,1085782,0.6689829
2,17922372,17556877,365495,74523,43175,115195,2503,0.02126629,90362,27192,0.768685
3,25109320,17140113,7969207,2416052,908867,3278007,46912,0.01410922,2179944,1138645,0.6568888
