pid,execution_cycles,compute_cycles,idle_cycles,loads,stores,hit_count,miss_count,miss_rate,private,shared,private_rate
0,22232806,17729254,4503552,2380720,889412,3255660,14472,0.004425509,2134263,1134989,0.6528291
1,21700232,17120545,4579687,2388005,899247,3273219,14033,0.004268915,2146858,1139656,0.6532326
2,17931477,17556877,374600,74523,43175,115000,2698,0.02292307,89835,27242,0.7673155
3,21790270,17140113,4650157,2416052,908867,3310249,14670,0.004412138,2147639,1176508,0.6460722
