pid,execution_cycles,compute_cycles,idle_cycles,loads,stores,hit_count,miss_count,miss_rate,private,shared,private_rate
0,50234449,17729254,32505195,2380720,889412,2986747,283385,0.08665858,2607174,597662,0.8135125
1,67147347,17120545,50026802,2388005,899247,2841054,446198,0.1357359,2564714,585518,0.814135
2,18687081,17556877,1130204,74523,43175,107788,9910,0.08419854,93570,19973,0.8240931
3,48458899,17140113,31318786,2416052,908867,3078254,246665,0.07418677,2724147,551531,0.8316284
