pid,execution_cycles,compute_cycles,idle_cycles,loads,stores,hit_count,miss_count,miss_rate,private,shared,private_rate
0,63381036,17729254,45651782,2380720,889412,2842142,427990,0.1308785,2863171,308160,0.9028294
1,60819804,17120545,43699259,2388005,899247,2879223,408029,0.1241246,2941028,259234,0.918996
2,20421356,17556877,2864479,74523,43175,89955,27743,0.2357134,96458,12129,0.8883015
3,61739749,17140113,44599636,2416052,908867,2908208,416711,0.1253297,2971744,265283,0.9180473
