pid,execution_cycles,compute_cycles,idle_cycles,loads,stores,hit_count,miss_count,miss_rate,private,shared,private_rate
0,25255792,17729254,7526538,2380720,889412,3227138,42994,0.01314748,2180572,1087800,0.6671737
1,24922395,17120545,7801850,2388005,899247,3241650,45602,0.01387238,2228605,1057003,0.678293
2,17928114,17556877,371237,74523,43175,115137,2561,0.02175908,90169,26420,0.773392
3,24978640,17140113,7838527,2416052,908867,3279327,45592,0.01371221,2091467,1231084,0.6294763
