pid,execution_cycles,compute_cycles,idle_cycles,loads,stores,hit_count,miss_count,miss_rate,private,shared,private_rate
0,91882111,17729254,74152857,2380720,889412,2597041,673091,0.2058299,3031456,79953,0.9743033
1,91530793,17120545,74410248,2388005,899247,2616838,670414,0.2039436,3028229,100788,0.9677892
2,20323887,17556877,2767010,74523,43175,92677,25021,0.2125865,102999,4879,0.954773
3,92390932,17140113,75250819,2416052,908867,2643602,681317,0.2049124,3084566,77956,0.9753501
