pid,execution_cycles,compute_cycles,idle_cycles,loads,stores,hit_count,miss_count,miss_rate,private,shared,private_rate
0,23355719,17729254,5626465,2380720,889412,3249343,20789,0.006357236,2107982,1158453,0.6453464
1,23188012,17120545,6067467,2388005,899247,3265786,21466,0.006530074,2145952,1137585,0.6535489
2,18058870,17556877,501993,74523,43175,113376,4322,0.0367211,88966,28732,0.7558837
3,23209708,17140113,6069595,2416052,908867,3303131,21788,0.006552942,2158965,1162080,0.650086
