pid,execution_cycles,compute_cycles,idle_cycles,loads,stores,hit_count,miss_count,miss_rate,private,shared,private_rate
0,29849442,17729254,12120188,2380720,889412,3152592,117540,0.0359435,2199248,1051643,0.6765062
1,29504502,17120545,12383957,2388005,899247,3167797,119455,0.03633886,2209520,1057054,0.6764029
2,18108995,17556877,552118,74523,43175,113083,4615,0.03921052,89627,26976,0.7686509
3,29526127,17140113,12386014,2416052,908867,3207116,117803,0.03543034,2247937,1058379,0.6798918
