pid,execution_cycles,compute_cycles,idle_cycles,loads,stores,hit_count,miss_count,miss_rate,private,shared,private_rate
0,29526187,17729254,11796933,2380720,889412,3202616,67516,0.02064626,2209335,1057826,0.6762247
1,28937602,17120545,11817057,2388005,899247,3220417,66835,0.02033157,2161166,1123663,0.6579234
2,17772421,17556877,215544,74523,43175,117190,508,0.004316131,87591,30079,0.7443783
3,29091822,17140113,11951709,2416052,908867,3257493,67426,0.02027899,2218603,1103700,0.6677907
