pid,execution_cycles,compute_cycles,idle_cycles,loads,stores,hit_count,miss_count,miss_rate,private,shared,private_rate
0,22305597,17729254,4576343,2380720,889412,3262776,7356,0.00224945,2077703,1192425,0.6353583
1,21909281,17120545,4788736,2388005,899247,3279849,7403,0.002252033,2104113,1183117,0.6400869
2,17822923,17556877,266046,74523,43175,116382,1316,0.01118116,87930,29768,0.7470815
3,21939584,17140113,4799471,2416052,908867,3317289,7630,0.002294793,2124061,1200840,0.6388344
