pid,execution_cycles,compute_cycles,idle_cycles,loads,stores,hit_count,miss_count,miss_rate,private,shared,private_rate
0,24086579,17729254,6357325,2380720,889412,3228235,41897,0.01281202,2105207,1161757,0.6443925
1,23552917,17120545,6432372,2388005,899247,3245017,42235,0.01284812,2132112,1152441,0.6491331
2,17823467,17556877,266590,74523,43175,116382,1316,0.01118116,89001,28697,0.7561811
3,23586134,17140113,6446021,2416052,908867,3281643,43276,0.01301566,2147643,1174701,0.646424
