pid,execution_cycles,compute_cycles,idle_cycles,loads,stores,hit_count,miss_count,miss_rate,private,shared,private_rate
0,21436471,17729254,3707217,2380720,889412,3265717,4415,0.001350098,2083531,1185868,0.6372826
1,20808450,17120545,3687905,2388005,899247,3283205,4047,0.001231119,2088881,1197874,0.6355451
2,17733480,17556877,176603,74523,43175,117103,595,0.005055311,88453,29245,0.7515251
3,20895583,17140113,3755470,2416052,908867,3320570,4349,0.001308002,2169535,1154935,0.6525958
