pid,execution_cycles,compute_cycles,idle_cycles,loads,stores,hit_count,miss_count,miss_rate,private,shared,private_rate
0,23159962,17729254,5430708,2380720,889412,3248308,21824,0.006673737,2135317,1134815,0.6529758
1,22553523,17120545,5432978,2388005,899247,3265578,21674,0.006593349,2163462,1123790,0.6581369
2,18108294,17556877,551417,74523,43175,113317,4381,0.03722238,90263,27435,0.7669034
3,22720252,17140113,5580139,2416052,908867,3302139,22780,0.006851295,2176360,1148559,0.6545603
