pid,execution_cycles,compute_cycles,idle_cycles,loads,stores,hit_count,miss_count,miss_rate,private,shared,private_rate
0,69258025,17729254,51528771,2380720,889412,2782671,487461,0.1490646,3041784,96732,0.9691791
1,68809293,17120545,51688748,2388005,899247,2798348,488904,0.1487273,3017916,135694,0.9569719
2,20016915,17556877,2460038,74523,43175,94038,23660,0.201023,99594,10072,0.9081575
3,70116205,17140113,52976092,2416052,908867,2823392,501527,0.1508389,3050076,136250,0.9572392
