pid,execution_cycles,compute_cycles,idle_cycles,loads,stores,hit_count,miss_count,miss_rate,private,shared,private_rate
0,22775877,17729254,5046623,2380720,889412,3257955,12177,0.003723703,2096281,1170556,0.6416852
1,22441472,17120545,5320927,2388005,899247,3274733,12519,0.003808348,2132262,1151725,0.6492906
2,17901041,17556877,344164,74523,43175,115360,2338,0.0198644,88424,29274,0.7512787
3,22488395,17140113,5348282,2416052,908867,3312044,12875,0.003872275,2144888,1176884,0.645706
