pid,execution_cycles,compute_cycles,idle_cycles,loads,stores,hit_count,miss_count,miss_rate,private,shared,private_rate
0,39037047,17729254,21307793,2380720,889412,3087625,182507,0.05581029,2711541,538594,0.8342857
1,38270817,17120545,21150272,2388005,899247,3106700,180552,0.0549249,2911200,355743,0.8911083
2,18430992,17556877,874115,74523,43175,110043,7655,0.06503934,94383,20968,0.8182244
3,38578725,17140113,21438612,2416052,908867,3141712,183207,0.05510119,2877365,427808,0.8705641
