pid,execution_cycles,compute_cycles,idle_cycles,loads,stores,hit_count,miss_count,miss_rate,private,shared,private_rate
0,23160160,17729254,5430906,2380720,889412,3248306,21826,0.006674348,2135282,1134782,0.6529787
1,22553523,17120545,5432978,2388005,899247,3265578,21674,0.006593349,2163380,1123749,0.6581366
2,18108294,17556877,551417,74523,43175,113317,4381,0.03722238,90263,27435,0.7669034
3,22720648,17140113,5580535,2416052,908867,3302135,22784,0.006852498,2176279,1148520,0.6545596
