pid,execution_cycles,compute_cycles,idle_cycles,loads,stores,hit_count,miss_count,miss_rate,private,shared,private_rate
0,41032927,17729254,23303673,2380720,889412,3067773,202359,0.06188099,2925599,307529,0.9048819
1,40920696,17120545,23800151,2388005,899247,3080051,207201,0.06303168,3014308,231665,0.92863
2,18675069,17556877,1118192,74523,43175,107592,10106,0.08586382,91905,21668,0.8092152
3,40747261,17140113,23607148,2416052,908867,3120048,204871,0.06161684,3049924,237320,0.9278058
