pid,execution_cycles,compute_cycles,idle_cycles,loads,stores,hit_count,miss_count,miss_rate,private,shared,private_rate
0,24187012,17729254,6457758,2380720,889412,3232801,37331,0.01141575,2132716,1133146,0.6530331
1,23661982,17120545,6541437,2388005,899247,3251390,35862,0.01090942,2153457,1130890,0.6556728
2,17942102,17556877,385225,74523,43175,115027,2671,0.02269367,88473,28529,0.7561666
3,23677586,17140113,6537473,2416052,908867,3287818,37101,0.01115847,2157836,1163410,0.6497068
