pid,execution_cycles,compute_cycles,idle_cycles,loads,stores,hit_count,miss_count,miss_rate,private,shared,private_rate
0,33644761,17729254,15915507,2380720,889412,3144874,125258,0.03830365,2706704,556436,0.8294784
1,32646501,17120545,15525956,2388005,899247,3161763,125489,0.03817444,2360693,919097,0.7197696
2,18007977,17556877,451100,74523,43175,114430,3268,0.02776598,92525,24538,0.7903864
3,32671435,17140113,15531322,2416052,908867,3197701,127218,0.03826198,2301526,1016167,0.6937128
