pid,execution_cycles,compute_cycles,idle_cycles,loads,stores,hit_count,miss_count,miss_rate,private,shared,private_rate
0,22336738,17729254,4607484,2380720,889412,3262741,7391,0.002260153,2077688,1191899,0.6354589
1,21930057,17120545,4809512,2388005,899247,3279793,7459,0.002269069,2103884,1182896,0.6401049
2,17822923,17556877,266046,74523,43175,116382,1316,0.01118116,87931,29767,0.74709
3,21961600,17140113,4821487,2416052,908867,3317261,7658,0.002303214,2124020,1200497,0.6388958
