pid,execution_cycles,compute_cycles,idle_cycles,loads,stores,hit_count,miss_count,miss_rate,private,shared,private_rate
0,29709802,17729254,11980548,2380720,889412,3182148,87984,0.02690534,2191852,1073736,0.6711967
1,29021589,17120545,11901044,2388005,899247,3200244,87008,0.02646831,2202339,1081090,0.6707436
2,17758923,17556877,202046,74523,43175,116846,852,0.007238866,89222,28476,0.7580588
3,29155153,17140113,12015040,2416052,908867,3237140,87779,0.02640034,2195527,1125404,0.6611179
