pid,execution_cycles,compute_cycles,idle_cycles,loads,stores,hit_count,miss_count,miss_rate,private,shared,private_rate
0,21585382,17729254,3856128,2380720,889412,3266764,3368,0.001029928,2091733,1178393,0.6396491
1,20916738,17120545,3796193,2388005,899247,3284073,3179,0.0009670692,2133065,1154187,0.64889
2,17737017,17556877,180140,74523,43175,117280,418,0.003551462,88500,29198,0.7519244
3,21061858,17140113,3921745,2416052,908867,3321377,3542,0.001065289,2172710,1152209,0.6534625
