pid,execution_cycles,compute_cycles,idle_cycles,loads,stores,hit_count,miss_count,miss_rate,private,shared,private_rate
0,23183425,17729254,5454171,2380720,889412,3248071,22061,0.006746211,2133887,1132598,0.653267
1,22573818,17120545,5453273,2388005,899247,3265373,21879,0.006655711,2161566,1122324,0.6582334
2,18108294,17556877,551417,74523,43175,113317,4381,0.03722238,90263,27435,0.7669034
3,22739161,17140113,5599048,2416052,908867,3301948,22971,0.00690874,2174878,1147037,0.6547061
