pid,execution_cycles,compute_cycles,idle_cycles,loads,stores,hit_count,miss_count,miss_rate,private,shared,private_rate
0,41879212,17729254,24149958,2380720,889412,3029649,240483,0.07353923,2303621,913145,0.7161295
1,42338629,17120545,25218084,2388005,899247,3038845,248407,0.07556677,2383061,847875,0.737576
2,18794245,17556877,1237368,74523,43175,105406,12292,0.1044368,91363,21255,0.8112646
3,41895428,17140113,24755315,2416052,908867,3075279,249640,0.07508153,2350393,919168,0.7188711
