pid,execution_cycles,compute_cycles,idle_cycles,loads,stores,hit_count,miss_count,miss_rate,private,shared,private_rate
0,23429440,17729254,5700186,2380720,889412,3245586,24546,0.007506119,2128681,1140777,0.6510807
1,22872996,17120545,5752451,2388005,899247,3262351,24901,0.00757502,2130001,1156892,0.6480287
2,17705463,17556877,148586,74523,43175,117386,312,0.002650852,89309,28387,0.7588108
3,22887265,17140113,5747152,2416052,908867,3300452,24467,0.007358676,2093015,1231412,0.6295867
