pid,execution_cycles,compute_cycles,idle_cycles,loads,stores,hit_count,miss_count,miss_rate,private,shared,private_rate
0,34184052,17729254,16454798,2380720,889412,3136198,133934,0.04095676,2437413,822004,0.7478064
1,33706319,17120545,16585774,2388005,899247,3152646,134606,0.04094788,2688071,587660,0.8206019
2,18009364,17556877,452487,74523,43175,114295,3403,0.02891298,93233,23529,0.7984875
3,33785045,17140113,16644932,2416052,908867,3189668,135251,0.04067798,2327138,987154,0.7021524
