pid,execution_cycles,compute_cycles,idle_cycles,loads,stores,hit_count,miss_count,miss_rate,private,shared,private_rate
0,34953733,17729254,17224479,2380720,889412,3129179,140953,0.04310315,2269852,981122,0.6982068
1,34571430,17120545,17450885,2388005,899247,3144185,143067,0.04352176,2220191,1045856,0.6797793
2,17953656,17556877,396779,74523,43175,114879,2819,0.02395113,90547,25864,0.7778217
3,34500559,17140113,17360446,2416052,908867,3183146,141773,0.04263953,3017158,288214,0.9128044
