pid,execution_cycles,compute_cycles,idle_cycles,loads,stores,hit_count,miss_count,miss_rate,private,shared,private_rate
0,23183722,17729254,5454468,2380720,889412,3248068,22064,0.006747128,2133924,1132556,0.6532794
1,22573818,17120545,5453273,2388005,899247,3265373,21879,0.006655711,2161608,1122293,0.658244
2,18108294,17556877,551417,74523,43175,113317,4381,0.03722238,90263,27435,0.7669034
3,22739854,17140113,5599741,2416052,908867,3301941,22978,0.006910845,2174840,1147059,0.6546978
