pid,execution_cycles,compute_cycles,idle_cycles,loads,stores,hit_count,miss_count,miss_rate,private,shared,private_rate
0,97179835,17729254,79450581,2380720,889412,2500613,769519,0.2353174,2941316,65424,0.9782409
1,97791570,17120545,80671025,2388005,899247,2505581,781671,0.2377886,2925092,93529,0.969016
2,21614343,17556877,4057466,74523,43175,77894,39804,0.3381876,96373,5698,0.9441761
3,100776398,17140113,83636285,2416052,908867,2513681,811238,0.2439873,2935960,112449,0.9631122
