pid,execution_cycles,compute_cycles,idle_cycles,loads,stores,hit_count,miss_count,miss_rate,private,shared,private_rate
0,25957009,17729254,8227755,2380720,889412,3220055,50077,0.01531345,2151308,1108231,0.6600038
1,25241670,17120545,8121125,2388005,899247,3238425,48827,0.01485344,2178580,1098641,0.6647644
2,18108294,17556877,551417,74523,43175,113317,4381,0.03722238,90944,26754,0.7726894
3,25599568,17140113,8459455,2416052,908867,3273055,51864,0.01559858,2191621,1123545,0.6610894
