pid,execution_cycles,compute_cycles,idle_cycles,loads,stores,hit_count,miss_count,miss_rate,private,shared,private_rate
0,29998887,17729254,12269633,2380720,889412,3230796,39336,0.01202887,2272617,996452,0.6951878
1,29400673,17120545,12280128,2388005,899247,3247677,39575,0.01203893,2320607,965638,0.7061576
2,17781983,17556877,225106,74523,43175,117444,254,0.002158066,64806,52859,0.550767
3,29543364,17140113,12403251,2416052,908867,3285393,39526,0.01188781,2342638,981231,0.7047925
