pid,execution_cycles,compute_cycles,idle_cycles,loads,stores,hit_count,miss_count,miss_rate,private,shared,private_rate
0,22490617,17729254,4761363,2380720,889412,3257751,12381,0.003786086,2026869,1242671,0.6199248
1,21768810,17120545,4648265,2388005,899247,3275493,11759,0.003577152,2107065,1179811,0.641054
2,17733273,17556877,176396,74523,43175,117280,418,0.003551462,88922,28776,0.7555099
3,21917656,17140113,4777543,2416052,908867,3312523,12396,0.003728211,2179167,1145376,0.6554787
