pid,execution_cycles,compute_cycles,idle_cycles,loads,stores,hit_count,miss_count,miss_rate,private,shared,private_rate
0,26752041,17729254,9022787,2380720,889412,3209795,60337,0.01845094,2155650,1102066,0.6617059
1,26357606,17120545,9237061,2388005,899247,3226521,60731,0.0184747,2187599,1087025,0.6680459
2,18097002,17556877,540125,74523,43175,113261,4437,0.03769818,90868,26660,0.7731604
3,26459352,17140113,9319239,2416052,908867,3263047,61872,0.01860857,2198587,1115126,0.6634814
