pid,execution_cycles,compute_cycles,idle_cycles,loads,stores,hit_count,miss_count,miss_rate,private,shared,private_rate
0,25119073,17729254,7389819,2380720,889412,3228519,41613,0.01272517,2152640,1114367,0.6589028
1,24414525,17120545,7293980,2388005,899247,3246780,40472,0.0123118,2163349,1121239,0.6586363
2,17812086,17556877,255209,74523,43175,116309,1389,0.01180139,90177,27521,0.7661727
3,24595411,17140113,7455298,2416052,908867,3283198,41721,0.01254797,2174027,1148373,0.6543544
