pid,execution_cycles,compute_cycles,idle_cycles,loads,stores,hit_count,miss_count,miss_rate,private,shared,private_rate
0,21601306,17729254,3872052,2380720,889412,3264052,6080,0.001859252,2118455,1151232,0.6479076
1,20949624,17120545,3829079,2388005,899247,3281779,5473,0.001664916,2127255,1159823,0.6471568
2,17760309,17556877,203432,74523,43175,116832,866,0.007357814,88548,29150,0.7523322
3,21065962,17140113,3925849,2416052,908867,3318849,6070,0.001825608,2152421,1172395,0.6473805
