pid,execution_cycles,compute_cycles,idle_cycles,loads,stores,hit_count,miss_count,miss_rate,private,shared,private_rate
0,29835853,17729254,12106599,2380720,889412,3178497,91635,0.0280218,2282126,982182,0.6991148
1,29130608,17120545,12010063,2388005,899247,3195300,91952,0.0279723,2162488,1118882,0.6590199
2,17796750,17556877,239873,74523,43175,116852,846,0.007187888,89012,28356,0.7584009
3,29151582,17140113,12011469,2416052,908867,3233184,91735,0.02759015,2213439,1105815,0.6668483
