pid,execution_cycles,compute_cycles,idle_cycles,loads,stores,hit_count,miss_count,miss_rate,private,shared,private_rate
0,26278462,17729254,8549208,2380720,889412,3216808,53324,0.01630638,2157789,1107487,0.660829
1,25547877,17120545,8427332,2388005,899247,3235332,51920,0.01579435,2191547,1091510,0.6675324
2,17812383,17556877,255506,74523,43175,116306,1392,0.01182688,90299,27391,0.7672614
3,25634020,17140113,8493907,2416052,908867,3272707,52212,0.01570324,2179005,1142455,0.6560383
