pid,execution_cycles,compute_cycles,idle_cycles,loads,stores,hit_count,miss_count,miss_rate,private,shared,private_rate
0,23598433,17729254,5869179,2380720,889412,3243879,26253,0.008028116,1971313,1298186,0.6029404
1,22945464,17120545,5824919,2388005,899247,3261619,25633,0.007797699,2226319,1060562,0.6773348
2,17700315,17556877,143438,74523,43175,117438,260,0.002209043,89461,28232,0.7601217
3,23104570,17140113,5964457,2416052,908867,3298257,26662,0.008018842,2194837,1129689,0.6601955
