pid,execution_cycles,compute_cycles,idle_cycles,loads,stores,hit_count,miss_count,miss_rate,private,shared,private_rate
0,32320531,17729254,14591277,2380720,889412,3155777,114355,0.03496954,2794280,465456,0.8572105
1,31717260,17120545,14596715,2388005,899247,3173015,114237,0.03475152,2501853,774744,0.7635522
2,17820798,17556877,263921,74523,43175,116221,1477,0.01254907,90601,26672,0.7725649
3,31781821,17140113,14641708,2416052,908867,3210608,114311,0.03438009,2239987,1074391,0.6758393
