pid,execution_cycles,compute_cycles,idle_cycles,loads,stores,hit_count,miss_count,miss_rate,private,shared,private_rate
0,84154959,17729254,66425705,2380720,889412,2688621,581511,0.1778249,2933683,181088,0.9418615
1,81737937,17120545,64617392,2388005,899247,2725931,561321,0.1707569,2941571,199804,0.936396
2,20962764,17556877,3405887,74523,43175,87947,29751,0.252774,102926,5249,0.9514768
3,83600086,17140113,66459973,2416052,908867,2749925,574994,0.1729347,2960467,217353,0.9316031
