pid,execution_cycles,compute_cycles,idle_cycles,loads,stores,hit_count,miss_count,miss_rate,private,shared,private_rate
0,219215346,17729254,201486092,2380720,889412,1270299,1999833,0.611545,2661817,1936,0.9992732
1,219318224,17120545,202197679,2388005,899247,1280352,2006900,0.6105099,2673939,3161,0.9988192
2,24391120,17556877,6834243,74523,43175,50023,67675,0.5749885,94405,40,0.9995765
3,221950262,17140113,204810149,2416052,908867,1292069,2032850,0.6113984,2705141,1729,0.9993613
