pid,execution_cycles,compute_cycles,idle_cycles,loads,stores,hit_count,miss_count,miss_rate,private,shared,private_rate
0,71028838,17729254,53299584,2380720,889412,2749508,520624,0.1592058,2979894,119041,0.9615865
1,71319928,17120545,54199383,2388005,899247,2756662,530590,0.1614084,2988179,123305,0.960371
2,19955918,17556877,2399041,74523,43175,92921,24777,0.2105133,93314,13996,0.8695741
3,72117090,17140113,54976977,2416052,908867,2784154,540765,0.1626401,3015894,129538,0.9588171
