pid,execution_cycles,compute_cycles,idle_cycles,loads,stores,hit_count,miss_count,miss_rate,private,shared,private_rate
0,25246189,17729254,7516935,2380720,889412,3227235,42897,0.01311782,2153283,1113719,0.6591006
1,24582528,17120545,7461983,2388005,899247,3245083,42169,0.01282804,2162628,1121958,0.6584172
2,17812086,17556877,255209,74523,43175,116309,1389,0.01180139,90174,27524,0.7661473
3,24819250,17140113,7679137,2416052,908867,3280937,43982,0.01322799,2173651,1148756,0.6542398
