pid,execution_cycles,compute_cycles,idle_cycles,loads,stores,hit_count,miss_count,miss_rate,private,shared,private_rate
0,21522880,17729254,3793626,2380720,889412,3264034,6098,0.001864757,2120955,1148697,0.6486791
1,20909178,17120545,3788633,2388005,899247,3281845,5407,0.001644839,2127591,1159481,0.6472602
2,17755017,17556877,198140,74523,43175,116828,870,0.007391799,88532,29166,0.7521963
3,21014428,17140113,3874315,2416052,908867,3318843,6076,0.001827413,2152393,1172422,0.6473723
