pid,execution_cycles,compute_cycles,idle_cycles,loads,stores,hit_count,miss_count,miss_rate,private,shared,private_rate
0,26132022,17729254,8402768,2380720,889412,3222840,47292,0.0144618,2445467,823405,0.7481073
1,25571139,17120545,8450594,2388005,899247,3239654,47598,0.01447957,2205138,1080812,0.6710808
2,17742510,17556877,185633,74523,43175,117249,449,0.003814848,89924,27687,0.7645883
3,25882167,17140113,8742054,2416052,908867,3277038,47881,0.01440065,2223766,1100199,0.6690101
