pid,execution_cycles,compute_cycles,idle_cycles,loads,stores,hit_count,miss_count,miss_rate,private,shared,private_rate
0,33758110,17729254,16028856,2380720,889412,3141256,128876,0.03941003,2204935,1049251,0.6775688
1,33276708,17120545,16156163,2388005,899247,3157263,129989,0.03954336,2243807,1026537,0.6861073
2,17928114,17556877,371237,74523,43175,115137,2561,0.02175908,90471,26615,0.7726885
3,33291076,17140113,16150963,2416052,908867,3195363,129556,0.03896516,2661336,647369,0.8043437
