pid,execution_cycles,compute_cycles,idle_cycles,loads,stores,hit_count,miss_count,miss_rate,private,shared,private_rate
0,23535247,17729254,5805993,2380720,889412,3247289,22843,0.006985345,2060111,1209170,0.6301419
1,22776624,17120545,5656079,2388005,899247,3265083,22169,0.006743931,2114778,1171859,0.6434474
2,17731827,17556877,174950,74523,43175,117282,416,0.00353447,89023,28674,0.7563744
3,22902124,17140113,5762011,2416052,908867,3302519,22400,0.006737006,2234505,1089818,0.6721684
