pid,execution_cycles,compute_cycles,idle_cycles,loads,stores,hit_count,miss_count,miss_rate,private,shared,private_rate
0,22067722,17729254,4338468,2380720,889412,3258564,11568,0.003537472,2123652,1144702,0.6497619
1,21392037,17120545,4271492,2388005,899247,3276980,10272,0.003124798,2138879,1147081,0.6509145
2,17755701,17556877,198824,74523,43175,116828,870,0.007391799,88799,28899,0.7544648
3,21548650,17140113,4408537,2416052,908867,3313465,11454,0.003444896,2154772,1168977,0.6482956
