pid,execution_cycles,compute_cycles,idle_cycles,loads,stores,hit_count,miss_count,miss_rate,private,shared,private_rate
0,26302618,17729254,8573364,2380720,889412,3216564,53568,0.01638099,2221781,1045254,0.6800604
1,26402247,17120545,9281702,2388005,899247,3226702,60550,0.01841964,2245029,1039090,0.6836016
2,17962764,17556877,405887,74523,43175,114787,2911,0.02473279,90456,25968,0.7769532
3,25428397,17140113,8288284,2416052,908867,3274784,50135,0.01507856,2256615,1066398,0.679087
