pid,execution_cycles,compute_cycles,idle_cycles,loads,stores,hit_count,miss_count,miss_rate,private,shared,private_rate
0,34338646,17729254,16609392,2380720,889412,3135392,134740,0.04120323,2327221,932150,0.7140092
1,33813090,17120545,16692545,2388005,899247,3151845,135407,0.04119155,3018229,257232,0.9214669
2,18024837,17556877,467960,74523,43175,114160,3538,0.03005998,93248,23498,0.7987254
3,33959722,17140113,16819609,2416052,908867,3188609,136310,0.04099649,2511184,802871,0.7577376
