pid,execution_cycles,compute_cycles,idle_cycles,loads,stores,hit_count,miss_count,miss_rate,private,shared,private_rate
0,30617929,17729254,12888675,2380720,889412,3156459,113673,0.03476098,2226817,1032933,0.6831251
1,30246701,17120545,13126156,2388005,899247,3173139,114113,0.0347138,2198913,1077670,0.6710994
2,17843972,17556877,287095,74523,43175,116275,1423,0.01209026,89998,27300,0.7672595
3,30268756,17140113,13128643,2416052,908867,3211529,113390,0.03410309,2227230,1087392,0.6719409
