pid,execution_cycles,compute_cycles,idle_cycles,loads,stores,hit_count,miss_count,miss_rate,private,shared,private_rate
0,67357636,17729254,49628382,2380720,889412,2801838,468294,0.1432034,2918081,225516,0.9282618
1,66892590,17120545,49772045,2388005,899247,2817673,469579,0.1428485,3050099,108473,0.9656576
2,20188380,17556877,2631503,74523,43175,92295,25403,0.215832,99011,10987,0.9001164
3,67922218,17140113,50782105,2416052,908867,2845517,479402,0.1441846,2961045,232204,0.9272828
