pid,execution_cycles,compute_cycles,idle_cycles,loads,stores,hit_count,miss_count,miss_rate,private,shared,private_rate
0,31171141,17729254,13441887,2380720,889412,3178670,91462,0.0279689,2781811,484415,0.8516897
1,30577574,17120545,13457029,2388005,899247,3195624,91628,0.02787374,2821570,461546,0.8594183
2,17833791,17556877,276914,74523,43175,116554,1144,0.009719791,89797,27560,0.765161
3,30721248,17140113,13581135,2416052,908867,3232819,92100,0.02769992,2915961,405054,0.8780331
