pid,execution_cycles,compute_cycles,idle_cycles,loads,stores,hit_count,miss_count,miss_rate,private,shared,private_rate
0,36032461,17729254,18303207,2380720,889412,3117447,152685,0.04669078,2604711,646185,0.8012286
1,35700459,17120545,18579914,2388005,899247,3132286,154966,0.0471415,2847333,418317,0.8719039
2,18133731,17556877,576854,74523,43175,113038,4660,0.03959286,92358,23690,0.7958603
3,35658790,17140113,18518677,2416052,908867,3170633,154286,0.04640293,2317640,987611,0.7011994
