pid,execution_cycles,compute_cycles,idle_cycles,loads,stores,hit_count,miss_count,miss_rate,private,shared,private_rate
0,22776993,17729254,5047739,2380720,889412,3257959,12173,0.00372248,2096308,1170542,0.6416909
1,22442801,17120545,5322256,2388005,899247,3274734,12518,0.003808044,2132271,1151720,0.6492926
2,17901041,17556877,344164,74523,43175,115360,2338,0.0198644,88424,29274,0.7512787
3,22487361,17140113,5347248,2416052,908867,3312040,12879,0.003873478,2144887,1176870,0.6457086
