pid,execution_cycles,compute_cycles,idle_cycles,loads,stores,hit_count,miss_count,miss_rate,private,shared,private_rate
0,32704323,17729254,14975069,2380720,889412,3136869,133263,0.04075157,2385142,874275,0.7317695
1,31919775,17120545,14799230,2388005,899247,3152935,134317,0.04085996,2231389,1044204,0.6812168
2,17993533,17556877,436656,74523,43175,114318,3380,0.02871757,92867,23883,0.7954347
3,31943152,17140113,14803039,2416052,908867,3190379,134540,0.04046414,2259048,1055118,0.6816339
