pid,execution_cycles,compute_cycles,idle_cycles,loads,stores,hit_count,miss_count,miss_rate,private,shared,private_rate
0,23240727,17729254,5511473,2380720,889412,3264102,6030,0.001843962,1903083,1366702,0.5820208
1,22450632,17120545,5330087,2388005,899247,3281459,5793,0.001762262,1895678,1391359,0.5767133
2,17771284,17556877,214407,74523,43175,117369,329,0.00279529,85945,31753,0.7302163
3,22656483,17140113,5516370,2416052,908867,3318904,6015,0.001809067,2123948,1200718,0.6388455
