pid,execution_cycles,compute_cycles,idle_cycles,loads,stores,hit_count,miss_count,miss_rate,private,shared,private_rate
0,23556805,17729254,5827551,2380720,889412,3249100,21032,0.006431545,2102401,1157825,0.6448636
1,23244930,17120545,6124385,2388005,899247,3265392,21860,0.006649931,2141072,1136604,0.6532287
2,18059882,17556877,503005,74523,43175,113376,4322,0.0367211,89275,28423,0.7585091
3,23306152,17140113,6166039,2416052,908867,3302786,22133,0.006656704,2153741,1161918,0.6495665
