pid,execution_cycles,compute_cycles,idle_cycles,loads,stores,hit_count,miss_count,miss_rate,private,shared,private_rate
0,102819619,17729254,85090365,2380720,889412,2443665,826467,0.252732,2849603,184309,0.9392504
1,103837968,17120545,86717423,2388005,899247,2444523,842729,0.2563628,2883323,159339,0.9476317
2,21237090,17556877,3680213,74523,43175,81713,35985,0.3057401,103534,2050,0.9805842
3,103372384,17140113,86232271,2416052,908867,2487471,837448,0.2518702,2922958,163214,0.9471144
