pid,execution_cycles,compute_cycles,idle_cycles,loads,stores,hit_count,miss_count,miss_rate,private,shared,private_rate
0,44067127,17729254,26337873,2380720,889412,3017225,252907,0.07733847,2494428,737855,0.7717233
1,44049280,17120545,26928735,2388005,899247,3034081,253171,0.077016,2736902,511075,0.8426482
2,18662087,17556877,1105210,74523,43175,107434,10264,0.08720624,94589,19760,0.8271957
3,44079514,17140113,26939401,2416052,908867,3065620,259299,0.07798656,2584743,700111,0.7868669
