pid,execution_cycles,compute_cycles,idle_cycles,loads,stores,hit_count,miss_count,miss_rate,private,shared,private_rate
0,37965574,17729254,20236320,2380720,889412,3098148,171984,0.05259237,3024201,224438,0.9309132
1,37688052,17120545,20567507,2388005,899247,3112463,174789,0.05317177,2430505,832730,0.7448146
2,18383151,17556877,826274,74523,43175,110522,7176,0.0609696,93946,21461,0.8140407
3,37753966,17140113,20613853,2416052,908867,3149669,175250,0.05270805,2384273,918397,0.7219229
