pid,execution_cycles,compute_cycles,idle_cycles,loads,stores,hit_count,miss_count,miss_rate,private,shared,private_rate
0,30125089,17729254,12395835,2380720,889412,3177611,92521,0.02829274,2837784,426625,0.8693102
1,29513727,17120545,12393182,2388005,899247,3194950,92302,0.02807877,2410095,871403,0.7344496
2,17763981,17556877,207104,74523,43175,116776,922,0.007833608,89279,28136,0.7603713
3,29589565,17140113,12449452,2416052,908867,3232296,92623,0.02785722,2225723,1093256,0.6706047
