pid,execution_cycles,compute_cycles,idle_cycles,loads,stores,hit_count,miss_count,miss_rate,private,shared,private_rate
0,23228569,17729254,5499315,2380720,889412,3247615,22517,0.006885655,2128855,1131482,0.6529555
1,22623714,17120545,5503169,2388005,899247,3264869,22383,0.006809031,2155821,1122010,0.6576974
2,18108294,17556877,551417,74523,43175,113317,4381,0.03722238,90477,27221,0.7687216
3,22790344,17140113,5650231,2416052,908867,3301431,23488,0.007064232,2169083,1146711,0.654167
