pid,execution_cycles,compute_cycles,idle_cycles,loads,stores,hit_count,miss_count,miss_rate,private,shared,private_rate
0,29838685,17729254,12109431,2380720,889412,3257444,12688,0.003879966,1807897,1461363,0.5529988
1,29315356,17120545,12194811,2388005,899247,3274050,13202,0.00401612,1839945,1446641,0.5598347
2,18200862,17556877,643985,74523,43175,115431,2267,0.01926116,83225,33411,0.7135447
3,29742119,17140113,12602006,2416052,908867,3311564,13355,0.004016639,1951400,1372952,0.5870016
