pid,execution_cycles,compute_cycles,idle_cycles,loads,stores,hit_count,miss_count,miss_rate,private,shared,private_rate
0,22569329,17729254,4840075,2380720,889412,3258089,12043,0.003682726,2096648,1173006,0.6412446
1,22288258,17120545,5167713,2388005,899247,3274828,12424,0.003779449,2133599,1153283,0.6491255
2,17901041,17556877,344164,74523,43175,115360,2338,0.0198644,88424,29274,0.7512787
3,22304579,17140113,5164466,2416052,908867,3312236,12683,0.003814529,2146516,1178096,0.6456441
