pid,execution_cycles,compute_cycles,idle_cycles,loads,stores,hit_count,miss_count,miss_rate,private,shared,private_rate
0,41596986,17729254,23867732,2380720,889412,3038777,231355,0.07074791,2261639,963570,0.701238
1,42061689,17120545,24941144,2388005,899247,3049349,237903,0.07237139,2379582,858213,0.7349391
2,18863234,17556877,1306357,74523,43175,105366,12332,0.1047766,92127,20634,0.8170112
3,41612349,17140113,24472236,2416052,908867,3088728,236191,0.07103662,2299574,978879,0.7014205
