pid,execution_cycles,compute_cycles,idle_cycles,loads,stores,hit_count,miss_count,miss_rate,private,shared,private_rate
0,30814642,17729254,13085388,2380720,889412,3170988,99144,0.03031804,3002733,261407,0.9199155
1,30230379,17120545,13109834,2388005,899247,3188034,99218,0.03018266,2521966,759508,0.7685467
2,17782287,17556877,225410,74523,43175,116610,1088,0.009243997,90119,27173,0.7683303
3,30303355,17140113,13163242,2416052,908867,3225542,99377,0.02988855,2311138,1007835,0.6963413
