pid,execution_cycles,compute_cycles,idle_cycles,loads,stores,hit_count,miss_count,miss_rate,private,shared,private_rate
0,33699010,17729254,15969756,2380720,889412,3140800,129332,0.03954947,2204473,1049331,0.6775064
1,33256959,17120545,16136414,2388005,899247,3156754,130498,0.0396982,2241960,1027887,0.6856468
2,17921877,17556877,365000,74523,43175,115144,2554,0.0216996,90390,26685,0.7720692
3,33235645,17140113,16095532,2416052,908867,3195004,129915,0.03907313,2888385,419867,0.8730849
