pid,execution_cycles,compute_cycles,idle_cycles,loads,stores,hit_count,miss_count,miss_rate,private,shared,private_rate
0,33680748,17729254,15951494,2380720,889412,3215270,54862,0.01677669,2055006,1213586,0.6287129
1,33014086,17120545,15893541,2388005,899247,3232473,54779,0.01666407,2092435,1193615,0.636763
2,17771029,17556877,214152,74523,43175,117370,328,0.002786793,86694,31004,0.7365801
3,33193353,17140113,16053240,2416052,908867,3269676,55243,0.01661484,2143746,1179799,0.6450179
