pid,execution_cycles,compute_cycles,idle_cycles,loads,stores,hit_count,miss_count,miss_rate,private,shared,private_rate
0,28980835,17729254,11251581,2380720,889412,3211133,58999,0.01804178,2404376,863771,0.7357001
1,28413731,17120545,11293186,2388005,899247,3228095,59157,0.01799588,2446280,839160,0.7445822
2,17775825,17556877,218948,74523,43175,117260,438,0.003721389,87754,29851,0.7461758
3,28550452,17140113,11410339,2416052,908867,3265894,59025,0.01775231,2440006,882976,0.734282
