pid,execution_cycles,compute_cycles,idle_cycles,loads,stores,hit_count,miss_count,miss_rate,private,shared,private_rate
0,27350830,17729254,9621576,2380720,889412,3205976,64156,0.01961878,2177698,1086486,0.6671493
1,26651925,17120545,9531380,2388005,899247,3224180,63072,0.01918685,2195978,1085798,0.6691432
2,17912472,17556877,355595,74523,43175,115295,2403,0.02041666,90682,26998,0.7705812
3,26961115,17140113,9821002,2416052,908867,3259302,65617,0.01973492,2208319,1111121,0.6652685
