pid,execution_cycles,compute_cycles,idle_cycles,loads,stores,hit_count,miss_count,miss_rate,private,shared,private_rate
0,85369488,17729254,67640234,2380720,889412,2605297,664835,0.2033052,2843108,234771,0.9237231
1,85365788,17120545,68245243,2388005,899247,2615579,671673,0.2043266,2835579,253084,0.9180603
2,20146398,17556877,2589521,74523,43175,91861,25837,0.2195194,100179,8553,0.9213387
3,87258469,17140113,70118356,2416052,908867,2637039,687880,0.2068862,2917232,205385,0.9342266
