pid,execution_cycles,compute_cycles,idle_cycles,loads,stores,hit_count,miss_count,miss_rate,private,shared,private_rate
0,69791164,17729254,52061910,2380720,889412,2857673,412459,0.1261292,2801821,372613,0.8826206
1,68852169,17120545,51731624,2388005,899247,2876216,411036,0.1250394,2842420,351114,0.8900547
2,20485768,17556877,2928891,74523,43175,94105,23593,0.2004537,102931,7511,0.9319915
3,68446055,17140113,51305942,2416052,908867,2917413,407506,0.1225612,2892596,337381,0.8955469
