pid,execution_cycles,compute_cycles,idle_cycles,loads,stores,hit_count,miss_count,miss_rate,private,shared,private_rate
0,30120323,17729254,12391069,2380720,889412,3178229,91903,0.02810376,2833647,432601,0.8675541
1,29493150,17120545,12372605,2388005,899247,3195653,91599,0.02786492,2686345,596401,0.8183225
2,17812192,17556877,255315,74523,43175,116315,1383,0.01175041,90553,26782,0.7717476
3,29618395,17140113,12478282,2416052,908867,3232622,92297,0.02775917,2824482,496094,0.8506
