pid,execution_cycles,compute_cycles,idle_cycles,loads,stores,hit_count,miss_count,miss_rate,private,shared,private_rate
0,21513799,17729254,3784545,2380720,889412,3264101,6031,0.001844268,2121088,1149025,0.6486284
1,20904723,17120545,3784178,2388005,899247,3281854,5398,0.001642101,2127142,1160101,0.64709
2,17755017,17556877,198140,74523,43175,116828,870,0.007391799,88532,29166,0.7521963
3,21010963,17140113,3870850,2416052,908867,3318846,6073,0.001826511,2151837,1173072,0.6471867
