pid,execution_cycles,compute_cycles,idle_cycles,loads,stores,hit_count,miss_count,miss_rate,private,shared,private_rate
0,29917481,17729254,12188227,2380720,889412,3152876,117256,0.03585666,2196761,1054177,0.6757314
1,29573547,17120545,12453002,2388005,899247,3168596,118656,0.0360958,2210784,1056194,0.6767061
2,18109835,17556877,552958,74523,43175,113055,4643,0.03944842,89569,27053,0.7680283
3,29593986,17140113,12453873,2416052,908867,3207795,117124,0.03522612,2247254,1059495,0.6795962
