pid,execution_cycles,compute_cycles,idle_cycles,loads,stores,hit_count,miss_count,miss_rate,private,shared,private_rate
0,23741884,17729254,6012630,2380720,889412,3242430,27702,0.008471218,2121221,1148275,0.6487914
1,23099112,17120545,5978567,2388005,899247,3260067,27185,0.008269825,2255914,1030876,0.6863578
2,17705364,17556877,148487,74523,43175,117387,311,0.002642356,89312,28386,0.7588234
3,23287819,17140113,6147706,2416052,908867,3296406,28513,0.008575547,2167177,1157154,0.6519137
