pid,execution_cycles,compute_cycles,idle_cycles,loads,stores,hit_count,miss_count,miss_rate,private,shared,private_rate
0,27481807,17729254,9752553,2380720,889412,3204653,65479,0.02002335,2193390,1075620,0.6709646
1,26885367,17120545,9764822,2388005,899247,3221822,65430,0.01990416,2178870,1106867,0.6631298
2,17759616,17556877,202739,74523,43175,116839,859,0.00729834,90491,27012,0.7701165
3,26940820,17140113,9800707,2416052,908867,3259507,65412,0.01967326,2553742,769568,0.7684333
