pid,execution_cycles,compute_cycles,idle_cycles,loads,stores,hit_count,miss_count,miss_rate,private,shared,private_rate
0,28842903,17729254,11113649,2380720,889412,3183147,86985,0.02659984,2184415,1080992,0.6689564
1,28187424,17120545,11066879,2388005,899247,3200650,86602,0.0263448,2150959,1132203,0.6551486
2,17785544,17556877,228667,74523,43175,116922,776,0.006593145,87963,29735,0.7473619
3,28207775,17140113,11067662,2416052,908867,3237792,87127,0.02620425,2183457,1137363,0.6575054
