pid,execution_cycles,compute_cycles,idle_cycles,loads,stores,hit_count,miss_count,miss_rate,private,shared,private_rate
0,24258674,17729254,6529420,2380720,889412,3259474,10658,0.003259196,1903927,1365610,0.5823231
1,23510032,17120545,6389487,2388005,899247,3276896,10356,0.003150352,1912495,1374358,0.581862
2,17771185,17556877,214308,74523,43175,117370,328,0.002786793,86331,31367,0.7334959
3,23726444,17140113,6586331,2416052,908867,3314198,10721,0.003224439,2108479,1216073,0.6342145
