pid,execution_cycles,compute_cycles,idle_cycles,loads,stores,hit_count,miss_count,miss_rate,private,shared,private_rate
0,33485662,17729254,15756408,2380720,889412,3144008,126124,0.03856847,2232578,1020717,0.6862513
1,32951889,17120545,15831344,2388005,899247,3160544,126708,0.03854527,2273884,996199,0.6953597
2,17920392,17556877,363515,74523,43175,115215,2483,0.02109637,90727,26389,0.7746764
3,32996353,17140113,15856240,2416052,908867,3198340,126579,0.0380698,2330863,977464,0.7045443
