pid,execution_cycles,compute_cycles,idle_cycles,loads,stores,hit_count,miss_count,miss_rate,private,shared,private_rate
0,31554626,17729254,13825372,2380720,889412,3180101,90031,0.0275313,2301526,962708,0.7050738
1,31109567,17120545,13989022,2388005,899247,3193509,93743,0.02851713,2524756,756572,0.7694312
2,18445455,17556877,888578,74523,43175,110820,6878,0.0584377,89773,25752,0.7770872
3,30949523,17140113,13809410,2416052,908867,3237390,87529,0.02632515,2314814,1005326,0.6972037
