pid,execution_cycles,compute_cycles,idle_cycles,loads,stores,hit_count,miss_count,miss_rate,private,shared,private_rate
0,29876414,17729254,12147160,2380720,889412,3200743,69389,0.02121902,2170494,1096773,0.6643149
1,29293594,17120545,12173049,2388005,899247,3218215,69037,0.02100143,2146630,1138301,0.653478
2,17771866,17556877,214989,74523,43175,117199,499,0.004239664,87546,30146,0.7438568
3,29441249,17140113,12301136,2416052,908867,3255556,69363,0.02086156,2187920,1134467,0.6585386
