pid,execution_cycles,compute_cycles,idle_cycles,loads,stores,hit_count,miss_count,miss_rate,private,shared,private_rate
0,30117799,17729254,12388545,2380720,889412,3177653,92479,0.0282799,2852578,411795,0.8738517
1,29519919,17120545,12399374,2388005,899247,3194894,92358,0.02809581,2397134,884345,0.7305041
2,17764593,17556877,207716,74523,43175,116768,930,0.007901579,89284,28138,0.7603686
3,29589889,17140113,12449776,2416052,908867,3232264,92655,0.02786684,2225229,1093773,0.6704512
