pid,execution_cycles,compute_cycles,idle_cycles,loads,stores,hit_count,miss_count,miss_rate,private,shared,private_rate
0,41115328,17729254,23386074,2380720,889412,3065898,204234,0.06245436,2362656,869895,0.7308952
1,41070459,17120545,23949914,2388005,899247,3078226,209026,0.06358685,2567492,677846,0.7911324
2,18682626,17556877,1125749,74523,43175,107485,10213,0.08677293,91964,21589,0.8098773
3,40876913,17140113,23736800,2416052,908867,3117876,207043,0.06227009,3052874,233588,0.9289242
