pid,execution_cycles,compute_cycles,idle_cycles,loads,stores,hit_count,miss_count,miss_rate,private,shared,private_rate
0,21582847,17729254,3853593,2380720,889412,3266777,3355,0.001025952,2093363,1176759,0.6401483
1,20912799,17120545,3792254,2388005,899247,3284086,3166,0.0009631145,2134538,1152711,0.6493387
2,17737017,17556877,180140,74523,43175,117280,418,0.003551462,88500,29198,0.7519244
3,21061744,17140113,3921631,2416052,908867,3321375,3544,0.001065891,2172631,1152284,0.6534396
