pid,execution_cycles,compute_cycles,idle_cycles,loads,stores,hit_count,miss_count,miss_rate,private,shared,private_rate
0,24210847,17729254,6481593,2380720,889412,3237693,32439,0.009919783,2176211,1092635,0.6657429
1,23677470,17120545,6556925,2388005,899247,3254225,33027,0.01004699,2079603,1206903,0.6327702
2,18121659,17556877,564782,74523,43175,113182,4516,0.03836939,90546,26081,0.7763725
3,23779156,17140113,6639043,2416052,908867,3291443,33476,0.01006822,2201589,1121869,0.6624392
