pid,execution_cycles,compute_cycles,idle_cycles,loads,stores,hit_count,miss_count,miss_rate,private,shared,private_rate
0,38091415,17729254,20362161,2380720,889412,3096893,173239,0.05297615,3024319,224623,0.9308627
1,37850178,17120545,20729633,2388005,899247,3110833,176419,0.05366762,2362052,901366,0.723797
2,18364188,17556877,807311,74523,43175,110711,6987,0.0593638,93801,21637,0.8125661
3,37878901,17140113,20738788,2416052,908867,3148396,176523,0.05309092,2472166,830699,0.7484914
