pid,execution_cycles,compute_cycles,idle_cycles,loads,stores,hit_count,miss_count,miss_rate,private,shared,private_rate
0,21867022,17729254,4137768,2380720,889412,3261368,8764,0.002680014,2023373,1246619,0.61877
1,21230487,17120545,4109942,2388005,899247,3278942,8310,0.002527947,2100456,1186719,0.6389851
2,17701107,17556877,144230,74523,43175,117430,268,0.002277014,89391,28306,0.7595011
3,21296038,17140113,4155925,2416052,908867,3316525,8394,0.002524573,2143257,1181552,0.6446256
