pid,execution_cycles,compute_cycles,idle_cycles,loads,stores,hit_count,miss_count,miss_rate,private,shared,private_rate
0,23637439,17729254,5908185,2380720,889412,3243485,26647,0.008148601,1975925,1293563,0.604353
1,22979916,17120545,5859371,2388005,899247,3261271,25981,0.007903562,2228694,1058158,0.6780634
2,17701602,17556877,144725,74523,43175,117425,273,0.002319496,89492,28186,0.760482
3,23130310,17140113,5990197,2416052,908867,3297997,26922,0.008097039,2212847,1111664,0.6656158
