pid,execution_cycles,compute_cycles,idle_cycles,loads,stores,hit_count,miss_count,miss_rate,private,shared,private_rate
0,30064980,17729254,12335726,2380720,889412,3230582,39550,0.01209431,2269230,999843,0.6941509
1,29464000,17120545,12343455,2388005,899247,3247441,39811,0.01211072,2321452,964760,0.7064219
2,17781157,17556877,224280,74523,43175,117444,254,0.002158066,64789,52870,0.5506506
3,29606363,17140113,12466250,2416052,908867,3285152,39767,0.01196029,2348926,974928,0.7066875
