pid,execution_cycles,compute_cycles,idle_cycles,loads,stores,hit_count,miss_count,miss_rate,private,shared,private_rate
0,37576837,17729254,19847583,2380720,889412,3102683,167449,0.05120558,2228051,1008907,0.6883163
1,37338777,17120545,20218232,2388005,899247,3116232,171020,0.05202522,2655721,595251,0.8169006
2,18178188,17556877,621311,74523,43175,112611,5087,0.04322079,89633,25622,0.7776929
3,37095943,17140113,19955830,2416052,908867,3156930,167989,0.05052424,2366866,924495,0.7191147
