pid,execution_cycles,compute_cycles,idle_cycles,loads,stores,hit_count,miss_count,miss_rate,private,shared,private_rate
0,35435654,17729254,17706400,2380720,889412,3102869,167263,0.0511487,2342857,905343,0.7212786
1,35008628,17120545,17888083,2388005,899247,3113243,174009,0.05293449,2249333,1014408,0.6891886
2,18301724,17556877,744847,74523,43175,110927,6771,0.05752859,92510,22863,0.8018341
3,35034016,17140113,17893903,2416052,908867,3152872,172047,0.05174472,2287340,1015558,0.6925252
