pid,execution_cycles,compute_cycles,idle_cycles,loads,stores,hit_count,miss_count,miss_rate,private,shared,private_rate
0,30341115,17729254,12611861,2380720,889412,3147545,122587,0.03748687,2200287,1044877,0.6780203
1,29989886,17120545,12869341,2388005,899247,3162549,124703,0.03793533,2217768,1043854,0.6799586
2,18110939,17556877,554062,74523,43175,113132,4566,0.0387942,90077,26512,0.7726029
3,30013049,17140113,12872936,2416052,908867,3201424,123495,0.03714226,2249287,1051847,0.681368
