pid,execution_cycles,compute_cycles,idle_cycles,loads,stores,hit_count,miss_count,miss_rate,private,shared,private_rate
0,23354042,17729254,5624788,2380720,889412,3249346,20786,0.006356318,2107975,1158463,0.6453436
1,23182032,17120545,6061487,2388005,899247,3265786,21466,0.006530074,2145853,1137647,0.6535261
2,18058870,17556877,501993,74523,43175,113376,4322,0.0367211,88966,28732,0.7558837
3,23209191,17140113,6069078,2416052,908867,3303126,21793,0.006554445,2158977,1162091,0.6500852
