pid,execution_cycles,compute_cycles,idle_cycles,loads,stores,hit_count,miss_count,miss_rate,private,shared,private_rate
0,40222279,17729254,22493025,2380720,889412,3076921,193211,0.05908355,2732170,515882,0.8411719
1,39565341,17120545,22444796,2388005,899247,3094304,192948,0.05869583,2523226,745693,0.7718839
2,18817428,17556877,1260551,74523,43175,106195,11503,0.09773318,96281,18608,0.838035
3,39907864,17140113,22767751,2416052,908867,3129395,195524,0.05880564,2658821,645551,0.8046373
