pid,execution_cycles,compute_cycles,idle_cycles,loads,stores,hit_count,miss_count,miss_rate,private,shared,private_rate
0,27423118,17729254,9693864,2380720,889412,3201198,68934,0.02107988,2133818,1131998,0.6533797
1,26802429,17120545,9681884,2388005,899247,3219090,68162,0.02073525,2138467,1145026,0.6512781
2,17828190,17556877,271313,74523,43175,116450,1248,0.01060341,87953,29527,0.7486636
3,26822371,17140113,9682258,2416052,908867,3256314,68605,0.02063359,2178740,1142493,0.6560034
