pid,execution_cycles,compute_cycles,idle_cycles,loads,stores,hit_count,miss_count,miss_rate,private,shared,private_rate
0,33438369,17729254,15709115,2380720,889412,3215435,54697,0.01672624,2055435,1213158,0.628844
1,32772246,17120545,15651701,2388005,899247,3232568,54684,0.01663517,2089271,1196791,0.6357978
2,17771029,17556877,214152,74523,43175,117370,328,0.002786793,86683,31015,0.7364866
3,32943189,17140113,15803076,2416052,908867,3269896,55023,0.01654867,2145304,1178274,0.6454803
