pid,execution_cycles,compute_cycles,idle_cycles,loads,stores,hit_count,miss_count,miss_rate,private,shared,private_rate
0,29426957,17729254,11697703,2380720,889412,3198770,71362,0.02182236,2459087,807804,0.75273
1,28855911,17120545,11735366,2388005,899247,3215917,71335,0.0217005,2430750,853529,0.7401168
2,17778444,17556877,221567,74523,43175,117120,578,0.004910874,88078,29516,0.7490008
3,28995940,17140113,11855827,2416052,908867,3253793,71126,0.0213918,2407977,913829,0.7248999
