pid,execution_cycles,compute_cycles,idle_cycles,loads,stores,hit_count,miss_count,miss_rate,private,shared,private_rate
0,21267577,17729254,3538323,2380720,889412,3267423,2709,0.0008284069,2028170,1241854,0.6202309
1,20687076,17120545,3566531,2388005,899247,3284431,2821,0.0008581636,2047916,1239277,0.6229984
2,17701404,17556877,144527,74523,43175,117427,271,0.002302503,88910,28788,0.7554079
3,20726095,17140113,3585982,2416052,908867,3322282,2637,0.000793102,2074614,1250272,0.6239655
