pid,execution_cycles,compute_cycles,idle_cycles,loads,stores,hit_count,miss_count,miss_rate,private,shared,private_rate
0,22347157,17729254,4617903,2380720,889412,3262264,7868,0.002406019,2078037,1191754,0.6355259
1,21943763,17120545,4823218,2388005,899247,3279363,7889,0.002399877,2104595,1182361,0.6402869
2,17823801,17556877,266924,74523,43175,116380,1318,0.01119815,87951,29732,0.7473552
3,21977559,17140113,4837446,2416052,908867,3316706,8213,0.002470135,2124679,1199947,0.6390731
