pid,execution_cycles,compute_cycles,idle_cycles,loads,stores,hit_count,miss_count,miss_rate,private,shared,private_rate
0,33680437,17729254,15951183,2380720,889412,3141243,128889,0.03941401,2206126,1048055,0.6779359
1,33218922,17120545,16098377,2388005,899247,3157257,129995,0.03954519,2242965,1027283,0.68587
2,17923104,17556877,366227,74523,43175,115135,2563,0.02177607,90374,26710,0.7718732
3,33207181,17140113,16067068,2416052,908867,3195412,129507,0.03895042,2872424,436267,0.8681451
