pid,execution_cycles,compute_cycles,idle_cycles,loads,stores,hit_count,miss_count,miss_rate,private,shared,private_rate
0,29067423,17729254,11338169,2380720,889412,3203289,66843,0.02044046,2570970,696878,0.7867471
1,28497624,17120545,11377079,2388005,899247,3220079,67173,0.02043439,2586630,698150,0.7874591
2,17800587,17556877,243710,74523,43175,116953,745,0.006329759,88815,28683,0.7558852
3,28647603,17140113,11507490,2416052,908867,3257574,67345,0.02025463,2595945,726671,0.7812955
