pid,execution_cycles,compute_cycles,idle_cycles,loads,stores,hit_count,miss_count,miss_rate,private,shared,private_rate
0,30965617,17729254,13236363,2380720,889412,3169463,100669,0.03078438,2386169,880188,0.7305291
1,30661425,17120545,13540880,2388005,899247,3183680,103572,0.03150717,2584035,698648,0.7871717
2,17874951,17556877,318074,74523,43175,115674,2024,0.01719655,91468,25785,0.7800909
3,30661933,17140113,13521820,2416052,908867,3221920,102999,0.0309779,2441279,879012,0.7352606
