pid,execution_cycles,compute_cycles,idle_cycles,loads,stores,hit_count,miss_count,miss_rate,private,shared,private_rate
0,30289800,17729254,12560546,2380720,889412,3214662,55470,0.01696262,2593215,674309,0.793633
1,30424100,17120545,13303555,2388005,899247,3226780,60472,0.01839591,2451309,831523,0.7467056
2,18019319,17556877,462442,74523,43175,115650,2048,0.01740047,76163,40529,0.652684
3,29534482,17140113,12394369,2416052,908867,3272421,52498,0.01578926,2460874,862232,0.7405343
