pid,execution_cycles,compute_cycles,idle_cycles,loads,stores,hit_count,miss_count,miss_rate,private,shared,private_rate
0,30155005,17729254,12425751,2380720,889412,3177651,92481,0.02828051,2829875,434639,0.8668595
1,29544705,17120545,12424160,2388005,899247,3194960,92292,0.02807573,2423610,858060,0.7385295
2,17765457,17556877,208580,74523,43175,116780,918,0.007799623,89349,28066,0.7609675
3,29627680,17140113,12487567,2416052,908867,3232367,92552,0.02783587,2232521,1086517,0.672641
