pid,execution_cycles,compute_cycles,idle_cycles,loads,stores,hit_count,miss_count,miss_rate,private,shared,private_rate
0,23005522,17729254,5276268,2380720,889412,3249868,20264,0.006196692,2134156,1130552,0.653705
1,22343049,17120545,5222504,2388005,899247,3267704,19548,0.005946608,2150957,1131147,0.6553592
2,17912373,17556877,355496,74523,43175,115296,2402,0.02040816,90311,27387,0.7673113
3,22544824,17140113,5404711,2416052,908867,3303911,21008,0.006318349,2163606,1156321,0.6517029
