pid,execution_cycles,compute_cycles,idle_cycles,loads,stores,hit_count,miss_count,miss_rate,private,shared,private_rate
0,27110755,17729254,9381501,2380720,889412,3207085,63047,0.01927965,2180519,1083840,0.6679777
1,26545536,17120545,9424991,2388005,899247,3224799,62453,0.01899854,2193035,1088902,0.6682136
2,17899353,17556877,342476,74523,43175,115296,2402,0.02040816,90613,27069,0.7699818
3,26720947,17140113,9580834,2416052,908867,3260854,64065,0.01926814,2205836,1113888,0.6644637
