pid,execution_cycles,compute_cycles,idle_cycles,loads,stores,hit_count,miss_count,miss_rate,private,shared,private_rate
0,37468898,17729254,19739644,2380720,889412,3080788,189344,0.05790103,2239569,993678,0.6926687
1,37454598,17120545,20334053,2388005,899247,3092705,194547,0.05918226,2255251,991228,0.694676
2,18320239,17556877,763362,74523,43175,110507,7191,0.06109704,91020,23603,0.7940815
3,37485484,17140113,20345371,2416052,908867,3133504,191415,0.05756982,2399079,888304,0.7297838
