pid,execution_cycles,compute_cycles,idle_cycles,loads,stores,hit_count,miss_count,miss_rate,private,shared,private_rate
0,143084364,17729254,125355110,2380720,889412,2050437,1219695,0.3729804,2898636,22038,0.9924545
1,142342250,17120545,125221705,2388005,899247,2067476,1219776,0.3710625,2930148,6748,0.9977023
2,22426531,17556877,4869654,74523,43175,70817,46881,0.398316,100115,469,0.9953372
3,144601042,17140113,127460929,2416052,908867,2085194,1239725,0.3728587,2945786,23337,0.9921401
