pid,execution_cycles,compute_cycles,idle_cycles,loads,stores,hit_count,miss_count,miss_rate,private,shared,private_rate
0,22308364,17729254,4579110,2380720,889412,3256910,13222,0.004043262,2132289,1134588,0.6526995
1,21697668,17120545,4577123,2388005,899247,3274223,13029,0.003963493,2149247,1134922,0.6544264
2,17912373,17556877,355496,74523,43175,115296,2402,0.02040816,90038,27660,0.7649918
3,21844300,17140113,4704187,2416052,908867,3310987,13932,0.004190177,2161907,1160105,0.6507824
