pid,execution_cycles,compute_cycles,idle_cycles,loads,stores,hit_count,miss_count,miss_rate,private,shared,private_rate
0,27631396,17729254,9902142,2380720,889412,3203142,66990,0.02048541,2179495,1084279,0.6677837
1,26930511,17120545,9809966,2388005,899247,3221366,65886,0.02004288,2197647,1083665,0.6697464
2,17912175,17556877,355298,74523,43175,115298,2400,0.02039117,90661,27022,0.7703831
3,27152878,17140113,10012765,2416052,908867,3257365,67554,0.02031749,2206292,1112859,0.6647158
