pid,execution_cycles,compute_cycles,idle_cycles,loads,stores,hit_count,miss_count,miss_rate,private,shared,private_rate
0,23519139,17729254,5789885,2380720,889412,3243129,27003,0.008257465,2139482,1127653,0.6548496
1,23025579,17120545,5905034,2388005,899247,3260138,27114,0.008248227,2152437,1131780,0.6553882
2,17803110,17556877,246233,74523,43175,116309,1389,0.01180139,90053,27611,0.7653403
3,22968856,17140113,5828743,2416052,908867,3298715,26204,0.007881094,2167645,1154827,0.6524193
