pid,execution_cycles,compute_cycles,idle_cycles,loads,stores,hit_count,miss_count,miss_rate,private,shared,private_rate
0,34089957,17729254,16360703,2380720,889412,3116079,154053,0.04710911,2262320,987947,0.6960413
1,34076731,17120545,16956186,2388005,899247,3130241,157011,0.0477636,2367256,897915,0.7250022
2,18118862,17556877,561985,74523,43175,112811,4887,0.04152152,92214,23737,0.7952842
3,33710856,17140113,16570743,2416052,908867,3168529,156390,0.04703573,2294045,1010470,0.6942153
