pid,execution_cycles,compute_cycles,idle_cycles,loads,stores,hit_count,miss_count,miss_rate,private,shared,private_rate
0,23180059,17729254,5450805,2380720,889412,3248105,22027,0.006735814,2133771,1132777,0.6532189
1,22571541,17120545,5450996,2388005,899247,3265396,21856,0.006648714,2161457,1122473,0.6581922
2,18108294,17556877,551417,74523,43175,113317,4381,0.03722238,90263,27435,0.7669034
3,22736983,17140113,5596870,2416052,908867,3301970,22949,0.006902123,2174711,1147187,0.6546592
