pid,execution_cycles,compute_cycles,idle_cycles,loads,stores,hit_count,miss_count,miss_rate,private,shared,private_rate
0,30539935,17729254,12810681,2380720,889412,3175493,94639,0.02894042,2399936,867076,0.7345966
1,29796837,17120545,12676292,2388005,899247,3193428,93824,0.02854177,2490853,793109,0.7584902
2,17828505,17556877,271628,74523,43175,116192,1506,0.01279546,91265,26101,0.7776102
3,29887177,17140113,12747064,2416052,908867,3230592,94327,0.02836971,2686641,634747,0.808891
