pid,execution_cycles,compute_cycles,idle_cycles,loads,stores,hit_count,miss_count,miss_rate,private,shared,private_rate
0,29255689,17729254,11526435,2380720,889412,3186735,83397,0.02550264,2186806,1078987,0.6696095
1,28565199,17120545,11444654,2388005,899247,3204854,82398,0.02506592,2244025,1039587,0.6834014
2,17759121,17556877,202244,74523,43175,116844,854,0.007255858,89137,28560,0.757343
3,28700941,17140113,11560828,2416052,908867,3241728,83191,0.02502046,2189003,1132003,0.6591385
