pid,execution_cycles,compute_cycles,idle_cycles,loads,stores,hit_count,miss_count,miss_rate,private,shared,private_rate
0,30068154,17729254,12338900,2380720,889412,3220880,49252,0.01506117,2241660,1026282,0.6859546
1,29812990,17120545,12692445,2388005,899247,3236636,50616,0.01539766,2228822,1056602,0.6783971
2,18393735,17556877,836858,74523,43175,113152,4546,0.03862428,87833,28721,0.753582
3,29634326,17140113,12494213,2416052,908867,3274353,50566,0.01520819,2313837,1008813,0.696383
