pid,execution_cycles,compute_cycles,idle_cycles,loads,stores,hit_count,miss_count,miss_rate,private,shared,private_rate
0,34217887,17729254,16488633,2380720,889412,3210162,59970,0.01833871,2340861,924143,0.716955
1,34068540,17120545,16947995,2388005,899247,3228430,58822,0.01789397,2343211,940187,0.7136543
2,18153927,17556877,597050,74523,43175,114587,3111,0.02643205,83391,32853,0.717379
3,33978482,17140113,16838369,2416052,908867,3264386,60533,0.01820586,2392931,927206,0.7207326
