pid,execution_cycles,compute_cycles,idle_cycles,loads,stores,hit_count,miss_count,miss_rate,private,shared,private_rate
0,52463582,17729254,34734328,2380720,889412,2970020,300112,0.09177367,2840537,383077,0.8811654
1,52515084,17120545,35394539,2388005,899247,2980861,306391,0.09320581,2840349,398767,0.8768902
2,19425685,17556877,1868808,74523,43175,100836,16862,0.143265,96982,14777,0.867778
3,53636368,17140113,36496255,2416052,908867,3008020,316899,0.09531029,2836338,436193,0.8667108
