pid,execution_cycles,compute_cycles,idle_cycles,loads,stores,hit_count,miss_count,miss_rate,private,shared,private_rate
0,22734730,17729254,5005476,2380720,889412,3248296,21836,0.006677406,2136073,1134052,0.6532084
1,22415261,17120545,5294716,2388005,899247,3265576,21676,0.006593958,2162806,1124416,0.6579434
2,18084855,17556877,527978,74523,43175,113314,4384,0.03724787,90258,27440,0.7668609
3,22510620,17140113,5370507,2416052,908867,3302147,22772,0.006848889,2175836,1149061,0.654407
