pid,execution_cycles,compute_cycles,idle_cycles,loads,stores,hit_count,miss_count,miss_rate,private,shared,private_rate
0,25095709,17729254,7366455,2380720,889412,3228755,41377,0.01265301,2107385,1161878,0.6446055
1,24570549,17120545,7450004,2388005,899247,3245204,42048,0.01279123,2135590,1150936,0.6498016
2,17708136,17556877,151259,74523,43175,117359,339,0.002880253,89603,28058,0.7615353
3,24601846,17140113,7461733,2416052,908867,3283133,41786,0.01256752,2076221,1247745,0.6246216
