pid,execution_cycles,compute_cycles,idle_cycles,loads,stores,hit_count,miss_count,miss_rate,private,shared,private_rate
0,23228470,17729254,5499216,2380720,889412,3247616,22516,0.006885349,2128846,1131503,0.6529503
1,22628070,17120545,5507525,2388005,899247,3264825,22427,0.006822416,2155827,1122014,0.6576972
2,18108294,17556877,551417,74523,43175,113317,4381,0.03722238,90478,27220,0.7687301
3,22792027,17140113,5651914,2416052,908867,3301414,23505,0.007069345,2169068,1146733,0.6541611
