pid,execution_cycles,compute_cycles,idle_cycles,loads,stores,hit_count,miss_count,miss_rate,private,shared,private_rate
0,23341231,17729254,5611977,2380720,889412,3246477,23655,0.007233653,2122915,1146175,0.6493902
1,22625100,17120545,5504555,2388005,899247,3264855,22397,0.00681329,2123901,1162673,0.6462356
2,17732985,17556877,176108,74523,43175,117108,590,0.005012829,89080,28618,0.7568523
3,22750645,17140113,5610532,2416052,908867,3301832,23087,0.006943628,2181526,1142723,0.6562463
