pid,execution_cycles,compute_cycles,idle_cycles,loads,stores,hit_count,miss_count,miss_rate,private,shared,private_rate
0,25808276,17729254,8079022,2380720,889412,3219722,50410,0.01541528,2151786,1107733,0.6601545
1,25166565,17120545,8046020,2388005,899247,3238640,48612,0.01478804,2177826,1099396,0.6645342
2,18087410,17556877,530533,74523,43175,113317,4381,0.03722238,91014,26684,0.7732842
3,25538769,17140113,8398656,2416052,908867,3272580,52339,0.01574144,2191829,1123324,0.6611547
