pid,execution_cycles,compute_cycles,idle_cycles,loads,stores,hit_count,miss_count,miss_rate,private,shared,private_rate
0,210187297,17729254,192458043,2380720,889412,1359143,1910989,0.5843767,2685417,1875,0.9993023
1,210514329,17120545,193393784,2388005,899247,1366984,1920268,0.584156,2671531,27645,0.989758
2,24738324,17556877,7181447,74523,43175,46347,71351,0.606221,91874,255,0.9972321
3,212925685,17140113,195785572,2416052,908867,1380872,1944047,0.58469,2703706,26713,0.9902165
