pid,execution_cycles,compute_cycles,idle_cycles,loads,stores,hit_count,miss_count,miss_rate,private,shared,private_rate
0,23252428,17729254,5523174,2380720,889412,3247374,22758,0.006959352,2121663,1147946,0.6489042
1,22638663,17120545,5518118,2388005,899247,3264718,22534,0.006854966,2278938,1007942,0.6933438
2,17705364,17556877,148487,74523,43175,117387,311,0.002642356,89285,28413,0.758594
3,22798759,17140113,5658646,2416052,908867,3301346,23573,0.007089797,2166008,1158422,0.6515427
