pid,execution_cycles,compute_cycles,idle_cycles,loads,stores,hit_count,miss_count,miss_rate,private,shared,private_rate
0,25637448,17729254,7908194,2380720,889412,3228410,41722,0.01275851,2300516,968347,0.7037664
1,25074978,17120545,7954433,2388005,899247,3245265,41987,0.01277267,2109856,1176372,0.6420297
2,17737950,17556877,181073,74523,43175,117345,353,0.002999201,89617,28038,0.7616931
3,25363820,17140113,8223707,2416052,908867,3282819,42100,0.01266196,2101281,1222739,0.6321505
