pid,execution_cycles,compute_cycles,idle_cycles,loads,stores,hit_count,miss_count,miss_rate,private,shared,private_rate
0,97834366,17729254,80105112,2380720,889412,2494016,776116,0.2373348,2866013,174750,0.9425309
1,98618517,17120545,81497972,2388005,899247,2497236,790016,0.2403272,2933991,117626,0.9614545
2,21301665,17556877,3744788,74523,43175,81060,36638,0.3112882,101884,3396,0.9677432
3,99976315,17140113,82836202,2416052,908867,2521766,803153,0.2415557,2972988,113316,0.9632842
