pid,execution_cycles,compute_cycles,idle_cycles,loads,stores,hit_count,miss_count,miss_rate,private,shared,private_rate
0,29797357,17729254,12068103,2380720,889412,3152810,117322,0.03587684,2198020,1053035,0.6760944
1,29454087,17120545,12333542,2388005,899247,3167842,119410,0.03632517,2208649,1058167,0.6760861
2,18110621,17556877,553744,74523,43175,113061,4637,0.03939744,89611,27008,0.7684082
3,29477234,17140113,12337121,2416052,908867,3207743,117176,0.03524176,2249339,1057358,0.6802374
