pid,execution_cycles,compute_cycles,idle_cycles,loads,stores,hit_count,miss_count,miss_rate,private,shared,private_rate
0,28705429,17729254,10976175,2380720,889412,3205154,64978,0.01987015,2651533,616350,0.8113917
1,28249380,17120545,11128835,2388005,899247,3221933,65319,0.0198704,2563283,721684,0.7803071
2,17784585,17556877,227708,74523,43175,117110,588,0.004995837,88949,28586,0.7567873
3,28173567,17140113,11033454,2416052,908867,3260002,64917,0.01952439,2631745,691042,0.7920294
