pid,execution_cycles,compute_cycles,idle_cycles,loads,stores,hit_count,miss_count,miss_rate,private,shared,private_rate
0,96677362,17729254,78948108,2380720,889412,2505708,764424,0.2337594,2947197,115983,0.9621364
1,101072106,17120545,83951561,2388005,899247,2472461,814791,0.2478639,2909072,143921,0.952859
2,20806539,17556877,3249662,74523,43175,86062,31636,0.2687896,103860,2392,0.9774875
3,102557218,17140113,85417105,2416052,908867,2495705,829214,0.2493937,2954928,127909,0.9585093
