pid,execution_cycles,compute_cycles,idle_cycles,loads,stores,hit_count,miss_count,miss_rate,private,shared,private_rate
0,41128677,17729254,23399423,2380720,889412,3034265,235867,0.07212767,2278944,951325,0.7054967
1,41110727,17120545,23990182,2388005,899247,3052282,234970,0.07147916,2352013,893549,0.7246859
2,18684697,17556877,1127820,74523,43175,107200,10498,0.08919438,93924,20163,0.8232665
3,41143121,17140113,24003008,2416052,908867,3087271,237648,0.07147482,2320831,963729,0.7065881
