pid,execution_cycles,compute_cycles,idle_cycles,loads,stores,hit_count,miss_count,miss_rate,private,shared,private_rate
0,21268072,17729254,3538818,2380720,889412,3267418,2714,0.0008299359,2132032,1138005,0.6519902
1,20709351,17120545,3588806,2388005,899247,3284206,3046,0.0009266098,2052622,1234590,0.6244264
2,17705859,17556877,148982,74523,43175,117382,316,0.002684837,88785,28913,0.7543459
3,20743618,17140113,3603505,2416052,908867,3322105,2814,0.0008463364,2105449,1219449,0.6332372
