pid,execution_cycles,compute_cycles,idle_cycles,loads,stores,hit_count,miss_count,miss_rate,private,shared,private_rate
0,31488733,17729254,13759479,2380720,889412,3164179,105953,0.03240022,2331118,930601,0.71469
1,30809232,17120545,13688687,2388005,899247,3182187,105065,0.03196135,2221957,1057393,0.6775602
2,17813175,17556877,256298,74523,43175,116298,1400,0.01189485,90745,26902,0.7713329
3,30933193,17140113,13793080,2416052,908867,3219180,105739,0.03180198,2214329,1102743,0.6675553
