pid,execution_cycles,compute_cycles,idle_cycles,loads,stores,hit_count,miss_count,miss_rate,private,shared,private_rate
0,21769705,17729254,4040451,2380720,889412,3262351,7781,0.002379415,2118573,1150803,0.6480053
1,21097134,17120545,3976589,2388005,899247,3280289,6963,0.002118183,2127153,1159613,0.6471872
2,17760309,17556877,203432,74523,43175,116832,866,0.007357814,88658,29040,0.7532668
3,21227035,17140113,4086922,2416052,908867,3317222,7697,0.002314944,2152541,1171890,0.6474916
