pid,execution_cycles,compute_cycles,idle_cycles,loads,stores,hit_count,miss_count,miss_rate,private,shared,private_rate
0,43186414,17729254,25457160,2380720,889412,3045932,224200,0.06855992,2788247,456881,0.8592102
1,42830911,17120545,25710366,2388005,899247,3060714,226538,0.0689141,3049129,211151,0.9352353
2,18493696,17556877,936819,74523,43175,109411,8287,0.07040901,95799,19782,0.8288473
3,43247161,17140113,26107048,2416052,908867,3094712,230207,0.06923687,2838934,458872,0.8608554
