pid,execution_cycles,compute_cycles,idle_cycles,loads,stores,hit_count,miss_count,miss_rate,private,shared,private_rate
0,24927013,17729254,7197759,2380720,889412,3230459,39673,0.01213193,2159353,1110013,0.6604807
1,24268005,17120545,7147460,2388005,899247,3248260,38992,0.01186158,2455517,831203,0.7471026
2,17705364,17556877,148487,74523,43175,117387,311,0.002642356,89513,28185,0.7605312
3,24425131,17140113,7285018,2416052,908867,3284918,40001,0.01203067,2177083,1146930,0.6549562
