pid,execution_cycles,compute_cycles,idle_cycles,loads,stores,hit_count,miss_count,miss_rate,private,shared,private_rate
0,30508273,17729254,12779019,2380720,889412,3171670,98462,0.03010949,2354871,909354,0.7214181
1,29784375,17120545,12663830,2388005,899247,3188319,98933,0.03009596,2173043,1108098,0.6622827
2,17819040,17556877,262163,74523,43175,116638,1060,0.0090061,89449,27810,0.7628327
3,29805487,17140113,12665374,2416052,908867,3226363,98556,0.02964162,2227609,1091477,0.6711513
