pid,execution_cycles,compute_cycles,idle_cycles,loads,stores,hit_count,miss_count,miss_rate,private,shared,private_rate
0,22776381,17729254,5047127,2380720,889412,3257955,12177,0.003723703,2096303,1170543,0.6416902
1,22444244,17120545,5323699,2388005,899247,3274733,12519,0.003808348,2132275,1151709,0.6492952
2,17901041,17556877,344164,74523,43175,115360,2338,0.0198644,88424,29274,0.7512787
3,22489403,17140113,5349290,2416052,908867,3312044,12875,0.003872275,2144917,1176857,0.6457143
