pid,execution_cycles,compute_cycles,idle_cycles,loads,stores,hit_count,miss_count,miss_rate,private,shared,private_rate
0,168515821,17729254,150786567,2380720,889412,1780067,1490065,0.455659,2800856,32146,0.988653
1,168535755,17120545,151415210,2388005,899247,1791010,1496242,0.455165,2805975,40769,0.9856787
2,22971471,17556877,5414594,74523,43175,64194,53504,0.4545872,97355,824,0.9916072
3,170475475,17140113,153335362,2416052,908867,1809662,1515257,0.4557275,2855027,23473,0.9918454
