pid,execution_cycles,compute_cycles,idle_cycles,loads,stores,hit_count,miss_count,miss_rate,private,shared,private_rate
0,34158989,17729254,16429735,2380720,889412,3136423,133709,0.04088795,2528608,730841,0.7757777
1,33683210,17120545,16562665,2388005,899247,3152865,134387,0.04088126,2533914,741873,0.7735283
2,18009692,17556877,452815,74523,43175,114291,3407,0.02894697,93198,23564,0.7981878
3,33751575,17140113,16611462,2416052,908867,3189958,134961,0.04059076,2284476,1029860,0.6892711
