pid,execution_cycles,compute_cycles,idle_cycles,loads,stores,hit_count,miss_count,miss_rate,private,shared,private_rate
0,25060234,17729254,7330980,2380720,889412,3245092,25040,0.007657183,2058716,1210895,0.6296517
1,24648957,17120545,7528412,2388005,899247,3262080,25172,0.00765746,2037558,1249349,0.6199013
2,17803407,17556877,246530,74523,43175,117442,256,0.002175058,89492,28206,0.7603528
3,25195153,17140113,8055040,2416052,908867,3299232,25687,0.007725602,2001390,1323061,0.6020212
