pid,execution_cycles,compute_cycles,idle_cycles,loads,stores,hit_count,miss_count,miss_rate,private,shared,private_rate
0,32780564,17729254,15051310,2380720,889412,3135962,134170,0.04102892,2388451,870903,0.7327989
1,31997016,17120545,14876471,2388005,899247,3152022,135230,0.0411377,2233273,1042134,0.6818307
2,18007658,17556877,450781,74523,43175,114176,3522,0.02992404,92823,23894,0.7952826
3,32020436,17140113,14880323,2416052,908867,3189075,135844,0.04085633,2258651,1055348,0.6815485
