pid,execution_cycles,compute_cycles,idle_cycles,loads,stores,hit_count,miss_count,miss_rate,private,shared,private_rate
0,37474742,17729254,19745488,2380720,889412,3102272,167860,0.05133126,2219255,1017443,0.685654
1,37324727,17120545,20204182,2388005,899247,3115742,171510,0.05217428,2961146,289515,0.9109366
2,18170879,17556877,614002,74523,43175,112630,5068,0.04305936,89664,25636,0.7776583
3,37051474,17140113,19911361,2416052,908867,3156133,168786,0.05076394,2285337,1005479,0.6944591
