pid,execution_cycles,compute_cycles,idle_cycles,loads,stores,hit_count,miss_count,miss_rate,private,shared,private_rate
0,37481219,17729254,19751965,2380720,889412,3080560,189572,0.05797075,2240133,993112,0.6928436
1,37466704,17120545,20346159,2388005,899247,3092641,194611,0.05920173,2259431,987035,0.6959663
2,18318557,17556877,761680,74523,43175,110511,7187,0.06106306,91030,23596,0.7941479
3,37497739,17140113,20357626,2416052,908867,3133395,191524,0.05760261,2409792,877602,0.7330402
