pid,execution_cycles,compute_cycles,idle_cycles,loads,stores,hit_count,miss_count,miss_rate,private,shared,private_rate
0,22147192,17729254,4417938,2380720,889412,3258538,11594,0.003545423,2121212,1147168,0.6490102
1,21431556,17120545,4311011,2388005,899247,3276911,10341,0.003145789,2138264,1147705,0.6507256
2,17760309,17556877,203432,74523,43175,116832,866,0.007357814,88811,28887,0.7545668
3,21597889,17140113,4457776,2416052,908867,3313476,11443,0.003441588,2154787,1168965,0.6482996
