pid,execution_cycles,compute_cycles,idle_cycles,loads,stores,hit_count,miss_count,miss_rate,private,shared,private_rate
0,41550781,17729254,23821527,2380720,889412,3054914,215218,0.06581325,2645324,601023,0.8148618
1,40891993,17120545,23771448,2388005,899247,3071217,216035,0.06571903,2632671,629827,0.8069495
2,18451704,17556877,894827,74523,43175,109955,7743,0.06578701,95501,20221,0.8252623
3,41115376,17140113,23975263,2416052,908867,3104779,220140,0.06620913,2601497,698456,0.7883437
