pid,execution_cycles,compute_cycles,idle_cycles,loads,stores,hit_count,miss_count,miss_rate,private,shared,private_rate
0,28947117,17729254,11217863,2380720,889412,3211677,58455,0.01787543,2402361,865819,0.7350761
1,28382232,17120545,11261687,2388005,899247,3228595,58657,0.01784378,2420319,865160,0.7366716
2,17770013,17556877,213136,74523,43175,117303,395,0.003356047,87788,29816,0.7464712
3,28519604,17140113,11379491,2416052,908867,3266273,58646,0.01763832,2435858,887127,0.7330331
