pid,execution_cycles,compute_cycles,idle_cycles,loads,stores,hit_count,miss_count,miss_rate,private,shared,private_rate
0,21346579,17729254,3617325,2380720,889412,3266625,3507,0.001072434,2036401,1233720,0.6227296
1,20719350,17120545,3598805,2388005,899247,3284105,3147,0.0009573346,2096989,1190256,0.6379169
2,17715858,17556877,158981,74523,43175,117281,417,0.003542966,88537,29161,0.7522388
3,20809255,17140113,3669142,2416052,908867,3321442,3477,0.00104574,2169467,1155449,0.6524878
