pid,execution_cycles,compute_cycles,idle_cycles,loads,stores,hit_count,miss_count,miss_rate,private,shared,private_rate
0,22441321,17729254,4712067,2380720,889412,3255567,14565,0.004453949,1980027,1289246,0.6056475
1,21833496,17120545,4712951,2388005,899247,3272851,14401,0.004380863,2126994,1159642,0.6471645
2,17907918,17556877,351041,74523,43175,115341,2357,0.02002583,89910,26763,0.7706153
3,22044973,17140113,4904860,2416052,908867,3308960,15959,0.004799816,2135207,1189177,0.6422865
