pid,execution_cycles,compute_cycles,idle_cycles,loads,stores,hit_count,miss_count,miss_rate,private,shared,private_rate
0,34021486,17729254,16292232,2380720,889412,3130476,139656,0.04270653,2250824,1008161,0.6906518
1,33627463,17120545,16506918,2388005,899247,3145376,141876,0.04315945,2249057,1026542,0.6866094
2,18122853,17556877,565976,74523,43175,113138,4560,0.03874322,92461,24143,0.7929488
3,34030782,17140113,16890669,2416052,908867,3180258,144661,0.04350813,2424772,887929,0.7319622
