pid,execution_cycles,compute_cycles,idle_cycles,loads,stores,hit_count,miss_count,miss_rate,private,shared,private_rate
0,30608020,17729254,12878766,2380720,889412,3156675,113457,0.03469493,2219901,1039859,0.6810014
1,30236915,17120545,13116370,2388005,899247,3173235,114017,0.03468459,2197701,1078800,0.6707463
2,17842647,17556877,285770,74523,43175,116287,1411,0.01198831,89826,27453,0.7659172
3,30258834,17140113,13118721,2416052,908867,3211630,113289,0.03407271,2225718,1088865,0.6714926
