pid,execution_cycles,compute_cycles,idle_cycles,loads,stores,hit_count,miss_count,miss_rate,private,shared,private_rate
0,54966938,17729254,37237684,2380720,889412,3173535,96597,0.02953917,2261181,996624,0.6940811
1,67254453,17120545,50133908,2388005,899247,3164937,122315,0.03720889,2208685,1063784,0.6749292
2,19135785,17556877,1578908,74523,43175,109718,7980,0.06780064,86550,27516,0.7587712
3,56269734,17140113,39129621,2416052,908867,3230806,94113,0.02830535,2301183,1013807,0.6941749
