pid,execution_cycles,compute_cycles,idle_cycles,loads,stores,hit_count,miss_count,miss_rate,private,shared,private_rate
0,102418325,17729254,84689071,2380720,889412,2461475,808657,0.2472857,2953900,105276,0.9655868
1,102319884,17120545,85199339,2388005,899247,2473654,813598,0.247501,2996206,79530,0.9741428
2,21096117,17556877,3539240,74523,43175,83669,34029,0.2891213,101353,3487,0.9667398
3,103812712,17140113,86672599,2416052,908867,2497054,827865,0.248988,3006439,100767,0.9675699
