pid,execution_cycles,compute_cycles,idle_cycles,loads,stores,hit_count,miss_count,miss_rate,private,shared,private_rate
0,33630796,17729254,15901542,2380720,889412,3142542,127590,0.03901677,2540226,722515,0.7785558
1,33051978,17120545,15931433,2388005,899247,3159533,127719,0.03885282,3004025,275091,0.9161082
2,18022065,17556877,465188,74523,43175,114188,3510,0.02982209,92969,23994,0.7948582
3,33222766,17140113,16082653,2416052,908867,3196053,128866,0.03875764,2618658,698471,0.7894351
