pid,execution_cycles,compute_cycles,idle_cycles,loads,stores,hit_count,miss_count,miss_rate,private,shared,private_rate
0,23564760,17729254,5835506,2380720,889412,3248857,21275,0.006505854,2102605,1157733,0.644904
1,23244634,17120545,6124089,2388005,899247,3265145,22107,0.00672507,2141290,1136508,0.6532709
2,18059882,17556877,503005,74523,43175,113376,4322,0.0367211,89334,28364,0.7590103
3,23302810,17140113,6162697,2416052,908867,3302540,22379,0.00673069,2153948,1161818,0.649608
