pid,execution_cycles,compute_cycles,idle_cycles,loads,stores,hit_count,miss_count,miss_rate,private,shared,private_rate
0,34697397,17729254,16968143,2380720,889412,3231582,38550,0.01178851,2156505,1112757,0.6596305
1,34003332,17120545,16882787,2388005,899247,3248628,38624,0.01174963,2233243,1053352,0.6795005
2,17783745,17556877,226868,74523,43175,117472,226,0.001920169,64697,52999,0.5496958
3,34170795,17140113,17030682,2416052,908867,3286177,38742,0.01165201,2211375,1112713,0.6652577
