pid,execution_cycles,compute_cycles,idle_cycles,loads,stores,hit_count,miss_count,miss_rate,private,shared,private_rate
0,26079288,17729254,8350034,2380720,889412,3223098,47034,0.01438291,2523565,745350,0.7719886
1,25445501,17120545,8324956,2388005,899247,3240020,47232,0.01436823,2294313,991645,0.6982174
2,17737164,17556877,180287,74523,43175,117303,395,0.003356047,89908,27712,0.7643938
3,25767002,17140113,8626889,2416052,908867,3277473,47446,0.01426982,2272718,1051206,0.6837455
