pid,execution_cycles,compute_cycles,idle_cycles,loads,stores,hit_count,miss_count,miss_rate,private,shared,private_rate
0,28124246,17729254,10394992,2380720,889412,3175432,94700,0.02895908,2192601,1058237,0.6744726
1,27823747,17120545,10703202,2388005,899247,3190621,96631,0.02939568,2201638,1065370,0.6739004
2,18236325,17556877,679448,74523,43175,111712,5986,0.05085898,89136,26664,0.7697409
3,27543453,17140113,10403340,2416052,908867,3230994,93925,0.02824881,2227549,1079003,0.6736773
