pid,execution_cycles,compute_cycles,idle_cycles,loads,stores,hit_count,miss_count,miss_rate,private,shared,private_rate
0,21267577,17729254,3538323,2380720,889412,3267423,2709,0.0008284069,2131352,1138690,0.6517812
1,20708856,17120545,3588311,2388005,899247,3284211,3041,0.0009250888,2053138,1234077,0.6245828
2,17705859,17556877,148982,74523,43175,117382,316,0.002684837,88785,28913,0.7543459
3,20743123,17140113,3603010,2416052,908867,3322110,2809,0.0008448326,2105553,1219351,0.6332673
