pid,execution_cycles,compute_cycles,idle_cycles,loads,stores,hit_count,miss_count,miss_rate,private,shared,private_rate
0,25403077,17729254,7673823,2380720,889412,3223787,46345,0.01417221,2171229,1092209,0.6653195
1,24968466,17120545,7847921,2388005,899247,3240561,46691,0.01420366,2168033,1112076,0.6609637
2,17909757,17556877,352880,74523,43175,115196,2502,0.0212578,90291,27260,0.7681007
3,25003429,17140113,7863316,2416052,908867,3277876,47043,0.01414862,2183259,1135341,0.6578856
