pid,execution_cycles,compute_cycles,idle_cycles,loads,stores,hit_count,miss_count,miss_rate,private,shared,private_rate
0,91910129,17729254,74180875,2380720,889412,2682629,587503,0.1796573,2968347,135069,0.9564773
1,90872095,17120545,73751550,2388005,899247,2713532,573720,0.1745288,2962168,164914,0.9472627
2,21043660,17556877,3486783,74523,43175,90845,26853,0.2281517,102886,5230,0.951626
3,90600421,17140113,73460308,2416052,908867,2743909,581010,0.1747441,3000545,158461,0.9498383
