pid,execution_cycles,compute_cycles,idle_cycles,loads,stores,hit_count,miss_count,miss_rate,private,shared,private_rate
0,26955721,17729254,9226467,2380720,889412,3209967,60165,0.01839834,2116050,1152279,0.6474409
1,26345421,17120545,9224876,2388005,899247,3227276,59976,0.01824503,2066660,1219020,0.62899
2,17853765,17556877,296888,74523,43175,115888,1810,0.01537834,89764,27427,0.7659633
3,26383549,17140113,9243436,2416052,908867,3265136,59783,0.01798029,2172351,1150836,0.6536951
