pid,execution_cycles,compute_cycles,idle_cycles,loads,stores,hit_count,miss_count,miss_rate,private,shared,private_rate
0,27844381,17729254,10115127,2380720,889412,3200283,69849,0.02135969,2189652,1076266,0.6704553
1,27169506,17120545,10048961,2388005,899247,3218589,68663,0.02088766,2254918,1028742,0.6867087
2,17800665,17556877,243788,74523,43175,116388,1310,0.01113018,89202,28295,0.7591853
3,27278410,17140113,10138297,2416052,908867,3255517,69402,0.02087329,2184339,1136801,0.6577076
