pid,execution_cycles,compute_cycles,idle_cycles,loads,stores,hit_count,miss_count,miss_rate,private,shared,private_rate
0,29836790,17729254,12107536,2380720,889412,3200678,69454,0.0212389,2174189,1093033,0.6654549
1,29252372,17120545,12131827,2388005,899247,3218178,69074,0.02101269,2148351,1136473,0.6540232
2,17772348,17556877,215471,74523,43175,117193,505,0.004290642,87540,30140,0.7438817
3,29399451,17140113,12259338,2416052,908867,3255664,69255,0.02082908,2183037,1139267,0.6570853
