pid,execution_cycles,compute_cycles,idle_cycles,loads,stores,hit_count,miss_count,miss_rate,private,shared,private_rate
0,56753191,17729254,39023937,2380720,889412,2908913,361219,0.1104601,2818212,376049,0.8822736
1,54719775,17120545,37599230,2388005,899247,2940642,346610,0.1054407,2865198,353983,0.8900394
2,20250537,17556877,2693660,74523,43175,91676,26022,0.2210913,95345,13734,0.8740913
3,56057359,17140113,38917246,2416052,908867,2965366,359553,0.1081389,2883204,370344,0.8861723
