pid,execution_cycles,compute_cycles,idle_cycles,loads,stores,hit_count,miss_count,miss_rate,private,shared,private_rate
0,32995629,17729254,15266375,2380720,889412,3127898,142234,0.04349488,2235807,1014831,0.6878056
1,32982739,17120545,15862194,2388005,899247,3142403,144849,0.04406386,2331410,934359,0.7138931
2,17996069,17556877,439192,74523,43175,114660,3038,0.02581182,90409,25919,0.7771904
3,32630012,17140113,15489899,2416052,908867,3181591,143328,0.04310722,2274739,1030165,0.688292
