pid,execution_cycles,compute_cycles,idle_cycles,loads,stores,hit_count,miss_count,miss_rate,private,shared,private_rate
0,25517779,17729254,7788525,2380720,889412,3238865,31267,0.009561388,2208169,1061236,0.6754039
1,25126071,17120545,8005526,2388005,899247,3255618,31634,0.009623235,2089878,1196878,0.6358482
2,17760705,17556877,203828,74523,43175,117416,282,0.002395963,89857,27803,0.7637005
3,25684609,17140113,8544496,2416052,908867,3293252,31667,0.009524142,2045843,1278500,0.6154127
