pid,execution_cycles,compute_cycles,idle_cycles,loads,stores,hit_count,miss_count,miss_rate,private,shared,private_rate
0,76193385,17729254,58464131,2380720,889412,3102170,167962,0.05136245,2557577,690986,0.7872949
1,74895376,17120545,57774831,2388005,899247,3126239,161013,0.04898103,2569609,698183,0.7863441
2,19688573,17556877,2131696,74523,43175,111372,6326,0.05374773,91795,23947,0.7931002
3,75584408,17140113,58444295,2416052,908867,3157087,167832,0.05047702,2510078,792236,0.7600967
