pid,execution_cycles,compute_cycles,idle_cycles,loads,stores,hit_count,miss_count,miss_rate,private,shared,private_rate
0,21317473,17729254,3588219,2380720,889412,3266919,3213,0.0009825291,2015096,1254917,0.6162349
1,20700738,17120545,3580193,2388005,899247,3284293,2959,0.000900144,2081965,1205215,0.633359
2,17705760,17556877,148883,74523,43175,117383,315,0.002676341,88843,28855,0.7548387
3,20773714,17140113,3633601,2416052,908867,3321801,3118,0.0009377672,2196857,1127986,0.6607401
