pid,execution_cycles,compute_cycles,idle_cycles,loads,stores,hit_count,miss_count,miss_rate,private,shared,private_rate
0,29759896,17729254,12030642,2380720,889412,3181642,88490,0.02706007,2182334,1083246,0.6682837
1,29065545,17120545,11945000,2388005,899247,3199800,87452,0.02660338,2215123,1068305,0.6746373
2,17758923,17556877,202046,74523,43175,116846,852,0.007238866,89222,28476,0.7580588
3,29198515,17140113,12058402,2416052,908867,3236702,88217,0.02653207,2195589,1125337,0.6611376
