pid,execution_cycles,compute_cycles,idle_cycles,loads,stores,hit_count,miss_count,miss_rate,private,shared,private_rate
0,30764889,17729254,13035635,2380720,889412,3226435,43697,0.01336246,2299716,968805,0.7035953
1,30506849,17120545,13386304,2388005,899247,3242299,44953,0.01367495,2340875,944763,0.7124568
2,18017921,17556877,461044,74523,43175,115814,1884,0.01600707,74079,42670,0.6345151
3,30303596,17140113,13163483,2416052,908867,3281725,43194,0.01299099,2365525,958099,0.7117306
