pid,execution_cycles,compute_cycles,idle_cycles,loads,stores,hit_count,miss_count,miss_rate,private,shared,private_rate
0,129848104,17729254,112118850,2380720,889412,2170650,1099482,0.3362195,2807214,101859,0.9649858
1,129659742,17120545,112539197,2388005,899247,2183697,1103555,0.3357075,2818605,105459,0.9639341
2,22119576,17556877,4562699,74523,43175,72799,44899,0.3814763,100278,1756,0.9827901
3,131579761,17140113,114439648,2416052,908867,2202548,1122371,0.3375634,2942616,14094,0.9952332
