pid,execution_cycles,compute_cycles,idle_cycles,loads,stores,hit_count,miss_count,miss_rate,private,shared,private_rate
0,22775298,17729254,5046044,2380720,889412,3257960,12172,0.003722174,2096307,1170543,0.6416906
1,22440533,17120545,5319988,2388005,899247,3274734,12518,0.003808044,2132262,1151726,0.6492904
2,17901041,17556877,344164,74523,43175,115360,2338,0.0198644,88424,29274,0.7512787
3,22489991,17140113,5349878,2416052,908867,3312044,12875,0.003872275,2144924,1176854,0.6457156
