pid,execution_cycles,compute_cycles,idle_cycles,loads,stores,hit_count,miss_count,miss_rate,private,shared,private_rate
0,33456853,17729254,15727599,2380720,889412,3144299,125833,0.03847949,2760091,504615,0.8454332
1,32901102,17120545,15780557,2388005,899247,3161057,126195,0.03838921,2816706,465180,0.8582583
2,18034935,17556877,478058,74523,43175,114058,3640,0.03092661,93692,23508,0.7994198
3,32957545,17140113,15817432,2416052,908867,3198732,126187,0.0379519,2621985,697432,0.7898932
