pid,execution_cycles,compute_cycles,idle_cycles,loads,stores,hit_count,miss_count,miss_rate,private,shared,private_rate
0,46973533,17729254,29244279,2380720,889412,3007671,262461,0.08026006,3032318,194713,0.9396619
1,46699122,17120545,29578577,2388005,899247,3021633,265619,0.08080275,3039259,202652,0.93749
2,18736902,17556877,1180025,74523,43175,106953,10745,0.09129297,94067,20057,0.8242526
3,46835698,17140113,29695585,2416052,908867,3058485,266434,0.08013248,3071213,208795,0.9363431
