pid,execution_cycles,compute_cycles,idle_cycles,loads,stores,hit_count,miss_count,miss_rate,private,shared,private_rate
0,63770320,17729254,46041066,2380720,889412,2962763,307369,0.09399284,2887740,322721,0.8994783
1,63226203,17120545,46105658,2388005,899247,2979202,308050,0.09371049,2924992,302508,0.9062717
2,19464906,17556877,1908029,74523,43175,103775,13923,0.1182943,98599,14195,0.8741511
3,63992104,17140113,46851991,2416052,908867,3008818,316101,0.09507029,2954468,307650,0.9056901
