pid,execution_cycles,compute_cycles,idle_cycles,loads,stores,hit_count,miss_count,miss_rate,private,shared,private_rate
0,33202126,17729254,15472872,2380720,889412,3146872,123260,0.03769267,2576879,688355,0.7891866
1,32627466,17120545,15506921,2388005,899247,3163821,123431,0.03754838,2963006,319162,0.9027588
2,18026619,17556877,469742,74523,43175,114142,3556,0.03021292,93750,23468,0.7997918
3,32799541,17140113,15659428,2416052,908867,3200328,124591,0.03747189,2661249,658563,0.8016264
