pid,execution_cycles,compute_cycles,idle_cycles,loads,stores,hit_count,miss_count,miss_rate,private,shared,private_rate
0,23228272,17729254,5499018,2380720,889412,3247618,22514,0.006884737,2128835,1131502,0.6529494
1,22624704,17120545,5504159,2388005,899247,3264859,22393,0.006812073,2155800,1122031,0.657691
2,18108294,17556877,551417,74523,43175,113317,4381,0.03722238,90480,27218,0.7687471
3,22790740,17140113,5650627,2416052,908867,3301427,23492,0.007065435,2169070,1146725,0.6541629
