pid,execution_cycles,compute_cycles,idle_cycles,loads,stores,hit_count,miss_count,miss_rate,private,shared,private_rate
0,23978832,17729254,6249578,2380720,889412,3246562,23570,0.00720766,2098705,1170762,0.6419104
1,23487212,17120545,6366667,2388005,899247,3263259,23993,0.007298802,2002537,1284217,0.609275
2,17750256,17556877,193379,74523,43175,117383,315,0.002676341,89400,28298,0.7595711
3,23772636,17140113,6632523,2416052,908867,3300319,24600,0.007398676,2038366,1286131,0.6131352
