pid,execution_cycles,compute_cycles,idle_cycles,loads,stores,hit_count,miss_count,miss_rate,private,shared,private_rate
0,24479195,17729254,6749941,2380720,889412,3219749,50383,0.01540702,2126315,1133208,0.6523393
1,24137575,17120545,7017030,2388005,899247,3236937,50315,0.0153061,2166996,1110152,0.6612445
2,18062928,17556877,506051,74523,43175,113361,4337,0.03684854,89953,27703,0.7645424
3,24221324,17140113,7081211,2416052,908867,3272896,52023,0.0156464,2178599,1136530,0.6571687
