pid,execution_cycles,compute_cycles,idle_cycles,loads,stores,hit_count,miss_count,miss_rate,private,shared,private_rate
0,22734454,17729254,5005200,2380720,889412,3248296,21836,0.006677406,2136078,1134054,0.6532085
1,22414964,17120545,5294419,2388005,899247,3265579,21673,0.006593045,2162826,1124426,0.6579435
2,18084855,17556877,527978,74523,43175,113314,4384,0.03724787,90258,27440,0.7668609
3,22509884,17140113,5369771,2416052,908867,3302147,22772,0.006848889,2175837,1149082,0.654403
