pid,execution_cycles,compute_cycles,idle_cycles,loads,stores,hit_count,miss_count,miss_rate,private,shared,private_rate
0,33357952,17729254,15628698,2380720,889412,3145298,124834,0.03817399,2678602,584848,0.8207884
1,32824080,17120545,15703535,2388005,899247,3161835,125417,0.03815254,3023375,256365,0.9218337
2,18004344,17556877,447467,74523,43175,114367,3331,0.02830125,93035,24060,0.7945258
3,33063376,17140113,15923263,2416052,908867,3197663,127256,0.03827341,2554689,762777,0.7700724
