pid,execution_cycles,compute_cycles,idle_cycles,loads,stores,hit_count,miss_count,miss_rate,private,shared,private_rate
0,23020683,17729254,5291429,2380720,889412,3246677,23455,0.007172493,2129511,1130899,0.6531421
1,22657576,17120545,5537031,2388005,899247,3263843,23409,0.007121146,2156169,1121703,0.6577954
2,18085329,17556877,528452,74523,43175,113312,4386,0.03726486,90493,27205,0.7688576
3,22743604,17140113,5603491,2416052,908867,3300459,24460,0.00735657,2169537,1146356,0.6542844
