pid,execution_cycles,compute_cycles,idle_cycles,loads,stores,hit_count,miss_count,miss_rate,private,shared,private_rate
0,28125505,17729254,10396251,2380720,889412,3198151,71981,0.02201165,2292713,974406,0.7017537
1,27476397,17120545,10355852,2388005,899247,3215852,71400,0.02172027,2159366,1125307,0.6574067
2,17736450,17556877,179573,74523,43175,117073,625,0.005310201,89351,28283,0.7595678
3,27524029,17140113,10383916,2416052,908867,3253616,71303,0.02144503,2206625,1115314,0.6642581
