pid,execution_cycles,compute_cycles,idle_cycles,loads,stores,hit_count,miss_count,miss_rate,private,shared,private_rate
0,30117749,17729254,12388495,2380720,889412,3161121,109011,0.03333535,2177102,1084390,0.6675172
1,29769503,17120545,12648958,2388005,899247,3178573,108679,0.03306074,2209327,1069719,0.6737713
2,17826025,17556877,269148,74523,43175,116363,1335,0.01134259,89452,28214,0.7602196
3,29790871,17140113,12650758,2416052,908867,3215824,109095,0.03281133,2217562,1099433,0.6685455
