pid,execution_cycles,compute_cycles,idle_cycles,loads,stores,hit_count,miss_count,miss_rate,private,shared,private_rate
0,35121934,17729254,17392680,2380720,889412,3127480,142652,0.0436227,2717160,548828,0.8319565
1,34483815,17120545,17363270,2388005,899247,3145070,142182,0.04325254,2908734,374103,0.8860428
2,18083346,17556877,526469,74523,43175,113569,4129,0.03508131,95491,21750,0.8144847
3,34773502,17140113,17633389,2416052,908867,3180389,144530,0.04346873,2626109,694255,0.79091
