pid,execution_cycles,compute_cycles,idle_cycles,loads,stores,hit_count,miss_count,miss_rate,private,shared,private_rate
0,41006206,17729254,23276952,2380720,889412,3067148,202984,0.06207211,2281079,951959,0.7055528
1,40963280,17120545,23842735,2388005,899247,3079435,207817,0.06321907,2684295,561615,0.8269776
2,18673377,17556877,1116500,74523,43175,107584,10114,0.08593179,91854,21714,0.8088018
3,40744191,17140113,23604078,2416052,908867,3119330,205589,0.06183278,3052706,234327,0.9287117
