pid,execution_cycles,compute_cycles,idle_cycles,loads,stores,hit_count,miss_count,miss_rate,private,shared,private_rate
0,33059398,17729254,15330144,2380720,889412,3176565,93567,0.02861261,2734881,532134,0.8371192
1,32466541,17120545,15345996,2388005,899247,3194592,92660,0.02818768,2745192,538802,0.8359309
2,17870086,17556877,313209,74523,43175,116369,1329,0.01129161,90604,26775,0.7718928
3,32787970,17140113,15647857,2416052,908867,3230487,94432,0.02840129,2551485,769906,0.7681977
