pid,execution_cycles,compute_cycles,idle_cycles,loads,stores,hit_count,miss_count,miss_rate,private,shared,private_rate
0,23008195,17729254,5278941,2380720,889412,3249841,20291,0.006204948,2134199,1130502,0.6537196
1,22346514,17120545,5225969,2388005,899247,3267669,19583,0.005957255,2150925,1131175,0.6553502
2,17912373,17556877,355496,74523,43175,115296,2402,0.02040816,90315,27383,0.7673452
3,22552645,17140113,5412532,2416052,908867,3303832,21087,0.006342109,2163618,1156305,0.6517073
