pid,execution_cycles,compute_cycles,idle_cycles,loads,stores,hit_count,miss_count,miss_rate,private,shared,private_rate
0,35843393,17729254,18114139,2380720,889412,3099804,170328,0.05208597,2225136,1008846,0.6880484
1,35831440,17120545,18710895,2388005,899247,3112379,174873,0.05319732,2253357,994391,0.6938214
2,18171384,17556877,614507,74523,43175,112659,5039,0.04281296,89196,26015,0.7741969
3,35461004,17140113,18320891,2416052,908867,3153863,171056,0.05144667,2279512,1008620,0.6932544
