pid,execution_cycles,compute_cycles,idle_cycles,loads,stores,hit_count,miss_count,miss_rate,private,shared,private_rate
0,25484632,17729254,7755378,2380720,889412,3230582,39550,0.01209431,2228468,1040619,0.681679
1,24932690,17120545,7812145,2388005,899247,3247597,39655,0.01206327,2055260,1231227,0.6253668
2,17746861,17556877,189984,74523,43175,117384,314,0.002667845,89501,28197,0.7604292
3,25222177,17140113,8082064,2416052,908867,3284720,40199,0.01209022,2060040,1264121,0.6197173
