pid,execution_cycles,compute_cycles,idle_cycles,loads,stores,hit_count,miss_count,miss_rate,private,shared,private_rate
0,28132396,17729254,10403142,2380720,889412,3198526,71606,0.02189698,2191975,1074894,0.6709712
1,27483483,17120545,10362938,2388005,899247,3216074,71178,0.02165274,2254007,1030561,0.6862415
2,17736273,17556877,179396,74523,43175,117096,602,0.005114785,89302,28360,0.7589706
3,27545293,17140113,10405180,2416052,908867,3253744,71175,0.02140654,2254040,1067693,0.6785735
