pid,execution_cycles,compute_cycles,idle_cycles,loads,stores,hit_count,miss_count,miss_rate,private,shared,private_rate
0,23327621,17729254,5598367,2380720,889412,3245577,24555,0.007508871,2113693,1154987,0.6466503
1,23141825,17120545,6021280,2388005,899247,3262025,25227,0.007674191,2151684,1133847,0.6548969
2,18105371,17556877,548494,74523,43175,112949,4749,0.04034903,88333,28374,0.7568783
3,23227025,17140113,6086912,2416052,908867,3298585,26334,0.007920193,2164280,1158968,0.6512544
