pid,execution_cycles,compute_cycles,idle_cycles,loads,stores,hit_count,miss_count,miss_rate,private,shared,private_rate
0,21593188,17729254,3863934,2380720,889412,3264134,5998,0.001834177,2118519,1151594,0.6478428
1,20947446,17120545,3826901,2388005,899247,3281801,5451,0.001658224,2127150,1160093,0.6470924
2,17760309,17556877,203432,74523,43175,116832,866,0.007357814,88548,29150,0.7523322
3,21065665,17140113,3925552,2416052,908867,3318852,6067,0.001824706,2151865,1173044,0.6471952
