pid,execution_cycles,compute_cycles,idle_cycles,loads,stores,hit_count,miss_count,miss_rate,private,shared,private_rate
0,30081547,17729254,12352293,2380720,889412,3178393,91739,0.02805361,2872750,393488,0.8795287
1,29483325,17120545,12362780,2388005,899247,3195580,91672,0.02788712,2759733,523091,0.8406582
2,17811591,17556877,254714,74523,43175,116314,1384,0.01175891,90590,26763,0.7719445
3,29598970,17140113,12458857,2416052,908867,3232657,92262,0.02774865,2812451,508218,0.8469531
