pid,execution_cycles,compute_cycles,idle_cycles,loads,stores,hit_count,miss_count,miss_rate,private,shared,private_rate
0,29286732,17729254,11557478,2380720,889412,3196748,73384,0.02244068,2697886,568742,0.8258932
1,28826936,17120545,11706391,2388005,899247,3213218,74034,0.02252155,2622012,661726,0.7984839
2,17781786,17556877,224909,74523,43175,117071,627,0.005327193,88924,28573,0.7568193
3,28749781,17140113,11609668,2416052,908867,3251723,73196,0.02201437,2659973,661629,0.8008103
