pid,execution_cycles,compute_cycles,idle_cycles,loads,stores,hit_count,miss_count,miss_rate,private,shared,private_rate
0,34161708,17729254,16432454,2380720,889412,3245966,24166,0.007389916,2101384,1167307,0.6428824
1,34373935,17120545,17253390,2388005,899247,3262717,24535,0.007463681,1900562,1385149,0.5784325
2,18161262,17556877,604385,74523,43175,115411,2287,0.01943109,84270,32354,0.7225785
3,34693677,17140113,17553564,2416052,908867,3299324,25595,0.007697932,1975370,1347786,0.5944259
