pid,execution_cycles,compute_cycles,idle_cycles,loads,stores,hit_count,miss_count,miss_rate,private,shared,private_rate
0,22039096,17729254,4309842,2380720,889412,3257014,13118,0.004011459,2133132,1136962,0.6523152
1,21594540,17120545,4473995,2388005,899247,3274255,12997,0.003953758,2150597,1136609,0.6542325
2,17896680,17556877,339803,74523,43175,115295,2403,0.02041666,89925,27773,0.7640317
3,21693361,17140113,4553248,2416052,908867,3311076,13843,0.00416341,2163186,1161653,0.6506138
