pid,execution_cycles,compute_cycles,idle_cycles,loads,stores,hit_count,miss_count,miss_rate,private,shared,private_rate
0,30049471,17729254,12320217,2380720,889412,3178717,91415,0.02795453,2331489,933167,0.7141607
1,29340765,17120545,12220220,2388005,899247,3197020,90232,0.02744907,2277053,1005311,0.6937235
2,17761794,17556877,204917,74523,43175,116817,881,0.007485259,89339,28278,0.7595756
3,29451163,17140113,12311050,2416052,908867,3234150,90769,0.02729961,2230669,1088836,0.6719884
