pid,execution_cycles,compute_cycles,idle_cycles,loads,stores,hit_count,miss_count,miss_rate,private,shared,private_rate
0,39743524,17729254,22014270,2380720,889412,3055047,215085,0.06577257,2284435,952100,0.7058274
1,39726859,17120545,22606314,2388005,899247,3070407,216845,0.06596543,2353185,898352,0.7237147
2,18575914,17556877,1019037,74523,43175,108479,9219,0.07832758,94113,20591,0.8204858
3,39757676,17140113,22617563,2416052,908867,3103779,221140,0.06650989,2323704,965865,0.7063855
