pid,execution_cycles,compute_cycles,idle_cycles,loads,stores,hit_count,miss_count,miss_rate,private,shared,private_rate
0,22206493,17729254,4477239,2380720,889412,3257939,12193,0.003728596,2119698,1149859,0.6483135
1,21550257,17120545,4429712,2388005,899247,3275712,11540,0.003510531,2128438,1158449,0.6475544
2,17715858,17556877,158981,74523,43175,117281,417,0.003542966,89066,28632,0.7567333
3,21664318,17140113,4524205,2416052,908867,3312805,12114,0.003643397,2173927,1150623,0.6539011
