pid,execution_cycles,compute_cycles,idle_cycles,loads,stores,hit_count,miss_count,miss_rate,private,shared,private_rate
0,23336601,17729254,5607347,2380720,889412,3249380,20752,0.006345921,2107788,1158675,0.6452815
1,23163327,17120545,6042782,2388005,899247,3265777,21475,0.006532812,2145679,1137783,0.6534807
2,18058870,17556877,501993,74523,43175,113376,4322,0.0367211,88966,28732,0.7558837
3,23194730,17140113,6054617,2416052,908867,3303128,21791,0.006553844,2158810,1162292,0.6500282
