pid,execution_cycles,compute_cycles,idle_cycles,loads,stores,hit_count,miss_count,miss_rate,private,shared,private_rate
0,49557569,17729254,31828315,2380720,889412,2970775,299357,0.09154279,2876869,326058,0.8982
1,46649818,17120545,29529273,2388005,899247,2999937,287315,0.08740279,2526960,698376,0.7834719
2,19053401,17556877,1496524,74523,43175,102906,14792,0.1256776,93231,18921,0.8312915
3,47202969,17140113,30062856,2416052,908867,3029807,295112,0.08875765,2576517,685768,0.7897891
