pid,execution_cycles,compute_cycles,idle_cycles,loads,stores,hit_count,miss_count,miss_rate,private,shared,private_rate
0,27975808,17729254,10246554,2380720,889412,3204682,65450,0.02001448,2284667,983821,0.6989981
1,27352687,17120545,10232142,2388005,899247,3222674,64578,0.01964498,2123182,1162170,0.6462571
2,17772155,17556877,215278,74523,43175,116858,840,0.00713691,90573,26938,0.7707619
3,27689758,17140113,10549645,2416052,908867,3258921,65998,0.01984951,2170672,1152709,0.6531517
