pid,execution_cycles,compute_cycles,idle_cycles,loads,stores,hit_count,miss_count,miss_rate,private,shared,private_rate
0,29362536,17729254,11633282,2380720,889412,3199350,70782,0.021645,2370754,896208,0.7256754
1,28790076,17120545,11669531,2388005,899247,3216610,70642,0.02148968,2360764,923618,0.7187848
2,17773498,17556877,216621,74523,43175,117174,524,0.004452072,87878,29735,0.7471793
3,28934415,17140113,11794302,2416052,908867,3254169,70750,0.02127871,2363599,958314,0.7115174
