pid,execution_cycles,compute_cycles,idle_cycles,loads,stores,hit_count,miss_count,miss_rate,private,shared,private_rate
0,30620035,17729254,12890781,2380720,889412,3171093,99039,0.03028593,2331711,924957,0.7159806
1,30190695,17120545,13070150,2388005,899247,3187594,99658,0.03031651,2446212,827234,0.7472896
2,18102633,17556877,545756,74523,43175,113280,4418,0.03753675,90545,25848,0.7779248
3,30076351,17140113,12936238,2416052,908867,3226502,98417,0.02959982,2419859,892328,0.7305925
