pid,execution_cycles,compute_cycles,idle_cycles,loads,stores,hit_count,miss_count,miss_rate,private,shared,private_rate
0,53656417,17729254,35927163,2380720,889412,2940263,329869,0.1008733,2964182,235814,0.926308
1,53449938,17120545,36329393,2388005,899247,2953493,333759,0.1015313,2935498,278433,0.9133668
2,19137696,17556877,1580819,74523,43175,102919,14779,0.1255671,94673,17814,0.841635
3,54237298,17140113,37097185,2416052,908867,2983785,341134,0.1025992,2890861,359386,0.8894281
