pid,execution_cycles,compute_cycles,idle_cycles,loads,stores,hit_count,miss_count,miss_rate,private,shared,private_rate
0,78732580,17729254,61003326,2380720,889412,2686954,583178,0.1783347,3053033,50428,0.983751
1,78591864,17120545,61471319,2388005,899247,2699507,587745,0.1787952,3068105,49724,0.9840517
2,20958876,17556877,3401999,74523,43175,84519,33179,0.2818994,100234,6089,0.9427311
3,79683490,17140113,62543377,2416052,908867,2726729,598190,0.1799111,3101464,51112,0.9837872
