pid,execution_cycles,compute_cycles,idle_cycles,loads,stores,hit_count,miss_count,miss_rate,private,shared,private_rate
0,21522250,17729254,3792996,2380720,889412,3265436,4696,0.001436028,2087805,1181579,0.6385928
1,20858472,17120545,3737927,2388005,899247,3283051,4201,0.001277967,2078699,1208050,0.6324484
2,17737652,17556877,180775,74523,43175,117103,595,0.005055311,88445,29253,0.7514571
3,20921137,17140113,3781024,2416052,908867,3320664,4255,0.00127973,2169007,1155466,0.6524363
