pid,execution_cycles,compute_cycles,idle_cycles,loads,stores,hit_count,miss_count,miss_rate,private,shared,private_rate
0,108360687,17729254,90631433,2380720,889412,2381283,888849,0.2718083,2881285,113193,0.9621994
1,107688520,17120545,90567975,2388005,899247,2393685,893567,0.271828,2808815,197619,0.934268
2,21858067,17556877,4301190,74523,43175,74872,42826,0.3638634,98516,2939,0.9710315
3,109965255,17140113,92825142,2416052,908867,2414828,910091,0.2737182,2928187,112977,0.9628507
