pid,execution_cycles,compute_cycles,idle_cycles,loads,stores,hit_count,miss_count,miss_rate,private,shared,private_rate
0,22380868,17729254,4651614,2380720,889412,3253874,16258,0.004971665,2133324,1133480,0.6530309
1,21925713,17120545,4805168,2388005,899247,3271228,16024,0.004874588,2149975,1133950,0.6546967
2,17897283,17556877,340406,74523,43175,115294,2404,0.02042516,89985,27709,0.7645674
3,22019917,17140113,4879804,2416052,908867,3308004,16915,0.005087342,2163207,1158832,0.6511685
