pid,execution_cycles,compute_cycles,idle_cycles,loads,stores,hit_count,miss_count,miss_rate,private,shared,private_rate
0,33802660,17729254,16073406,2380720,889412,3140806,129326,0.03954764,2204770,1049047,0.677595
1,33317100,17120545,16196555,2388005,899247,3156855,130397,0.03966748,2242386,1027555,0.6857573
2,17927322,17556877,370445,74523,43175,115145,2553,0.02169111,90466,26612,0.7726985
3,33333547,17140113,16193434,2416052,908867,3194934,129985,0.03909419,2575713,732556,0.7785682
