pid,execution_cycles,compute_cycles,idle_cycles,loads,stores,hit_count,miss_count,miss_rate,private,shared,private_rate
0,37385391,17729254,19656137,2380720,889412,3081653,188479,0.05763651,2243039,990069,0.6937718
1,37371763,17120545,20251218,2388005,899247,3092852,194400,0.05913754,2253418,992723,0.6941836
2,18354827,17556877,797950,74523,43175,110189,7509,0.06379888,90854,23624,0.7936372
3,36978593,17140113,19838480,2416052,908867,3133396,191523,0.05760231,2314746,972401,0.7041809
