pid,execution_cycles,compute_cycles,idle_cycles,loads,stores,hit_count,miss_count,miss_rate,private,shared,private_rate
0,29204931,17729254,11475677,2380720,889412,3167917,102215,0.03125715,2218096,1042200,0.6803358
1,28543903,17120545,11423358,2388005,899247,3184101,103151,0.0313791,2184477,1093019,0.6665079
2,18045192,17556877,488315,74523,43175,113952,3746,0.03182722,89564,26908,0.7689745
3,28564570,17140113,11424457,2416052,908867,3223673,101246,0.03045067,2225863,1090121,0.6712526
