pid,execution_cycles,compute_cycles,idle_cycles,loads,stores,hit_count,miss_count,miss_rate,private,shared,private_rate
0,86819296,17729254,69090042,2380720,889412,2605270,664862,0.2033135,2886566,191301,0.9378462
1,86903111,17120545,69782566,2388005,899247,2615554,671698,0.2043342,2917158,171500,0.9444743
2,20232129,17556877,2675252,74523,43175,91860,25838,0.2195279,100512,8221,0.9243928
3,88564535,17140113,71424422,2416052,908867,2637026,687893,0.2068902,3032148,90469,0.9710278
