pid,execution_cycles,compute_cycles,idle_cycles,loads,stores,hit_count,miss_count,miss_rate,private,shared,private_rate
0,53023213,17729254,35293959,2380720,889412,2946659,323473,0.09891741,2830911,371653,0.8839514
1,51225309,17120545,34104764,2388005,899247,2975964,311288,0.09469551,2842575,382575,0.8813776
2,19236696,17556877,1679819,74523,43175,101919,15779,0.1340635,94658,17468,0.844211
3,52107511,17140113,34967398,2416052,908867,3005298,319621,0.09612896,2884772,375700,0.8847713
