pid,execution_cycles,compute_cycles,idle_cycles,loads,stores,hit_count,miss_count,miss_rate,private,shared,private_rate
0,21834154,17729254,4104900,2380720,889412,3261700,8432,0.002578489,2021864,1248112,0.6183116
1,21194550,17120545,4074005,2388005,899247,3279305,7947,0.002417521,2115949,1171218,0.6436999
2,17701800,17556877,144923,74523,43175,117423,275,0.002336488,89395,28295,0.7595803
3,21295048,17140113,4154935,2416052,908867,3316535,8384,0.002521565,2148613,1176128,0.6462497
