pid,execution_cycles,compute_cycles,idle_cycles,loads,stores,hit_count,miss_count,miss_rate,private,shared,private_rate
0,25095789,17729254,7366535,2380720,889412,3229263,40869,0.01249766,2137133,1131244,0.653882
1,24420842,17120545,7300297,2388005,899247,3247001,40251,0.01224457,2165387,1120513,0.6589936
2,17735727,17556877,178850,74523,43175,117110,588,0.004995837,88920,28771,0.7555378
3,24473690,17140113,7333577,2416052,908867,3284785,40134,0.01207067,2183753,1139835,0.6570468
