pid,execution_cycles,compute_cycles,idle_cycles,loads,stores,hit_count,miss_count,miss_rate,private,shared,private_rate
0,29603476,17729254,11874222,2380720,889412,3183222,86910,0.02657691,2177772,1087829,0.6668825
1,28896651,17120545,11776106,2388005,899247,3201506,85746,0.0260844,2223131,1060327,0.67707
2,17759022,17556877,202145,74523,43175,116845,853,0.007247362,89223,28475,0.7580673
3,29058331,17140113,11918218,2416052,908867,3238118,86801,0.0261062,2195271,1125672,0.6610384
