pid,execution_cycles,compute_cycles,idle_cycles,loads,stores,hit_count,miss_count,miss_rate,private,shared,private_rate
0,23448250,17729254,5718996,2380720,889412,3245396,24736,0.007564221,2127123,1142398,0.6505916
1,22792212,17120545,5671667,2388005,899247,3263167,24085,0.007326788,2263725,1023105,0.6887259
2,17705364,17556877,148487,74523,43175,117387,311,0.002642356,89389,28309,0.7594776
3,22937557,17140113,5797444,2416052,908867,3299944,24975,0.007511461,2167348,1157041,0.6519538
