pid,execution_cycles,compute_cycles,idle_cycles,loads,stores,hit_count,miss_count,miss_rate,private,shared,private_rate
0,44742650,17729254,27013396,2380720,889412,3246453,23679,0.007240992,1778008,1491660,0.5437885
1,43894961,17120545,26774416,2388005,899247,3263579,23673,0.007201456,2019879,1267089,0.6145113
2,17804708,17556877,247831,74523,43175,117538,160,0.001359411,64172,53526,0.5452259
3,44130480,17140113,26990367,2416052,908867,3301139,23780,0.007152054,1832427,1492179,0.5511712
