pid,execution_cycles,compute_cycles,idle_cycles,loads,stores,hit_count,miss_count,miss_rate,private,shared,private_rate
0,35658575,17729254,17929321,2380720,889412,3100958,169174,0.05173308,2225020,1009134,0.6879759
1,35646618,17120545,18526073,2388005,899247,3113416,173836,0.05288186,2251936,995995,0.6933448
2,18172077,17556877,615200,74523,43175,112652,5046,0.04287244,89248,25952,0.7747222
3,35278640,17140113,18138527,2416052,908867,3155017,169902,0.05109959,2279302,1009013,0.693152
