pid,execution_cycles,compute_cycles,idle_cycles,loads,stores,hit_count,miss_count,miss_rate,private,shared,private_rate
0,86820526,17729254,69091272,2380720,889412,2605272,664860,0.2033129,2884632,193241,0.9372161
1,86905404,17120545,69784859,2388005,899247,2615559,671693,0.2043327,2916886,171788,0.9443813
2,20232537,17556877,2675660,74523,43175,91860,25838,0.2195279,100547,8189,0.9246892
3,88566439,17140113,71426326,2416052,908867,2637026,687893,0.2068902,3031398,91218,0.970788
