pid,execution_cycles,compute_cycles,idle_cycles,loads,stores,hit_count,miss_count,miss_rate,private,shared,private_rate
0,33192634,17729254,15463380,2380720,889412,3145752,124380,0.03803516,2252904,1000196,0.6925407
1,32694687,17120545,15574142,2388005,899247,3162498,124754,0.03795085,2234095,1035458,0.6833029
2,17928882,17556877,372005,74523,43175,115069,2629,0.02233683,90639,26384,0.77454
3,32730730,17140113,15590617,2416052,908867,3200021,124898,0.03756422,2649648,658436,0.8009615
