pid,execution_cycles,compute_cycles,idle_cycles,loads,stores,hit_count,miss_count,miss_rate,private,shared,private_rate
0,27108973,17729254,9379719,2380720,889412,3208419,61713,0.01887172,2123780,1139625,0.6507865
1,26276913,17120545,9156368,2388005,899247,3227968,59284,0.01803452,2248928,1032528,0.6853446
2,18052458,17556877,495581,74523,43175,113881,3817,0.03243046,91354,24613,0.7877586
3,26804992,17140113,9664879,2416052,908867,3260879,64040,0.01926062,2268066,1050178,0.6835139
