pid,execution_cycles,compute_cycles,idle_cycles,loads,stores,hit_count,miss_count,miss_rate,private,shared,private_rate
0,30667607,17729254,12938353,2380720,889412,3171197,98935,0.03025413,2360539,900461,0.7238697
1,29904032,17120545,12783487,2388005,899247,3190647,96605,0.02938777,2298740,980418,0.7010153
2,17826588,17556877,269711,74523,43175,116111,1587,0.01348366,90884,26575,0.7737508
3,30049507,17140113,12909394,2416052,908867,3227082,97837,0.02942538,2213524,1103374,0.6673476
