pid,execution_cycles,compute_cycles,idle_cycles,loads,stores,hit_count,miss_count,miss_rate,private,shared,private_rate
0,32249538,17729254,14520284,2380720,889412,3155788,114344,0.03496617,2788867,470756,0.8555796
1,31662019,17120545,14541474,2388005,899247,3173086,114166,0.03472992,2252276,1024013,0.6874473
2,17817571,17556877,260694,74523,43175,116222,1476,0.01254057,90700,26577,0.7733827
3,31700023,17140113,14559910,2416052,908867,3210678,114241,0.03435903,2301464,1013006,0.6943686
