pid,execution_cycles,compute_cycles,idle_cycles,loads,stores,hit_count,miss_count,miss_rate,private,shared,private_rate
0,28832410,17729254,11103156,2380720,889412,3189524,80608,0.02464977,2178517,1081668,0.6682188
1,28380120,17120545,11259575,2388005,899247,3206183,81069,0.02466163,2218595,1058660,0.6769675
2,17905767,17556877,348890,74523,43175,115266,2432,0.02066305,90635,26936,0.7708959
3,28443559,17140113,11303446,2416052,908867,3243274,81645,0.02455549,2218318,1097512,0.6690084
