pid,execution_cycles,compute_cycles,idle_cycles,loads,stores,hit_count,miss_count,miss_rate,private,shared,private_rate
0,52615320,17729254,34886066,2380720,889412,2950150,319982,0.09784987,2840838,346288,0.8913479
1,50742959,17120545,33622414,2388005,899247,2980642,306610,0.09327244,2911738,298448,0.9070309
2,19362559,17556877,1805682,74523,43175,100630,17068,0.1450152,91095,19242,0.825607
3,51051022,17140113,33910909,2416052,908867,3015373,309546,0.09309881,2873565,377436,0.8839016
