pid,execution_cycles,compute_cycles,idle_cycles,loads,stores,hit_count,miss_count,miss_rate,private,shared,private_rate
0,26647930,17729254,8918676,2380720,889412,3213076,57056,0.01744761,2090838,1177774,0.6396715
1,26030898,17120545,8910353,2388005,899247,3230453,56799,0.01727857,2396067,889972,0.7291657
2,17715561,17556877,158684,74523,43175,117284,414,0.003517477,89201,28487,0.7579447
3,26135257,17140113,8995144,2416052,908867,3267644,57275,0.01722598,2244404,1078754,0.6753829
