pid,execution_cycles,compute_cycles,idle_cycles,loads,stores,hit_count,miss_count,miss_rate,private,shared,private_rate
0,25712974,17729254,7983720,2380720,889412,3222520,47612,0.01455966,2293453,975811,0.7015197
1,25185537,17120545,8064992,2388005,899247,3238992,48260,0.01468096,2041050,1245308,0.6210675
2,17713185,17556877,156308,74523,43175,117308,390,0.003313565,89767,27859,0.7631561
3,25217230,17140113,8077117,2416052,908867,3276917,48002,0.01443704,2080933,1243009,0.6260437
