pid,execution_cycles,compute_cycles,idle_cycles,loads,stores,hit_count,miss_count,miss_rate,private,shared,private_rate
0,25550232,17729254,7820978,2380720,889412,3198939,71193,0.02177068,2143551,1119193,0.656978
1,25267032,17120545,8146487,2388005,899247,3215979,71273,0.02168164,2185611,1094582,0.6663056
2,17903838,17556877,346961,74523,43175,115347,2351,0.01997485,89545,28114,0.7610553
3,25276425,17140113,8136312,2416052,908867,3252381,72538,0.02181647,2193845,1124004,0.6612251
