pid,execution_cycles,compute_cycles,idle_cycles,loads,stores,hit_count,miss_count,miss_rate,private,shared,private_rate
0,37464619,17729254,19735365,2380720,889412,3102693,167439,0.05120252,2216271,1020660,0.6846828
1,37277310,17120545,20156765,2388005,899247,3116273,170979,0.05201274,2947334,303640,0.9066003
2,18172279,17556877,615402,74523,43175,112614,5084,0.0431953,89590,25659,0.7773603
3,36998897,17140113,19858784,2416052,908867,3156928,167991,0.05052484,2302562,988796,0.6995781
