pid,execution_cycles,compute_cycles,idle_cycles,loads,stores,hit_count,miss_count,miss_rate,private,shared,private_rate
0,30299446,17729254,12570192,2380720,889412,3176192,93940,0.02872667,2377200,890144,0.7275634
1,29618559,17120545,12498014,2388005,899247,3194214,93038,0.02830267,2407986,876271,0.7331905
2,17808522,17556877,251645,74523,43175,116345,1353,0.01149552,91152,26253,0.7763894
3,29793802,17140113,12653689,2416052,908867,3230689,94230,0.02834054,2977464,344315,0.8963462
