pid,execution_cycles,compute_cycles,idle_cycles,loads,stores,hit_count,miss_count,miss_rate,private,shared,private_rate
0,30524925,17729254,12795671,2380720,889412,3171692,98440,0.03010276,2357769,906469,0.722303
1,29800771,17120545,12680226,2388005,899247,3188289,98963,0.03010508,2173110,1108036,0.6623021
2,17817295,17556877,260418,74523,43175,116656,1042,0.008853167,89469,27797,0.7629577
3,29821922,17140113,12681809,2416052,908867,3226268,98651,0.0296702,2226790,1092300,0.6709038
