pid,execution_cycles,compute_cycles,idle_cycles,loads,stores,hit_count,miss_count,miss_rate,private,shared,private_rate
0,95758021,17729254,78028767,2380720,889412,2500625,769507,0.2353137,2922479,84280,0.9719698
1,96364366,17120545,79243821,2388005,899247,2505589,781663,0.2377862,2947949,70669,0.976589
2,21345982,17556877,3789105,74523,43175,77902,39796,0.3381196,96225,5847,0.9427169
3,98984537,17140113,81844424,2416052,908867,2513689,811230,0.2439849,2948479,99953,0.9672117
