pid,execution_cycles,compute_cycles,idle_cycles,loads,stores,hit_count,miss_count,miss_rate,private,shared,private_rate
0,22344940,17729254,4615686,2380720,889412,3268076,2056,0.0006287208,1897101,1372964,0.5801417
1,21587337,17120545,4466792,2388005,899247,3285215,2037,0.0006196665,1883553,1403659,0.5729941
2,17771185,17556877,214308,74523,43175,117370,328,0.002786793,85476,32222,0.7262315
3,21745262,17140113,4605149,2416052,908867,3322862,2057,0.0006186617,2102681,1222195,0.6324088
