pid,execution_cycles,compute_cycles,idle_cycles,loads,stores,hit_count,miss_count,miss_rate,private,shared,private_rate
0,50586724,17729254,32857470,2380720,889412,2971270,298862,0.09139142,3036433,175884,0.945247
1,50439843,17120545,33319298,2388005,899247,2983898,303354,0.09228194,2924376,302199,0.9063406
2,18878811,17556877,1321934,74523,43175,105534,12164,0.1033492,94906,18801,0.834654
3,51012076,17140113,33871963,2416052,908867,3016363,308556,0.09280106,2959657,304337,0.9067593
