pid,execution_cycles,compute_cycles,idle_cycles,loads,stores,hit_count,miss_count,miss_rate,private,shared,private_rate
0,30403561,17729254,12674307,2380720,889412,3196495,73637,0.02251805,2213088,1055011,0.677179
1,29714622,17120545,12594077,2388005,899247,3214533,72719,0.02212152,2077417,1207875,0.6323386
2,17794200,17556877,237323,74523,43175,116695,1003,0.00852181,91221,26235,0.7766398
3,30067273,17140113,12927160,2416052,908867,3251428,73491,0.02210309,2105158,1217492,0.633578
