pid,execution_cycles,compute_cycles,idle_cycles,loads,stores,hit_count,miss_count,miss_rate,private,shared,private_rate
0,162880154,17729254,145150900,2380720,889412,1836992,1433140,0.4382514,2750265,21368,0.9922905
1,162878060,17120545,145757515,2388005,899247,1848151,1439101,0.4377824,2760716,21871,0.99214
2,23974744,17556877,6417867,74523,43175,54059,63639,0.5406974,93231,787,0.9916293
3,166102376,17140113,148962263,2416052,908867,1853831,1471088,0.4424433,2804792,9879,0.9964902
