pid,execution_cycles,compute_cycles,idle_cycles,loads,stores,hit_count,miss_count,miss_rate,private,shared,private_rate
0,37227763,17729254,19498509,2380720,889412,3106209,163923,0.05012733,2609635,632866,0.8048216
1,39389067,17120545,22268522,2388005,899247,3095522,191730,0.05832531,2578773,672932,0.7930526
2,18455883,17556877,899006,74523,43175,109806,7892,0.06705297,93487,21490,0.8130931
3,36234346,17140113,19094233,2416052,908867,3165633,159286,0.04790673,2660406,644024,0.8051028
