pid,execution_cycles,compute_cycles,idle_cycles,loads,stores,hit_count,miss_count,miss_rate,private,shared,private_rate
0,161035579,17729254,143306325,2380720,889412,1855625,1414507,0.4325535,2817066,18442,0.9934961
1,159929982,17120545,142809437,2388005,899247,1877937,1409315,0.4287213,2848370,4000,0.9985977
2,22441722,17556877,4884845,74523,43175,69545,48153,0.4091233,100087,370,0.9963168
3,162916627,17140113,145776514,2416052,908867,1886014,1438905,0.4327639,2864627,19404,0.9932719
