pid,execution_cycles,compute_cycles,idle_cycles,loads,stores,hit_count,miss_count,miss_rate,private,shared,private_rate
0,27164491,17729254,9435237,2380720,889412,3206549,63583,0.01944356,2180308,1083956,0.6679325
1,26562126,17120545,9441581,2388005,899247,3224617,62635,0.01905391,2194296,1087570,0.6686123
2,17899689,17556877,342812,74523,43175,115296,2402,0.02040816,90607,27074,0.7699374
3,26795854,17140113,9655741,2416052,908867,3260105,64814,0.01949341,2207451,1112156,0.6649736
