pid,execution_cycles,compute_cycles,idle_cycles,loads,stores,hit_count,miss_count,miss_rate,private,shared,private_rate
0,32443464,17729254,14714210,2380720,889412,3153014,117118,0.03581446,2204838,1046139,0.6782078
1,32070110,17120545,14949565,2388005,899247,3168897,118355,0.03600424,2208146,1058502,0.6759669
2,18112517,17556877,555640,74523,43175,113200,4498,0.03821645,90609,26165,0.7759347
3,32027387,17140113,14887274,2416052,908867,3206978,117941,0.03547184,2289530,1015513,0.6927383
