pid,execution_cycles,compute_cycles,idle_cycles,loads,stores,hit_count,miss_count,miss_rate,private,shared,private_rate
0,27478144,17729254,9748890,2380720,889412,3204690,65442,0.02001204,2234613,1034227,0.6836104
1,26794386,17120545,9673841,2388005,899247,3222741,64511,0.0196246,2433154,852236,0.7405982
2,17758131,17556877,201254,74523,43175,116854,844,0.007170895,90561,26960,0.7705942
3,26947453,17140113,9807340,2416052,908867,3259440,65479,0.01969341,2658760,664432,0.8000621
