pid,execution_cycles,compute_cycles,idle_cycles,loads,stores,hit_count,miss_count,miss_rate,private,shared,private_rate
0,36054022,17729254,18324768,2380720,889412,3117348,152784,0.04672105,2735172,515703,0.8413649
1,35743992,17120545,18623447,2388005,899247,3131999,155253,0.04722881,2869960,395651,0.8788432
2,18135885,17556877,579008,74523,43175,113012,4686,0.03981376,92450,23590,0.796708
3,35689420,17140113,18549307,2416052,908867,3170411,154508,0.0464697,2340616,964566,0.7081655
