pid,execution_cycles,compute_cycles,idle_cycles,loads,stores,hit_count,miss_count,miss_rate,private,shared,private_rate
0,27481312,17729254,9752058,2380720,889412,3204658,65474,0.02002182,2178373,1085628,0.6673935
1,26790822,17120545,9670277,2388005,899247,3222777,64475,0.01961365,2196869,1084732,0.6694504
2,17912274,17556877,355397,74523,43175,115297,2401,0.02039967,90680,27000,0.7705642
3,27059323,17140113,9919210,2416052,908867,3258310,66609,0.02003327,2207497,1111845,0.6650405
