pid,execution_cycles,compute_cycles,idle_cycles,loads,stores,hit_count,miss_count,miss_rate,private,shared,private_rate
0,22910779,17729254,5181525,2380720,889412,3267765,2367,0.000723824,2017246,1252795,0.6168871
1,22365423,17120545,5244878,2388005,899247,3284782,2470,0.0007513875,2010355,1276864,0.6115671
2,17824956,17556877,268079,74523,43175,117439,259,0.002200547,89126,28572,0.7572431
3,23082361,17140113,5942248,2416052,908867,3321796,3123,0.000939271,2010466,1314419,0.6046723
