pid,execution_cycles,compute_cycles,idle_cycles,loads,stores,hit_count,miss_count,miss_rate,private,shared,private_rate
0,32667409,17729254,14938155,2380720,889412,3151119,119013,0.03639394,2205641,1045886,0.6783401
1,32281222,17120545,15160677,2388005,899247,3166877,120375,0.03661873,2215471,1051636,0.678114
2,18127472,17556877,570595,74523,43175,113035,4663,0.03961835,90379,26275,0.7747613
3,32010321,17140113,14870208,2416052,908867,3207484,117435,0.03531966,2250514,1056561,0.680515
