pid,execution_cycles,compute_cycles,idle_cycles,loads,stores,hit_count,miss_count,miss_rate,private,shared,private_rate
0,35616553,17729254,17887299,2380720,889412,3101151,168981,0.05167406,2224860,1009292,0.6879269
1,35604600,17120545,18484055,2388005,899247,3113687,173565,0.05279942,2251099,996809,0.693092
2,18170951,17556877,614074,74523,43175,112655,5043,0.04284695,89276,25927,0.7749451
3,35237563,17140113,18097450,2416052,908867,3155246,169673,0.05103072,2278932,1009347,0.693047
