pid,execution_cycles,compute_cycles,idle_cycles,loads,stores,hit_count,miss_count,miss_rate,private,shared,private_rate
0,44226370,17729254,26497116,2380720,889412,3035516,234616,0.07174512,2878627,352881,0.8907999
1,43542018,17120545,26421473,2388005,899247,3053573,233679,0.07108643,2954754,292259,0.9099914
2,18698829,17556877,1141952,74523,43175,107352,10346,0.08790294,94032,20229,0.822958
3,43822399,17140113,26682286,2416052,908867,3088986,235933,0.07095902,3009785,276480,0.915868
