pid,execution_cycles,compute_cycles,idle_cycles,loads,stores,hit_count,miss_count,miss_rate,private,shared,private_rate
0,40814197,17729254,23084943,2380720,889412,3069727,200405,0.06128346,3026206,217101,0.9330618
1,40595535,17120545,23474990,2388005,899247,3083254,203998,0.06205731,3028900,229039,0.9296982
2,18581457,17556877,1024580,74523,43175,108524,9174,0.07794525,94188,20572,0.8207389
3,40700254,17140113,23560141,2416052,908867,3120309,204610,0.06153834,3056958,239914,0.9272298
