pid,execution_cycles,compute_cycles,idle_cycles,loads,stores,hit_count,miss_count,miss_rate,private,shared,private_rate
0,28207819,17729254,10478565,2380720,889412,3196589,73543,0.02248931,2282651,982056,0.6991902
1,27561429,17120545,10440884,2388005,899247,3214540,72712,0.02211939,2198473,1084003,0.6697606
2,18147858,17556877,590981,74523,43175,112885,4813,0.04089279,90844,25926,0.7779738
3,27643135,17140113,10503022,2416052,908867,3251734,73185,0.02201106,2203183,1116774,0.6636179
