pid,execution_cycles,compute_cycles,idle_cycles,loads,stores,hit_count,miss_count,miss_rate,private,shared,private_rate
0,170703490,17729254,152974236,2380720,889412,1752699,1517433,0.4640281,2692891,111485,0.9602461
1,170630383,17120545,153509838,2388005,899247,1764108,1523144,0.4633487,2702879,115469,0.9590295
2,22973922,17556877,5417045,74523,43175,64065,53633,0.4556832,96707,1344,0.9862928
3,173247965,17140113,156107852,2416052,908867,1782650,1542269,0.4638516,2838689,11230,0.9960595
