pid,execution_cycles,compute_cycles,idle_cycles,loads,stores,hit_count,miss_count,miss_rate,private,shared,private_rate
0,21879496,17729254,4150242,2380720,889412,3261242,8890,0.002718545,2128451,1140908,0.6510301
1,21238803,17120545,4118258,2388005,899247,3278858,8394,0.002553501,2140826,1145889,0.6513574
2,17811987,17556877,255110,74523,43175,116310,1388,0.01179289,89811,27887,0.7630631
3,21368506,17140113,4228393,2416052,908867,3315793,9126,0.002744729,2153036,1171210,0.6476765
