pid,execution_cycles,compute_cycles,idle_cycles,loads,stores,hit_count,miss_count,miss_rate,private,shared,private_rate
0,30162430,17729254,12433176,2380720,889412,3177576,92556,0.02830344,2834124,430384,0.8681627
1,29556387,17120545,12435842,2388005,899247,3194842,92410,0.02811163,2425276,856399,0.739036
2,17766348,17556877,209471,74523,43175,116771,927,0.00787609,89420,28011,0.7614684
3,29632531,17140113,12492418,2416052,908867,3232318,92601,0.0278506,2228150,1090891,0.6713234
