pid,execution_cycles,compute_cycles,idle_cycles,loads,stores,hit_count,miss_count,miss_rate,private,shared,private_rate
0,31887406,17729254,14158152,2380720,889412,3160152,109980,0.03363167,2268928,992780,0.6956257
1,31188501,17120545,14067956,2388005,899247,3178356,108896,0.03312676,2216215,1063064,0.6758239
2,17812977,17556877,256100,74523,43175,116300,1398,0.01187786,90655,27020,0.7703845
3,31337311,17140113,14197198,2416052,908867,3215098,109821,0.03302968,2214671,1102362,0.6676663
