pid,execution_cycles,compute_cycles,idle_cycles,loads,stores,hit_count,miss_count,miss_rate,private,shared,private_rate
0,37390321,17729254,19661067,2380720,889412,3104567,165565,0.05062945,2225693,1012626,0.6872989
1,37160379,17120545,20039834,2388005,899247,3118034,169218,0.05147704,2733216,519013,0.8404131
2,18178881,17556877,622004,74523,43175,112604,5094,0.04328026,89610,25631,0.7775878
3,36905170,17140113,19765057,2416052,908867,3158857,166062,0.04994468,2304117,988510,0.6997808
