pid,execution_cycles,compute_cycles,idle_cycles,loads,stores,hit_count,miss_count,miss_rate,private,shared,private_rate
0,29594158,17729254,11864904,2380720,889412,3179835,90297,0.02761265,2182763,1081642,0.6686557
1,28906763,17120545,11786218,2388005,899247,3197745,89507,0.02722852,2164819,1117386,0.6595624
2,17787815,17556877,230938,74523,43175,116899,799,0.006788561,88153,29488,0.7493391
3,28927277,17140113,11787164,2416052,908867,3234575,90344,0.02717179,2197310,1122574,0.6618635
