pid,execution_cycles,compute_cycles,idle_cycles,loads,stores,hit_count,miss_count,miss_rate,private,shared,private_rate
0,28112338,17729254,10383084,2380720,889412,3198284,71848,0.02197098,2214481,1052639,0.6778083
1,27463824,17120545,10343279,2388005,899247,3215979,71273,0.02168164,2191089,1093609,0.6670595
2,17734074,17556877,177197,74523,43175,117097,601,0.005106289,89330,28334,0.7591957
3,27519574,17140113,10379461,2416052,908867,3253661,71258,0.0214315,2230530,1091408,0.6714544
