pid,execution_cycles,compute_cycles,idle_cycles,loads,stores,hit_count,miss_count,miss_rate,private,shared,private_rate
0,35180146,17729254,17450892,2380720,889412,3126892,143240,0.04380251,2796621,460674,0.8585716
1,34819821,17120545,17699276,2388005,899247,3141676,145576,0.04428501,2325898,947219,0.7106064
2,18098196,17556877,541319,74523,43175,113419,4279,0.03635576,93042,23431,0.7988289
3,34858147,17140113,17718034,2416052,908867,3179534,145385,0.04372588,2354852,956604,0.7111228
