pid,execution_cycles,compute_cycles,idle_cycles,loads,stores,hit_count,miss_count,miss_rate,private,shared,private_rate
0,26181315,17729254,8452061,2380720,889412,3222417,47715,0.01459115,2435750,833093,0.7451413
1,25614667,17120545,8494122,2388005,899247,3239206,48046,0.01461586,2194259,1091685,0.6677713
2,17742957,17556877,186080,74523,43175,117232,466,0.003959286,89925,27671,0.7646944
3,25918822,17140113,8778709,2416052,908867,3276597,48322,0.01453329,2212634,1111297,0.6656678
