pid,execution_cycles,compute_cycles,idle_cycles,loads,stores,hit_count,miss_count,miss_rate,private,shared,private_rate
0,23378158,17729254,5648904,2380720,889412,3246104,24028,0.007347716,1959808,1309930,0.5993777
1,22743009,17120545,5622464,2388005,899247,3263664,23588,0.007175598,2155458,1131515,0.6557577
2,17701107,17556877,144230,74523,43175,117430,268,0.002277014,89369,28329,0.7593077
3,22911817,17140113,5771704,2416052,908867,3300204,24715,0.007433264,2154695,1169911,0.6481054
