pid,execution_cycles,compute_cycles,idle_cycles,loads,stores,hit_count,miss_count,miss_rate,private,shared,private_rate
0,23612612,17729254,5883358,2380720,889412,3246596,23536,0.007197263,2104319,1156155,0.6454028
1,23314075,17120545,6193530,2388005,899247,3262639,24613,0.007487409,2142862,1134963,0.6537451
2,18060632,17556877,503755,74523,43175,113374,4324,0.03673809,89556,28140,0.7609095
3,23344450,17140113,6204337,2416052,908867,3300103,24816,0.00746364,2155366,1160519,0.6500123
