pid,execution_cycles,compute_cycles,idle_cycles,loads,stores,hit_count,miss_count,miss_rate,private,shared,private_rate
0,29873715,17729254,12144461,2380720,889412,3200811,69321,0.02119823,2163770,1103513,0.6622536
1,29291720,17120545,12171175,2388005,899247,3218241,69011,0.02099352,2151503,1133409,0.6549652
2,17771879,17556877,215002,74523,43175,117200,498,0.004231168,87536,30162,0.743734
3,29439694,17140113,12299581,2416052,908867,3255557,69362,0.02086126,2189055,1133326,0.6588814
