pid,execution_cycles,compute_cycles,idle_cycles,loads,stores,hit_count,miss_count,miss_rate,private,shared,private_rate
0,41588619,17729254,23859365,2380720,889412,3062281,207851,0.06356043,2452509,804907,0.7529002
1,41245553,17120545,24125008,2388005,899247,3076844,210408,0.06400726,2514403,759769,0.7679508
2,18260507,17556877,703630,74523,43175,111786,5912,0.05023025,96774,20162,0.8275809
3,41638612,17140113,24498499,2416052,908867,3111131,213788,0.06429871,2446586,864637,0.7388768
