pid,execution_cycles,compute_cycles,idle_cycles,loads,stores,hit_count,miss_count,miss_rate,private,shared,private_rate
0,22047499,17729254,4318245,2380720,889412,3259545,10587,0.003237484,2091143,1178263,0.6396095
1,21351663,17120545,4231118,2388005,899247,3277718,9534,0.002900295,2095723,1191067,0.63762
2,17733579,17556877,176702,74523,43175,117102,596,0.005063807,88713,28984,0.7537405
3,21454240,17140113,4314127,2416052,908867,3314927,9992,0.003005186,2179568,1144884,0.6556172
