pid,execution_cycles,compute_cycles,idle_cycles,loads,stores,hit_count,miss_count,miss_rate,private,shared,private_rate
0,162880246,17729254,145150992,2380720,889412,1836992,1433140,0.4382514,2750188,21445,0.9922627
1,162878400,17120545,145757855,2388005,899247,1848155,1439097,0.4377812,2760571,22022,0.9920858
2,23974836,17556877,6417959,74523,43175,54059,63639,0.5406974,93234,785,0.9916506
3,166102744,17140113,148962631,2416052,908867,1853831,1471088,0.4424433,2804800,9866,0.9964948
