pid,execution_cycles,compute_cycles,idle_cycles,loads,stores,hit_count,miss_count,miss_rate,private,shared,private_rate
0,24980185,17729254,7250931,2380720,889412,3228531,41601,0.0127215,2152300,1114680,0.6588042
1,24361569,17120545,7241024,2388005,899247,3246740,40512,0.01232397,2163430,1121143,0.658664
2,17802547,17556877,245670,74523,43175,116314,1384,0.01175891,90175,27523,0.7661558
3,24519486,17140113,7379373,2416052,908867,3283129,41790,0.01256873,2168551,1153848,0.6527064
