pid,execution_cycles,compute_cycles,idle_cycles,loads,stores,hit_count,miss_count,miss_rate,private,shared,private_rate
0,23015026,17729254,5285772,2380720,889412,3249772,20360,0.006226048,1958625,1311190,0.5990018
1,22375125,17120545,5254580,2388005,899247,3267380,19872,0.006045171,2161184,1125745,0.6575086
2,17701206,17556877,144329,74523,43175,117429,269,0.00228551,89356,28338,0.7592231
3,22556506,17140113,5416393,2416052,908867,3303793,21126,0.006353839,2165734,1158853,0.6514295
