pid,execution_cycles,compute_cycles,idle_cycles,loads,stores,hit_count,miss_count,miss_rate,private,shared,private_rate
0,24894081,17729254,7164827,2380720,889412,3217734,52398,0.01602321,2115593,1149410,0.6479605
1,24348889,17120545,7228344,2388005,899247,3235840,51412,0.01563981,2144267,1138706,0.6531479
2,17824413,17556877,267536,74523,43175,116380,1318,0.01119815,89012,28670,0.7563774
3,24365728,17140113,7225615,2416052,908867,3273616,51303,0.01542985,2160679,1160719,0.650533
