pid,execution_cycles,compute_cycles,idle_cycles,loads,stores,hit_count,miss_count,miss_rate,private,shared,private_rate
0,35195539,17729254,17466285,2380720,889412,3127537,142595,0.04360527,2560863,704974,0.7841368
1,34525176,17120545,17404631,2388005,899247,3145095,142157,0.04324494,2882673,400128,0.8781138
2,18087246,17556877,530369,74523,43175,113569,4129,0.03508131,95876,21352,0.8178592
3,34825150,17140113,17685037,2416052,908867,3180433,144486,0.04345549,2518207,802020,0.7584442
