pid,execution_cycles,compute_cycles,idle_cycles,loads,stores,hit_count,miss_count,miss_rate,private,shared,private_rate
0,26914735,17729254,9185481,2380720,889412,3210381,59751,0.01827174,2137581,1130946,0.6539891
1,26303148,17120545,9182603,2388005,899247,3227703,59549,0.01811513,2101350,1184491,0.6395166
2,17720610,17556877,163733,74523,43175,117233,465,0.003950789,89342,28279,0.7595752
3,26353651,17140113,9213538,2416052,908867,3265438,59481,0.01788946,2223705,1099436,0.6691576
