pid,execution_cycles,compute_cycles,idle_cycles,loads,stores,hit_count,miss_count,miss_rate,private,shared,private_rate
0,30434383,17729254,12705129,2380720,889412,3176441,93691,0.02865053,2288537,978619,0.7004676
1,29728551,17120545,12608006,2388005,899247,3194154,93098,0.02832092,2390104,894082,0.7277615
2,17811939,17556877,255062,74523,43175,116342,1356,0.01152101,91144,26244,0.7764337
3,29869918,17140113,12729805,2416052,908867,3230593,94326,0.02836941,2885422,436081,0.8687097
