pid,execution_cycles,compute_cycles,idle_cycles,loads,stores,hit_count,miss_count,miss_rate,private,shared,private_rate
0,85637893,17729254,67908639,2380720,889412,2602686,667446,0.2041037,2954565,93057,0.9694657
1,85906039,17120545,68785494,2388005,899247,2607878,679374,0.2066693,2840743,218818,0.9284806
2,21645292,17556877,4088415,74523,43175,75631,42067,0.3574147,95543,5541,0.9451842
3,86611681,17140113,69471568,2416052,908867,2636291,688628,0.2071112,2870578,223213,0.9278513
