pid,execution_cycles,compute_cycles,idle_cycles,loads,stores,hit_count,miss_count,miss_rate,private,shared,private_rate
0,27958987,17729254,10229733,2380720,889412,3199833,70299,0.0214973,2178725,1088746,0.6667925
1,27315621,17120545,10195076,2388005,899247,3217476,69776,0.02122624,2227804,1057459,0.6781204
2,17732589,17556877,175712,74523,43175,117112,586,0.004978844,89085,28609,0.7569205
3,27387013,17140113,10246900,2416052,908867,3255000,69919,0.02102878,2193689,1128607,0.6602931
