pid,execution_cycles,compute_cycles,idle_cycles,loads,stores,hit_count,miss_count,miss_rate,private,shared,private_rate
0,26841961,17729254,9112707,2380720,889412,3213059,57073,0.01745281,2322037,946310,0.7104622
1,26074701,17120545,8954156,2388005,899247,3231060,56192,0.01709391,2358851,926570,0.7179753
2,17728905,17556877,172028,74523,43175,117280,418,0.003551462,89261,28431,0.7584288
3,26322910,17140113,9182797,2416052,908867,3267797,57122,0.01717997,2223222,1100042,0.6689875
