pid,execution_cycles,compute_cycles,idle_cycles,loads,stores,hit_count,miss_count,miss_rate,private,shared,private_rate
0,23003173,17729254,5273919,2380720,889412,3260846,9286,0.002839641,2011769,1257600,0.6153386
1,22314382,17120545,5193837,2388005,899247,3278595,8657,0.002633507,1996944,1289771,0.6075805
2,17772075,17556877,215198,74523,43175,117200,498,0.004231168,86817,30880,0.7376314
3,22415736,17140113,5275623,2416052,908867,3316112,8807,0.002648786,2114119,1210290,0.6359383
