pid,execution_cycles,compute_cycles,idle_cycles,loads,stores,hit_count,miss_count,miss_rate,private,shared,private_rate
0,22471612,17729254,4742358,2380720,889412,3262661,7471,0.002284617,2077671,1189771,0.6358708
1,21991995,17120545,4871450,2388005,899247,3279767,7485,0.002276978,2103664,1181250,0.6404015
2,17822923,17556877,266046,74523,43175,116382,1316,0.01118116,87935,29763,0.747124
3,22051880,17140113,4911767,2416052,908867,3317119,7800,0.002345922,2123202,1199503,0.638998
