pid,execution_cycles,compute_cycles,idle_cycles,loads,stores,hit_count,miss_count,miss_rate,private,shared,private_rate
0,22001146,17729254,4271892,2380720,889412,3258340,11792,0.003605971,2130409,1137241,0.6519698
1,21377376,17120545,4256831,2388005,899247,3276871,10381,0.003157957,2140801,1144269,0.6516759
2,17801144,17556877,244267,74523,43175,116311,1387,0.0117844,89853,27845,0.7634199
3,21500865,17140113,4360752,2416052,908867,3313548,11371,0.003419933,2153367,1169549,0.6480353
