pid,execution_cycles,compute_cycles,idle_cycles,loads,stores,hit_count,miss_count,miss_rate,private,shared,private_rate
0,31888000,17729254,14158746,2380720,889412,3160146,109986,0.0336335,2265348,996360,0.6945281
1,31187313,17120545,14066768,2388005,899247,3178368,108884,0.03312311,2216220,1063062,0.6758248
2,17812878,17556877,256001,74523,43175,116301,1397,0.01186936,90658,27019,0.7703969
3,31336618,17140113,14196505,2416052,908867,3215105,109814,0.03302757,2214560,1102477,0.667632
