pid,execution_cycles,compute_cycles,idle_cycles,loads,stores,hit_count,miss_count,miss_rate,private,shared,private_rate
0,30019078,17729254,12289824,2380720,889412,3179024,91108,0.02786065,2307992,956524,0.7069936
1,29246121,17120545,12125576,2388005,899247,3197976,89276,0.02715825,2378621,903819,0.7246503
2,17807631,17556877,250754,74523,43175,116354,1344,0.01141906,89822,27617,0.7648396
3,29423542,17140113,12283429,2416052,908867,3234429,90490,0.0272157,2246509,1073025,0.6767543
