pid,execution_cycles,compute_cycles,idle_cycles,loads,stores,hit_count,miss_count,miss_rate,private,shared,private_rate
0,65246978,17729254,47517724,2380720,889412,2878446,391686,0.1197768,2725204,464760,0.8543056
1,64013341,17120545,46892796,2388005,899247,2895652,391600,0.1191269,2894638,312332,0.9026084
2,19838673,17556877,2281796,74523,43175,98263,19435,0.165126,103407,8420,0.9247051
3,64828170,17140113,47688057,2416052,908867,2925066,399853,0.1202595,2977433,263981,0.9185599
