pid,execution_cycles,compute_cycles,idle_cycles,loads,stores,hit_count,miss_count,miss_rate,private,shared,private_rate
0,22151593,17729254,4422339,2380720,889412,3257723,12409,0.003794648,2124176,1144176,0.6499227
1,21471048,17120545,4350503,2388005,899247,3276183,11069,0.00336725,2139228,1146718,0.6510235
2,17755773,17556877,198896,74523,43175,116828,870,0.007391799,88796,28902,0.7544393
3,21612073,17140113,4471960,2416052,908867,3312824,12095,0.003637683,2155279,1168462,0.6484497
