pid,execution_cycles,compute_cycles,idle_cycles,loads,stores,hit_count,miss_count,miss_rate,private,shared,private_rate
0,37463134,17729254,19733880,2380720,889412,3102616,167516,0.05122607,2216301,1020638,0.6846904
1,37278305,17120545,20157760,2388005,899247,3116236,171016,0.052024,2948482,302430,0.9069707
2,18171402,17556877,614525,74523,43175,112621,5077,0.04313582,89611,25653,0.7774414
3,37001854,17140113,19861741,2416052,908867,3156821,168098,0.05055702,2298645,992677,0.6983957
