pid,execution_cycles,compute_cycles,idle_cycles,loads,stores,hit_count,miss_count,miss_rate,private,shared,private_rate
0,33213808,17729254,15484554,2380720,889412,3146754,123378,0.03772875,2211197,1034218,0.6813295
1,32738445,17120545,15617900,2388005,899247,3162700,124552,0.0378894,2236457,1025411,0.6856369
2,18130866,17556877,573989,74523,43175,113089,4609,0.03915954,90687,25931,0.7776415
3,32733805,17140113,15593692,2416052,908867,3200992,123927,0.03727219,2517096,784272,0.7624403
