pid,execution_cycles,compute_cycles,idle_cycles,loads,stores,hit_count,miss_count,miss_rate,private,shared,private_rate
0,42746629,17729254,25017375,2380720,889412,3160907,109225,0.03340079,2580630,684755,0.7902988
1,42306876,17120545,25186331,2388005,899247,3179841,107411,0.03267501,2294197,988237,0.6989316
2,18220381,17556877,663504,74523,43175,115341,2357,0.02002583,79911,37328,0.6816077
3,42366310,17140113,25226197,2416052,908867,3216742,108177,0.03253523,2510769,808990,0.7563106
