pid,execution_cycles,compute_cycles,idle_cycles,loads,stores,hit_count,miss_count,miss_rate,private,shared,private_rate
0,32633992,17729254,14904738,2380720,889412,3151398,118734,0.03630863,2199699,1051295,0.6766235
1,32100694,17120545,14980149,2388005,899247,3168681,118571,0.03606995,2213403,1053907,0.6774389
2,18126531,17556877,569654,74523,43175,113038,4660,0.03959286,90384,26274,0.7747776
3,32051572,17140113,14911459,2416052,908867,3207019,117900,0.03545951,2252834,1053447,0.6813801
