pid,execution_cycles,compute_cycles,idle_cycles,loads,stores,hit_count,miss_count,miss_rate,private,shared,private_rate
0,25546705,17729254,7817451,2380720,889412,3229543,40589,0.01241204,2292415,976553,0.7012657
1,25025927,17120545,7905382,2388005,899247,3246418,40834,0.01242193,2076016,1210285,0.6317182
2,17740090,17556877,183213,74523,43175,117365,333,0.002829275,89535,28135,0.7608991
3,25328762,17140113,8188649,2416052,908867,3283685,41234,0.01240151,2071717,1252320,0.6232533
