pid,execution_cycles,compute_cycles,idle_cycles,loads,stores,hit_count,miss_count,miss_rate,private,shared,private_rate
0,22773396,17729254,5044142,2380720,889412,3257958,12174,0.003722786,2096270,1170591,0.6416771
1,22445253,17120545,5324708,2388005,899247,3274699,12553,0.003818691,2132313,1151679,0.6493052
2,17901041,17556877,344164,74523,43175,115360,2338,0.0198644,88430,29268,0.7513297
3,22483145,17140113,5343032,2416052,908867,3311990,12929,0.003888516,2144915,1176832,0.645719
