pid,execution_cycles,compute_cycles,idle_cycles,loads,stores,hit_count,miss_count,miss_rate,private,shared,private_rate
0,49477087,17729254,31747833,2380720,889412,2983093,287039,0.08777597,2475162,735663,0.7708804
1,49406550,17120545,32286005,2388005,899247,2995005,292247,0.08890313,2508889,721728,0.7765975
2,19528260,17556877,1971383,74523,43175,99007,18691,0.1588047,100976,10744,0.903831
3,48387640,17140113,31247527,2416052,908867,3043227,281692,0.08472146,2856409,415954,0.8728888
