pid,execution_cycles,compute_cycles,idle_cycles,loads,stores,hit_count,miss_count,miss_rate,private,shared,private_rate
0,22308562,17729254,4579308,2380720,889412,3256908,13224,0.004043873,2132280,1134589,0.6526983
1,21696183,17120545,4575638,2388005,899247,3274238,13014,0.00395893,2149253,1134937,0.6544241
2,17912373,17556877,355496,74523,43175,115296,2402,0.02040816,90038,27660,0.7649918
3,21843904,17140113,4703791,2416052,908867,3310991,13928,0.004188974,2161943,1160075,0.6507921
