pid,execution_cycles,compute_cycles,idle_cycles,loads,stores,hit_count,miss_count,miss_rate,private,shared,private_rate
0,28888663,17729254,11159409,2380720,889412,3190685,79447,0.02429474,2918779,347264,0.8936744
1,28411727,17120545,11291182,2388005,899247,3206594,80658,0.0245366,2550851,732573,0.7768875
2,17852935,17556877,296058,74523,43175,115906,1792,0.01522541,89983,27157,0.7681663
3,28466053,17140113,11325940,2416052,908867,3244440,80479,0.0242048,2421477,899318,0.7291859
