pid,execution_cycles,compute_cycles,idle_cycles,loads,stores,hit_count,miss_count,miss_rate,private,shared,private_rate
0,27548731,17729254,9819477,2380720,889412,3203977,66155,0.02023007,2569252,699773,0.7859383
1,27004365,17120545,9883820,2388005,899247,3220620,66632,0.02026982,2270462,1015284,0.6910035
2,17755557,17556877,198680,74523,43175,116880,818,0.006949991,90493,27049,0.769878
3,27045958,17140113,9905845,2416052,908867,3258445,66474,0.01999267,2472149,851227,0.7438668
