pid,execution_cycles,compute_cycles,idle_cycles,loads,stores,hit_count,miss_count,miss_rate,private,shared,private_rate
0,28329940,17729254,10600686,2380720,889412,3196086,74046,0.02264312,2925024,342087,0.8952937
1,27770328,17120545,10649783,2388005,899247,3212883,74369,0.02262346,2192172,1091887,0.6675191
2,17740608,17556877,183731,74523,43175,117031,667,0.005667046,89418,28106,0.7608488
3,27813208,17140113,10673095,2416052,908867,3250695,74224,0.02232355,2231233,1090690,0.6716691
