pid,execution_cycles,compute_cycles,idle_cycles,loads,stores,hit_count,miss_count,miss_rate,private,shared,private_rate
0,25508989,17729254,7779735,2380720,889412,3230311,39821,0.01217718,2242384,1026642,0.6859487
1,24937741,17120545,7817196,2388005,899247,3247392,39860,0.01212563,2076297,1210143,0.6317769
2,17746746,17556877,189869,74523,43175,117381,317,0.002693334,89497,28199,0.7604082
3,25236312,17140113,8096199,2416052,908867,3284623,40296,0.01211939,2050688,1273421,0.6169136
