pid,execution_cycles,compute_cycles,idle_cycles,loads,stores,hit_count,miss_count,miss_rate,private,shared,private_rate
0,112452913,17729254,94723659,2380720,889412,2346359,923773,0.282488,2932280,48077,0.9838687
1,106280496,17120545,89159951,2388005,899247,2419851,867401,0.2638681,2959113,64604,0.9786342
2,21136506,17556877,3579629,74523,43175,82729,34969,0.2971079,102484,2684,0.9744789
3,106949551,17140113,89809438,2416052,908867,2451338,873581,0.2627375,2997693,62995,0.979418
