pid,execution_cycles,compute_cycles,idle_cycles,loads,stores,hit_count,miss_count,miss_rate,private,shared,private_rate
0,31722472,17729254,13993218,2380720,889412,3161818,108314,0.03312221,2480838,786082,0.7593813
1,30971988,17120545,13851443,2388005,899247,3180543,106709,0.03246146,2596528,687292,0.7907035
2,17902968,17556877,346091,74523,43175,115391,2307,0.01960101,93041,24273,0.7930937
3,31071100,17140113,13930987,2416052,908867,3217787,107132,0.03222094,2734990,586421,0.8234422
