pid,execution_cycles,compute_cycles,idle_cycles,loads,stores,hit_count,miss_count,miss_rate,private,shared,private_rate
0,28135108,17729254,10405854,2380720,889412,3198054,72078,0.02204131,2179762,1083052,0.668062
1,27494217,17120545,10373672,2388005,899247,3215672,71580,0.02177503,2198162,1082066,0.6701248
2,17912274,17556877,355397,74523,43175,115297,2401,0.02039967,90749,26931,0.7711506
3,27724108,17140113,10583995,2416052,908867,3251595,73324,0.02205287,2208187,1109688,0.6655426
