pid,execution_cycles,compute_cycles,idle_cycles,loads,stores,hit_count,miss_count,miss_rate,private,shared,private_rate
0,32284990,17729254,14555736,2380720,889412,3156136,113996,0.03485975,2755466,504348,0.8452832
1,31683600,17120545,14563055,2388005,899247,3173355,113897,0.03464809,2491989,784802,0.7604968
2,17818719,17556877,261842,74523,43175,116242,1456,0.01237064,90807,26503,0.7740772
3,31744993,17140113,14604880,2416052,908867,3210980,113939,0.0342682,2236286,1078187,0.6747033
