pid,execution_cycles,compute_cycles,idle_cycles,loads,stores,hit_count,miss_count,miss_rate,private,shared,private_rate
0,27974190,17729254,10244936,2380720,889412,3200128,70004,0.02140709,2156892,1110337,0.6601594
1,27302989,17120545,10182444,2388005,899247,3217844,69408,0.02111429,2496117,789089,0.7598053
2,17735023,17556877,178146,74523,43175,117114,584,0.004961852,89082,28616,0.7568693
3,27410557,17140113,10270444,2416052,908867,3255116,69803,0.02099389,2202129,1120053,0.6628562
