pid,execution_cycles,compute_cycles,idle_cycles,loads,stores,hit_count,miss_count,miss_rate,private,shared,private_rate
0,24408451,17729254,6679197,2380720,889412,3235697,34435,0.01053016,2143449,1120454,0.6567135
1,23656878,17120545,6536333,2388005,899247,3254433,32819,0.009983719,2160199,1121366,0.6582832
2,17912076,17556877,355199,74523,43175,115299,2399,0.02038267,90381,27306,0.7679778
3,23828161,17140113,6688048,2416052,908867,3290948,33971,0.01021709,2174051,1145635,0.6548966
