pid,execution_cycles,compute_cycles,idle_cycles,loads,stores,hit_count,miss_count,miss_rate,private,shared,private_rate
0,36786421,17729254,19057167,2380720,889412,3110667,159465,0.04876409,2851607,409872,0.8743294
1,36221661,17120545,19101116,2388005,899247,3127516,159736,0.04859256,2942701,335700,0.8976025
2,18205116,17556877,648239,74523,43175,112339,5359,0.04553178,94894,21887,0.8125808
3,36501646,17140113,19361533,2416052,908867,3162933,161986,0.04871878,2991478,324219,0.9022169
