pid,execution_cycles,compute_cycles,idle_cycles,loads,stores,hit_count,miss_count,miss_rate,private,shared,private_rate
0,31287885,17729254,13558631,2380720,889412,3135508,134624,0.04116776,2217655,1031099,0.6826171
1,30916359,17120545,13795814,2388005,899247,3155289,131963,0.04014386,2233080,1034323,0.6834419
2,18099271,17556877,542394,74523,43175,113250,4448,0.03779164,90162,26070,0.7757072
3,30939545,17140113,13799432,2416052,908867,3194274,130645,0.03929269,2296414,1010624,0.6944021
