pid,execution_cycles,compute_cycles,idle_cycles,loads,stores,hit_count,miss_count,miss_rate,private,shared,private_rate
0,33365659,17729254,15636405,2380720,889412,3143989,126143,0.03857428,2211607,1041654,0.6798123
1,32887350,17120545,15766805,2388005,899247,3160501,126751,0.03855835,2234491,1035466,0.6833396
2,17915451,17556877,358574,74523,43175,115214,2484,0.02110486,90630,26481,0.7738812
3,32880004,17140113,15739891,2416052,908867,3198447,126472,0.03803762,2783880,524486,0.8414668
