pid,execution_cycles,compute_cycles,idle_cycles,loads,stores,hit_count,miss_count,miss_rate,private,shared,private_rate
0,105157999,17729254,87428745,2380720,889412,2420045,850087,0.2599549,2976119,24517,0.9918294
1,105560271,17120545,88439726,2388005,899247,2427126,860126,0.261655,2988336,24234,0.9919557
2,22721892,17556877,5165015,74523,43175,66715,50983,0.4331679,94898,2257,0.9767691
3,107044789,17140113,89904676,2416052,908867,2450376,874543,0.2630269,3020580,25572,0.9916051
