pid,execution_cycles,compute_cycles,idle_cycles,loads,stores,hit_count,miss_count,miss_rate,private,shared,private_rate
0,21679124,17729254,3949870,2380720,889412,3261454,8678,0.002653716,2129777,1140351,0.6512825
1,21141083,17120545,4020538,2388005,899247,3279106,8146,0.002478058,2140191,1147054,0.6510592
2,17801076,17556877,244199,74523,43175,116311,1387,0.0117844,89792,27906,0.7629017
3,21237748,17140113,4097635,2416052,908867,3316067,8852,0.00266232,2150299,1174620,0.6467222
