pid,execution_cycles,compute_cycles,idle_cycles,loads,stores,hit_count,miss_count,miss_rate,private,shared,private_rate
0,37196479,17729254,19467225,2380720,889412,3106525,163607,0.0500307,2651609,609728,0.8130435
1,36303435,17120545,19182890,2388005,899247,3126690,160562,0.04884384,2857445,420553,0.8717043
2,18213234,17556877,656357,74523,43175,112257,5441,0.04622848,94944,21806,0.8132248
3,36637078,17140113,19496965,2416052,908867,3161565,163354,0.04913022,2857378,457984,0.86186
