pid,execution_cycles,compute_cycles,idle_cycles,loads,stores,hit_count,miss_count,miss_rate,private,shared,private_rate
0,33667251,17729254,15937997,2380720,889412,3145311,124821,0.03817002,2731822,531257,0.8371915
1,32684847,17120545,15564302,2388005,899247,3161856,125396,0.03814615,2370643,909113,0.7228108
2,18014262,17556877,457385,74523,43175,114380,3318,0.02819079,92575,24493,0.7907797
3,32709808,17140113,15569695,2416052,908867,3197643,127276,0.03827943,2305544,1012067,0.694941
