pid,execution_cycles,compute_cycles,idle_cycles,loads,stores,hit_count,miss_count,miss_rate,private,shared,private_rate
0,23081854,17729254,5352600,2380720,889412,3248285,21847,0.00668077,2101675,1164566,0.6434537
1,22795833,17120545,5675288,2388005,899247,3264597,22655,0.006891775,2138524,1144851,0.6513188
2,17903774,17556877,346897,74523,43175,115357,2341,0.01988989,88897,28757,0.7555799
3,22761477,17140113,5621364,2416052,908867,3303046,21873,0.006578506,2152868,1168486,0.6481899
