pid,execution_cycles,compute_cycles,idle_cycles,loads,stores,hit_count,miss_count,miss_rate,private,shared,private_rate
0,21884553,17729254,4155299,2380720,889412,3267579,2553,0.0007807024,2071690,1198353,0.633536
1,21435657,17120545,4315112,2388005,899247,3284348,2904,0.0008834126,1990628,1296606,0.6055632
2,17760754,17556877,203877,74523,43175,117381,317,0.002693334,88953,28745,0.7557733
3,21669781,17140113,4529668,2416052,908867,3321664,3255,0.0009789712,2009246,1315657,0.6043021
