pid,execution_cycles,compute_cycles,idle_cycles,loads,stores,hit_count,miss_count,miss_rate,private,shared,private_rate
0,34852159,17729254,17122905,2380720,889412,3130205,139927,0.0427894,2624784,633610,0.8055453
1,34782399,17120545,17661854,2388005,899247,3142054,145198,0.04417002,2723715,552207,0.8314346
2,18222342,17556877,665465,74523,43175,112165,5533,0.04701014,93948,21917,0.8108402
3,34755286,17140113,17615173,2416052,908867,3180573,144346,0.04341339,2519681,793881,0.7604146
