pid,execution_cycles,compute_cycles,idle_cycles,loads,stores,hit_count,miss_count,miss_rate,private,shared,private_rate
0,33701107,17729254,15971853,2380720,889412,3140901,129231,0.03951859,2204464,1049354,0.6775007
1,33256116,17120545,16135571,2388005,899247,3156799,130453,0.03968451,2242195,1027661,0.6857167
2,17922906,17556877,366029,74523,43175,115137,2561,0.02175908,90350,26735,0.7716616
3,33244507,17140113,16104394,2416052,908867,3195018,129901,0.03906892,2920089,388166,0.8826674
