pid,execution_cycles,compute_cycles,idle_cycles,loads,stores,hit_count,miss_count,miss_rate,private,shared,private_rate
0,24994135,17729254,7264881,2380720,889412,3229781,40351,0.01233926,2152443,1114548,0.6588457
1,24326811,17120545,7206266,2388005,899247,3247666,39586,0.01204228,2163521,1121028,0.6586965
2,17812185,17556877,255308,74523,43175,116308,1390,0.01180989,90188,27510,0.7662662
3,24516706,17140113,7376593,2416052,908867,3283993,40926,0.01230887,2173191,1149161,0.6541122
