pid,execution_cycles,compute_cycles,idle_cycles,loads,stores,hit_count,miss_count,miss_rate,private,shared,private_rate
0,28356851,17729254,10627597,2380720,889412,3196041,74091,0.02265688,2921290,345699,0.8941842
1,27801896,17120545,10681351,2388005,899247,3212899,74353,0.02261859,2223125,1060765,0.6769791
2,17741939,17556877,185062,74523,43175,117030,668,0.005675542,89377,28135,0.7605776
3,27846289,17140113,10706176,2416052,908867,3250752,74167,0.02230641,2217178,1104505,0.6674863
