pid,execution_cycles,compute_cycles,idle_cycles,loads,stores,hit_count,miss_count,miss_rate,private,shared,private_rate
0,21525841,17729254,3796587,2380720,889412,3264019,6113,0.001869344,2120805,1148826,0.6486374
1,20910591,17120545,3790046,2388005,899247,3281842,5410,0.001645752,2127706,1159375,0.6472934
2,17755017,17556877,198140,74523,43175,116828,870,0.007391799,88532,29166,0.7521963
3,21014959,17140113,3874846,2416052,908867,3318846,6073,0.001826511,2152555,1172301,0.647413
