pid,execution_cycles,compute_cycles,idle_cycles,loads,stores,hit_count,miss_count,miss_rate,private,shared,private_rate
0,75257359,17729254,57528105,2380720,889412,2723565,546567,0.1671391,2854288,262210,0.9158639
1,80275143,17120545,63154598,2388005,899247,2685098,602154,0.1831785,2898177,212856,0.9315803
2,19987644,17556877,2430767,74523,43175,94399,23299,0.1979558,102698,6251,0.9426245
3,78061846,17140113,60921733,2416052,908867,2746073,578846,0.1740933,2944643,213592,0.9323698
