pid,execution_cycles,compute_cycles,idle_cycles,loads,stores,hit_count,miss_count,miss_rate,private,shared,private_rate
0,22861993,17729254,5132739,2380720,889412,3254203,15929,0.004871057,2140774,1128591,0.6547981
1,22311978,17120545,5191433,2388005,899247,3270205,17047,0.00518579,2050029,1236721,0.6237253
2,18145008,17556877,588131,74523,43175,113203,4495,0.03819096,89972,26658,0.771431
3,22375735,17140113,5235622,2416052,908867,3308594,16325,0.004909894,2149758,1174606,0.6466675
