pid,execution_cycles,compute_cycles,idle_cycles,loads,stores,hit_count,miss_count,miss_rate,private,shared,private_rate
0,99794476,17729254,82065222,2380720,889412,2474222,795910,0.2433877,2667860,356498,0.8821244
1,99776691,17120545,82656146,2388005,899247,2485546,801706,0.2438833,2686048,352550,0.8839761
2,21735852,17556877,4178975,74523,43175,76675,41023,0.3485446,100289,2503,0.9756499
3,101297245,17140113,84157132,2416052,908867,2508432,816487,0.245566,3048825,22807,0.992575
