pid,execution_cycles,compute_cycles,idle_cycles,loads,stores,hit_count,miss_count,miss_rate,private,shared,private_rate
0,24472800,17729254,6743546,2380720,889412,3220416,49716,0.01520306,2125741,1133799,0.6521598
1,24096738,17120545,6976193,2388005,899247,3237898,49354,0.01501376,2166234,1110964,0.6610019
2,18061098,17556877,504221,74523,43175,113373,4325,0.03674659,89977,27685,0.7647074
3,24197649,17140113,7057536,2416052,908867,3273441,51478,0.01548248,2178242,1136898,0.6570588
