pid,execution_cycles,compute_cycles,idle_cycles,loads,stores,hit_count,miss_count,miss_rate,private,shared,private_rate
0,46920193,17729254,29190939,2380720,889412,3011311,258821,0.07914696,2822998,398538,0.8762894
1,46044342,17120545,28923797,2388005,899247,3031881,255371,0.07768525,2720610,518769,0.8398554
2,18836868,17556877,1279991,74523,43175,106107,11591,0.09848086,102853,11139,0.9022826
3,46962580,17140113,29822467,2416052,908867,3061383,263536,0.07926088,2778959,494276,0.8489946
