pid,execution_cycles,compute_cycles,idle_cycles,loads,stores,hit_count,miss_count,miss_rate,private,shared,private_rate
0,39816118,17729254,22086864,2380720,889412,3080064,190068,0.05812242,2880861,352594,0.8909544
1,39671217,17120545,22550672,2388005,899247,3092672,194580,0.0591923,3004514,242114,0.925426
2,18390840,17556877,833963,74523,43175,110463,7235,0.06147088,91095,23556,0.7945417
3,39484219,17140113,22344106,2416052,908867,3132806,192113,0.05777975,2617525,670006,0.7961978
