pid,execution_cycles,compute_cycles,idle_cycles,loads,stores,hit_count,miss_count,miss_rate,private,shared,private_rate
0,28024823,17729254,10295569,2380720,889412,3223289,46843,0.0143245,2496239,772632,0.7636395
1,27568903,17120545,10448358,2388005,899247,3239915,47337,0.01440017,2470285,815550,0.7517982
2,17781347,17556877,224470,74523,43175,117288,410,0.003483492,65755,51838,0.5591744
3,27491221,17140113,10351108,2416052,908867,3277939,46980,0.01412967,2532987,790667,0.7621091
