pid,execution_cycles,compute_cycles,idle_cycles,loads,stores,hit_count,miss_count,miss_rate,private,shared,private_rate
0,37039995,17729254,19310741,2380720,889412,3107653,162479,0.04968576,2429052,827462,0.7459056
1,36604012,17120545,19483467,2388005,899247,3123375,163877,0.04985228,2465589,806970,0.7534132
2,18257705,17556877,700828,74523,43175,111792,5906,0.05017927,94865,21407,0.8158886
3,36871988,17140113,19731875,2416052,908867,3158971,165948,0.04991039,3060642,249960,0.9244971
