pid,execution_cycles,compute_cycles,idle_cycles,loads,stores,hit_count,miss_count,miss_rate,private,shared,private_rate
0,31399414,17729254,13670160,2380720,889412,3152047,118085,0.03611016,2341385,918301,0.7182854
1,30646557,17120545,13526012,2388005,899247,3168013,119239,0.03627315,2211057,1064945,0.6749254
2,17862878,17556877,306001,74523,43175,116119,1579,0.01341569,90246,26712,0.7716103
3,30668799,17140113,13528686,2416052,908867,3206759,118160,0.03553771,2250679,1063745,0.6790558
