pid,execution_cycles,compute_cycles,idle_cycles,loads,stores,hit_count,miss_count,miss_rate,private,shared,private_rate
0,34936202,17729254,17206948,2380720,889412,3245464,24668,0.007543426,2072422,1196958,0.6338884
1,33995221,17120545,16874676,2388005,899247,3262543,24709,0.007516613,2160298,1126329,0.6572994
2,17800385,17556877,243508,74523,43175,117535,163,0.0013849,64376,53316,0.5469871
3,34306114,17140113,17166001,2416052,908867,3300219,24700,0.007428752,2091585,1232662,0.6291906
