pid,execution_cycles,compute_cycles,idle_cycles,loads,stores,hit_count,miss_count,miss_rate,private,shared,private_rate
0,44660541,17729254,26931287,2380720,889412,3032999,237133,0.07251481,2779322,457562,0.8586412
1,43279106,17120545,26158561,2388005,899247,3057885,229367,0.06977469,2774652,485729,0.8510208
2,18915416,17556877,1358539,74523,43175,105235,12463,0.1058896,96643,17299,0.8481771
3,43697202,17140113,26557089,2416052,908867,3092269,232650,0.06997163,2774956,518241,0.8426329
