pid,execution_cycles,compute_cycles,idle_cycles,loads,stores,hit_count,miss_count,miss_rate,private,shared,private_rate
0,101408949,17729254,83679695,2380720,889412,2494815,775317,0.2370904,2883289,188083,0.9387625
1,99645285,17120545,82524740,2388005,899247,2518307,768945,0.2339173,2975760,114814,0.9628503
2,20560053,17556877,3003176,74523,43175,90066,27632,0.2347703,103383,4342,0.9596937
3,102532687,17140113,85392574,2416052,908867,2535041,789878,0.2375631,2930652,190609,0.9389321
