pid,execution_cycles,compute_cycles,idle_cycles,loads,stores,hit_count,miss_count,miss_rate,private,shared,private_rate
0,66696179,17729254,48966925,2380720,889412,2808529,461603,0.1411573,2764266,399231,0.8738007
1,66352331,17120545,49231786,2388005,899247,2823150,464102,0.1411824,3089567,86671,0.9727127
2,19927834,17556877,2370957,74523,43175,94933,22765,0.1934187,100837,9047,0.9176677
3,67286421,17140113,50146308,2416052,908867,2851964,472955,0.1422456,2811532,398947,0.875736
