pid,execution_cycles,compute_cycles,idle_cycles,loads,stores,hit_count,miss_count,miss_rate,private,shared,private_rate
0,25064260,17729254,7335006,2380720,889412,3245042,25090,0.007672473,2064947,1204669,0.6315564
1,24657009,17120545,7536464,2388005,899247,3262036,25216,0.007670845,2035675,1251234,0.6193281
2,17805255,17556877,248378,74523,43175,117442,256,0.002175058,89412,28286,0.7596731
3,25202743,17140113,8062630,2416052,908867,3299202,25717,0.007734625,2001568,1322882,0.6020749
