pid,execution_cycles,compute_cycles,idle_cycles,loads,stores,hit_count,miss_count,miss_rate,private,shared,private_rate
0,29691649,17729254,11962395,2380720,889412,3181643,88489,0.02705976,2214532,1050948,0.6781643
1,29014029,17120545,11893484,2388005,899247,3199948,87304,0.02655835,2184805,1098398,0.6654493
2,17755242,17556877,198365,74523,43175,116841,857,0.007281347,89205,28493,0.7579143
3,29144326,17140113,12004213,2416052,908867,3236701,88218,0.02653238,2195575,1125330,0.6611376
