pid,execution_cycles,compute_cycles,idle_cycles,loads,stores,hit_count,miss_count,miss_rate,private,shared,private_rate
0,142536835,17729254,124807581,2380720,889412,2042481,1227651,0.3754133,2874372,9452,0.9967224
1,142937325,17120545,125816780,2388005,899247,2049580,1237672,0.3765066,2886002,9869,0.996592
2,23419446,17556877,5862569,74523,43175,59669,58029,0.493033,93802,1011,0.9893369
3,144797944,17140113,127657831,2416052,908867,2069031,1255888,0.3777199,2917501,10829,0.996302
