pid,execution_cycles,compute_cycles,idle_cycles,loads,stores,hit_count,miss_count,miss_rate,private,shared,private_rate
0,37512482,17729254,19783228,2380720,889412,3101888,168244,0.05144869,2395753,840636,0.740255
1,37307038,17120545,20186493,2388005,899247,3115969,171283,0.05210522,2650117,600548,0.8152538
2,18180305,17556877,623428,74523,43175,112532,5166,0.04389199,89758,25589,0.7781563
3,37160894,17140113,20020781,2416052,908867,3154985,169934,0.05110921,2266776,1023114,0.6890127
