pid,execution_cycles,compute_cycles,idle_cycles,loads,stores,hit_count,miss_count,miss_rate,private,shared,private_rate
0,38822845,17729254,21093591,2380720,889412,3066299,203833,0.06233173,2252070,980091,0.6967691
1,38808205,17120545,21687660,2388005,899247,3077929,209323,0.0636772,2264719,980192,0.6979295
2,18603932,17556877,1047055,74523,43175,107542,10156,0.08628864,91990,21586,0.8099422
3,38839802,17140113,21699689,2416052,908867,3117890,207029,0.06226588,2368541,917419,0.7208064
