pid,execution_cycles,compute_cycles,idle_cycles,loads,stores,hit_count,miss_count,miss_rate,private,shared,private_rate
0,33424401,17729254,15695147,2380720,889412,3144831,125301,0.0383168,2621155,643666,0.802848
1,32655925,17120545,15535380,2388005,899247,3163628,123624,0.0376071,2759480,522328,0.8408414
2,18030020,17556877,473143,74523,43175,114115,3583,0.03044232,93876,23332,0.8009351
3,32838815,17140113,15698702,2416052,908867,3200002,124917,0.03756994,2857215,462074,0.8607913
