pid,execution_cycles,compute_cycles,idle_cycles,loads,stores,hit_count,miss_count,miss_rate,private,shared,private_rate
0,22800796,17729254,5071542,2380720,889412,3248058,22074,0.006750186,2134531,1131928,0.6534694
1,22482547,17120545,5362002,2388005,899247,3265374,21878,0.006655407,2161039,1122852,0.6580727
2,18084855,17556877,527978,74523,43175,113314,4384,0.03724787,90258,27440,0.7668609
3,22575890,17140113,5435777,2416052,908867,3301957,22962,0.006906033,2174351,1147471,0.6545658
