pid,execution_cycles,compute_cycles,idle_cycles,loads,stores,hit_count,miss_count,miss_rate,private,shared,private_rate
0,26573964,17729254,8844710,2380720,889412,3229438,40694,0.01244415,2163406,1104752,0.6619649
1,26093687,17120545,8973142,2388005,899247,3245970,41282,0.01255821,2120076,1165393,0.6452887
2,17772902,17556877,216025,74523,43175,117184,514,0.004367109,87353,30299,0.7424693
3,26194319,17140113,9054206,2416052,908867,3284472,40447,0.01216481,2164158,1158993,0.6512367
