pid,execution_cycles,compute_cycles,idle_cycles,loads,stores,hit_count,miss_count,miss_rate,private,shared,private_rate
0,34233706,17729254,16504452,2380720,889412,3136452,133680,0.04087908,2658207,601245,0.815538
1,33710229,17120545,16589684,2388005,899247,3152884,134368,0.04087548,2854920,420856,0.8715248
2,18011868,17556877,454991,74523,43175,114291,3407,0.02894697,93248,23532,0.7984929
3,33807658,17140113,16667545,2416052,908867,3190145,134774,0.04053452,2533098,781178,0.7642991
