pid,execution_cycles,compute_cycles,idle_cycles,loads,stores,hit_count,miss_count,miss_rate,private,shared,private_rate
0,33718231,17729254,15988977,2380720,889412,3140521,129611,0.03963479,2204709,1048857,0.6776285
1,33273045,17120545,16152500,2388005,899247,3156544,130708,0.03976209,2241343,1028366,0.685487
2,17919267,17556877,362390,74523,43175,115178,2520,0.02141073,90414,26675,0.7721818
3,33227728,17140113,16087615,2416052,908867,3195039,129880,0.03906261,2792941,515230,0.8442553
