pid,execution_cycles,compute_cycles,idle_cycles,loads,stores,hit_count,miss_count,miss_rate,private,shared,private_rate
0,32523603,17729254,14794349,2380720,889412,3132999,137133,0.041935,2254405,1004381,0.6917929
1,32116231,17120545,14995686,2388005,899247,3148948,138304,0.04207283,2230563,1044248,0.6811272
2,18036395,17556877,479518,74523,43175,113876,3822,0.03247294,92755,23847,0.7954838
3,32139570,17140113,14999457,2416052,908867,3186087,138832,0.041755,2258437,1054931,0.6816137
