pid,execution_cycles,compute_cycles,idle_cycles,loads,stores,hit_count,miss_count,miss_rate,private,shared,private_rate
0,21519505,17729254,3790251,2380720,889412,3264047,6085,0.001860781,2121007,1148983,0.648628
1,20907576,17120545,3787031,2388005,899247,3281831,5421,0.001649098,2127238,1159898,0.6471402
2,17755017,17556877,198140,74523,43175,116828,870,0.007391799,88564,29134,0.7524682
3,21021493,17140113,3881380,2416052,908867,3318748,6171,0.001855985,2151881,1172933,0.6472185
