pid,execution_cycles,compute_cycles,idle_cycles,loads,stores,hit_count,miss_count,miss_rate,private,shared,private_rate
0,98437867,17729254,80708613,2380720,889412,2487909,782223,0.2392023,2815928,208548,0.9310466
1,98282985,17120545,81162440,2388005,899247,2500544,786708,0.2393209,2828438,209183,0.9311359
2,21129171,17556877,3572294,74523,43175,82798,34900,0.2965216,99892,4892,0.9533135
3,100910830,17140113,83770717,2416052,908867,2512297,812622,0.2444035,2987105,83794,0.9727135
