pid,execution_cycles,compute_cycles,idle_cycles,loads,stores,hit_count,miss_count,miss_rate,private,shared,private_rate
0,32713672,17729254,14984418,2380720,889412,3151198,118934,0.03636979,2843077,416506,0.8722211
1,32200623,17120545,15080078,2388005,899247,3167706,119546,0.03636655,2329007,946984,0.7109321
2,17833868,17556877,276991,74523,43175,116067,1631,0.0138575,90840,26122,0.7766625
3,32187832,17140113,15047719,2416052,908867,3205899,119020,0.03579636,2875011,439485,0.8674052
