pid,execution_cycles,compute_cycles,idle_cycles,loads,stores,hit_count,miss_count,miss_rate,private,shared,private_rate
0,48474661,17729254,30745407,2380720,889412,3181215,88917,0.02719065,2249248,1012309,0.689624
1,48313267,17120545,31192722,2388005,899247,3180710,106542,0.03241066,2384996,886336,0.7290596
2,18286764,17556877,729887,74523,43175,113893,3805,0.0323285,83949,31934,0.7244289
3,49064685,17140113,31924572,2416052,908867,3231597,93322,0.02806745,2355498,958566,0.7107582
