pid,execution_cycles,compute_cycles,idle_cycles,loads,stores,hit_count,miss_count,miss_rate,private,shared,private_rate
0,29481249,17729254,11751995,2380720,889412,3195091,75041,0.02294739,2722831,543735,0.8335454
1,29018302,17120545,11897757,2388005,899247,3211497,75755,0.02304508,2624660,658860,0.7993434
2,17800363,17556877,243486,74523,43175,116888,810,0.00688202,88898,28549,0.7569201
3,28941020,17140113,11800907,2416052,908867,3250063,74856,0.02251363,2745464,576015,0.8265788
