pid,execution_cycles,compute_cycles,idle_cycles,loads,stores,hit_count,miss_count,miss_rate,private,shared,private_rate
0,79792912,17729254,62063658,2380720,889412,2676258,593874,0.1816055,2949139,131436,0.9573339
1,80098461,17120545,62977916,2388005,899247,2684316,602936,0.1834164,2938736,152545,0.9506531
2,20694966,17556877,3138089,74523,43175,87189,30509,0.2592143,93650,11308,0.8922617
3,81922747,17140113,64782634,2416052,908867,2704134,620785,0.1867068,2931241,190092,0.9390991
