pid,execution_cycles,compute_cycles,idle_cycles,loads,stores,hit_count,miss_count,miss_rate,private,shared,private_rate
0,68404087,17729254,50674833,2380720,889412,2791317,478815,0.1464207,2962824,219900,0.9309082
1,68434242,17120545,51313697,2388005,899247,2802161,485091,0.1475673,3056599,140184,0.9561484
2,20029118,17556877,2472241,74523,43175,93917,23781,0.202051,102058,8205,0.925587
3,69454659,17140113,52314546,2416052,908867,2830102,494817,0.1488208,3072726,157328,0.9512925
