pid,execution_cycles,compute_cycles,idle_cycles,loads,stores,hit_count,miss_count,miss_rate,private,shared,private_rate
0,97482107,17729254,79752853,2380720,889412,2494017,776115,0.2373345,2822041,218732,0.928067
1,98471374,17120545,81350829,2388005,899247,2497257,789995,0.2403208,2900573,151044,0.9505036
2,21275294,17556877,3718417,74523,43175,81062,36636,0.3112712,101567,3712,0.9647413
3,99917800,17140113,82777687,2416052,908867,2521776,803143,0.2415527,2966888,119423,0.9613056
