pid,execution_cycles,compute_cycles,idle_cycles,loads,stores,hit_count,miss_count,miss_rate,private,shared,private_rate
0,36038131,17729254,18308877,2380720,889412,3117489,152643,0.04667793,2614795,636103,0.8043301
1,35705436,17120545,18584891,2388005,899247,3132307,154945,0.04713511,2818965,446684,0.8632174
2,18133434,17556877,576557,74523,43175,113041,4657,0.03956737,92368,23682,0.7959328
3,35664430,17140113,18524317,2416052,908867,3170677,154242,0.0463897,2320458,984799,0.7020507
