pid,execution_cycles,compute_cycles,idle_cycles,loads,stores,hit_count,miss_count,miss_rate,private,shared,private_rate
0,21707408,17729254,3978154,2380720,889412,3261362,8770,0.002681849,2129233,1138216,0.65165
1,21171021,17120545,4050476,2388005,899247,3279044,8208,0.002496918,2138806,1146129,0.6510954
2,17801144,17556877,244267,74523,43175,116311,1387,0.0117844,89798,27900,0.7629526
3,21264353,17140113,4124240,2416052,908867,3316016,8903,0.002677659,2147391,1175344,0.6462721
