pid,execution_cycles,compute_cycles,idle_cycles,loads,stores,hit_count,miss_count,miss_rate,private,shared,private_rate
0,22326219,17729254,4596965,2380720,889412,3266469,3663,0.001120138,1990184,1279734,0.6086342
1,21685817,17120545,4565272,2388005,899247,3283758,3494,0.001062894,1977261,1309830,0.601523
2,17772103,17556877,215226,74523,43175,117200,498,0.004231168,86336,31362,0.7335384
3,21783327,17140113,4643214,2416052,908867,3321305,3614,0.001086944,2106693,1218050,0.6336409
