pid,execution_cycles,compute_cycles,idle_cycles,loads,stores,hit_count,miss_count,miss_rate,private,shared,private_rate
0,142536283,17729254,124807029,2380720,889412,2042481,1227651,0.3754133,2874327,9506,0.9967037
1,142937070,17120545,125816525,2388005,899247,2049577,1237675,0.3765075,2886322,9552,0.9967015
2,23419354,17556877,5862477,74523,43175,59669,58029,0.493033,93782,1030,0.9891364
3,144797257,17140113,127657144,2416052,908867,2069024,1255895,0.377722,2917565,10760,0.9963255
