pid,execution_cycles,compute_cycles,idle_cycles,loads,stores,hit_count,miss_count,miss_rate,private,shared,private_rate
0,34501358,17729254,16772104,2380720,889412,3244975,25157,0.007692962,2104906,1164564,0.6438065
1,33550504,17120545,16429959,2388005,899247,3262107,25145,0.007649246,2172517,1114167,0.6610057
2,17806060,17556877,249183,74523,43175,117515,183,0.001554827,64277,53397,0.5462294
3,33867179,17140113,16727066,2416052,908867,3299874,25045,0.007532514,2101872,1222520,0.6322576
