pid,execution_cycles,compute_cycles,idle_cycles,loads,stores,hit_count,miss_count,miss_rate,private,shared,private_rate
0,32316769,17729254,14587515,2380720,889412,3155815,114317,0.03495792,2788066,471675,0.8553029
1,31712805,17120545,14592260,2388005,899247,3173060,114192,0.03473783,2517504,759094,0.7683286
2,17820798,17556877,263921,74523,43175,116221,1477,0.01254907,90616,26660,0.772673
3,31777168,17140113,14637055,2416052,908867,3210655,114264,0.03436595,2239898,1074482,0.6758121
