pid,execution_cycles,compute_cycles,idle_cycles,loads,stores,hit_count,miss_count,miss_rate,private,shared,private_rate
0,25213567,17729254,7484313,2380720,889412,3226153,43979,0.01344869,2156445,1109838,0.6602138
1,24680184,17120545,7559639,2388005,899247,3243499,43753,0.0133099,2163004,1120644,0.6587198
2,17802751,17556877,245874,74523,43175,116314,1384,0.01175891,90254,27443,0.7668335
3,24774847,17140113,7634734,2416052,908867,3280518,44401,0.01335401,2165776,1155959,0.6520014
