pid,execution_cycles,compute_cycles,idle_cycles,loads,stores,hit_count,miss_count,miss_rate,private,shared,private_rate
0,26302816,17729254,8573562,2380720,889412,3216562,53570,0.0163816,2154053,1105196,0.6609047
1,25631631,17120545,8511086,2388005,899247,3234486,52766,0.01605171,2181743,1095063,0.6658139
2,18112551,17556877,555674,74523,43175,113274,4424,0.03758772,90814,26787,0.7722213
3,25870828,17140113,8730715,2416052,908867,3270315,54604,0.01642266,2194291,1120675,0.6619347
