pid,execution_cycles,compute_cycles,idle_cycles,loads,stores,hit_count,miss_count,miss_rate,private,shared,private_rate
0,32784544,17729254,15055290,2380720,889412,3151090,119042,0.03640281,2202393,1049141,0.6773397
1,32324724,17120545,15204179,2388005,899247,3166879,120373,0.03661812,2215343,1051704,0.6780873
2,18136410,17556877,579533,74523,43175,113033,4665,0.03963534,90426,26232,0.7751376
3,32090800,17140113,14950687,2416052,908867,3207487,117432,0.03531876,2249474,1057022,0.6803196
