pid,execution_cycles,compute_cycles,idle_cycles,loads,stores,hit_count,miss_count,miss_rate,private,shared,private_rate
0,23411363,17729254,5682109,2380720,889412,3246261,23871,0.007299705,2127882,1141187,0.6509138
1,22724466,17120545,5603921,2388005,899247,3264189,23063,0.00701589,2125246,1161293,0.6466517
2,17735869,17556877,178992,74523,43175,117108,590,0.005012829,89125,28573,0.7572346
3,22832763,17140113,5692650,2416052,908867,3301362,23557,0.007084985,2176172,1148043,0.6546424
