pid,execution_cycles,compute_cycles,idle_cycles,loads,stores,hit_count,miss_count,miss_rate,private,shared,private_rate
0,22772988,17729254,5043734,2380720,889412,3257946,12186,0.003726455,2096310,1170563,0.641687
1,22444801,17120545,5324256,2388005,899247,3274626,12626,0.003840898,2132333,1151632,0.6493166
2,17901041,17556877,344164,74523,43175,115360,2338,0.0198644,88595,29103,0.7527316
3,22482003,17140113,5341890,2416052,908867,3311977,12942,0.003892426,2144927,1176836,0.6457195
