pid,execution_cycles,compute_cycles,idle_cycles,loads,stores,hit_count,miss_count,miss_rate,private,shared,private_rate
0,23107762,17729254,5378508,2380720,889412,3248956,21176,0.00647558,2099847,1164776,0.6432127
1,22656765,17120545,5536220,2388005,899247,3266249,21003,0.006389227,2136677,1145356,0.6510224
2,17901713,17556877,344836,74523,43175,115360,2338,0.0198644,89073,28625,0.7567928
3,22734180,17140113,5594067,2416052,908867,3303096,21823,0.006563468,2148286,1171569,0.6471024
