pid,execution_cycles,compute_cycles,idle_cycles,loads,stores,hit_count,miss_count,miss_rate,private,shared,private_rate
0,37468202,17729254,19738948,2380720,889412,3080687,189445,0.05793191,2239496,993753,0.6926457
1,37453688,17120545,20333143,2388005,899247,3092745,194507,0.05917009,2257798,988681,0.6954605
2,18318092,17556877,761215,74523,43175,110512,7186,0.06105456,91041,23590,0.7942092
3,37484849,17140113,20344736,2416052,908867,3133478,191441,0.05757764,2400710,886680,0.7302784
