pid,execution_cycles,compute_cycles,idle_cycles,loads,stores,hit_count,miss_count,miss_rate,private,shared,private_rate
0,32922263,17729254,15193009,2380720,889412,3129991,140141,0.04285485,2239986,1010868,0.6890454
1,32528432,17120545,15407887,2388005,899247,3144555,142697,0.04340921,2244213,1021845,0.687132
2,17969354,17556877,412477,74523,43175,114925,2773,0.0235603,90052,26235,0.7743944
3,32552464,17140113,15412351,2416052,908867,3183843,141076,0.04242991,2268487,1036779,0.6863251
