pid,execution_cycles,compute_cycles,idle_cycles,loads,stores,hit_count,miss_count,miss_rate,private,shared,private_rate
0,102829387,17729254,85100133,2380720,889412,2443653,826479,0.2527357,2847153,186680,0.9384673
1,103863231,17120545,86742686,2388005,899247,2444542,842710,0.256357,2881461,161164,0.9470313
2,21238068,17556877,3681191,74523,43175,81711,35987,0.3057571,103491,2090,0.9802048
3,103384081,17140113,86243968,2416052,908867,2487460,837459,0.2518735,2922123,164020,0.9468528
