pid,execution_cycles,compute_cycles,idle_cycles,loads,stores,hit_count,miss_count,miss_rate,private,shared,private_rate
0,22038256,17729254,4309002,2380720,889412,3257014,13118,0.004011459,2133133,1136997,0.6523083
1,21593961,17120545,4473416,2388005,899247,3274260,12992,0.003952237,2150619,1136632,0.6542302
2,17896680,17556877,339803,74523,43175,115295,2403,0.02041666,89925,27773,0.7640317
3,21692452,17140113,4552339,2416052,908867,3311075,13844,0.00416371,2163204,1161709,0.6506047
