pid,execution_cycles,compute_cycles,idle_cycles,loads,stores,hit_count,miss_count,miss_rate,private,shared,private_rate
0,96777088,17729254,79047834,2380720,889412,2505746,764386,0.2337478,2947309,115485,0.9622942
1,101303436,17120545,84182891,2388005,899247,2472523,814729,0.247845,2912215,140689,0.9539163
2,20812809,17556877,3255932,74523,43175,86064,31634,0.2687726,104142,2104,0.9801969
3,102742975,17140113,85602862,2416052,908867,2495798,829121,0.2493658,2955194,127521,0.9586335
