pid,execution_cycles,compute_cycles,idle_cycles,loads,stores,hit_count,miss_count,miss_rate,private,shared,private_rate
0,26515666,17729254,8786412,2380720,889412,3214412,55720,0.01703907,2070149,1198652,0.6333053
1,25903782,17120545,8783237,2388005,899247,3231737,55515,0.01688797,2276190,1010013,0.6926505
2,17715066,17556877,158189,74523,43175,117289,409,0.003474995,89169,28529,0.7576085
3,26019130,17140113,8879017,2416052,908867,3268817,56102,0.01687319,2193983,1129289,0.6601876
