pid,execution_cycles,compute_cycles,idle_cycles,loads,stores,hit_count,miss_count,miss_rate,private,shared,private_rate
0,50045844,17729254,32316590,2380720,889412,2958129,312003,0.09540991,2621695,578587,0.8192075
1,50026464,17120545,32905919,2388005,899247,2970247,317005,0.09643465,2727560,486366,0.8486692
2,18889558,17556877,1332681,74523,43175,105171,12527,0.1064334,94257,19067,0.8317479
3,50061501,17140113,32921388,2416052,908867,3001972,322947,0.09712928,2542083,708943,0.7819325
