pid,execution_cycles,compute_cycles,idle_cycles,loads,stores,hit_count,miss_count,miss_rate,private,shared,private_rate
0,29194653,17729254,11465399,2380720,889412,3151817,118315,0.0361805,2185750,1065313,0.6723186
1,28884841,17120545,11764296,2388005,899247,3166359,120893,0.03677631,2206427,1060106,0.6754645
2,18110578,17556877,553701,74523,43175,113054,4644,0.03945692,89616,27005,0.7684379
3,28563488,17140113,11423375,2416052,908867,3207656,117263,0.03526793,2239359,1067739,0.6771372
