pid,execution_cycles,compute_cycles,idle_cycles,loads,stores,hit_count,miss_count,miss_rate,private,shared,private_rate
0,22190788,17729254,4461534,2380720,889412,3257338,12794,0.00391238,2125095,1143277,0.6501999
1,21551499,17120545,4430954,2388005,899247,3275374,11878,0.003613352,2139803,1146129,0.6512012
2,17755629,17556877,198752,74523,43175,116828,870,0.007391799,88846,28852,0.7548641
3,21675523,17140113,4535410,2416052,908867,3312186,12733,0.003829567,2154941,1168803,0.6483475
