pid,execution_cycles,compute_cycles,idle_cycles,loads,stores,hit_count,miss_count,miss_rate,private,shared,private_rate
0,22925835,17729254,5196581,2380720,889412,3247833,22299,0.006818991,2128744,1131490,0.6529421
1,22541021,17120545,5420476,2388005,899247,3265064,22188,0.006749711,2155416,1122268,0.6576034
2,18085223,17556877,528346,74523,43175,113314,4384,0.03724787,90469,27229,0.7686537
3,22643164,17140113,5503051,2416052,908867,3301691,23228,0.006986035,2168686,1146989,0.6540707
