pid,execution_cycles,compute_cycles,idle_cycles,loads,stores,hit_count,miss_count,miss_rate,private,shared,private_rate
0,22228570,17729254,4499316,2380720,889412,3257716,12416,0.003796789,2121835,1146543,0.6492012
1,21509865,17120545,4389320,2388005,899247,3276120,11132,0.003386415,2138941,1147016,0.650934
2,17760309,17556877,203432,74523,43175,116832,866,0.007357814,88802,28896,0.7544903
3,21662833,17140113,4522720,2416052,908867,3312820,12099,0.003638886,2155295,1168449,0.648454
