pid,execution_cycles,compute_cycles,idle_cycles,loads,stores,hit_count,miss_count,miss_rate,private,shared,private_rate
0,31440009,17729254,13710755,2380720,889412,3151773,118359,0.03619395,2345523,914141,0.7195597
1,30686937,17120545,13566392,2388005,899247,3167681,119571,0.03637415,2213464,1062465,0.6756752
2,17867395,17556877,310518,74523,43175,116074,1624,0.01379803,90296,26654,0.7720906
3,30709153,17140113,13569040,2416052,908867,3206487,118432,0.03561951,2253881,1060519,0.6800269
