pid,execution_cycles,compute_cycles,idle_cycles,loads,stores,hit_count,miss_count,miss_rate,private,shared,private_rate
0,34795854,17729254,17066600,2380720,889412,3145040,125092,0.03825289,2430859,833961,0.7445614
1,34037042,17120545,16916497,2388005,899247,3163760,123492,0.03756694,2676742,605017,0.8156425
2,18097601,17556877,540724,74523,43175,114138,3560,0.0302469,93213,23995,0.7952785
3,34271827,17140113,17131714,2416052,908867,3200095,124824,0.03754197,2647615,671674,0.7976452
