pid,execution_cycles,compute_cycles,idle_cycles,loads,stores,hit_count,miss_count,miss_rate,private,shared,private_rate
0,39744297,17729254,22015043,2380720,889412,3079823,190309,0.05819612,2588332,645131,0.8004829
1,39626119,17120545,22505574,2388005,899247,3092714,194538,0.05917952,3005469,241215,0.9257042
2,18385293,17556877,828416,74523,43175,110480,7218,0.06132645,91104,23539,0.7946756
3,39388192,17140113,22248079,2416052,908867,3132803,192116,0.05778066,2501598,785925,0.760937
