pid,execution_cycles,compute_cycles,idle_cycles,loads,stores,hit_count,miss_count,miss_rate,private,shared,private_rate
0,26024032,17729254,8294778,2380720,889412,3219378,50754,0.01552047,2152136,1107434,0.6602515
1,25319781,17120545,8199236,2388005,899247,3237636,49616,0.01509346,2179390,1097832,0.6650114
2,18108294,17556877,551417,74523,43175,113317,4381,0.03722238,90930,26768,0.7725705
3,25658869,17140113,8518756,2416052,908867,3272456,52463,0.01577873,2193082,1122092,0.6615285
