pid,execution_cycles,compute_cycles,idle_cycles,loads,stores,hit_count,miss_count,miss_rate,private,shared,private_rate
0,105157192,17729254,87427938,2380720,889412,2420042,850090,0.2599559,2976142,24483,0.9918407
1,105559910,17120545,88439365,2388005,899247,2427125,860127,0.2616553,2988541,24030,0.9920234
2,22721524,17556877,5164647,74523,43175,66715,50983,0.4331679,94888,2260,0.9767365
3,107044074,17140113,89903961,2416052,908867,2450373,874546,0.2630278,3020591,25562,0.9916084
