pid,execution_cycles,compute_cycles,idle_cycles,loads,stores,hit_count,miss_count,miss_rate,private,shared,private_rate
0,25066306,17729254,7337052,2380720,889412,3229052,41080,0.01256218,2153255,1113749,0.6590916
1,24360570,17120545,7240025,2388005,899247,3247325,39927,0.01214601,2163186,1121402,0.6585867
2,17812185,17556877,255308,74523,43175,116308,1390,0.01180989,90176,27522,0.7661643
3,24548980,17140113,7408867,2416052,908867,3283667,41252,0.01240692,2174230,1148168,0.6544159
