pid,execution_cycles,compute_cycles,idle_cycles,loads,stores,hit_count,miss_count,miss_rate,private,shared,private_rate
0,22306512,17729254,4577258,2380720,889412,3262775,7357,0.002249756,2077770,1192347,0.6353809
1,21910981,17120545,4790436,2388005,899247,3279849,7403,0.002252033,2104106,1183090,0.6400914
2,17822923,17556877,266046,74523,43175,116382,1316,0.01118116,87930,29768,0.7470815
3,21942434,17140113,4802321,2416052,908867,3317287,7632,0.002295394,2124050,1200798,0.6388412
