pid,execution_cycles,compute_cycles,idle_cycles,loads,stores,hit_count,miss_count,miss_rate,private,shared,private_rate
0,22529858,17729254,4800604,2380720,889412,3268600,1532,0.0004684826,1790721,1479280,0.5476209
1,21599411,17120545,4478866,2388005,899247,3285921,1331,0.0004048975,1831774,1455398,0.5572492
2,17783745,17556877,226868,74523,43175,117472,226,0.001920169,63567,54131,0.5400856
3,21938441,17140113,4798328,2416052,908867,3323369,1550,0.0004661768,1912127,1412710,0.575104
