pid,execution_cycles,compute_cycles,idle_cycles,loads,stores,hit_count,miss_count,miss_rate,private,shared,private_rate
0,22802563,17729254,5073309,2380720,889412,3248029,22103,0.006759054,2133691,1132331,0.6532996
1,22494092,17120545,5373547,2388005,899247,3265223,22029,0.006701342,2159746,1123630,0.6577821
2,18084855,17556877,527978,74523,43175,113314,4384,0.03724787,90261,27437,0.7668864
3,22565009,17140113,5424896,2416052,908867,3302000,22919,0.0068931,2173685,1147770,0.6544376
