pid,execution_cycles,compute_cycles,idle_cycles,loads,stores,hit_count,miss_count,miss_rate,private,shared,private_rate
0,21886760,17729254,4157506,2380720,889412,3267590,2542,0.0007773387,2070760,1199282,0.6332518
1,21436069,17120545,4315524,2388005,899247,3284348,2904,0.0008834126,1990530,1296694,0.6055352
2,17760754,17556877,203877,74523,43175,117381,317,0.002693334,88953,28745,0.7557733
3,21669781,17140113,4529668,2416052,908867,3321664,3255,0.0009789712,2008645,1316253,0.6041223
