pid,execution_cycles,compute_cycles,idle_cycles,loads,stores,hit_count,miss_count,miss_rate,private,shared,private_rate
0,23039133,17729254,5309879,2380720,889412,3250858,19274,0.005893952,2098346,1166335,0.6427415
1,22596003,17120545,5475458,2388005,899247,3268039,19213,0.005844699,2135317,1146747,0.6506019
2,17901713,17556877,344836,74523,43175,115360,2338,0.0198644,89047,28651,0.7565719
3,22670726,17140113,5530613,2416052,908867,3304848,20071,0.006036538,2147032,1172870,0.6467155
