pid,execution_cycles,compute_cycles,idle_cycles,loads,stores,hit_count,miss_count,miss_rate,private,shared,private_rate
0,49423771,17729254,31694517,2380720,889412,2983017,287115,0.08779921,2487261,723824,0.7745858
1,49345596,17120545,32225051,2388005,899247,2994951,292301,0.08891956,2519456,711252,0.7798464
2,19524984,17556877,1968107,74523,43175,99007,18691,0.1588047,100955,10776,0.9035541
3,48360262,17140113,31220149,2416052,908867,3043149,281770,0.08474492,2856135,416267,0.8727947
