pid,execution_cycles,compute_cycles,idle_cycles,loads,stores,hit_count,miss_count,miss_rate,private,shared,private_rate
0,30536503,17729254,12807249,2380720,889412,3171168,98964,0.030263,2354173,910031,0.7212089
1,29813410,17120545,12692865,2388005,899247,3187982,99270,0.03019848,2173653,1107469,0.6624725
2,17822304,17556877,265427,74523,43175,116601,1097,0.009320464,89500,27756,0.7632872
3,29834523,17140113,12694410,2416052,908867,3225954,98965,0.02976463,2227562,1091488,0.6711445
