pid,execution_cycles,compute_cycles,idle_cycles,loads,stores,hit_count,miss_count,miss_rate,private,shared,private_rate
0,29368809,17729254,11639555,2380720,889412,3199359,70773,0.02164225,2375664,891277,0.727183
1,28797441,17120545,11676896,2388005,899247,3216518,70734,0.02151767,2373844,910530,0.7227691
2,17775490,17556877,218613,74523,43175,117155,543,0.004613502,87890,29739,0.7471797
3,28942002,17140113,11801889,2416052,908867,3254148,70771,0.02128503,2361121,960752,0.71078
