pid,execution_cycles,compute_cycles,idle_cycles,loads,stores,hit_count,miss_count,miss_rate,private,shared,private_rate
0,43268842,17729254,25539588,2380720,889412,3045188,224944,0.06878744,2744701,488638,0.8488751
1,42941484,17120545,25820939,2388005,899247,3059639,227613,0.06924112,2910794,339207,0.8956286
2,18661011,17556877,1104134,74523,43175,107734,9964,0.08465734,94491,20238,0.8236017
3,43461742,17140113,26321629,2416052,908867,3092629,232290,0.06986336,2676166,608395,0.8147713
