pid,execution_cycles,compute_cycles,idle_cycles,loads,stores,hit_count,miss_count,miss_rate,private,shared,private_rate
0,22150558,17729254,4421304,2380720,889412,3258504,11628,0.00355582,2115494,1154063,0.6470277
1,21498084,17120545,4377539,2388005,899247,3276239,11013,0.003350215,2113478,1173409,0.6430029
2,17715858,17556877,158981,74523,43175,117281,417,0.003542966,89077,28621,0.7568268
3,21591058,17140113,4450945,2416052,908867,3313545,11374,0.003420835,2170557,1153995,0.6528871
