pid,execution_cycles,compute_cycles,idle_cycles,loads,stores,hit_count,miss_count,miss_rate,private,shared,private_rate
0,30470253,17729254,12740999,2380720,889412,3213937,56195,0.01718432,2257275,1011124,0.6906363
1,29867227,17120545,12746682,2388005,899247,3231137,56115,0.01707049,2288439,997423,0.6964501
2,17771041,17556877,214164,74523,43175,117362,336,0.002854764,86891,30788,0.738373
3,30014385,17140113,12874272,2416052,908867,3268450,56469,0.01698357,2325981,997232,0.6999193
