pid,execution_cycles,compute_cycles,idle_cycles,loads,stores,hit_count,miss_count,miss_rate,private,shared,private_rate
0,21681005,17729254,3951751,2380720,889412,3261435,8697,0.002659526,2129751,1140269,0.651296
1,21141732,17120545,4021187,2388005,899247,3279107,8145,0.002477753,2140209,1146935,0.6510846
2,17801076,17556877,244199,74523,43175,116311,1387,0.0117844,89792,27906,0.7629017
3,21239597,17140113,4099484,2416052,908867,3316060,8859,0.002664426,2150851,1173985,0.6469044
