pid,execution_cycles,compute_cycles,idle_cycles,loads,stores,hit_count,miss_count,miss_rate,private,shared,private_rate
0,32614165,17729254,14884911,2380720,889412,3152811,117321,0.03587653,2194406,1054095,0.6755134
1,32109696,17120545,14989151,2388005,899247,3169051,118201,0.03595739,2214425,1050919,0.6781598
2,18122154,17556877,565277,74523,43175,113177,4521,0.03841187,90778,25953,0.7776683
3,32090503,17140113,14950390,2416052,908867,3207490,117429,0.03531785,2363460,941288,0.715171
