pid,execution_cycles,compute_cycles,idle_cycles,loads,stores,hit_count,miss_count,miss_rate,private,shared,private_rate
0,21852469,17729254,4123215,2380720,889412,3261515,8617,0.002635062,2128705,1141323,0.6509745
1,21216429,17120545,4095884,2388005,899247,3279084,8168,0.00248475,2140963,1146181,0.651314
2,17811987,17556877,255110,74523,43175,116310,1388,0.01179289,89783,27915,0.7628252
3,21339895,17140113,4199782,2416052,908867,3316082,8837,0.002657809,2153265,1171575,0.6476297
