pid,execution_cycles,compute_cycles,idle_cycles,loads,stores,hit_count,miss_count,miss_rate,private,shared,private_rate
0,209589351,17729254,191860097,2380720,889412,1366514,1903618,0.5821227,2692207,5016,0.9981403
1,209651548,17120545,192531003,2388005,899247,1374483,1912769,0.5818748,2671891,37231,0.9862572
2,24758958,17556877,7202081,74523,43175,46096,71602,0.6083536,91642,485,0.9947355
3,212045702,17140113,194905589,2416052,908867,1388046,1936873,0.5825324,2700514,39844,0.9854603
