pid,execution_cycles,compute_cycles,idle_cycles,loads,stores,hit_count,miss_count,miss_rate,private,shared,private_rate
0,162395790,17729254,144666536,2380720,889412,1836994,1433138,0.4382508,2730974,40662,0.9853292
1,162555592,17120545,145435047,2388005,899247,1848155,1439097,0.4377812,2757033,25561,0.990814
2,23911627,17556877,6354750,74523,43175,54059,63639,0.5406974,93220,797,0.9915228
3,165766725,17140113,148626612,2416052,908867,1853834,1471085,0.4424424,2787652,27013,0.9904028
