pid,execution_cycles,compute_cycles,idle_cycles,loads,stores,hit_count,miss_count,miss_rate,private,shared,private_rate
0,22473737,17729254,4744483,2380720,889412,3262454,7678,0.002347917,2078092,1189434,0.6359833
1,22008863,17120545,4888318,2388005,899247,3279448,7804,0.002374019,2104351,1180563,0.6406107
2,17822923,17556877,266046,74523,43175,116382,1316,0.01118116,88237,29461,0.7496899
3,22056260,17140113,4916147,2416052,908867,3316890,8029,0.002414796,2123351,1199434,0.6390275
