pid,execution_cycles,compute_cycles,idle_cycles,loads,stores,hit_count,miss_count,miss_rate,private,shared,private_rate
0,40890833,17729254,23161579,2380720,889412,3068279,201853,0.06172625,2320308,912950,0.7176378
1,40873386,17120545,23752841,2388005,899247,3080317,206935,0.06295076,2397757,848383,0.7386487
2,18671743,17556877,1114866,74523,43175,107594,10104,0.08584683,91978,21580,0.809965
3,40629718,17140113,23489605,2416052,908867,3120477,204442,0.06148781,3052510,234795,0.9285752
