pid,execution_cycles,compute_cycles,idle_cycles,loads,stores,hit_count,miss_count,miss_rate,private,shared,private_rate
0,41634055,17729254,23904801,2380720,889412,3061701,208431,0.06373779,2749463,501909,0.8456316
1,41126913,17120545,24006368,2388005,899247,3077968,209284,0.06366534,2756557,511154,0.8435743
2,18429846,17556877,872969,74523,43175,110069,7629,0.06481843,96046,19738,0.8295274
3,41388781,17140113,24248668,2416052,908867,3113568,211351,0.06356576,3079507,226310,0.9315419
