pid,execution_cycles,compute_cycles,idle_cycles,loads,stores,hit_count,miss_count,miss_rate,private,shared,private_rate
0,31401705,17729254,13672451,2380720,889412,3151997,118135,0.03612545,2341098,918596,0.7181956
1,30648726,17120545,13528181,2388005,899247,3167926,119326,0.03629962,2211532,1064471,0.6750702
2,17862754,17556877,305877,74523,43175,116123,1575,0.01338171,90292,26664,0.7720168
3,30670969,17140113,13530856,2416052,908867,3206679,118240,0.03556177,2250489,1063927,0.6790002
