pid,execution_cycles,compute_cycles,idle_cycles,loads,stores,hit_count,miss_count,miss_rate,private,shared,private_rate
0,27303805,17729254,9574551,2380720,889412,3206451,63681,0.01947353,2172505,1083928,0.6671425
1,26937243,17120545,9816698,2388005,899247,3221298,65954,0.02006357,2200193,1072259,0.6723377
2,18199968,17556877,643091,74523,43175,112391,5307,0.04508998,89928,26312,0.7736407
3,26748166,17140113,9608053,2416052,908867,3261453,63466,0.01908798,2199844,1112328,0.6641696
