pid,execution_cycles,compute_cycles,idle_cycles,loads,stores,hit_count,miss_count,miss_rate,private,shared,private_rate
0,105751257,17729254,88022003,2380720,889412,2403319,866813,0.2650697,2750047,233599,0.9217069
1,106647459,17120545,89526914,2388005,899247,2409254,877998,0.2670918,2878901,116893,0.960981
2,22296065,17556877,4739188,74523,43175,70325,47373,0.4024962,97344,2920,0.9708769
3,107574868,17140113,90434755,2416052,908867,2433396,891523,0.2681338,2740109,288502,0.9047412
