pid,execution_cycles,compute_cycles,idle_cycles,loads,stores,hit_count,miss_count,miss_rate,private,shared,private_rate
0,22351807,17729254,4622553,2380720,889412,3268087,2045,0.000625357,1896982,1373150,0.5800934
1,21590799,17120545,4470254,2388005,899247,3285221,2031,0.0006178413,1883560,1403692,0.5729892
2,17771185,17556877,214308,74523,43175,117370,328,0.002786793,85476,32222,0.7262315
3,21749022,17140113,4608909,2416052,908867,3322865,2054,0.0006177594,2102556,1222362,0.6323633
