pid,execution_cycles,compute_cycles,idle_cycles,loads,stores,hit_count,miss_count,miss_rate,private,shared,private_rate
0,34886284,17729254,17157030,2380720,889412,3129162,140970,0.04310835,2246985,1003915,0.6911886
1,34509669,17120545,17389124,2388005,899247,3144220,143032,0.04351112,2225834,1040199,0.68151
2,17951058,17556877,394181,74523,43175,114873,2825,0.02400211,90381,25978,0.7767427
3,34446328,17140113,17306215,2416052,908867,3183155,141764,0.04263683,3001948,303412,0.9082061
