pid,execution_cycles,compute_cycles,idle_cycles,loads,stores,hit_count,miss_count,miss_rate,private,shared,private_rate
0,23989997,17729254,6260743,2380720,889412,3234746,35386,0.01082097,2139787,1124711,0.655472
1,23448392,17120545,6327847,2388005,899247,3253417,33835,0.01029279,2183021,1099997,0.6649434
2,17978254,17556877,421377,74523,43175,114401,3297,0.02801237,88599,28366,0.757483
3,23601745,17140113,6461632,2416052,908867,3288817,36102,0.01085801,2180974,1138551,0.6570139
