pid,execution_cycles,compute_cycles,idle_cycles,loads,stores,hit_count,miss_count,miss_rate,private,shared,private_rate
0,21367468,17729254,3638214,2380720,889412,3266414,3718,0.001136957,2033115,1236872,0.6217502
1,20722815,17120545,3602270,2388005,899247,3284070,3182,0.0009679818,2102267,1184915,0.6395347
2,17715858,17556877,158981,74523,43175,117281,417,0.003542966,88544,29154,0.7522983
3,20830738,17140113,3690625,2416052,908867,3321225,3694,0.001111005,2173479,1151350,0.6537115
