pid,execution_cycles,compute_cycles,idle_cycles,loads,stores,hit_count,miss_count,miss_rate,private,shared,private_rate
0,33829588,17729254,16100334,2380720,889412,3140534,129598,0.03963082,2205828,1047763,0.6779672
1,33336108,17120545,16215563,2388005,899247,3156663,130589,0.03972589,2238646,1031151,0.6846437
2,17924055,17556877,367178,74523,43175,115178,2520,0.02141073,90536,26554,0.7732172
3,33337705,17140113,16197592,2416052,908867,3194892,130027,0.03910682,2616421,691765,0.790893
