pid,execution_cycles,compute_cycles,idle_cycles,loads,stores,hit_count,miss_count,miss_rate,private,shared,private_rate
0,28298062,17729254,10568808,2380720,889412,3196408,73724,0.02254466,2246768,1021563,0.6874359
1,27616383,17120545,10495838,2388005,899247,3214438,72814,0.02215042,2181026,1104417,0.6638453
2,17773773,17556877,216896,74523,43175,116696,1002,0.008513314,90501,26979,0.7703524
3,27647680,17140113,10507567,2416052,908867,3252367,72552,0.02182068,2328384,994554,0.7007004
