pid,execution_cycles,compute_cycles,idle_cycles,loads,stores,hit_count,miss_count,miss_rate,private,shared,private_rate
0,51998464,17729254,34269210,2380720,889412,2957010,313122,0.0957521,3013579,184985,0.9421662
1,52100370,17120545,34979825,2388005,899247,2967125,320127,0.09738438,3022160,189323,0.9410481
2,19109283,17556877,1552406,74523,43175,103206,14492,0.1231287,92021,19869,0.8224238
3,52350259,17140113,35210146,2416052,908867,3002846,322073,0.09686642,3059307,191837,0.940994
