pid,execution_cycles,compute_cycles,idle_cycles,loads,stores,hit_count,miss_count,miss_rate,private,shared,private_rate
0,38560522,17729254,20831268,2380720,889412,3092174,177958,0.05441921,2668891,588104,0.8194336
1,37725167,17120545,20604622,2388005,899247,3111518,175734,0.05345924,2533801,739989,0.7739656
2,18260026,17556877,703149,74523,43175,111917,5781,0.04911723,94530,21928,0.8117089
3,38089486,17140113,20949373,2416052,908867,3148022,176897,0.0532034,2732930,577524,0.8255454
