pid,execution_cycles,compute_cycles,idle_cycles,loads,stores,hit_count,miss_count,miss_rate,private,shared,private_rate
0,22239565,17729254,4510311,2380720,889412,3265420,4712,0.00144092,2049839,1220151,0.626864
1,21720948,17120545,4600403,2388005,899247,3282648,4604,0.001400562,2062263,1224863,0.6273757
2,17785256,17556877,228379,74523,43175,116922,776,0.006593145,86514,31184,0.7350507
3,21779994,17140113,4639881,2416052,908867,3320084,4835,0.001454171,2117948,1206851,0.6370154
