pid,execution_cycles,compute_cycles,idle_cycles,loads,stores,hit_count,miss_count,miss_rate,private,shared,private_rate
0,26724457,17729254,8995203,2380720,889412,3212303,57829,0.017684,2099103,1169416,0.6422184
1,26072577,17120545,8952032,2388005,899247,3230032,57220,0.01740664,2427353,858632,0.7386987
2,17717244,17556877,160367,74523,43175,117267,431,0.003661914,89333,28338,0.759176
3,26160304,17140113,9020191,2416052,908867,3267391,57528,0.01730208,2193562,1129652,0.6600724
