pid,execution_cycles,compute_cycles,idle_cycles,loads,stores,hit_count,miss_count,miss_rate,private,shared,private_rate
0,41582006,17729254,23852752,2380720,889412,3037684,232448,0.07108215,2261015,964224,0.701038
1,42047746,17120545,24927201,2388005,899247,3049038,238214,0.072466,2397267,840740,0.7403526
2,18857815,17556877,1300938,74523,43175,105429,12269,0.1042414,92062,20746,0.8160946
3,41597452,17140113,24457339,2416052,908867,3087427,237492,0.07142791,2300882,977168,0.7019057
