pid,execution_cycles,compute_cycles,idle_cycles,loads,stores,hit_count,miss_count,miss_rate,private,shared,private_rate
0,26104123,17729254,8374869,2380720,889412,3218569,51563,0.01576787,2152755,1106806,0.6604432
1,25410168,17120545,8289623,2388005,899247,3236723,50529,0.0153712,2180033,1097167,0.6652121
2,18108888,17556877,552011,74523,43175,113311,4387,0.03727336,90889,26792,0.7723337
3,25715497,17140113,8575384,2416052,908867,3271884,53035,0.01595076,2193218,1121957,0.6615693
