pid,execution_cycles,compute_cycles,idle_cycles,loads,stores,hit_count,miss_count,miss_rate,private,shared,private_rate
0,34267149,17729254,16537895,2380720,889412,3135371,134761,0.04120965,2297193,962184,0.7047951
1,33799094,17120545,16678549,2388005,899247,3151713,135539,0.0412317,2848228,427337,0.8695379
2,18022568,17556877,465691,74523,43175,114163,3535,0.0300345,93206,23522,0.7984888
3,33895343,17140113,16755230,2416052,908867,3188626,136293,0.04099137,2345263,968737,0.7076835
