pid,execution_cycles,compute_cycles,idle_cycles,loads,stores,hit_count,miss_count,miss_rate,private,shared,private_rate
0,33327325,17729254,15598071,2380720,889412,3157637,112495,0.03440075,2622622,634136,0.8052861
1,32984967,17120545,15864422,2388005,899247,3177944,109308,0.03325209,2258662,1019273,0.6890503
2,18461964,17556877,905087,74523,43175,110647,7051,0.05990756,90609,24820,0.784976
3,32689527,17140113,15549414,2416052,908867,3221369,103550,0.03114362,2363179,954408,0.7123186
