pid,execution_cycles,compute_cycles,idle_cycles,loads,stores,hit_count,miss_count,miss_rate,private,shared,private_rate
0,41972485,17729254,24243231,2380720,889412,3165536,104596,0.03198525,2460337,806683,0.7530829
1,41696372,17120545,24575827,2388005,899247,3183953,103299,0.03142412,2296464,987599,0.6992753
2,18079094,17556877,522217,74523,43175,115724,1974,0.01677174,81806,35547,0.6970934
3,41670093,17140113,24529980,2416052,908867,3220301,104618,0.03146483,2416877,904697,0.72763
