pid,execution_cycles,compute_cycles,idle_cycles,loads,stores,hit_count,miss_count,miss_rate,private,shared,private_rate
0,34187014,17729254,16457760,2380720,889412,3136564,133568,0.04084483,2513129,742255,0.7719916
1,33608808,17120545,16488263,2388005,899247,3153751,133501,0.04061173,2784143,489670,0.8504282
2,18295530,17556877,738653,74523,43175,111413,6285,0.05339938,91836,24050,0.7924685
3,33765079,17140113,16624966,2416052,908867,3190310,134609,0.0404849,2792343,518824,0.8433108
