pid,execution_cycles,compute_cycles,idle_cycles,loads,stores,hit_count,miss_count,miss_rate,private,shared,private_rate
0,42339640,17729254,24610386,2380720,889412,3106485,163647,0.05004293,2561579,680821,0.7900256
1,45034968,17120545,27914423,2388005,899247,3095788,191464,0.05824439,2566579,685040,0.7893234
2,18700813,17556877,1143936,74523,43175,109829,7869,0.06685755,92559,22404,0.8051199
3,41814014,17140113,24673901,2416052,908867,3165887,159032,0.04783034,2639142,665225,0.7986831
