pid,execution_cycles,compute_cycles,idle_cycles,loads,stores,hit_count,miss_count,miss_rate,private,shared,private_rate
0,29104051,17729254,11374797,2380720,889412,3210318,59814,0.018291,2462861,805252,0.7536034
1,28534433,17120545,11413888,2388005,899247,3227509,59743,0.01817415,2487045,798362,0.7569975
2,17779936,17556877,223059,74523,43175,117220,478,0.004061241,87647,29941,0.7453737
3,28671831,17140113,11531718,2416052,908867,3264819,60100,0.01807563,2514762,808136,0.7567978
