pid,execution_cycles,compute_cycles,idle_cycles,loads,stores,hit_count,miss_count,miss_rate,private,shared,private_rate
0,23204017,17729254,5474763,2380720,889412,3247863,22269,0.006809817,2128604,1131628,0.6528995
1,22605003,17120545,5484458,2388005,899247,3265058,22194,0.006751536,2155665,1122045,0.6576741
2,18108294,17556877,551417,74523,43175,113317,4381,0.03722238,90474,27224,0.7686962
3,22765198,17140113,5625085,2416052,908867,3301685,23234,0.006987839,2168863,1146833,0.65412
