pid,execution_cycles,compute_cycles,idle_cycles,loads,stores,hit_count,miss_count,miss_rate,private,shared,private_rate
0,112853023,17729254,95123769,2380720,889412,2345609,924523,0.2827173,2945222,78114,0.974163
1,112706604,17120545,95586059,2388005,899247,2357459,929793,0.2828481,2974262,65301,0.9785163
2,21637983,17556877,4081106,74523,43175,77742,39956,0.339479,100118,2323,0.9773235
3,114615041,17140113,97474928,2416052,908867,2378583,946336,0.2846193,3034297,36878,0.9879922
