pid,execution_cycles,compute_cycles,idle_cycles,loads,stores,hit_count,miss_count,miss_rate,private,shared,private_rate
0,22798581,17729254,5069327,2380720,889412,3248059,22073,0.00674988,2134535,1131936,0.6534682
1,22479780,17120545,5359235,2388005,899247,3265375,21877,0.006655103,2161003,1122887,0.6580619
2,18084855,17556877,527978,74523,43175,113314,4384,0.03724787,90258,27440,0.7668609
3,22573314,17140113,5433201,2416052,908867,3301957,22962,0.006906033,2174329,1147494,0.654559
