pid,execution_cycles,compute_cycles,idle_cycles,loads,stores,hit_count,miss_count,miss_rate,private,shared,private_rate
0,22734743,17729254,5005489,2380720,889412,3258980,11152,0.00341026,2054409,1213926,0.6285797
1,22131029,17120545,5010484,2388005,899247,3276856,10396,0.00316252,2077746,1208185,0.6323158
2,17785292,17556877,228415,74523,43175,116922,776,0.006593145,87234,30464,0.7411681
3,22226167,17140113,5086054,2416052,908867,3313938,10981,0.003302637,2121552,1202172,0.6383057
