pid,execution_cycles,compute_cycles,idle_cycles,loads,stores,hit_count,miss_count,miss_rate,private,shared,private_rate
0,28527769,17729254,10798515,2380720,889412,3194607,75525,0.0230954,2375111,891575,0.7270705
1,27862190,17120545,10741645,2388005,899247,3212385,74867,0.02277495,2116865,1167044,0.6446174
2,17834347,17556877,277470,74523,43175,116098,1600,0.01359411,89924,27358,0.7667332
3,27888632,17140113,10748519,2416052,908867,3250395,74524,0.02241378,2257640,1064302,0.6796145
