pid,execution_cycles,compute_cycles,idle_cycles,loads,stores,hit_count,miss_count,miss_rate,private,shared,private_rate
0,58573810,17729254,40844556,2380720,889412,2890980,379152,0.1159439,2613417,588177,0.8162862
1,57965982,17120545,40845437,2388005,899247,2908357,378895,0.1152619,2654152,565522,0.8243543
2,19592634,17556877,2035757,74523,43175,98341,19357,0.1644633,103117,8784,0.921502
3,59112592,17140113,41972479,2416052,908867,2934683,390236,0.1173671,2903257,347622,0.8930683
