pid,execution_cycles,compute_cycles,idle_cycles,loads,stores,hit_count,miss_count,miss_rate,private,shared,private_rate
0,23631607,17729254,5902353,2380720,889412,3242805,27327,0.008356543,2133312,1134847,0.6527565
1,22948695,17120545,5828150,2388005,899247,3261266,25986,0.007905083,2143363,1142172,0.6523635
2,17755728,17556877,198851,74523,43175,116831,867,0.00736631,88850,28845,0.7549174
3,23096020,17140113,5955907,2416052,908867,3297831,27088,0.008146965,2164701,1158766,0.6513382
