pid,execution_cycles,compute_cycles,idle_cycles,loads,stores,hit_count,miss_count,miss_rate,private,shared,private_rate
0,35848179,17729254,18118925,2380720,889412,3099972,170160,0.0520346,2225690,1008588,0.6881567
1,35836102,17120545,18715557,2388005,899247,3112566,174686,0.05314043,2253992,994073,0.6939492
2,18169548,17556877,612671,74523,43175,112684,5014,0.04260055,89221,26019,0.774219
3,35464937,17140113,18324824,2416052,908867,3153817,171102,0.0514605,2279380,1008973,0.6931677
