pid,execution_cycles,compute_cycles,idle_cycles,loads,stores,hit_count,miss_count,miss_rate,private,shared,private_rate
0,26876467,17729254,9147213,2380720,889412,3212857,57275,0.01751458,2288531,979786,0.700217
1,26098980,17120545,8978435,2388005,899247,3230851,56401,0.01715749,2382213,903227,0.7250819
2,17729313,17556877,172436,74523,43175,117268,430,0.003653418,89254,28424,0.7584595
3,26320462,17140113,9180349,2416052,908867,3267765,57154,0.01718959,2211250,1112027,0.6653824
