pid,execution_cycles,compute_cycles,idle_cycles,loads,stores,hit_count,miss_count,miss_rate,private,shared,private_rate
0,22939220,17729254,5209966,2380720,889412,3247590,22542,0.0068933,2129030,1131306,0.6530094
1,22560262,17120545,5439717,2388005,899247,3264865,22387,0.006810248,2155551,1122263,0.6576185
2,18085223,17556877,528346,74523,43175,113314,4384,0.03724787,90476,27222,0.7687131
3,22656845,17140113,5516732,2416052,908867,3301432,23487,0.007063931,2168890,1146886,0.6541123
