pid,execution_cycles,compute_cycles,idle_cycles,loads,stores,hit_count,miss_count,miss_rate,private,shared,private_rate
0,24602819,17729254,6873565,2380720,889412,3217739,52393,0.01602168,2127707,1131488,0.6528321
1,24310664,17120545,7190119,2388005,899247,3234674,52578,0.01599451,2169013,1107701,0.6619476
2,18067139,17556877,510262,74523,43175,113333,4365,0.03708644,89986,27603,0.7652587
3,24351383,17140113,7211270,2416052,908867,3271321,53598,0.01612009,2180252,1134645,0.6577133
