pid,execution_cycles,compute_cycles,idle_cycles,loads,stores,hit_count,miss_count,miss_rate,private,shared,private_rate
0,23492899,17729254,5763645,2380720,889412,3244945,25187,0.007702136,1959050,1310687,0.599146
1,22833990,17120545,5713445,2388005,899247,3262745,24507,0.007455163,2140887,1146074,0.6513272
2,17700909,17556877,144032,74523,43175,117432,266,0.002260021,89466,28232,0.7601319
3,23019232,17140113,5879119,2416052,908867,3299119,25800,0.007759588,2156211,1168388,0.6485627
