pid,execution_cycles,compute_cycles,idle_cycles,loads,stores,hit_count,miss_count,miss_rate,private,shared,private_rate
0,32137561,17729254,14408307,2380720,889412,3140552,129580,0.03962531,2223842,1028854,0.6836919
1,31763503,17120545,14642958,2388005,899247,3156078,131174,0.03990385,2219524,1049273,0.6790033
2,17933155,17556877,376278,74523,43175,115183,2515,0.02136825,89744,27311,0.7666823
3,31786699,17140113,14646586,2416052,908867,3194715,130204,0.03916005,2250109,1057000,0.6803855
