pid,execution_cycles,compute_cycles,idle_cycles,loads,stores,hit_count,miss_count,miss_rate,private,shared,private_rate
0,23661397,17729254,5932143,2380720,889412,3243243,26889,0.008222604,2134250,1130299,0.6537657
1,23104854,17120545,5984309,2388005,899247,3260009,27243,0.008287469,2162632,1119404,0.65893
2,18108690,17556877,551813,74523,43175,113313,4385,0.03725637,90389,27271,0.768222
3,23158129,17140113,6018016,2416052,908867,3297716,27203,0.008181553,2174714,1144926,0.6551054
