pid,execution_cycles,compute_cycles,idle_cycles,loads,stores,hit_count,miss_count,miss_rate,private,shared,private_rate
0,21519629,17729254,3790375,2380720,889412,3265495,4637,0.001417986,2086383,1183723,0.6380169
1,20857997,17120545,3737452,2388005,899247,3283092,4160,0.001265495,2078033,1209218,0.6321492
2,17737652,17556877,180775,74523,43175,117103,595,0.005055311,88445,29253,0.7514571
3,20925283,17140113,3785170,2416052,908867,3320662,4257,0.001280332,2169048,1155869,0.6523615
