pid,execution_cycles,compute_cycles,idle_cycles,loads,stores,hit_count,miss_count,miss_rate,private,shared,private_rate
0,26085680,17729254,8356426,2380720,889412,3216538,53594,0.01638894,2154170,1105062,0.6609441
1,25576006,17120545,8455461,2388005,899247,3234481,52771,0.01605323,2181236,1095559,0.6656614
2,18093882,17556877,537005,74523,43175,113273,4425,0.03759622,90828,26773,0.7723404
3,25742601,17140113,8602488,2416052,908867,3270312,54607,0.01642356,2194249,1120697,0.661926
