pid,execution_cycles,compute_cycles,idle_cycles,loads,stores,hit_count,miss_count,miss_rate,private,shared,private_rate
0,139146988,17729254,121417734,2380720,889412,2077281,1192851,0.3647715,2868776,11664,0.9959506
1,139785420,17120545,122664875,2388005,899247,2082444,1204808,0.3665092,2881373,11152,0.9961445
2,23238035,17556877,5681158,74523,43175,61357,56341,0.4786912,94336,1205,0.9873876
3,141553476,17140113,124413363,2416052,908867,2102247,1222672,0.3677299,2910756,13903,0.9952463
