pid,execution_cycles,compute_cycles,idle_cycles,loads,stores,hit_count,miss_count,miss_rate,private,shared,private_rate
0,24358348,17729254,6629094,2380720,889412,3235510,34622,0.01058734,2140315,1127208,0.6550268
1,23764365,17120545,6643820,2388005,899247,3253068,34184,0.01039896,2188745,1096293,0.6662769
2,17756493,17556877,199616,74523,43175,116828,870,0.007391799,88902,28763,0.7555518
3,23807182,17140113,6667069,2416052,908867,3290649,34270,0.01030702,2166459,1156420,0.6519825
