pid,execution_cycles,compute_cycles,idle_cycles,loads,stores,hit_count,miss_count,miss_rate,private,shared,private_rate
0,48877015,17729254,31147761,2380720,889412,2988877,281255,0.08600723,2825929,400427,0.8758888
1,47332257,17120545,30211712,2388005,899247,3015584,271668,0.08264289,2691981,555760,0.828878
2,19236831,17556877,1679954,74523,43175,101946,15752,0.133834,96198,16968,0.850061
3,48425641,17140113,31285528,2416052,908867,3042840,282079,0.08483786,2719764,562261,0.8286847
