pid,execution_cycles,compute_cycles,idle_cycles,loads,stores,hit_count,miss_count,miss_rate,private,shared,private_rate
0,44780991,17729254,27051737,2380720,889412,3029017,241115,0.0737325,2877348,339376,0.8944964
1,44971062,17120545,27850517,2388005,899247,3038773,248479,0.07558867,2853933,376985,0.8833195
2,18892401,17556877,1335524,74523,43175,105380,12318,0.1046577,91475,21144,0.8122519
3,45145594,17140113,28005481,2416052,908867,3074745,250174,0.07524213,2764895,504599,0.8456645
