pid,execution_cycles,compute_cycles,idle_cycles,loads,stores,hit_count,miss_count,miss_rate,private,shared,private_rate
0,21672219,17729254,3942965,2380720,889412,3263909,6223,0.001902981,2083880,1185547,0.6373839
1,20989096,17120545,3868551,2388005,899247,3281759,5493,0.001671001,2081383,1205393,0.6332598
2,17737273,17556877,180396,74523,43175,117104,594,0.005046815,88551,29147,0.7523577
3,21054683,17140113,3914570,2416052,908867,3319334,5585,0.00167974,2166855,1157637,0.6517853
