pid,execution_cycles,compute_cycles,idle_cycles,loads,stores,hit_count,miss_count,miss_rate,private,shared,private_rate
0,22081735,17729254,4352481,2380720,889412,3256865,13267,0.004057023,2132150,1134700,0.6526624
1,21636084,17120545,4515539,2388005,899247,3274151,13101,0.003985396,2149018,1135166,0.6543537
2,17896680,17556877,339803,74523,43175,115295,2403,0.02041666,89926,27772,0.7640402
3,21737269,17140113,4597156,2416052,908867,3310960,13959,0.004198298,2161839,1160166,0.6507633
