pid,execution_cycles,compute_cycles,idle_cycles,loads,stores,hit_count,miss_count,miss_rate,private,shared,private_rate
0,32130377,17729254,14401123,2380720,889412,3140594,129538,0.03961247,2221986,1030751,0.6831127
1,31758579,17120545,14638034,2388005,899247,3155902,131350,0.03995739,2219348,1049292,0.6789821
2,17932819,17556877,375942,74523,43175,115183,2515,0.02136825,89751,27306,0.766729
3,31781700,17140113,14641587,2416052,908867,3194533,130386,0.03921479,2250606,1056308,0.6805759
