pid,execution_cycles,compute_cycles,idle_cycles,loads,stores,hit_count,miss_count,miss_rate,private,shared,private_rate
0,40572775,17729254,22843521,2380720,889412,3072421,197711,0.06045964,2587243,670355,0.794218
1,40295016,17120545,23174471,2388005,899247,3086371,200881,0.0611091,2673998,599482,0.8168671
2,18341934,17556877,785057,74523,43175,110957,6741,0.0572737,96699,20062,0.8281789
3,40692613,17140113,23552500,2416052,908867,3120600,204319,0.06145082,2661493,648935,0.8039725
