pid,execution_cycles,compute_cycles,idle_cycles,loads,stores,hit_count,miss_count,miss_rate,private,shared,private_rate
0,24437062,17729254,6707808,2380720,889412,3235408,34724,0.01061853,2146605,1121995,0.6567353
1,24044760,17120545,6924215,2388005,899247,3250515,36737,0.0111756,2109883,1175893,0.6421262
2,17942667,17556877,385790,74523,43175,114990,2708,0.02300804,89807,26686,0.7709219
3,23794600,17140113,6654487,2416052,908867,3291287,33632,0.01011513,2205238,1118839,0.6634136
