pid,execution_cycles,compute_cycles,idle_cycles,loads,stores,hit_count,miss_count,miss_rate,private,shared,private_rate
0,26970175,17729254,9240921,2380720,889412,3209821,60311,0.01844299,2161330,1096399,0.6634468
1,26413137,17120545,9292592,2388005,899247,3226592,60660,0.0184531,2183093,1091562,0.6666635
2,18113937,17556877,557060,74523,43175,113260,4438,0.03770667,90852,26676,0.7730243
3,26582638,17140113,9442525,2416052,908867,3263125,61794,0.01858511,2196278,1117413,0.662789
