pid,execution_cycles,compute_cycles,idle_cycles,loads,stores,hit_count,miss_count,miss_rate,private,shared,private_rate
0,39252511,17729254,21523257,2380720,889412,3085757,184375,0.05638152,2733348,510915,0.8425174
1,38627955,17120545,21507410,2388005,899247,3103210,184042,0.05598658,2790343,469584,0.8559526
2,18494394,17556877,937517,74523,43175,109417,8281,0.07035803,93317,21590,0.8121089
3,38787655,17140113,21647542,2416052,908867,3139842,185077,0.05566361,2676676,622836,0.8112339
