pid,execution_cycles,compute_cycles,idle_cycles,loads,stores,hit_count,miss_count,miss_rate,private,shared,private_rate
0,29326545,17729254,11597291,2380720,889412,3145038,125094,0.0382535,2183361,1066508,0.6718305
1,28909833,17120545,11789288,2388005,899247,3161829,125423,0.03815436,2202404,1063613,0.6743394
2,18110493,17556877,553616,74523,43175,113053,4645,0.03946541,89605,27015,0.7683502
3,28577732,17140113,11437619,2416052,908867,3205329,119590,0.03596779,2237809,1069132,0.6767006
