pid,execution_cycles,compute_cycles,idle_cycles,loads,stores,hit_count,miss_count,miss_rate,private,shared,private_rate
0,28112932,17729254,10383678,2380720,889412,3198278,71854,0.02197281,2236176,1030953,0.6844468
1,27463329,17120545,10342784,2388005,899247,3215984,71268,0.02168011,2173193,1111499,0.6616124
2,17734866,17556877,177989,74523,43175,117089,609,0.00517426,89330,28317,0.7593054
3,27522742,17140113,10382629,2416052,908867,3253629,71290,0.02144112,2223520,1098400,0.6693478
