pid,execution_cycles,compute_cycles,idle_cycles,loads,stores,hit_count,miss_count,miss_rate,private,shared,private_rate
0,26098383,17729254,8369129,2380720,889412,3226713,43419,0.01327745,2174095,1094411,0.6651648
1,25559082,17120545,8438537,2388005,899247,3242073,45179,0.0137437,2034963,1250450,0.6193934
2,17957960,17556877,401083,74523,43175,115131,2567,0.02181006,90781,25767,0.7789151
3,25877147,17140113,8737034,2416052,908867,3278770,46149,0.01387974,2061362,1260943,0.6204614
