pid,execution_cycles,compute_cycles,idle_cycles,loads,stores,hit_count,miss_count,miss_rate,private,shared,private_rate
0,29697715,17729254,11968461,2380720,889412,3181589,88543,0.02707628,2211377,1054103,0.6771981
1,29018934,17120545,11898389,2388005,899247,3199893,87359,0.02657508,2184475,1098727,0.6653489
2,17755242,17556877,198365,74523,43175,116841,857,0.007281347,89206,28492,0.7579228
3,29151751,17140113,12011638,2416052,908867,3236626,88293,0.02655493,2195548,1125357,0.6611294
