pid,execution_cycles,compute_cycles,idle_cycles,loads,stores,hit_count,miss_count,miss_rate,private,shared,private_rate
0,37170079,17729254,19440825,2380720,889412,3115817,154315,0.04718923,2610437,649609,0.8007362
1,36865821,17120545,19745276,2388005,899247,3135644,151608,0.04611998,2227937,1049411,0.6797987
2,18458952,17556877,902075,74523,43175,110055,7643,0.06493738,95250,20862,0.8203286
3,37252957,17140113,20112844,2416052,908867,3170016,154903,0.0465885,2277914,1036704,0.6872327
