pid,execution_cycles,compute_cycles,idle_cycles,loads,stores,hit_count,miss_count,miss_rate,private,shared,private_rate
0,30180791,17729254,12451537,2380720,889412,3171259,98873,0.03023517,2186434,1076402,0.6701023
1,29491149,17120545,12370604,2388005,899247,3187818,99434,0.03024837,2157335,1123052,0.6576465
2,18221203,17556877,664326,74523,43175,111959,5739,0.04876039,89693,26522,0.7717851
3,29511865,17140113,12371752,2416052,908867,3227733,97186,0.02922958,2220000,1098817,0.668913
