pid,execution_cycles,compute_cycles,idle_cycles,loads,stores,hit_count,miss_count,miss_rate,private,shared,private_rate
0,32234999,17729254,14505745,2380720,889412,3155849,114283,0.03494752,2769476,490153,0.8496292
1,31654918,17120545,14534373,2388005,899247,3173133,114119,0.03471562,2234646,1041633,0.6820683
2,17817744,17556877,260867,74523,43175,116223,1475,0.01253207,90726,26555,0.773578
3,31687020,17140113,14546907,2416052,908867,3210775,114144,0.03432986,2357511,957009,0.7112677
