pid,execution_cycles,compute_cycles,idle_cycles,loads,stores,hit_count,miss_count,miss_rate,private,shared,private_rate
0,29997252,17729254,12267998,2380720,889412,3191062,79070,0.02417945,2746649,519385,0.8409738
1,29437730,17120545,12317185,2388005,899247,3206777,80475,0.02448093,2811335,471963,0.8562534
2,17905751,17556877,348874,74523,43175,115913,1785,0.01516593,89198,27916,0.761634
3,29581890,17140113,12441777,2416052,908867,3244754,80165,0.02411036,2773446,547331,0.8351798
