pid,execution_cycles,compute_cycles,idle_cycles,loads,stores,hit_count,miss_count,miss_rate,private,shared,private_rate
0,23671495,17729254,5942241,2380720,889412,3243141,26991,0.008253795,2115929,1152734,0.6473378
1,23113863,17120545,5993318,2388005,899247,3259918,27334,0.008315152,2159779,1126747,0.6571617
2,18196503,17556877,639626,74523,43175,112426,5272,0.0447926,90407,26085,0.776079
3,23185849,17140113,6045736,2416052,908867,3297436,27483,0.008265765,2157472,1166096,0.6491433
