pid,execution_cycles,compute_cycles,idle_cycles,loads,stores,hit_count,miss_count,miss_rate,private,shared,private_rate
0,22315421,17729254,4586167,2380720,889412,3262764,7368,0.00225312,2077740,1192232,0.6353999
1,21914394,17120545,4793849,2388005,899247,3279842,7410,0.002254162,2104086,1183042,0.6400986
2,17822923,17556877,266046,74523,43175,116382,1316,0.01118116,87930,29768,0.7470815
3,21953129,17140113,4813016,2416052,908867,3317282,7637,0.002296898,2124021,1200641,0.6388683
