pid,execution_cycles,compute_cycles,idle_cycles,loads,stores,hit_count,miss_count,miss_rate,private,shared,private_rate
0,40648477,17729254,22919223,2380720,889412,3078983,191149,0.05845299,2550696,697403,0.7852889
1,41001150,17120545,23880605,2388005,899247,3088973,198279,0.06031755,2609987,654043,0.799621
2,18357807,17556877,800930,74523,43175,111002,6696,0.05689137,97055,18333,0.8411187
3,40112605,17140113,22972492,2416052,908867,3139656,185263,0.05571955,2629817,673023,0.796229
