pid,execution_cycles,compute_cycles,idle_cycles,loads,stores,hit_count,miss_count,miss_rate,private,shared,private_rate
0,57560182,17729254,39830928,2380720,889412,2901184,368948,0.1128236,2733494,467449,0.8539652
1,56996514,17120545,39875969,2388005,899247,2918033,369219,0.1123184,2642060,575946,0.821024
2,19278960,17556877,1722083,74523,43175,101511,16187,0.1375299,103836,8904,0.9210218
3,58188145,17140113,41048032,2416052,908867,2944336,380583,0.1144638,2736119,514815,0.8416409
