pid,execution_cycles,compute_cycles,idle_cycles,loads,stores,hit_count,miss_count,miss_rate,private,shared,private_rate
0,21614770,17729254,3885516,2380720,889412,3263916,6216,0.001900841,2083108,1186343,0.6371431
1,20939526,17120545,3818981,2388005,899247,3281881,5371,0.001633888,2089976,1196803,0.6358736
2,17733381,17556877,176504,74523,43175,117104,594,0.005046815,88567,29131,0.7524937
3,21034777,17140113,3894664,2416052,908867,3319164,5755,0.001730869,2170751,1153744,0.6529566
