pid,execution_cycles,compute_cycles,idle_cycles,loads,stores,hit_count,miss_count,miss_rate,private,shared,private_rate
0,38421703,17729254,20692449,2380720,889412,3094149,175983,0.05381526,2626433,622424,0.8084175
1,38502225,17120545,21381680,2388005,899247,3104480,182772,0.05560024,2689067,575817,0.8236332
2,19280553,17556877,1723676,74523,43175,101476,16222,0.1378273,93249,19377,0.8279527
3,38325820,17140113,21185707,2416052,908867,3144507,180412,0.05426057,2728590,575545,0.8258107
