pid,execution_cycles,compute_cycles,idle_cycles,loads,stores,hit_count,miss_count,miss_rate,private,shared,private_rate
0,24880691,17729254,7151437,2380720,889412,3228021,42111,0.01287746,2142546,1117822,0.6571485
1,24562715,17120545,7442170,2388005,899247,3244654,42598,0.01295854,2160854,1115826,0.6594645
2,18098683,17556877,541806,74523,43175,113218,4480,0.03806352,90509,26998,0.7702435
3,24495098,17140113,7354985,2416052,908867,3282769,42150,0.012677,2193963,1121911,0.6616545
