pid,execution_cycles,compute_cycles,idle_cycles,loads,stores,hit_count,miss_count,miss_rate,private,shared,private_rate
0,40172120,17729254,22442866,2380720,889412,3073363,196769,0.06017158,2843820,398926,0.876979
1,38691451,17120545,21570906,2388005,899247,3086568,200684,0.06104917,2290246,967173,0.7030861
2,18564320,17556877,1007443,74523,43175,108552,9146,0.07770735,94301,20456,0.8217451
3,38723267,17140113,21583154,2416052,908867,3123931,200988,0.06044899,2320969,975592,0.7040577
