pid,execution_cycles,compute_cycles,idle_cycles,loads,stores,hit_count,miss_count,miss_rate,private,shared,private_rate
0,38691162,17729254,20961908,2380720,889412,3251244,18888,0.005775914,1887447,1382227,0.5772585
1,37936165,17120545,20815620,2388005,899247,3268339,18913,0.005753438,2062143,1224844,0.6273657
2,17804179,17556877,247302,74523,43175,117534,164,0.001393397,63973,53718,0.5435675
3,38147361,17140113,21007248,2416052,908867,3305799,19120,0.005750516,2003088,1321491,0.6025088
