pid,execution_cycles,compute_cycles,idle_cycles,loads,stores,hit_count,miss_count,miss_rate,private,shared,private_rate
0,21586587,17729254,3857333,2380720,889412,3264785,5347,0.001635102,2081225,1188228,0.6365667
1,20903732,17120545,3783187,2388005,899247,3282619,4633,0.001409384,2079352,1207428,0.6326411
2,17737568,17556877,180691,74523,43175,117103,595,0.005055311,88490,29208,0.7518395
3,20960992,17140113,3820879,2416052,908867,3320275,4644,0.001396726,2165044,1159471,0.651236
