pid,execution_cycles,compute_cycles,idle_cycles,loads,stores,hit_count,miss_count,miss_rate,private,shared,private_rate
0,33179257,17729254,15450003,2380720,889412,3147103,123029,0.03762203,2584188,674907,0.7929158
1,32708547,17120545,15588002,2388005,899247,3163002,124250,0.03779753,2269052,1006350,0.6927553
2,17877129,17556877,320252,74523,43175,115652,2046,0.01738347,91155,25692,0.7801227
3,32733211,17140113,15593098,2416052,908867,3200998,123921,0.03727038,2628356,685512,0.7931384
