pid,execution_cycles,compute_cycles,idle_cycles,loads,stores,hit_count,miss_count,miss_rate,private,shared,private_rate
0,24062941,17729254,6333687,2380720,889412,3239187,30945,0.009462921,2148158,1118117,0.6576782
1,23378292,17120545,6257747,2388005,899247,3257247,30005,0.009127685,2177443,1106724,0.6630123
2,18150765,17556877,593888,74523,43175,112888,4810,0.0408673,89710,26994,0.7686969
3,23705797,17140113,6565684,2416052,908867,3292184,32735,0.009845353,2188478,1132136,0.6590582
