pid,execution_cycles,compute_cycles,idle_cycles,loads,stores,hit_count,miss_count,miss_rate,private,shared,private_rate
0,49391398,17729254,31662144,2380720,889412,2983344,286788,0.08769921,2792525,415191,0.8705649
1,49402224,17120545,32281679,2388005,899247,2994379,292873,0.08909357,2925047,296169,0.9080568
2,19078494,17556877,1521617,74523,43175,103517,14181,0.1204863,91803,20205,0.8196111
3,49374121,17140113,32234008,2416052,908867,3032908,292011,0.087825,2828286,432517,0.8673587
