pid,execution_cycles,compute_cycles,idle_cycles,loads,stores,hit_count,miss_count,miss_rate,private,shared,private_rate
0,23750596,17729254,6021342,2380720,889412,3242342,27790,0.008498128,2204776,1064291,0.6744359
1,23053869,17120545,5933324,2388005,899247,3260524,26728,0.008130803,2275443,1011278,0.692314
2,17716254,17556877,159377,74523,43175,117277,421,0.003576951,89205,28467,0.7580818
3,23173672,17140113,6033559,2416052,908867,3297559,27360,0.008228772,2279553,1044680,0.685738
