pid,execution_cycles,compute_cycles,idle_cycles,loads,stores,hit_count,miss_count,miss_rate,private,shared,private_rate
0,24355318,17729254,6626064,2380720,889412,3259032,11100,0.003394358,1904023,1365502,0.5823546
1,23613066,17120545,6492521,2388005,899247,3276432,10820,0.003291503,1912830,1374028,0.5819631
2,17771185,17556877,214308,74523,43175,117370,328,0.002786793,86363,31335,0.7337678
3,23823139,17140113,6683026,2416052,908867,3313735,11184,0.003363691,2108689,1215856,0.634279
