pid,execution_cycles,compute_cycles,idle_cycles,loads,stores,hit_count,miss_count,miss_rate,private,shared,private_rate
0,39214930,17729254,21485676,2380720,889412,3085748,184384,0.05638427,2768667,475589,0.8534058
1,38608806,17120545,21488261,2388005,899247,3103221,184031,0.05598323,2641330,618538,0.8102567
2,18492294,17556877,935417,74523,43175,109417,8281,0.07035803,93277,21614,0.8118739
3,38744059,17140113,21603946,2416052,908867,3139786,185133,0.05568045,2578247,721243,0.7814077
