pid,execution_cycles,compute_cycles,idle_cycles,loads,stores,hit_count,miss_count,miss_rate,private,shared,private_rate
0,30183837,17729254,12454583,2380720,889412,3229318,40814,0.01248084,2287912,981081,0.6998828
1,29694151,17120545,12573606,2388005,899247,3246173,41079,0.01249646,2314569,971574,0.7043421
2,17783332,17556877,226455,74523,43175,117422,276,0.002344985,65297,52353,0.5550106
3,29605205,17140113,12465092,2416052,908867,3284194,40725,0.01224842,2331565,992361,0.7014491
