pid,execution_cycles,compute_cycles,idle_cycles,loads,stores,hit_count,miss_count,miss_rate,private,shared,private_rate
0,33690774,17729254,15961520,2380720,889412,3215268,54864,0.0167773,2054667,1213926,0.628609
1,33023554,17120545,15903009,2388005,899247,3232453,54799,0.01667015,2092314,1193736,0.6367262
2,17771029,17556877,214152,74523,43175,117370,328,0.002786793,86694,31004,0.7365801
3,33204582,17140113,16064469,2416052,908867,3269665,55254,0.01661815,2144271,1179274,0.6451759
