pid,execution_cycles,compute_cycles,idle_cycles,loads,stores,hit_count,miss_count,miss_rate,private,shared,private_rate
0,79524967,17729254,61795713,2380720,889412,2678945,591187,0.1807838,2663376,435745,0.8593972
1,79545210,17120545,62424665,2388005,899247,2689873,597379,0.181726,2681481,433127,0.8609369
2,20966088,17556877,3409211,74523,43175,84447,33251,0.2825112,101264,5055,0.9524544
3,80739241,17140113,63599128,2416052,908867,2716064,608855,0.1831187,3099682,47816,0.9848083
