pid,execution_cycles,compute_cycles,idle_cycles,loads,stores,hit_count,miss_count,miss_rate,private,shared,private_rate
0,28575842,17729254,10846588,2380720,889412,3230068,40064,0.01225149,2352138,916897,0.7195206
1,28311270,17120545,11190725,2388005,899247,3247184,40068,0.0121889,2320714,965492,0.7061986
2,17800269,17556877,243392,74523,43175,117228,470,0.003993271,66456,51134,0.5651501
3,28129698,17140113,10989585,2416052,908867,3285653,39266,0.01180961,2370762,953174,0.7132394
