pid,execution_cycles,compute_cycles,idle_cycles,loads,stores,hit_count,miss_count,miss_rate,private,shared,private_rate
0,27440135,17729254,9710881,2380720,889412,3200478,69654,0.02130006,2118787,1146746,0.6488334
1,26818493,17120545,9697948,2388005,899247,3218711,68541,0.02085055,2139454,1144334,0.6515201
2,17786282,17556877,229405,74523,43175,116920,778,0.006610138,87823,29855,0.7462992
3,26839681,17140113,9699568,2416052,908867,3255934,68985,0.02074787,2177457,1144251,0.6555233
