pid,execution_cycles,compute_cycles,idle_cycles,loads,stores,hit_count,miss_count,miss_rate,private,shared,private_rate
0,32244876,17729254,14515622,2380720,889412,3156966,113166,0.03460594,2580693,675818,0.7924718
1,31280738,17120545,14160193,2388005,899247,3177693,109559,0.03332845,2562880,714990,0.7818736
2,18378369,17556877,821492,74523,43175,110600,7098,0.06030689,91725,23705,0.7946374
3,30805220,17140113,13665107,2416052,908867,3220831,104088,0.03130542,2590899,726764,0.780941
