pid,execution_cycles,compute_cycles,idle_cycles,loads,stores,hit_count,miss_count,miss_rate,private,shared,private_rate
0,74954352,17729254,57225098,2380720,889412,2826084,444048,0.135789,3040320,133233,0.9580177
1,74196904,17120545,57076359,2388005,899247,2854690,432562,0.1315877,3009505,184618,0.9422007
2,20019130,17556877,2462253,74523,43175,100726,16972,0.1441996,97877,14008,0.8748
3,75397200,17140113,58257087,2416052,908867,2886930,437989,0.1317292,3029006,202272,0.9374019
