pid,execution_cycles,compute_cycles,idle_cycles,loads,stores,hit_count,miss_count,miss_rate,private,shared,private_rate
0,39653976,17729254,21924722,2380720,889412,3080490,189642,0.05799215,2256270,977161,0.6977944
1,39592652,17120545,22472107,2388005,899247,3093079,194173,0.05906849,2976269,270266,0.9167525
2,18395059,17556877,838182,74523,43175,110386,7312,0.0621251,91073,23502,0.7948767
3,39323275,17140113,22183162,2416052,908867,3133350,191569,0.05761614,2641806,645682,0.8035941
