pid,execution_cycles,compute_cycles,idle_cycles,loads,stores,hit_count,miss_count,miss_rate,private,shared,private_rate
0,64682115,17729254,46952861,2380720,889412,2829837,440295,0.1346414,2876501,263945,0.915953
1,63491058,17120545,46370513,2388005,899247,2853341,433911,0.1319981,2912496,254842,0.9195406
2,19653662,17556877,2096785,74523,43175,97753,19945,0.1694591,101284,8926,0.9190092
3,62228896,17140113,45088783,2416052,908867,2904123,420796,0.1265583,2962986,245330,0.9235331
