pid,execution_cycles,compute_cycles,idle_cycles,loads,stores,hit_count,miss_count,miss_rate,private,shared,private_rate
0,23681085,17729254,5951831,2380720,889412,3240445,29687,0.009078227,2119813,1146445,0.6490035
1,23395078,17120545,6274533,2388005,899247,3257666,29586,0.009000223,2159013,1125145,0.6574023
2,18106135,17556877,549258,74523,43175,112945,4753,0.04038301,88447,28256,0.7578811
3,23575960,17140113,6435847,2416052,908867,3293405,31514,0.009478126,2177720,1142873,0.6558226
