pid,execution_cycles,compute_cycles,idle_cycles,loads,stores,hit_count,miss_count,miss_rate,private,shared,private_rate
0,38278469,17729254,20549215,2380720,889412,3111059,159073,0.04864421,2771483,483505,0.8514572
1,37927812,17120545,20807267,2388005,899247,3126685,160567,0.04884536,2784852,487149,0.8511159
2,18684648,17556877,1127771,74523,43175,108635,9063,0.07700216,93010,22382,0.8060351
3,38097535,17140113,20957422,2416052,908867,3162878,162041,0.04873532,2984665,323934,0.9020933
