pid,execution_cycles,compute_cycles,idle_cycles,loads,stores,hit_count,miss_count,miss_rate,private,shared,private_rate
0,33428143,17729254,15698889,2380720,889412,3144589,125543,0.03839081,2443046,820199,0.7486554
1,32822397,17120545,15701852,2388005,899247,3161852,125400,0.03814736,3024765,254964,0.9222607
2,17998305,17556877,441428,74523,43175,114428,3270,0.02778297,93051,24038,0.7947032
3,33055951,17140113,15915838,2416052,908867,3197738,127181,0.03825086,2504706,812811,0.7549942
