pid,execution_cycles,compute_cycles,idle_cycles,loads,stores,hit_count,miss_count,miss_rate,private,shared,private_rate
0,21522850,17729254,3793596,2380720,889412,3265424,4708,0.001439697,2087695,1181687,0.6385595
1,20858867,17120545,3738322,2388005,899247,3283034,4218,0.001283139,2073932,1212812,0.6309989
2,17737652,17556877,180775,74523,43175,117103,595,0.005055311,88448,29250,0.7514826
3,20919737,17140113,3779624,2416052,908867,3320664,4255,0.00127973,2167573,1156896,0.6520058
