pid,execution_cycles,compute_cycles,idle_cycles,loads,stores,hit_count,miss_count,miss_rate,private,shared,private_rate
0,124571453,17729254,106842199,2380720,889412,2223943,1046189,0.3199226,2839501,70218,0.9758678
1,125061368,17120545,107940823,2388005,899247,2230135,1057117,0.3215808,2905277,16835,0.9942388
2,22767849,17556877,5210972,74523,43175,66248,51450,0.4371357,95833,2028,0.9792767
3,127219355,17140113,110079242,2416052,908867,2246586,1078333,0.3243186,2882994,71036,0.9759529
