pid,execution_cycles,compute_cycles,idle_cycles,loads,stores,hit_count,miss_count,miss_rate,private,shared,private_rate
0,21523229,17729254,3793975,2380720,889412,3265423,4709,0.001440003,2087486,1181897,0.6384954
1,20859468,17120545,3738923,2388005,899247,3283035,4217,0.001282834,2074115,1212628,0.6310548
2,17737652,17556877,180775,74523,43175,117103,595,0.005055311,88448,29250,0.7514826
3,20920719,17140113,3780606,2416052,908867,3320662,4257,0.001280332,2168019,1156449,0.6521401
