pid,execution_cycles,compute_cycles,idle_cycles,loads,stores,hit_count,miss_count,miss_rate,private,shared,private_rate
0,27975819,17729254,10246565,2380720,889412,3200109,70023,0.0214129,2156306,1110890,0.6599867
1,27307032,17120545,10186487,2388005,899247,3217791,69461,0.02113042,2472493,812690,0.7526196
2,17735234,17556877,178357,74523,43175,117113,585,0.004970348,89071,28625,0.7567887
3,27414291,17140113,10274178,2416052,908867,3255078,69841,0.02100532,2205089,1117049,0.663756
