pid,execution_cycles,compute_cycles,idle_cycles,loads,stores,hit_count,miss_count,miss_rate,private,shared,private_rate
0,34821142,17729254,17091888,2380720,889412,3129596,140536,0.04297564,2271337,979592,0.6986732
1,34456725,17120545,17336180,2388005,899247,3144748,142504,0.04335049,2269585,996469,0.6949012
2,17950647,17556877,393770,74523,43175,114878,2820,0.02395963,90472,25945,0.7771374
3,34393438,17140113,17253325,2416052,908867,3183433,141486,0.04255322,2994693,310644,0.9060174
