pid,execution_cycles,compute_cycles,idle_cycles,loads,stores,hit_count,miss_count,miss_rate,private,shared,private_rate
0,38459869,17729254,20730615,2380720,889412,3092403,177729,0.05434918,2485147,746459,0.769013
1,38028354,17120545,20907809,2388005,899247,3108709,178543,0.05431376,2592654,654794,0.7983666
2,18322936,17556877,766059,74523,43175,111095,6603,0.05610121,90090,24571,0.7857074
3,37837228,17140113,20697115,2416052,908867,3148263,176656,0.05313092,2635420,652960,0.8014341
