pid,execution_cycles,compute_cycles,idle_cycles,loads,stores,hit_count,miss_count,miss_rate,private,shared,private_rate
0,138410854,17729254,120681600,2380720,889412,2084152,1185980,0.3626704,2884363,9193,0.9968229
1,139009634,17120545,121889089,2388005,899247,2089249,1198003,0.3644391,2896931,8671,0.9970158
2,23205026,17556877,5648149,74523,43175,61833,55865,0.474647,94888,1180,0.987717
3,140853790,17140113,123713677,2416052,908867,2108857,1216062,0.3657418,2926169,11373,0.9961284
