pid,execution_cycles,compute_cycles,idle_cycles,loads,stores,hit_count,miss_count,miss_rate,private,shared,private_rate
0,43916007,17729254,26186753,2380720,889412,3038033,232099,0.07097542,2780109,445512,0.8618833
1,43917755,17120545,26797210,2388005,899247,3049642,237610,0.07228226,2858977,379277,0.8828761
2,18898546,17556877,1341669,74523,43175,105317,12381,0.105193,92297,20518,0.818127
3,43786871,17140113,26646758,2416052,908867,3088870,236049,0.07099391,2933101,345487,0.8946232
