pid,execution_cycles,compute_cycles,idle_cycles,loads,stores,hit_count,miss_count,miss_rate,private,shared,private_rate
0,30014709,17729254,12285455,2380720,889412,3240855,29277,0.00895285,2161489,1107689,0.661172
1,29864978,17120545,12744433,2388005,899247,3257782,29470,0.008964935,2199605,1086779,0.6693086
2,17805724,17556877,248847,74523,43175,117425,273,0.002319496,65239,52397,0.5545836
3,29431756,17140113,12291643,2416052,908867,3296096,28823,0.008668783,2249188,1075040,0.6766046
