pid,execution_cycles,compute_cycles,idle_cycles,loads,stores,hit_count,miss_count,miss_rate,private,shared,private_rate
0,70474735,17729254,52745481,2380720,889412,2770381,499751,0.1528229,2869667,278428,0.9115567
1,69670890,17120545,52550345,2388005,899247,2789645,497607,0.1513748,2872072,290618,0.9081105
2,20584878,17556877,3028001,74523,43175,88301,29397,0.2497664,98710,9094,0.9156432
3,71465773,17140113,54325660,2416052,908867,2809760,515159,0.1549388,2923483,272289,0.9147971
