pid,execution_cycles,compute_cycles,idle_cycles,loads,stores,hit_count,miss_count,miss_rate,private,shared,private_rate
0,178893487,17729254,161164233,2380720,889412,1675241,1594891,0.4877146,2751539,19538,0.9929493
1,179175834,17120545,162055289,2388005,899247,1683533,1603719,0.4878601,2766081,21178,0.9924019
2,23237016,17556877,5680139,74523,43175,61511,56187,0.4773828,97896,154,0.9984294
3,181076323,17140113,163936210,2416052,908867,1702582,1622337,0.4879328,2798931,17741,0.9937014
