pid,execution_cycles,compute_cycles,idle_cycles,loads,stores,hit_count,miss_count,miss_rate,private,shared,private_rate
0,30869506,17729254,13140252,2380720,889412,3146378,123754,0.03784373,2211478,1041489,0.6798341
1,30503158,17120545,13382613,2388005,899247,3162526,124726,0.03794233,2213236,1056156,0.6769564
2,17942156,17556877,385279,74523,43175,115114,2584,0.02195449,90100,26914,0.7699933
3,30526149,17140113,13386036,2416052,908867,3200508,124411,0.03741775,2246647,1061313,0.6791639
