pid,execution_cycles,compute_cycles,idle_cycles,loads,stores,hit_count,miss_count,miss_rate,private,shared,private_rate
0,37318489,17729254,19589235,2380720,889412,3104183,165949,0.05074688,2210875,1027237,0.6827667
1,37146828,17120545,20026283,2388005,899247,3117591,169661,0.0516118,2965201,286809,0.9118056
2,18172795,17556877,615918,74523,43175,112606,5092,0.04326327,89560,25678,0.7771742
3,36849268,17140113,19709155,2416052,908867,3158471,166448,0.05006077,2284714,1007734,0.6939256
