pid,execution_cycles,compute_cycles,idle_cycles,loads,stores,hit_count,miss_count,miss_rate,private,shared,private_rate
0,34618321,17729254,16889067,2380720,889412,3132567,137565,0.04206711,2321925,936876,0.712509
1,34119693,17120545,16999148,2388005,899247,3148748,138504,0.04213367,2999749,275211,0.9159651
2,18055329,17556877,498452,74523,43175,113852,3846,0.03267685,93174,23455,0.7988922
3,34244347,17140113,17104234,2416052,908867,3185734,139185,0.04186117,2420901,892484,0.7306428
