pid,execution_cycles,compute_cycles,idle_cycles,loads,stores,hit_count,miss_count,miss_rate,private,shared,private_rate
0,25033042,17729254,7303788,2380720,889412,3229388,40744,0.01245944,2158882,1103161,0.661819
1,24181380,17120545,7060835,2388005,899247,3249135,38117,0.0115954,2183619,1097245,0.6655622
2,18153438,17556877,596561,74523,43175,112861,4837,0.04109671,89638,26867,0.7693919
3,24599767,17140113,7459654,2416052,908867,3283154,41765,0.01256121,2193968,1123015,0.6614348
