pid,execution_cycles,compute_cycles,idle_cycles,loads,stores,hit_count,miss_count,miss_rate,private,shared,private_rate
0,39681069,17729254,21951815,2380720,889412,3080339,189793,0.05803833,2346484,886965,0.7256907
1,39598112,17120545,22477567,2388005,899247,3093035,194217,0.05908187,3004259,242424,0.9253318
2,18391332,17556877,834455,74523,43175,110419,7279,0.06184472,91118,23487,0.7950613
3,39361375,17140113,22221262,2416052,908867,3133046,191873,0.05770757,2681735,605778,0.8157337
