pid,execution_cycles,compute_cycles,idle_cycles,loads,stores,hit_count,miss_count,miss_rate,private,shared,private_rate
0,53585407,17729254,35856153,2380720,889412,2925330,344802,0.1054398,2550118,649112,0.7971037
1,54381712,17120545,37261167,2388005,899247,2929992,357260,0.1086804,2865642,345721,0.8923445
2,19127324,17556877,1570447,74523,43175,102262,15436,0.1311492,94915,16920,0.8487057
3,54120795,17140113,36980682,2416052,908867,2966876,358043,0.1076847,2605161,643382,0.8019475
