pid,execution_cycles,compute_cycles,idle_cycles,loads,stores,hit_count,miss_count,miss_rate,private,shared,private_rate
0,39843343,17729254,22114089,2380720,889412,3079789,190343,0.05820652,2958611,274850,0.9149982
1,39670425,17120545,22549880,2388005,899247,3092680,194572,0.05918986,3004623,241957,0.9254733
2,18390147,17556877,833270,74523,43175,110470,7228,0.06141141,91074,23576,0.7943655
3,39489763,17140113,22349650,2416052,908867,3132750,192169,0.0577966,2518832,768706,0.7661758
