pid,execution_cycles,compute_cycles,idle_cycles,loads,stores,hit_count,miss_count,miss_rate,private,shared,private_rate
0,35847885,17729254,18118631,2380720,889412,3099719,170413,0.05211196,2225272,1008797,0.6880719
1,35835923,17120545,18715378,2388005,899247,3112360,174892,0.0532031,2254390,993415,0.6941273
2,18170970,17556877,614093,74523,43175,112665,5033,0.04276198,89213,26007,0.774284
3,35464642,17140113,18324529,2416052,908867,3153754,171165,0.05147945,2279041,1009143,0.6931002
