pid,execution_cycles,compute_cycles,idle_cycles,loads,stores,hit_count,miss_count,miss_rate,private,shared,private_rate
0,32752369,17729254,15023115,2380720,889412,3151415,118717,0.03630343,2199617,1051381,0.6765975
1,32147712,17120545,15027167,2388005,899247,3168667,118585,0.0360742,2212152,1055118,0.6770643
2,18136113,17556877,579236,74523,43175,113036,4662,0.03960985,90432,26230,0.7751624
3,32137924,17140113,14997811,2416052,908867,3207011,117908,0.03546192,2255870,1050035,0.6823759
