pid,execution_cycles,compute_cycles,idle_cycles,loads,stores,hit_count,miss_count,miss_rate,private,shared,private_rate
0,22162438,17729254,4433184,2380720,889412,3258384,11748,0.003592516,2121140,1147240,0.6489882
1,21434823,17120545,4314278,2388005,899247,3276878,10374,0.003155827,2138541,1147427,0.6508101
2,17760309,17556877,203432,74523,43175,116832,866,0.007357814,88814,28884,0.7545923
3,21595909,17140113,4455796,2416052,908867,3313496,11423,0.003435572,2154778,1168974,0.6482969
