pid,execution_cycles,compute_cycles,idle_cycles,loads,stores,hit_count,miss_count,miss_rate,private,shared,private_rate
0,28981096,17729254,11251842,2380720,889412,3182754,87378,0.02672002,2169986,1095394,0.6645432
1,28324611,17120545,11204066,2388005,899247,3200369,86883,0.02643028,2152472,1130664,0.6556146
2,17785544,17556877,228667,74523,43175,116922,776,0.006593145,87869,29829,0.7465632
3,28344961,17140113,11204848,2416052,908867,3237547,87372,0.02627793,2186210,1134629,0.6583306
