pid,execution_cycles,compute_cycles,idle_cycles,loads,stores,hit_count,miss_count,miss_rate,private,shared,private_rate
0,24957208,17729254,7227954,2380720,889412,3230154,39978,0.01222519,2161894,1107416,0.6612692
1,24289488,17120545,7168943,2388005,899247,3248043,39209,0.01192759,2443727,842930,0.7435297
2,17705562,17556877,148685,74523,43175,117385,313,0.002659349,89508,28188,0.7605016
3,24451465,17140113,7311352,2416052,908867,3284652,40267,0.01211067,2175884,1148121,0.6545971
