pid,execution_cycles,compute_cycles,idle_cycles,loads,stores,hit_count,miss_count,miss_rate,private,shared,private_rate
0,81118955,17729254,63389701,2380720,889412,2663105,607027,0.1856277,3131383,41183,0.987019
1,80511815,17120545,63391270,2388005,899247,2682646,604606,0.1839244,3088144,101852,0.9680714
2,20242830,17556877,2685953,74523,43175,91781,25917,0.2201992,101183,5798,0.9458035
3,81555549,17140113,64415436,2416052,908867,2708588,616331,0.1853672,3123087,100018,0.9689684
