pid,execution_cycles,compute_cycles,idle_cycles,loads,stores,hit_count,miss_count,miss_rate,private,shared,private_rate
0,25328062,17729254,7598808,2380720,889412,3226408,43724,0.01337071,2380987,888292,0.7282912
1,24834582,17120545,7714037,2388005,899247,3242537,44715,0.01360255,2066067,1220272,0.6286835
2,17728728,17556877,171851,74523,43175,117151,547,0.004647488,89855,27729,0.7641771
3,24888649,17140113,7748536,2416052,908867,3280236,44683,0.01343882,2092747,1231133,0.6296097
