pid,execution_cycles,compute_cycles,idle_cycles,loads,stores,hit_count,miss_count,miss_rate,private,shared,private_rate
0,51119138,17729254,33389884,2380720,889412,2965928,304204,0.09302499,2935573,289759,0.9101615
1,50737104,17120545,33616559,2388005,899247,2980903,306349,0.09319304,2908281,333612,0.8970935
2,19250707,17556877,1693830,74523,43175,101782,15916,0.1352274,98581,14398,0.8725604
3,51418883,17140113,34278770,2416052,908867,3012266,312653,0.09403327,3127162,150336,0.9541309
