pid,execution_cycles,compute_cycles,idle_cycles,loads,stores,hit_count,miss_count,miss_rate,private,shared,private_rate
0,51646321,17729254,33917067,2380720,889412,2960567,309565,0.09466437,2693344,530480,0.8354501
1,51034338,17120545,33913793,2388005,899247,2977893,309359,0.0941087,2768783,471388,0.8545176
2,19410540,17556877,1853663,74523,43175,100163,17535,0.148983,97754,14210,0.8730842
3,52393621,17140113,35253508,2416052,908867,3002408,322511,0.09699815,2941824,332653,0.8984103
