pid,execution_cycles,compute_cycles,idle_cycles,loads,stores,hit_count,miss_count,miss_rate,private,shared,private_rate
0,34908589,17729254,17179335,2380720,889412,3129635,140497,0.04296371,2312656,938330,0.7113706
1,34544205,17120545,17423660,2388005,899247,3144460,142792,0.04343811,2230592,1035472,0.6829603
2,17952171,17556877,395294,74523,43175,114894,2804,0.02382368,90631,25797,0.7784296
3,34451356,17140113,17311243,2416052,908867,3183643,141276,0.04249006,3021119,284239,0.9140066
