pid,execution_cycles,compute_cycles,idle_cycles,loads,stores,hit_count,miss_count,miss_rate,private,shared,private_rate
0,27346621,17729254,9617367,2380720,889412,3204627,65505,0.0200313,2180788,1083194,0.6681373
1,26744847,17120545,9624302,2388005,899247,3222762,64490,0.01961821,2194319,1087293,0.6686711
2,17899437,17556877,342560,74523,43175,115296,2402,0.02040816,90589,27090,0.7697975
3,26972434,17140113,9832321,2416052,908867,3258273,66646,0.0200444,2207564,1111774,0.6650615
