pid,execution_cycles,compute_cycles,idle_cycles,loads,stores,hit_count,miss_count,miss_rate,private,shared,private_rate
0,22250662,17729254,4521408,2380720,889412,3265425,4707,0.001439391,2050141,1219486,0.627026
1,21728616,17120545,4608071,2388005,899247,3282648,4604,0.001400562,2062359,1224542,0.6274479
2,17785256,17556877,228379,74523,43175,116922,776,0.006593145,86482,31216,0.7347788
3,21783730,17140113,4643617,2416052,908867,3320163,4756,0.001430411,2118247,1206286,0.6371563
