pid,execution_cycles,compute_cycles,idle_cycles,loads,stores,hit_count,miss_count,miss_rate,private,shared,private_rate
0,24998590,17729254,7269336,2380720,889412,3229736,40396,0.01235302,2175184,1094077,0.6653442
1,24349383,17120545,7228838,2388005,899247,3247438,39814,0.01211164,2604830,681696,0.7925785
2,17706651,17556877,149774,74523,43175,117374,324,0.002752808,89523,28164,0.7606872
3,24496114,17140113,7356001,2416052,908867,3284201,40718,0.01224631,2208656,1115267,0.6644727
