pid,execution_cycles,compute_cycles,idle_cycles,loads,stores,hit_count,miss_count,miss_rate,private,shared,private_rate
0,40397710,17729254,22668456,2380720,889412,3085408,184724,0.05648824,2457996,765470,0.762532
1,57439704,17120545,40319159,2388005,899247,2934099,353153,0.1074311,2504098,666033,0.7899036
2,18606990,17556877,1050113,74523,43175,108681,9017,0.07661133,92519,21331,0.8126394
3,36946750,17140113,19806637,2416052,908867,3183161,141758,0.04263502,2565115,737006,0.7768083
