pid,execution_cycles,compute_cycles,idle_cycles,loads,stores,hit_count,miss_count,miss_rate,private,shared,private_rate
0,22253272,17729254,4524018,2380720,889412,3265395,4737,0.001448565,2050657,1218968,0.6271842
1,21730047,17120545,4609502,2388005,899247,3282635,4617,0.001404517,2062723,1224202,0.627554
2,17785256,17556877,228379,74523,43175,116922,776,0.006593145,86482,31216,0.7347788
3,21785791,17140113,4645678,2416052,908867,3320120,4799,0.001443343,2118543,1206030,0.6372376
