pid,execution_cycles,compute_cycles,idle_cycles,loads,stores,hit_count,miss_count,miss_rate,private,shared,private_rate
0,57134653,17729254,39405399,2380720,889412,2983310,286822,0.08770961,2875550,335255,0.8955854
1,57473177,17120545,40352632,2388005,899247,2995424,291828,0.08877567,2844062,386541,0.8803502
2,20102894,17556877,2546017,74523,43175,99024,18674,0.1586603,100552,11168,0.9000358
3,56660895,17140113,39520782,2416052,908867,3043435,281484,0.0846589,2856467,415893,0.8729073
