pid,execution_cycles,compute_cycles,idle_cycles,loads,stores,hit_count,miss_count,miss_rate,private,shared,private_rate
0,25871770,17729254,8142516,2380720,889412,3220916,49216,0.01505016,2538356,730823,0.7764506
1,25370964,17120545,8250419,2388005,899247,3237119,50133,0.01525073,2087785,1198377,0.6353263
2,17724570,17556877,167693,74523,43175,117193,505,0.004290642,89931,27660,0.7647779
3,25432555,17140113,8292442,2416052,908867,3274742,50177,0.01509119,2153809,1169916,0.6480106
