pid,execution_cycles,compute_cycles,idle_cycles,loads,stores,hit_count,miss_count,miss_rate,private,shared,private_rate
0,21679124,17729254,3949870,2380720,889412,3261454,8678,0.002653716,2129780,1140352,0.6512826
1,21140978,17120545,4020433,2388005,899247,3279105,8147,0.002478362,2140189,1147063,0.6510572
2,17801076,17556877,244199,74523,43175,116311,1387,0.0117844,89792,27906,0.7629017
3,21237748,17140113,4097635,2416052,908867,3316067,8852,0.00266232,2150297,1174622,0.6467216
