pid,execution_cycles,compute_cycles,idle_cycles,loads,stores,hit_count,miss_count,miss_rate,private,shared,private_rate
0,81098227,17729254,63368973,2380720,889412,2663073,607059,0.1856375,3114818,58230,0.9816486
1,80263395,17120545,63142850,2388005,899247,2682650,604602,0.1839232,3093166,96876,0.9696317
2,20240259,17556877,2683382,74523,43175,91782,25916,0.2201907,101047,5973,0.944188
3,81484672,17140113,64344559,2416052,908867,2708559,616360,0.1853759,3146541,76709,0.9762013
