pid,execution_cycles,compute_cycles,idle_cycles,loads,stores,hit_count,miss_count,miss_rate,private,shared,private_rate
0,22939478,17729254,5210224,2380720,889412,3247540,22592,0.00690859,2128998,1131359,0.6529954
1,22565004,17120545,5444459,2388005,899247,3264779,22473,0.006836409,2155624,1122208,0.6576371
2,18085223,17556877,528346,74523,43175,113314,4384,0.03724787,90476,27222,0.7687131
3,22656501,17140113,5516388,2416052,908867,3301376,23543,0.007080774,2168952,1146848,0.6541263
