pid,execution_cycles,compute_cycles,idle_cycles,loads,stores,hit_count,miss_count,miss_rate,private,shared,private_rate
0,37451955,17729254,19722701,2380720,889412,3102649,167483,0.05121598,2215260,1021649,0.6843751
1,37288997,17120545,20168452,2388005,899247,3116128,171124,0.05205685,2962860,287987,0.9114117
2,18169818,17556877,612941,74523,43175,112637,5061,0.04299988,89561,25734,0.7767986
3,37003835,17140113,19863722,2416052,908867,3156722,168197,0.0505868,2293500,997674,0.6968638
