pid,execution_cycles,compute_cycles,idle_cycles,loads,stores,hit_count,miss_count,miss_rate,private,shared,private_rate
0,27759898,17729254,10030644,2380720,889412,3201844,68288,0.02088234,2154275,1112949,0.6593594
1,27068616,17120545,9948071,2388005,899247,3219971,67281,0.02046725,2399738,885434,0.7304756
2,17732787,17556877,175910,74523,43175,117110,588,0.004995837,89192,28489,0.7579133
3,27188716,17140113,10048603,2416052,908867,3257003,67916,0.02042636,2201823,1120416,0.6627527
