pid,execution_cycles,compute_cycles,idle_cycles,loads,stores,hit_count,miss_count,miss_rate,private,shared,private_rate
0,21901771,17729254,4172517,2380720,889412,3261017,9115,0.002787349,2128895,1140909,0.6510773
1,21264048,17120545,4143503,2388005,899247,3278603,8649,0.002631073,2141231,1145730,0.6514318
2,17812185,17556877,255308,74523,43175,116308,1390,0.01180989,89796,27888,0.7630264
3,21395632,17140113,4255519,2416052,908867,3315519,9400,0.002827137,2153497,1171160,0.6477351
