pid,execution_cycles,compute_cycles,idle_cycles,loads,stores,hit_count,miss_count,miss_rate,private,shared,private_rate
0,40888180,17729254,23158926,2380720,889412,3045383,224749,0.06872781,2393393,839999,0.7402112
1,40870581,17120545,23750036,2388005,899247,3059674,227578,0.06923047,2547875,702181,0.783948
2,18592412,17556877,1035535,74523,43175,107750,9948,0.0845214,93795,20922,0.8176208
3,40900364,17140113,23760251,2416052,908867,3092829,232090,0.0698032,2453448,831128,0.7469603
