pid,execution_cycles,compute_cycles,idle_cycles,loads,stores,hit_count,miss_count,miss_rate,private,shared,private_rate
0,36905278,17729254,19176024,2380720,889412,3106245,163887,0.05011633,2552947,708084,0.782865
1,36086201,17120545,18965656,2388005,899247,3126205,161047,0.04899138,2340410,937169,0.7140667
2,18225259,17556877,668382,74523,43175,112264,5434,0.04616901,94626,22105,0.810633
3,36503548,17140113,19363435,2416052,908867,3160847,164072,0.04934616,2568855,745831,0.774992
