pid,execution_cycles,compute_cycles,idle_cycles,loads,stores,hit_count,miss_count,miss_rate,private,shared,private_rate
0,22335688,17729254,4606434,2380720,889412,3256634,13498,0.004127662,2133154,1136537,0.6524023
1,21728556,17120545,4608011,2388005,899247,3273911,13341,0.004058405,2150962,1135914,0.6544092
2,17912472,17556877,355595,74523,43175,115295,2403,0.02041666,90040,27644,0.7650998
3,21880831,17140113,4740718,2416052,908867,3310618,14301,0.004301157,2163460,1161109,0.650749
