pid,execution_cycles,compute_cycles,idle_cycles,loads,stores,hit_count,miss_count,miss_rate,private,shared,private_rate
0,46764685,17729254,29035431,2380720,889412,3009823,260309,0.07960199,3016680,220360,0.9319255
1,46551231,17120545,29430686,2388005,899247,3023158,264094,0.08033884,2663113,590146,0.8185985
2,18718674,17556877,1161797,74523,43175,107145,10553,0.08966168,97193,18040,0.8434476
3,46975630,17140113,29835517,2416052,908867,3057057,267862,0.08056196,2719124,569955,0.8267129
