pid,execution_cycles,compute_cycles,idle_cycles,loads,stores,hit_count,miss_count,miss_rate,private,shared,private_rate
0,32712655,17729254,14983401,2380720,889412,3151165,118967,0.03637988,2845405,414176,0.8729358
1,32202004,17120545,15081459,2388005,899247,3167679,119573,0.03637476,2307562,968431,0.7043855
2,17834425,17556877,277548,74523,43175,116060,1638,0.01391697,90833,26130,0.776596
3,32191567,17140113,15051454,2416052,908867,3205818,119101,0.03582072,2848743,465751,0.8594805
