pid,execution_cycles,compute_cycles,idle_cycles,loads,stores,hit_count,miss_count,miss_rate,private,shared,private_rate
0,106524738,17729254,88795484,2380720,889412,2406232,863900,0.2641789,2906658,99050,0.967046
1,107439287,17120545,90318742,2388005,899247,2408122,879130,0.2674361,2959794,58709,0.9805503
2,21138684,17556877,3581807,74523,43175,82707,34991,0.2972948,101317,3239,0.9690214
3,108785749,17140113,91645636,2416052,908867,2432772,892147,0.2683214,2993732,58944,0.980691
