pid,execution_cycles,compute_cycles,idle_cycles,loads,stores,hit_count,miss_count,miss_rate,private,shared,private_rate
0,55583650,17729254,37854396,2380720,889412,2920796,349336,0.1068263,3010684,169771,0.9466205
1,55851876,17120545,38731331,2388005,899247,2929231,358021,0.1089119,3018877,173825,0.9455555
2,19318569,17556877,1761692,74523,43175,101092,16606,0.1410899,92378,18697,0.8316723
3,55991281,17140113,38851168,2416052,908867,2966068,358851,0.1079277,3054202,177547,0.9450616
