pid,execution_cycles,compute_cycles,idle_cycles,loads,stores,hit_count,miss_count,miss_rate,private,shared,private_rate
0,22440946,17729254,4711692,2380720,889412,3258248,11884,0.003634104,2026409,1243137,0.619783
1,21722850,17120545,4602305,2388005,899247,3275973,11279,0.003431133,2106861,1180017,0.6409915
2,17732337,17556877,175460,74523,43175,117280,418,0.003551462,88916,28782,0.7554589
3,21867430,17140113,4727317,2416052,908867,3313065,11854,0.0035652,2178972,1145572,0.6554198
