pid,execution_cycles,compute_cycles,idle_cycles,loads,stores,hit_count,miss_count,miss_rate,private,shared,private_rate
0,86358016,17729254,68628762,2380720,889412,2609902,660230,0.201897,2986774,60175,0.9802507
1,86909978,17120545,69789433,2388005,899247,2615497,671755,0.2043515,2966408,93831,0.9693387
2,21603354,17556877,4046477,74523,43175,78005,39693,0.3372445,96066,6373,0.9377874
3,87744949,17140113,70604836,2416052,908867,2645296,679623,0.2044029,2997506,94435,0.9694577
