pid,execution_cycles,compute_cycles,idle_cycles,loads,stores,hit_count,miss_count,miss_rate,private,shared,private_rate
0,43864723,17729254,26135469,2380720,889412,3039169,230963,0.07062804,2704618,521147,0.8384424
1,43937028,17120545,26816483,2388005,899247,3049583,237669,0.07230021,3018552,219463,0.932223
2,18890889,17556877,1334012,74523,43175,105412,12286,0.1043858,92166,20680,0.8167414
3,43821904,17140113,26681791,2416052,908867,3088991,235928,0.07095752,2895363,382973,0.8831807
