pid,execution_cycles,compute_cycles,idle_cycles,loads,stores,hit_count,miss_count,miss_rate,private,shared,private_rate
0,24477342,17729254,6748088,2380720,889412,3220318,49814,0.01523302,2125893,1133643,0.6522072
1,24097527,17120545,6976982,2388005,899247,3237680,49572,0.01508007,2166241,1110958,0.6610038
2,18061961,17556877,505084,74523,43175,113368,4330,0.03678907,89960,27709,0.7645174
3,24200412,17140113,7060299,2416052,908867,3273322,51597,0.01551827,2178332,1136805,0.6570866
