pid,execution_cycles,compute_cycles,idle_cycles,loads,stores,hit_count,miss_count,miss_rate,private,shared,private_rate
0,27911467,17729254,10182213,2380720,889412,3200313,69819,0.02135051,2193752,1072222,0.6716992
1,27184050,17120545,10063505,2388005,899247,3218805,68447,0.02082195,2327896,955822,0.7089208
2,17803968,17556877,247091,74523,43175,116391,1307,0.01110469,89192,28308,0.7590809
3,27338107,17140113,10197994,2416052,908867,3255494,69425,0.02088021,2193697,1127481,0.6605177
