pid,execution_cycles,compute_cycles,idle_cycles,loads,stores,hit_count,miss_count,miss_rate,private,shared,private_rate
0,24134949,17729254,6405695,2380720,889412,3244623,25509,0.007800603,2137471,1131866,0.6537934
1,23511465,17120545,6390920,2388005,899247,3262344,24908,0.00757715,2013911,1272802,0.6127432
2,17746567,17556877,189690,74523,43175,117362,336,0.002854764,89770,27897,0.7629157
3,23805987,17140113,6665874,2416052,908867,3299258,25661,0.007717782,2041585,1282725,0.614138
