pid,execution_cycles,compute_cycles,idle_cycles,loads,stores,hit_count,miss_count,miss_rate,private,shared,private_rate
0,30781261,17729254,13052007,2380720,889412,3171055,99077,0.03029755,2996777,267362,0.9180911
1,30214890,17120545,13094345,2388005,899247,3188037,99215,0.03018174,2350005,931216,0.7161983
2,17781333,17556877,224456,74523,43175,116608,1090,0.00926099,90119,27160,0.7684155
3,30267571,17140113,13127458,2416052,908867,3225510,99409,0.02989817,2244836,1074104,0.6763714
