pid,execution_cycles,compute_cycles,idle_cycles,loads,stores,hit_count,miss_count,miss_rate,private,shared,private_rate
0,41621284,17729254,23892030,2380720,889412,3061830,208302,0.06369835,2915988,309040,0.9041745
1,41711409,17120545,24590864,2388005,899247,3072064,215188,0.06546136,2914158,325222,0.8996036
2,18593988,17556877,1037111,74523,43175,108411,9287,0.07890533,90805,22632,0.8004884
3,41402740,17140113,24262627,2416052,908867,3113427,211492,0.06360817,2787092,493295,0.8496229
