pid,execution_cycles,compute_cycles,idle_cycles,loads,stores,hit_count,miss_count,miss_rate,private,shared,private_rate
0,24120856,17729254,6391602,2380720,889412,3238602,31530,0.009641813,2012999,1256547,0.6156815
1,23474223,17120545,6353678,2388005,899247,3256278,30974,0.00942246,2413582,873076,0.7343575
2,17703483,17556877,146606,74523,43175,117406,292,0.002480926,89639,28026,0.7618153
3,23635903,17140113,6495790,2416052,908867,3292890,32029,0.009633017,2176639,1147758,0.654747
