pid,execution_cycles,compute_cycles,idle_cycles,loads,stores,hit_count,miss_count,miss_rate,private,shared,private_rate
0,29972116,17729254,12242862,2380720,889412,3178946,91186,0.0278845,2423203,841423,0.7422605
1,29273562,17120545,12153017,2388005,899247,3197385,89867,0.02733803,2228871,1053523,0.6790382
2,17758401,17556877,201524,74523,43175,116820,878,0.00745977,89322,28323,0.7592503
3,29390107,17140113,12249994,2416052,908867,3234234,90685,0.02727435,2231008,1088659,0.6720578
