pid,execution_cycles,compute_cycles,idle_cycles,loads,stores,hit_count,miss_count,miss_rate,private,shared,private_rate
0,129205799,17729254,111476545,2380720,889412,2177129,1093003,0.3342382,2884440,91937,0.9691111
1,129543109,17120545,112422564,2388005,899247,2184860,1102392,0.3353537,2934201,55617,0.9813979
2,22134519,17556877,4577642,74523,43175,72646,45052,0.3827763,98509,1966,0.9804329
3,130574566,17140113,113434453,2416052,908867,2212685,1112234,0.3345146,2934672,89281,0.9704754
