pid,execution_cycles,compute_cycles,idle_cycles,loads,stores,hit_count,miss_count,miss_rate,private,shared,private_rate
0,30068875,17729254,12339621,2380720,889412,3178521,91611,0.02801447,2756531,510374,0.8437745
1,29429271,17120545,12308726,2388005,899247,3196126,91126,0.02772103,2603855,679633,0.7930149
2,17789910,17556877,233033,74523,43175,116533,1165,0.009898214,90641,26758,0.7720764
3,29589763,17140113,12449650,2416052,908867,3232750,92169,0.02772068,2974200,346985,0.8955237
