pid,execution_cycles,compute_cycles,idle_cycles,loads,stores,hit_count,miss_count,miss_rate,private,shared,private_rate
0,36860473,17729254,19131219,2380720,889412,3109919,160213,0.04899282,2652656,604761,0.8143434
1,35827344,17120545,18706799,2388005,899247,3131499,155753,0.04738091,2370207,904258,0.7238456
2,18287682,17556877,730805,74523,43175,111505,6193,0.05261772,95357,20631,0.8221282
3,36270976,17140113,19130863,2416052,908867,3165263,159656,0.04801801,2447744,863836,0.7391469
