pid,execution_cycles,compute_cycles,idle_cycles,loads,stores,hit_count,miss_count,miss_rate,private,shared,private_rate
0,23567861,17729254,5838607,2380720,889412,3248808,21324,0.006520838,2102669,1157680,0.6449214
1,23247748,17120545,6127203,2388005,899247,3265094,22158,0.006740585,2141331,1136480,0.6532808
2,18059882,17556877,503005,74523,43175,113376,4322,0.0367211,89347,28351,0.7591208
3,23303059,17140113,6162946,2416052,908867,3302491,22428,0.006745427,2154018,1161762,0.6496263
