pid,execution_cycles,compute_cycles,idle_cycles,loads,stores,hit_count,miss_count,miss_rate,private,shared,private_rate
0,22468842,17729254,4739588,2380720,889412,3262656,7476,0.002286146,2077962,1189516,0.6359529
1,21993663,17120545,4873118,2388005,899247,3279724,7528,0.002290059,2103874,1181056,0.6404624
2,17822991,17556877,266114,74523,43175,116382,1316,0.01118116,88110,29588,0.7486109
3,22050619,17140113,4910506,2416052,908867,3317096,7823,0.002352839,2123251,1199486,0.6390066
