pid,execution_cycles,compute_cycles,idle_cycles,loads,stores,hit_count,miss_count,miss_rate,private,shared,private_rate
0,22244931,17729254,4515677,2380720,889412,3267154,2978,0.0009106666,1986806,1283264,0.6075729
1,21618491,17120545,4497946,2388005,899247,3284313,2939,0.0008940598,1976511,1310707,0.6012717
2,17772103,17556877,215226,74523,43175,117200,498,0.004231168,86314,31384,0.7333515
3,21710236,17140113,4570123,2416052,908867,3321915,3004,0.0009034807,2105832,1219041,0.6333571
