pid,execution_cycles,compute_cycles,idle_cycles,loads,stores,hit_count,miss_count,miss_rate,private,shared,private_rate
0,53459812,17729254,35730558,2380720,889412,3012475,257657,0.07879101,2865148,367634,0.8862794
1,53031668,17120545,35911123,2388005,899247,3032211,255041,0.07758486,2682861,569560,0.8248812
2,19240609,17556877,1683732,74523,43175,104296,13402,0.1138677,96214,17048,0.8494817
3,54147501,17140113,37007388,2416052,908867,3059448,265471,0.07984285,2820554,467045,0.8579374
