pid,execution_cycles,compute_cycles,idle_cycles,loads,stores,hit_count,miss_count,miss_rate,private,shared,private_rate
0,25004134,17729254,7274880,2380720,889412,3229680,40452,0.01237014,2169512,1099692,0.6636209
1,24391062,17120545,7270517,2388005,899247,3247017,40235,0.01223971,2525922,760669,0.7685538
2,17707047,17556877,150170,74523,43175,117370,328,0.002786793,89564,28115,0.7610874
3,24501856,17140113,7361743,2416052,908867,3284143,40776,0.01226376,2210392,1113525,0.6649961
