pid,execution_cycles,compute_cycles,idle_cycles,loads,stores,hit_count,miss_count,miss_rate,private,shared,private_rate
0,21599764,17729254,3870510,2380720,889412,3266614,3518,0.001075798,2136757,1133221,0.6534469
1,20866590,17120545,3746045,2388005,899247,3284225,3027,0.0009208299,2085823,1201359,0.6345323
2,17736861,17556877,179984,74523,43175,117280,418,0.003551462,88506,29192,0.7519754
3,21110281,17140113,3970168,2416052,908867,3321088,3831,0.001152209,2157243,1167585,0.6488285
