pid,execution_cycles,compute_cycles,idle_cycles,loads,stores,hit_count,miss_count,miss_rate,private,shared,private_rate
0,44755092,17729254,27025838,2380720,889412,3246458,23674,0.007239463,1777170,1492499,0.5435321
1,43905651,17120545,26785106,2388005,899247,3263583,23669,0.007200239,2018621,1268345,0.614129
2,17804708,17556877,247831,74523,43175,117538,160,0.001359411,64172,53526,0.5452259
3,44140083,17140113,26999970,2416052,908867,3301126,23793,0.007155964,1832167,1492442,0.5510925
