pid,execution_cycles,compute_cycles,idle_cycles,loads,stores,hit_count,miss_count,miss_rate,private,shared,private_rate
0,32728266,17729254,14999012,2380720,889412,3217572,52560,0.01607275,2064000,1204533,0.631476
1,32083675,17120545,14963130,2388005,899247,3234686,52566,0.01599086,2096451,1189632,0.6379787
2,17771383,17556877,214506,74523,43175,117368,330,0.002803786,86583,31114,0.7356432
3,32247634,17140113,15107521,2416052,908867,3271795,53124,0.01597753,2152212,1171383,0.6475554
