pid,execution_cycles,compute_cycles,idle_cycles,loads,stores,hit_count,miss_count,miss_rate,private,shared,private_rate
0,23593978,17729254,5864724,2380720,889412,3243924,26208,0.008014355,2129396,1140110,0.6512898
1,22931109,17120545,5810564,2388005,899247,3261764,25488,0.007753589,2248744,1038063,0.6841728
2,17705364,17556877,148487,74523,43175,117387,311,0.002642356,89391,28307,0.7594946
3,23048437,17140113,5908324,2416052,908867,3298824,26095,0.007848311,2176661,1147729,0.654755
