pid,execution_cycles,compute_cycles,idle_cycles,loads,stores,hit_count,miss_count,miss_rate,private,shared,private_rate
0,33699508,17729254,15970254,2380720,889412,3244097,26035,0.007961452,1828587,1440829,0.5593008
1,33289377,17120545,16168832,2388005,899247,3260672,26580,0.008085781,1912068,1374676,0.5817514
2,17783745,17556877,226868,74523,43175,117472,226,0.001920169,64404,53294,0.5471971
3,33594426,17140113,16454313,2416052,908867,3297826,27093,0.008148469,1945857,1378507,0.5853321
