pid,execution_cycles,compute_cycles,idle_cycles,loads,stores,hit_count,miss_count,miss_rate,private,shared,private_rate
0,31148569,17729254,13419315,2380720,889412,3167615,102517,0.0313495,2911625,352337,0.8920524
1,30575790,17120545,13455245,2388005,899247,3184545,102707,0.03124403,2817900,463151,0.8588407
2,17804364,17556877,247487,74523,43175,116387,1311,0.01113868,90388,26881,0.7707749
3,30687079,17140113,13546966,2416052,908867,3221666,103253,0.03105429,2608870,709854,0.7861063
