pid,execution_cycles,compute_cycles,idle_cycles,loads,stores,hit_count,miss_count,miss_rate,private,shared,private_rate
0,23279356,17729254,5550102,2380720,889412,3247102,23030,0.007042529,2133005,1132397,0.6532136
1,22689648,17120545,5569103,2388005,899247,3264203,23049,0.007011632,2160232,1122256,0.6581081
2,18108294,17556877,551417,74523,43175,113317,4381,0.03722238,90295,27396,0.7672209
3,22838557,17140113,5698444,2416052,908867,3300944,23975,0.007210702,2174148,1146900,0.6546572
