pid,execution_cycles,compute_cycles,idle_cycles,loads,stores,hit_count,miss_count,miss_rate,private,shared,private_rate
0,28381299,17729254,10652045,2380720,889412,3195841,74291,0.02271804,2903384,363603,0.8887039
1,27807224,17120545,10686679,2388005,899247,3212835,74417,0.02263806,2289478,994417,0.6971837
2,17743127,17556877,186250,74523,43175,117018,680,0.005777498,89401,28095,0.7608855
3,27866335,17140113,10726222,2416052,908867,3250586,74333,0.02235633,2216742,1104878,0.6673677
