pid,execution_cycles,compute_cycles,idle_cycles,loads,stores,hit_count,miss_count,miss_rate,private,shared,private_rate
0,23319055,17729254,5589801,2380720,889412,3246701,23431,0.007165154,2129371,1131042,0.6530985
1,22725684,17120545,5605139,2388005,899247,3263839,23413,0.007122362,2156430,1121462,0.657871
2,18108294,17556877,551417,74523,43175,113317,4381,0.03722238,90493,27205,0.7688576
3,22886572,17140113,5746459,2416052,908867,3300459,24460,0.00735657,2169723,1146188,0.6543369
