pid,execution_cycles,compute_cycles,idle_cycles,loads,stores,hit_count,miss_count,miss_rate,private,shared,private_rate
0,22999186,17729254,5269932,2380720,889412,3249932,20200,0.006177121,2127109,1141113,0.6508459
1,22223061,17120545,5102516,2388005,899247,3268916,18336,0.005577911,2143432,1142418,0.6523219
2,17760309,17556877,203432,74523,43175,116832,866,0.007357814,88788,28910,0.7543714
3,22362169,17140113,5222056,2416052,908867,3305756,19163,0.005763449,2159509,1164262,0.6497165
