pid,execution_cycles,compute_cycles,idle_cycles,loads,stores,hit_count,miss_count,miss_rate,private,shared,private_rate
0,34680153,17729254,16950899,2380720,889412,3231469,38663,0.01182307,2164090,1105107,0.6619638
1,33969981,17120545,16849436,2388005,899247,3248557,38695,0.01177123,2224725,1061748,0.6769339
2,17783383,17556877,226506,74523,43175,117459,239,0.002030621,64703,52976,0.5498262
3,34145297,17140113,17005184,2416052,908867,3286214,38705,0.01164089,2178031,1145973,0.6552432
