pid,execution_cycles,compute_cycles,idle_cycles,loads,stores,hit_count,miss_count,miss_rate,private,shared,private_rate
0,65897024,17729254,48167770,2380720,889412,2812869,457263,0.1398301,3037709,119900,0.9620282
1,65582239,17120545,48461694,2388005,899247,2827140,460112,0.1399686,3054537,118018,0.9628003
2,19953409,17556877,2396532,74523,43175,93753,23945,0.2034444,100065,9686,0.9117457
3,66336355,17140113,49196242,2416052,908867,2857095,467824,0.1407024,3075471,132600,0.9586668
