pid,execution_cycles,compute_cycles,idle_cycles,loads,stores,hit_count,miss_count,miss_rate,private,shared,private_rate
0,25844350,17729254,8115096,2380720,889412,3219300,50832,0.01554433,2152612,1106935,0.6604022
1,25264258,17120545,8143713,2388005,899247,3237669,49583,0.01508342,2178801,1098421,0.6648317
2,18087318,17556877,530441,74523,43175,113317,4381,0.03722238,90956,26742,0.7727914
3,25547856,17140113,8407743,2416052,908867,3272491,52428,0.0157682,2193030,1122123,0.661517
