pid,execution_cycles,compute_cycles,idle_cycles,loads,stores,hit_count,miss_count,miss_rate,private,shared,private_rate
0,59223979,17729254,41494725,2380720,889412,2884025,386107,0.1180708,2876532,323060,0.8990309
1,59662683,17120545,42542138,2388005,899247,2890738,396514,0.1206217,2910712,301256,0.9062083
2,19556763,17556877,1999886,74523,43175,98686,19012,0.1615321,98877,12700,0.8861773
3,60844063,17140113,43703950,2416052,908867,2917050,407869,0.1226704,2944783,299227,0.9077601
