pid,execution_cycles,compute_cycles,idle_cycles,loads,stores,hit_count,miss_count,miss_rate,private,shared,private_rate
0,21266686,17729254,3537432,2380720,889412,3267432,2700,0.0008256547,2028624,1241416,0.6203667
1,20687769,17120545,3567224,2388005,899247,3284424,2828,0.000860293,2047756,1239456,0.6229461
2,17701404,17556877,144527,74523,43175,117427,271,0.002302503,88910,28788,0.7554079
3,20726887,17140113,3586774,2416052,908867,3322274,2645,0.0007955081,2074612,1250277,0.6239643
