pid,execution_cycles,compute_cycles,idle_cycles,loads,stores,hit_count,miss_count,miss_rate,private,shared,private_rate
0,64005726,17729254,46276472,2380720,889412,2823597,446535,0.1365495,2954131,209430,0.9337993
1,63414507,17120545,46293962,2388005,899247,2840752,446500,0.1358277,2980655,195531,0.9384384
2,19488278,17556877,1931401,74523,43175,98817,18881,0.160419,96631,14290,0.8711696
3,65227931,17140113,48087818,2416052,908867,2857910,467009,0.1404573,2936589,270229,0.915733
