pid,execution_cycles,compute_cycles,idle_cycles,loads,stores,hit_count,miss_count,miss_rate,private,shared,private_rate
0,48561646,17729254,30832392,2380720,889412,2991604,278528,0.08517332,3025892,196167,0.9391175
1,48468306,17120545,31347761,2388005,899247,3003765,283487,0.08623829,3035444,200898,0.9379244
2,18771255,17556877,1214378,74523,43175,106606,11092,0.09424119,94215,19799,0.8263459
3,48920122,17140113,31780009,2416052,908867,3037381,287538,0.0864797,3079246,195001,0.940444
