pid,execution_cycles,compute_cycles,idle_cycles,loads,stores,hit_count,miss_count,miss_rate,private,shared,private_rate
0,22312429,17729254,4583175,2380720,889412,3262764,7368,0.00225312,2077676,1192344,0.635371
1,21912737,17120545,4792192,2388005,899247,3279845,7407,0.00225325,2104109,1183025,0.6401044
2,17822923,17556877,266046,74523,43175,116382,1316,0.01118116,87930,29768,0.7470815
3,21944351,17140113,4804238,2416052,908867,3317280,7639,0.0022975,2124067,1200752,0.6388519
