pid,execution_cycles,compute_cycles,idle_cycles,loads,stores,hit_count,miss_count,miss_rate,private,shared,private_rate
0,22300345,17729254,4571091,2380720,889412,3256991,13141,0.004018492,2132779,1136489,0.652372
1,21694698,17120545,4574153,2388005,899247,3274253,12999,0.003954367,2150560,1136095,0.6543309
2,17912373,17556877,355496,74523,43175,115296,2402,0.02040816,90040,27658,0.7650088
3,21842914,17140113,4702801,2416052,908867,3311001,13918,0.004185967,2162864,1161208,0.650667
