pid,execution_cycles,compute_cycles,idle_cycles,loads,stores,hit_count,miss_count,miss_rate,private,shared,private_rate
0,25428118,17729254,7698864,2380720,889412,3244400,25732,0.007868796,2088647,1180148,0.6389654
1,24605364,17120545,7484819,2388005,899247,3261307,25945,0.007892611,2027843,1258051,0.6171359
2,17981211,17556877,424334,74523,43175,115338,2360,0.02005132,90731,25893,0.7779788
3,25442950,17140113,8302837,2416052,908867,3297289,27630,0.008309977,2025933,1297365,0.6096152
