pid,execution_cycles,compute_cycles,idle_cycles,loads,stores,hit_count,miss_count,miss_rate,private,shared,private_rate
0,30273112,17729254,12543858,2380720,889412,3196170,73962,0.02261744,2193818,1074282,0.6712824
1,29589519,17120545,12468974,2388005,899247,3214406,72846,0.02216015,2076897,1208416,0.6321763
2,17793936,17556877,237059,74523,43175,116707,991,0.008419854,91298,26172,0.7772027
3,29936065,17140113,12795952,2416052,908867,3251792,73127,0.02199362,2103398,1219309,0.6330375
