pid,execution_cycles,compute_cycles,idle_cycles,loads,stores,hit_count,miss_count,miss_rate,private,shared,private_rate
0,32447048,17729254,14717794,2380720,889412,3228188,41944,0.01282639,2241667,1026611,0.6858863
1,32546757,17120545,15426212,2388005,899247,3243416,43836,0.01333515,2255631,1029560,0.6866057
2,18131303,17556877,574426,74523,43175,115197,2501,0.0212493,81249,35300,0.6971231
3,32328978,17140113,15188865,2416052,908867,3280424,44495,0.01338228,2181373,1140951,0.6565805
