pid,execution_cycles,compute_cycles,idle_cycles,loads,stores,hit_count,miss_count,miss_rate,private,shared,private_rate
0,105469093,17729254,87739839,2380720,889412,2416895,853237,0.2609182,2966827,59400,0.9803716
1,105104235,17120545,87983690,2388005,899247,2431718,855534,0.2602581,2978658,60818,0.9799906
2,21853281,17556877,4296404,74523,43175,75488,42210,0.3586297,99664,2554,0.9750142
3,107046232,17140113,89906119,2416052,908867,2450347,874572,0.2630356,3051352,21573,0.9929797
