pid,execution_cycles,compute_cycles,idle_cycles,loads,stores,hit_count,miss_count,miss_rate,private,shared,private_rate
0,56417599,17729254,38688345,2380720,889412,2912353,357779,0.1094081,2807490,397615,0.8759432
1,56108988,17120545,38988443,2388005,899247,2926623,360629,0.1097053,3076130,145095,0.9549566
2,19726386,17556877,2169509,74523,43175,96969,20729,0.1761202,98725,12106,0.8907706
3,57129088,17140113,39988975,2416052,908867,2954563,370356,0.111388,2835416,419819,0.8710327
