pid,execution_cycles,compute_cycles,idle_cycles,loads,stores,hit_count,miss_count,miss_rate,private,shared,private_rate
0,29793133,17729254,12063879,2380720,889412,3153900,116232,0.03554352,2197687,1053058,0.6760564
1,29452764,17120545,12332219,2388005,899247,3168802,118450,0.03603314,2210891,1055495,0.6768615
2,18098162,17556877,541285,74523,43175,113224,4474,0.03801254,89969,26734,0.7709228
3,29473155,17140113,12333042,2416052,908867,3207419,117500,0.03533921,2244006,1060708,0.6790318
