pid,execution_cycles,compute_cycles,idle_cycles,loads,stores,hit_count,miss_count,miss_rate,private,shared,private_rate
0,30987740,17729254,13258486,2380720,889412,3169558,100574,0.03075533,2358557,906151,0.7224404
1,30703625,17120545,13583080,2388005,899247,3183452,103800,0.03157653,2419228,861855,0.7373261
2,18168633,17556877,611756,74523,43175,112716,4982,0.04232867,90851,25259,0.7824563
3,30712962,17140113,13572849,2416052,908867,3221697,103222,0.03104497,2306288,1012915,0.6948319
