pid,execution_cycles,compute_cycles,idle_cycles,loads,stores,hit_count,miss_count,miss_rate,private,shared,private_rate
0,37532782,17729254,19803528,2380720,889412,3103128,167004,0.0510695,2319141,917033,0.7166305
1,37196217,17120545,20075672,2388005,899247,3117672,169580,0.05158716,2518697,732365,0.7747305
2,18200463,17556877,643586,74523,43175,112386,5312,0.04513246,89994,25321,0.7804189
3,37068124,17140113,19928011,2416052,908867,3157211,167708,0.05043972,2608775,682223,0.7927003
