pid,execution_cycles,compute_cycles,idle_cycles,loads,stores,hit_count,miss_count,miss_rate,private,shared,private_rate
0,23183623,17729254,5454369,2380720,889412,3248069,22063,0.006746822,2133899,1132589,0.6532701
1,22573818,17120545,5453273,2388005,899247,3265373,21879,0.006655711,2161592,1122300,0.6582409
2,18108294,17556877,551417,74523,43175,113317,4381,0.03722238,90263,27435,0.7669034
3,22739161,17140113,5599048,2416052,908867,3301948,22971,0.00690874,2174861,1147045,0.6547028
