pid,execution_cycles,compute_cycles,idle_cycles,loads,stores,hit_count,miss_count,miss_rate,private,shared,private_rate
0,29961235,17729254,12231981,2380720,889412,3178993,91139,0.02787013,2346473,917953,0.7188011
1,29214324,17120545,12093779,2388005,899247,3197947,89305,0.02716707,2337328,944976,0.7120998
2,17805957,17556877,249080,74523,43175,116344,1354,0.01150402,89742,27691,0.7641975
3,29367886,17140113,12227773,2416052,908867,3234409,90510,0.02722172,2236272,1083238,0.6736753
