pid,execution_cycles,compute_cycles,idle_cycles,loads,stores,hit_count,miss_count,miss_rate,private,shared,private_rate
0,22533700,17729254,4804446,2380720,889412,3261126,9006,0.002754017,2105305,1164483,0.6438659
1,21981111,17120545,4860566,2388005,899247,3278314,8938,0.002718988,1998768,1288235,0.6080822
2,17755366,17556877,198489,74523,43175,117373,325,0.002761304,89428,28259,0.75988
3,22252218,17140113,5112105,2416052,908867,3315065,9854,0.002963681,2016899,1307685,0.6066621
