pid,execution_cycles,compute_cycles,idle_cycles,loads,stores,hit_count,miss_count,miss_rate,private,shared,private_rate
0,21742261,17729254,4013007,2380720,889412,3263223,6909,0.002112759,2081244,1188545,0.6365071
1,21064306,17120545,3943761,2388005,899247,3281001,6251,0.001901588,2089882,1197143,0.6357974
2,17737415,17556877,180538,74523,43175,117102,596,0.005063807,88560,29125,0.7525173
3,21162106,17140113,4021993,2416052,908867,3318269,6650,0.002000049,2173202,1151390,0.6536748
