pid,execution_cycles,compute_cycles,idle_cycles,loads,stores,hit_count,miss_count,miss_rate,private,shared,private_rate
0,22350133,17729254,4620879,2380720,889412,3268085,2047,0.0006259686,1897139,1372979,0.5801439
1,21588798,17120545,4468253,2388005,899247,3285216,2036,0.0006193623,1883551,1403679,0.5729903
2,17771185,17556877,214308,74523,43175,117370,328,0.002786793,85476,32222,0.7262315
3,21747134,17140113,4607021,2416052,908867,3322862,2057,0.0006186617,2102595,1222304,0.6323786
