pid,execution_cycles,compute_cycles,idle_cycles,loads,stores,hit_count,miss_count,miss_rate,private,shared,private_rate
0,33816121,17729254,16086867,2380720,889412,3142661,127471,0.03898038,2691059,571272,0.8248884
1,32801113,17120545,15680568,2388005,899247,3159529,127723,0.03885403,2348229,930878,0.7161184
2,18032916,17556877,476039,74523,43175,114192,3506,0.0297881,92589,24331,0.7919004
3,32825845,17140113,15685732,2416052,908867,3196049,128870,0.03875884,2311909,1005379,0.6969274
