pid,execution_cycles,compute_cycles,idle_cycles,loads,stores,hit_count,miss_count,miss_rate,private,shared,private_rate
0,22156300,17729254,4427046,2380720,889412,3258446,11686,0.003573556,2099139,1170418,0.6420255
1,21479373,17120545,4358828,2388005,899247,3276428,10824,0.00329272,2106005,1180882,0.6407294
2,17715858,17556877,158981,74523,43175,117281,417,0.003542966,89077,28621,0.7568268
3,21581356,17140113,4441243,2416052,908867,3313643,11276,0.003391361,2171220,1153330,0.6530869
