pid,execution_cycles,compute_cycles,idle_cycles,loads,stores,hit_count,miss_count,miss_rate,private,shared,private_rate
0,23590513,17729254,5861259,2380720,889412,3243959,26173,0.008003652,1977262,1292249,0.6047577
1,22936554,17120545,5816009,2388005,899247,3261709,25543,0.00777032,2222848,1063963,0.6762932
2,17700315,17556877,143438,74523,43175,117438,260,0.002209043,89465,28230,0.7601427
3,23107936,17140113,5967823,2416052,908867,3298223,26696,0.008029068,2183469,1141051,0.6567772
