pid,execution_cycles,compute_cycles,idle_cycles,loads,stores,hit_count,miss_count,miss_rate,private,shared,private_rate
0,40893977,17729254,23164723,2380720,889412,3068211,201921,0.06174705,2288085,945149,0.7076769
1,40874576,17120545,23754031,2388005,899247,3080331,206921,0.0629465,2464907,781260,0.7593285
2,18673730,17556877,1116853,74523,43175,107573,10125,0.08602525,91976,21563,0.8100829
3,40622426,17140113,23482313,2416052,908867,3120533,204386,0.06147097,3051625,235686,0.9283043
