pid,execution_cycles,compute_cycles,idle_cycles,loads,stores,hit_count,miss_count,miss_rate,private,shared,private_rate
0,24638192,17729254,6908938,2380720,889412,3231618,38514,0.01177751,2191907,1073943,0.6711597
1,23935108,17120545,6814563,2388005,899247,3250843,36409,0.01107582,2245253,1039118,0.6836174
2,17936766,17556877,379889,74523,43175,114961,2737,0.02325443,90102,26901,0.7700828
3,24123925,17140113,6983812,2416052,908867,3286788,38131,0.01146825,2207939,1113258,0.6648022
