pid,execution_cycles,compute_cycles,idle_cycles,loads,stores,hit_count,miss_count,miss_rate,private,shared,private_rate
0,25155983,17729254,7426729,2380720,889412,3228625,41507,0.01269276,2137135,1130727,0.6539857
1,24557421,17120545,7436876,2388005,899247,3245564,41688,0.01268172,2210926,1074702,0.6729082
2,17736465,17556877,179588,74523,43175,117100,598,0.0050808,88917,28741,0.7557242
3,24577984,17140113,7437871,2416052,908867,3283727,41192,0.01238887,2209117,1114157,0.6647412
