pid,execution_cycles,compute_cycles,idle_cycles,loads,stores,hit_count,miss_count,miss_rate,private,shared,private_rate
0,58539394,17729254,40810140,2380720,889412,2890940,379192,0.1159562,2603018,598721,0.8130013
1,57921372,17120545,40800827,2388005,899247,2908327,378925,0.1152711,2649478,570305,0.8228747
2,19590819,17556877,2033942,74523,43175,98342,19356,0.1644548,103285,8627,0.9229126
3,59098495,17140113,41958382,2416052,908867,2934682,390237,0.1173674,2846387,404523,0.8755662
