pid,execution_cycles,compute_cycles,idle_cycles,loads,stores,hit_count,miss_count,miss_rate,private,shared,private_rate
0,22834132,17729254,5104878,2380720,889412,3249842,20290,0.006204643,2133831,1130858,0.6536093
1,22287555,17120545,5167010,2388005,899247,3267646,19606,0.005964252,2150947,1131138,0.6553599
2,17897100,17556877,340223,74523,43175,115295,2403,0.02041666,90215,27483,0.7664956
3,22449028,17140113,5308915,2416052,908867,3303863,21056,0.006332786,2163503,1156412,0.6516742
