pid,execution_cycles,compute_cycles,idle_cycles,loads,stores,hit_count,miss_count,miss_rate,private,shared,private_rate
0,57058883,17729254,39329629,2380720,889412,2904259,365873,0.1118833,2724108,473013,0.8520503
1,56905984,17120545,39785439,2388005,899247,2918811,368441,0.1120818,3076430,137069,0.9573459
2,19702225,17556877,2145348,74523,43175,96907,20791,0.176647,99566,11191,0.898959
3,57780057,17140113,40639944,2416052,908867,2946478,378441,0.1138196,2782194,464907,0.856824
