pid,execution_cycles,compute_cycles,idle_cycles,loads,stores,hit_count,miss_count,miss_rate,private,shared,private_rate
0,95189720,17729254,77460466,2380720,889412,2520746,749386,0.2291608,3020005,89534,0.9712067
1,95168368,17120545,78047823,2388005,899247,2532123,755129,0.2297144,3070271,55173,0.9823471
2,21079891,17556877,3523014,74523,43175,83302,34396,0.2922395,100938,3516,0.9663392
3,96648868,17140113,79508755,2416052,908867,2555415,769504,0.2314354,3087646,69355,0.9780314
