pid,execution_cycles,compute_cycles,idle_cycles,loads,stores,hit_count,miss_count,miss_rate,private,shared,private_rate
0,28491508,17729254,10762254,2380720,889412,3194454,75678,0.02314219,2180808,1080685,0.6686533
1,27779832,17120545,10659287,2388005,899247,3212787,74465,0.02265266,2199588,1079590,0.6707742
2,17914353,17556877,357476,74523,43175,115276,2422,0.02057809,90699,26936,0.7710205
3,27989428,17140113,10849315,2416052,908867,3248915,76004,0.0228589,2206405,1110924,0.6651149
