pid,execution_cycles,compute_cycles,idle_cycles,loads,stores,hit_count,miss_count,miss_rate,private,shared,private_rate
0,33813154,17729254,16083900,2380720,889412,3140700,129432,0.03958005,2204634,1049118,0.6775667
1,33325416,17120545,16204871,2388005,899247,3156771,130481,0.03969303,2241715,1028215,0.6855544
2,17926431,17556877,369554,74523,43175,115154,2544,0.02161464,90465,26613,0.77269
3,33347902,17140113,16207789,2416052,908867,3194789,130130,0.0391378,2529723,778473,0.7646835
