pid,execution_cycles,compute_cycles,idle_cycles,loads,stores,hit_count,miss_count,miss_rate,private,shared,private_rate
0,21583513,17729254,3854259,2380720,889412,3266775,3357,0.001026564,2093343,1176789,0.6401402
1,20913168,17120545,3792623,2388005,899247,3284087,3165,0.0009628103,2134477,1152775,0.6493196
2,17737017,17556877,180140,74523,43175,117280,418,0.003551462,88500,29198,0.7519244
3,21062623,17140113,3922510,2416052,908867,3321374,3545,0.001066191,2172629,1152290,0.6534382
