pid,execution_cycles,compute_cycles,idle_cycles,loads,stores,hit_count,miss_count,miss_rate,private,shared,private_rate
0,21284506,17729254,3555252,2380720,889412,3267252,2880,0.0008806984,2020867,1249160,0.617997
1,20693907,17120545,3573362,2388005,899247,3284362,2890,0.0008791538,2040525,1246681,0.6207475
2,17701404,17556877,144527,74523,43175,117427,271,0.002302503,88918,28780,0.7554759
3,20732728,17140113,3592615,2416052,908867,3322215,2704,0.0008132529,2070397,1254493,0.6226964
