pid,execution_cycles,compute_cycles,idle_cycles,loads,stores,hit_count,miss_count,miss_rate,private,shared,private_rate
0,36920080,17729254,19190826,2380720,889412,3107610,162522,0.04969891,2764185,492188,0.8488539
1,35714488,17120545,18593943,2388005,899247,3123269,163983,0.04988452,2402428,869835,0.7341794
2,18238432,17556877,681555,74523,43175,111797,5901,0.05013679,94661,21597,0.8142321
3,36128431,17140113,18988318,2416052,908867,3158776,166143,0.04996904,2595473,715082,0.7839994
