pid,execution_cycles,compute_cycles,idle_cycles,loads,stores,hit_count,miss_count,miss_rate,private,shared,private_rate
0,23510224,17729254,5780970,2380720,889412,3244770,25362,0.00775565,2129834,1139170,0.6515238
1,22834188,17120545,5713643,2388005,899247,3262743,24509,0.007455772,2113831,1172662,0.6431874
2,17732985,17556877,176108,74523,43175,117108,590,0.005012829,89116,28582,0.7571582
3,22912411,17140113,5772298,2416052,908867,3300198,24721,0.007435068,2166245,1157926,0.6516647
