pid,execution_cycles,compute_cycles,idle_cycles,loads,stores,hit_count,miss_count,miss_rate,private,shared,private_rate
0,34094014,17729254,16364760,2380720,889412,3243125,27007,0.008258688,1821800,1447615,0.5572251
1,33757521,17120545,16636976,2388005,899247,3259647,27605,0.008397592,1918241,1368480,0.5836337
2,17783745,17556877,226868,74523,43175,117472,226,0.001920169,64404,53294,0.5471971
3,34172719,17140113,17032606,2416052,908867,3296612,28307,0.008513591,1953115,1371198,0.5875244
