pid,execution_cycles,compute_cycles,idle_cycles,loads,stores,hit_count,miss_count,miss_rate,private,shared,private_rate
0,21679489,17729254,3950235,2380720,889412,3261451,8681,0.002654633,2129773,1140344,0.6512834
1,21141182,17120545,4020637,2388005,899247,3279105,8147,0.002478362,2140190,1147037,0.6510624
2,17801076,17556877,244199,74523,43175,116311,1387,0.0117844,89792,27906,0.7629017
3,21238088,17140113,4097975,2416052,908867,3316067,8852,0.00266232,2150445,1174462,0.6467685
