pid,execution_cycles,compute_cycles,idle_cycles,loads,stores,hit_count,miss_count,miss_rate,private,shared,private_rate
0,22703911,17729254,4974657,2380720,889412,3255565,14567,0.00445456,2025705,1243732,0.6195883
1,21966162,17120545,4845617,2388005,899247,3273561,13691,0.004164877,2108872,1177959,0.6416125
2,17733741,17556877,176864,74523,43175,117280,418,0.003551462,88791,28907,0.7543968
3,22106980,17140113,4966867,2416052,908867,3310691,14228,0.004279202,2180026,1144521,0.6557363
