pid,execution_cycles,compute_cycles,idle_cycles,loads,stores,hit_count,miss_count,miss_rate,private,shared,private_rate
0,161035792,17729254,143306538,2380720,889412,1855626,1414506,0.4325532,2817024,18485,0.9934809
1,159931542,17120545,142810997,2388005,899247,1877937,1409315,0.4287213,2848346,4024,0.9985892
2,22442091,17556877,4885214,74523,43175,69546,48152,0.4091149,100088,369,0.9963268
3,162917464,17140113,145777351,2416052,908867,1886015,1438904,0.4327636,2865213,18815,0.9934761
