pid,execution_cycles,compute_cycles,idle_cycles,loads,stores,hit_count,miss_count,miss_rate,private,shared,private_rate
0,22605463,17729254,4876209,2380720,889412,3253909,16223,0.004960962,2133271,1133547,0.6530119
1,21986055,17120545,4865510,2388005,899247,3271310,15942,0.004849643,2150177,1133745,0.6547589
2,17912472,17556877,355595,74523,43175,115295,2403,0.02041666,90090,27604,0.7654596
3,22136944,17140113,4996831,2416052,908867,3308031,16888,0.005079221,2163430,1158620,0.6512334
