pid,execution_cycles,compute_cycles,idle_cycles,loads,stores,hit_count,miss_count,miss_rate,private,shared,private_rate
0,30196790,17729254,12467536,2380720,889412,3174960,95172,0.02910341,2352526,911504,0.7207428
1,29488534,17120545,12367989,2388005,899247,3191862,95390,0.02901816,2196054,1085128,0.6692875
2,17848452,17556877,291575,74523,43175,116272,1426,0.01211575,89238,28006,0.7611306
3,29509703,17140113,12369590,2416052,908867,3229072,95847,0.02882687,2223672,1095094,0.6700298
