pid,execution_cycles,compute_cycles,idle_cycles,loads,stores,hit_count,miss_count,miss_rate,private,shared,private_rate
0,30818800,17729254,13089546,2380720,889412,3170946,99186,0.03033089,2998248,265877,0.9185457
1,30227607,17120545,13107062,2388005,899247,3188062,99190,0.03017414,2520888,760561,0.768224
2,17784168,17556877,227291,74523,43175,116591,1107,0.009405427,90128,27157,0.7684529
3,30298504,17140113,13158391,2416052,908867,3225591,99328,0.02987381,2312179,1006796,0.6966545
