pid,execution_cycles,compute_cycles,idle_cycles,loads,stores,hit_count,miss_count,miss_rate,private,shared,private_rate
0,33322231,17729254,15592977,2380720,889412,3145413,124719,0.03813883,2655209,608243,0.8136197
1,32813307,17120545,15692762,2388005,899247,3161854,125398,0.03814676,3004894,274741,0.9162282
2,18003705,17556877,446828,74523,43175,114364,3334,0.02832673,93096,23981,0.795169
3,33031129,17140113,15891016,2416052,908867,3197672,127247,0.03827071,2568267,749199,0.7741653
