pid,execution_cycles,compute_cycles,idle_cycles,loads,stores,hit_count,miss_count,miss_rate,private,shared,private_rate
0,78678733,17729254,60949479,2380720,889412,2676287,593845,0.1815966,2959586,120985,0.9607264
1,78885695,17120545,61765150,2388005,899247,2684333,602919,0.1834113,2946004,145256,0.9530107
2,20565072,17556877,3008195,74523,43175,87199,30499,0.2591293,93680,11273,0.89259
3,80568557,17140113,63428444,2416052,908867,2704146,620773,0.1867032,2953193,168130,0.946135
