pid,execution_cycles,compute_cycles,idle_cycles,loads,stores,hit_count,miss_count,miss_rate,private,shared,private_rate
0,34878727,17729254,17149473,2380720,889412,3129201,140931,0.04309643,2251313,999587,0.6925199
1,34506159,17120545,17385614,2388005,899247,3144258,142994,0.04349956,2230508,1035525,0.682941
2,17951226,17556877,394349,74523,43175,114873,2825,0.02400211,90382,25977,0.7767513
3,34445086,17140113,17304973,2416052,908867,3183109,141810,0.04265066,3000100,305261,0.9076467
