pid,execution_cycles,compute_cycles,idle_cycles,loads,stores,hit_count,miss_count,miss_rate,private,shared,private_rate
0,25125046,17729254,7395792,2380720,889412,3243840,26292,0.008040042,2114243,1155197,0.6466682
1,24573123,17120545,7452578,2388005,899247,3260886,26366,0.008020681,2084484,1202384,0.6341855
2,17793441,17556877,236564,74523,43175,117440,258,0.002192051,89558,28131,0.7609717
3,25167895,17140113,8027782,2416052,908867,3298210,26709,0.008032978,2013879,1310565,0.6057792
