pid,execution_cycles,compute_cycles,idle_cycles,loads,stores,hit_count,miss_count,miss_rate,private,shared,private_rate
0,31707273,17729254,13978019,2380720,889412,3203563,66569,0.02035667,2771816,496218,0.8481601
1,31249764,17120545,14129219,2388005,899247,3220194,67058,0.02039941,2702725,581803,0.8228656
2,17876325,17556877,319448,74523,43175,116619,1079,0.00916753,68457,48911,0.583268
3,31526126,17140113,14386013,2416052,908867,3257100,67819,0.02039719,2651750,670712,0.798128
