pid,execution_cycles,compute_cycles,idle_cycles,loads,stores,hit_count,miss_count,miss_rate,private,shared,private_rate
0,35826168,17729254,18096914,2380720,889412,3100385,169747,0.0519083,2225518,1009131,0.6880246
1,35814020,17120545,18693475,2388005,899247,3112776,174476,0.05307655,2253840,994556,0.6938317
2,18169705,17556877,612828,74523,43175,112674,5024,0.04268552,89277,25982,0.7745773
3,35442382,17140113,18302269,2416052,908867,3154027,170892,0.05139734,2279908,1008812,0.6932509
