pid,execution_cycles,compute_cycles,idle_cycles,loads,stores,hit_count,miss_count,miss_rate,private,shared,private_rate
0,24007771,17729254,6278517,2380720,889412,3229641,40491,0.01238207,2104085,1162874,0.64405
1,23468837,17120545,6348292,2388005,899247,3247159,40093,0.01219651,2131764,1152786,0.6490277
2,17823467,17556877,266590,74523,43175,116382,1316,0.01118116,88987,28711,0.7560621
3,23504934,17140113,6364821,2416052,908867,3284041,40878,0.01229443,2147620,1174718,0.6464183
