pid,execution_cycles,compute_cycles,idle_cycles,loads,stores,hit_count,miss_count,miss_rate,private,shared,private_rate
0,34414997,17729254,16685743,2380720,889412,3169052,101080,0.03091007,2604663,660365,0.797746
1,34297588,17120545,17177043,2388005,899247,3182972,104280,0.03172255,2493843,787822,0.7599322
2,17980767,17556877,423890,74523,43175,115687,2011,0.0170861,90900,26318,0.7754782
3,34380691,17140113,17240578,2416052,908867,3221374,103545,0.03114211,2546095,772997,0.7671059
