pid,execution_cycles,compute_cycles,idle_cycles,loads,stores,hit_count,miss_count,miss_rate,private,shared,private_rate
0,41218948,17729254,23489694,2380720,889412,3065894,204238,0.06245558,2822216,410289,0.873074
1,41101272,17120545,23980727,2388005,899247,3078227,209025,0.06358655,3012533,232770,0.9282748
2,18685464,17556877,1128587,74523,43175,107487,10211,0.08675593,91972,21599,0.8098194
3,40962586,17140113,23822473,2416052,908867,3117873,207046,0.06227099,3051000,235472,0.9283511
