pid,execution_cycles,compute_cycles,idle_cycles,loads,stores,hit_count,miss_count,miss_rate,private,shared,private_rate
0,30289150,17729254,12559896,2380720,889412,3176296,93836,0.02869487,2806449,459121,0.8594056
1,29797155,17120545,12676610,2388005,899247,3192410,94842,0.02885145,2720594,561986,0.8287975
2,17833371,17556877,276494,74523,43175,116094,1604,0.0136281,90736,26579,0.773439
3,29860924,17140113,12720811,2416052,908867,3230011,94908,0.02854445,2610164,710354,0.7860713
