pid,execution_cycles,compute_cycles,idle_cycles,loads,stores,hit_count,miss_count,miss_rate,private,shared,private_rate
0,38010160,17729254,20280906,2380720,889412,3098306,171826,0.05254406,3023303,225621,0.9305552
1,37709037,17120545,20588492,2388005,899247,3112492,174760,0.05316295,2923158,340343,0.8957123
2,18385989,17556877,829112,74523,43175,110512,7186,0.06105456,93947,21478,0.8139225
3,37787953,17140113,20647840,2416052,908867,3149940,174979,0.05262655,2660076,642706,0.8054047
