pid,execution_cycles,compute_cycles,idle_cycles,loads,stores,hit_count,miss_count,miss_rate,private,shared,private_rate
0,62156853,17729254,44427599,2380720,889412,2854415,415717,0.1271254,2869803,319737,0.8997545
1,62008962,17120545,44888417,2388005,899247,2867073,420179,0.1278207,3129617,75669,0.9763924
2,19688954,17556877,2132077,74523,43175,97353,20345,0.1728577,103264,7891,0.929009
3,62893265,17140113,45753152,2416052,908867,2896364,428555,0.1288919,2907105,332541,0.8973527
