pid,execution_cycles,compute_cycles,idle_cycles,loads,stores,hit_count,miss_count,miss_rate,private,shared,private_rate
0,27503488,17729254,9774234,2380720,889412,3204434,65698,0.02009032,2573213,695244,0.7872868
1,26911602,17120545,9791057,2388005,899247,3221557,65695,0.01998478,2182045,1103541,0.6641266
2,17733084,17556877,176207,74523,43175,117107,591,0.005021326,89741,27809,0.7634283
3,26980024,17140113,9839911,2416052,908867,3259111,65808,0.01979236,2283965,1039118,0.687303
