pid,execution_cycles,compute_cycles,idle_cycles,loads,stores,hit_count,miss_count,miss_rate,private,shared,private_rate
0,32297860,17729254,14568606,2380720,889412,3156006,114126,0.03489951,2803011,456754,0.8598813
1,31700133,17120545,14579588,2388005,899247,3173188,114064,0.03469889,2455233,821420,0.7493113
2,17820402,17556877,263525,74523,43175,116225,1473,0.01251508,90712,26578,0.7733993
3,31752418,17140113,14612305,2416052,908867,3210905,114014,0.03429076,2238936,1075487,0.6755131
