pid,execution_cycles,compute_cycles,idle_cycles,loads,stores,hit_count,miss_count,miss_rate,private,shared,private_rate
0,31878001,17729254,14148747,2380720,889412,3160247,109885,0.03360262,2308268,953437,0.7076875
1,31180680,17120545,14060135,2388005,899247,3178435,108817,0.03310273,2218100,1061158,0.676403
2,17812680,17556877,255803,74523,43175,116303,1395,0.01185237,90656,27020,0.7703865
3,31323946,17140113,14183833,2416052,908867,3215233,109686,0.03298907,2215502,1101498,0.6679234
