pid,execution_cycles,compute_cycles,idle_cycles,loads,stores,hit_count,miss_count,miss_rate,private,shared,private_rate
0,26581303,17729254,8852049,2380720,889412,3213749,56383,0.01724181,2166877,1101442,0.6629943
1,26325819,17120545,9205274,2388005,899247,3227474,59778,0.01818479,2158156,1127007,0.6569403
2,17867130,17556877,310253,74523,43175,115753,1945,0.01652534,90207,26690,0.7716793
3,25765888,17140113,8625775,2416052,908867,3271375,53544,0.01610385,2409491,913942,0.7250006
