pid,execution_cycles,compute_cycles,idle_cycles,loads,stores,hit_count,miss_count,miss_rate,private,shared,private_rate
0,25435840,17729254,7706586,2380720,889412,3239786,30346,0.009279748,2206162,1063229,0.674793
1,25055814,17120545,7935269,2388005,899247,3256337,30915,0.009404512,2086672,1200017,0.6348857
2,17757768,17556877,200891,74523,43175,117399,299,0.0025404,90164,27483,0.7663944
3,25612570,17140113,8472457,2416052,908867,3294129,30790,0.009260376,2045142,1279192,0.6152035
