pid,execution_cycles,compute_cycles,idle_cycles,loads,stores,hit_count,miss_count,miss_rate,private,shared,private_rate
0,52501074,17729254,34771820,2380720,889412,2946018,324114,0.09911343,2997812,190763,0.940173
1,52568997,17120545,35448452,2388005,899247,2955779,331473,0.1008359,3007367,193573,0.9395262
2,19117096,17556877,1560219,74523,43175,103129,14569,0.1237829,91827,19946,0.821549
3,52926721,17140113,35786608,2416052,908867,2990909,334010,0.1004566,3044526,195759,0.9395859
