pid,execution_cycles,compute_cycles,idle_cycles,loads,stores,hit_count,miss_count,miss_rate,private,shared,private_rate
0,27693172,17729254,9963918,2380720,889412,3201062,69070,0.02112147,2181551,1081766,0.6685072
1,27094242,17120545,9973697,2388005,899247,3219237,68015,0.02069053,2194861,1086028,0.6689836
2,17899788,17556877,342911,74523,43175,115295,2403,0.02041666,90676,27008,0.7705041
3,27286819,17140113,10146706,2416052,908867,3255038,69881,0.02101735,2207403,1111306,0.6651391
