pid,execution_cycles,compute_cycles,idle_cycles,loads,stores,hit_count,miss_count,miss_rate,private,shared,private_rate
0,22470524,17729254,4741270,2380720,889412,3262661,7471,0.002284617,2077663,1189777,0.6358688
1,21992335,17120545,4871790,2388005,899247,3279767,7485,0.002276978,2103656,1181259,0.6403989
2,17822923,17556877,266046,74523,43175,116382,1316,0.01118116,87935,29763,0.747124
3,22050529,17140113,4910416,2416052,908867,3317132,7787,0.002342012,2123218,1199491,0.6390021
