pid,execution_cycles,compute_cycles,idle_cycles,loads,stores,hit_count,miss_count,miss_rate,private,shared,private_rate
0,25770778,17729254,8041524,2380720,889412,3220032,50100,0.01532048,2151962,1107557,0.6602085
1,25190397,17120545,8069852,2388005,899247,3238416,48836,0.01485618,2177884,1099339,0.6645517
2,18087502,17556877,530625,74523,43175,113317,4381,0.03722238,90985,26713,0.7730378
3,25491490,17140113,8351377,2416052,908867,3273065,51854,0.01559557,2191788,1123359,0.6611435
