pid,execution_cycles,compute_cycles,idle_cycles,loads,stores,hit_count,miss_count,miss_rate,private,shared,private_rate
0,218982853,17729254,201253599,2380720,889412,1270299,1999833,0.611545,2661768,1983,0.9992556
1,219090897,17120545,201970352,2388005,899247,1280352,2006900,0.6105099,2673750,3345,0.9987505
2,24374598,17556877,6817721,74523,43175,50021,67677,0.5750055,94396,50,0.9994706
3,221717281,17140113,204577168,2416052,908867,1292068,2032851,0.6113987,2704697,2174,0.9991969
