pid,execution_cycles,compute_cycles,idle_cycles,loads,stores,hit_count,miss_count,miss_rate,private,shared,private_rate
0,24377515,17729254,6648261,2380720,889412,3233733,36399,0.01113074,2167799,1096700,0.6640526
1,23718714,17120545,6598169,2388005,899247,3252965,34287,0.01043029,2190163,1092849,0.66712
2,17994066,17556877,437189,74523,43175,114341,3357,0.02852215,89788,27177,0.7676484
3,24005947,17140113,6865834,2416052,908867,3287770,37149,0.0111729,2204194,1115333,0.6640085
