pid,execution_cycles,compute_cycles,idle_cycles,loads,stores,hit_count,miss_count,miss_rate,private,shared,private_rate
0,29997991,17729254,12268737,2380720,889412,3179237,90895,0.02779551,2257368,1007439,0.6914246
1,29287305,17120545,12166760,2388005,899247,3197560,89692,0.0272848,2299561,983092,0.7005191
2,17761200,17556877,204323,74523,43175,116823,875,0.007434281,89313,28352,0.7590447
3,29437204,17140113,12297091,2416052,908867,3234291,90628,0.02725721,2263650,1056037,0.6818866
