pid,execution_cycles,compute_cycles,idle_cycles,loads,stores,hit_count,miss_count,miss_rate,private,shared,private_rate
0,70839091,17729254,53109837,2380720,889412,2766617,503515,0.1539739,2984770,127890,0.958913
1,70902039,17120545,53781494,2388005,899247,2777198,510054,0.1551612,2951182,177379,0.9433033
2,19610222,17556877,2053345,74523,43175,98133,19565,0.1662305,94129,16513,0.8507529
3,71672880,17140113,54532767,2416052,908867,2807563,517356,0.1555996,2960504,201393,0.9363063
