pid,execution_cycles,compute_cycles,idle_cycles,loads,stores,hit_count,miss_count,miss_rate,private,shared,private_rate
0,24431984,17729254,6702730,2380720,889412,3242018,28114,0.008597206,2091815,1177558,0.6398215
1,23931045,17120545,6810500,2388005,899247,3258780,28472,0.008661338,2005627,1281051,0.6102292
2,17746449,17556877,189572,74523,43175,117384,314,0.002667845,89588,28110,0.7611684
3,24224936,17140113,7084823,2416052,908867,3295459,29460,0.008860366,2034806,1289442,0.6121102
