pid,execution_cycles,compute_cycles,idle_cycles,loads,stores,hit_count,miss_count,miss_rate,private,shared,private_rate
0,37861033,17729254,20131779,2380720,889412,3109715,160417,0.04905521,2351087,905944,0.7218497
1,37515195,17120545,20394650,2388005,899247,3131586,155666,0.04735445,2262478,1011698,0.6910068
2,18311409,17556877,754532,74523,43175,111508,6190,0.05259223,95785,20132,0.826324
3,37922560,17140113,20782447,2416052,908867,3165147,159772,0.0480529,2304383,1006638,0.6959735
