pid,execution_cycles,compute_cycles,idle_cycles,loads,stores,hit_count,miss_count,miss_rate,private,shared,private_rate
0,46592272,17729254,28863018,2380720,889412,3011618,258514,0.07905308,2961084,277093,0.9144293
1,46224819,17120545,29104274,2388005,899247,3026474,260778,0.07933009,2729402,524907,0.838704
2,18684870,17556877,1127993,74523,43175,107493,10205,0.08670496,96743,18550,0.8391056
3,46780321,17140113,29640208,2416052,908867,3059108,265811,0.07994511,2843723,446935,0.8641807
