pid,execution_cycles,compute_cycles,idle_cycles,loads,stores,hit_count,miss_count,miss_rate,private,shared,private_rate
0,28368765,17729254,10639511,2380720,889412,3195943,74189,0.02268685,2904069,362938,0.8889081
1,27796530,17120545,10675985,2388005,899247,3212945,74307,0.02260459,2241451,1042476,0.682552
2,17741657,17556877,184780,74523,43175,117032,666,0.00565855,89372,28134,0.7605739
3,27842723,17140113,10702610,2416052,908867,3250790,74129,0.02229498,2212740,1108905,0.6661579
