pid,execution_cycles,compute_cycles,idle_cycles,loads,stores,hit_count,miss_count,miss_rate,private,shared,private_rate
0,75633244,17729254,57903990,2380720,889412,2720780,549352,0.1679908,3009517,125008,0.960119
1,75482472,17120545,58361927,2388005,899247,2732695,554557,0.1686993,2992417,158787,0.9496107
2,20355944,17556877,2799067,74523,43175,90453,27245,0.2314823,101317,6131,0.9429398
3,76926295,17140113,59786182,2416052,908867,2756854,568065,0.1708508,3061193,124209,0.9610068
