pid,execution_cycles,compute_cycles,idle_cycles,loads,stores,hit_count,miss_count,miss_rate,private,shared,private_rate
0,29869045,17729254,12139791,2380720,889412,3200777,69355,0.02120862,2165227,1102066,0.6626975
1,29286508,17120545,12165963,2388005,899247,3218202,69050,0.02100539,2147826,1137065,0.65385
2,17772021,17556877,215144,74523,43175,117198,500,0.004248161,87544,30150,0.7438272
3,29434722,17140113,12294609,2416052,908867,3255517,69402,0.02087329,2194507,1127836,0.6605299
