pid,execution_cycles,compute_cycles,idle_cycles,loads,stores,hit_count,miss_count,miss_rate,private,shared,private_rate
0,27574188,17729254,9844934,2380720,889412,3263466,6666,0.00203845,1848286,1421609,0.5652432
1,26605756,17120545,9485211,2388005,899247,3280739,6513,0.00198129,1833176,1453959,0.557682
2,17805896,17556877,249019,74523,43175,117526,172,0.001461367,63594,54093,0.5403655
3,26826257,17140113,9686144,2416052,908867,3318030,6889,0.00207193,1831643,1493078,0.5509163
