pid,execution_cycles,compute_cycles,idle_cycles,loads,stores,hit_count,miss_count,miss_rate,private,shared,private_rate
0,29989774,17729254,12260520,2380720,889412,3179320,90812,0.02777013,2227834,1036858,0.6824025
1,29265228,17120545,12144683,2388005,899247,3197783,89469,0.02721696,2376822,905852,0.7240506
2,17760705,17556877,203828,74523,43175,116828,870,0.007391799,89278,28402,0.7586506
3,29432155,17140113,12292042,2416052,908867,3234342,90577,0.02724187,2295048,1024602,0.6913524
