pid,execution_cycles,compute_cycles,idle_cycles,loads,stores,hit_count,miss_count,miss_rate,private,shared,private_rate
0,22357567,17729254,4628313,2380720,889412,3256413,13719,0.004195243,2132142,1134828,0.6526359
1,21737070,17120545,4616525,2388005,899247,3273825,13427,0.004084567,2149192,1134990,0.6544071
2,17912373,17556877,355496,74523,43175,115296,2402,0.02040816,90044,27654,0.7650427
3,21888058,17140113,4747945,2416052,908867,3310545,14374,0.004323113,2161953,1160108,0.6507867
