pid,execution_cycles,compute_cycles,idle_cycles,loads,stores,hit_count,miss_count,miss_rate,private,shared,private_rate
0,23204215,17729254,5474961,2380720,889412,3247861,22271,0.006810428,2128569,1131662,0.652889
1,22605102,17120545,5484557,2388005,899247,3265057,22195,0.00675184,2155657,1122070,0.6576683
2,18108294,17556877,551417,74523,43175,113317,4381,0.03722238,90475,27223,0.7687047
3,22765297,17140113,5625184,2416052,908867,3301684,23235,0.00698814,2168937,1146769,0.6541403
