pid,execution_cycles,compute_cycles,idle_cycles,loads,stores,hit_count,miss_count,miss_rate,private,shared,private_rate
0,33472859,17729254,15743605,2380720,889412,3144337,125795,0.03846787,2780855,483745,0.8518211
1,32906232,17120545,15785687,2388005,899247,3161079,126173,0.03838252,2819880,461896,0.8592543
2,18035691,17556877,478814,74523,43175,114058,3640,0.03092661,93657,23526,0.7992371
3,32965236,17140113,15825123,2416052,908867,3198755,126164,0.03794498,2648556,670678,0.7979419
