pid,execution_cycles,compute_cycles,idle_cycles,loads,stores,hit_count,miss_count,miss_rate,private,shared,private_rate
0,22537589,17729254,4808335,2380720,889412,3258105,12027,0.003677833,2096793,1173339,0.6411952
1,22268594,17120545,5148049,2388005,899247,3274879,12373,0.003763934,2133840,1153406,0.649127
2,17901041,17556877,344164,74523,43175,115360,2338,0.0198644,88424,29274,0.7512787
3,22282529,17140113,5142416,2416052,908867,3312250,12669,0.003810318,2146560,1178354,0.6455987
