pid,execution_cycles,compute_cycles,idle_cycles,loads,stores,hit_count,miss_count,miss_rate,private,shared,private_rate
0,23318880,17729254,5589626,2380720,889412,3249308,20824,0.006367939,2107034,1158974,0.6451405
1,23139027,17120545,6018482,2388005,899247,3265608,21644,0.006584223,2145084,1137997,0.6533753
2,18059054,17556877,502177,74523,43175,113376,4322,0.0367211,88969,28729,0.7559092
3,23161777,17140113,6021664,2416052,908867,3303182,21737,0.006537603,2158402,1162545,0.6499357
