pid,execution_cycles,compute_cycles,idle_cycles,loads,stores,hit_count,miss_count,miss_rate,private,shared,private_rate
0,29989675,17729254,12260421,2380720,889412,3179321,90811,0.02776983,2242648,1022158,0.6869162
1,29279385,17120545,12158840,2388005,899247,3197640,89612,0.02726046,2316716,965932,0.7057461
2,17761002,17556877,204125,74523,43175,116825,873,0.007417288,89287,28382,0.758798
3,29433739,17140113,12293626,2416052,908867,3234326,90593,0.02724668,2278294,1041402,0.686296
