pid,execution_cycles,compute_cycles,idle_cycles,loads,stores,hit_count,miss_count,miss_rate,private,shared,private_rate
0,104645559,17729254,86916305,2380720,889412,2425197,844935,0.2583795,2763477,233252,0.9221645
1,105152928,17120545,88032383,2388005,899247,2431235,856017,0.260405,2981600,27348,0.9909111
2,22655505,17556877,5098628,74523,43175,67380,50318,0.4275179,94064,3224,0.9668613
3,106497530,17140113,89357417,2416052,908867,2455889,869030,0.2613688,2810053,231981,0.9237415
