pid,execution_cycles,compute_cycles,idle_cycles,loads,stores,hit_count,miss_count,miss_rate,private,shared,private_rate
0,29585573,17729254,11856319,2380720,889412,3179864,90268,0.02760378,2182254,1082154,0.6684992
1,28898375,17120545,11777830,2388005,899247,3197587,89665,0.02727658,2163788,1118373,0.6592571
2,17788789,17556877,231912,74523,43175,116895,803,0.006822546,88213,29418,0.7499129
3,28919241,17140113,11779128,2416052,908867,3234619,90300,0.02715856,2198071,1121831,0.6620891
