pid,execution_cycles,compute_cycles,idle_cycles,loads,stores,hit_count,miss_count,miss_rate,private,shared,private_rate
0,22956715,17729254,5227461,2380720,889412,3250361,19771,0.006045933,2133490,1131141,0.6535164
1,22294242,17120545,5173697,2388005,899247,3268197,19055,0.005796635,2150193,1131839,0.6551408
2,17912373,17556877,355496,74523,43175,115296,2402,0.02040816,90296,27402,0.7671838
3,22479187,17140113,5339074,2416052,908867,3304574,20345,0.006118946,2162986,1156880,0.6515281
