pid,execution_cycles,compute_cycles,idle_cycles,loads,stores,hit_count,miss_count,miss_rate,private,shared,private_rate
0,50160331,17729254,32431077,2380720,889412,2975577,294555,0.09007435,2881317,336589,0.8954012
1,49666851,17120545,32546306,2388005,899247,2991706,295546,0.08990671,2883064,353997,0.8906425
2,19868712,17556877,2311835,74523,43175,95535,22163,0.188304,96180,15118,0.8641665
3,49352341,17140113,32212228,2416052,908867,3033128,291791,0.08775883,2881211,392706,0.8800501
