pid,execution_cycles,compute_cycles,idle_cycles,loads,stores,hit_count,miss_count,miss_rate,private,shared,private_rate
0,21523373,17729254,3794119,2380720,889412,3265419,4713,0.001441226,2086344,1183037,0.6381465
1,20858032,17120545,3737487,2388005,899247,3283043,4209,0.001280401,2075175,1211571,0.6313767
2,17737652,17556877,180775,74523,43175,117103,595,0.005055311,88447,29251,0.7514741
3,20919791,17140113,3779678,2416052,908867,3320666,4253,0.001279129,2168973,1155495,0.6524271
