pid,execution_cycles,compute_cycles,idle_cycles,loads,stores,hit_count,miss_count,miss_rate,private,shared,private_rate
0,53275608,17729254,35546354,2380720,889412,2961615,308517,0.0943439,2922416,296849,0.9077898
1,52927530,17120545,35806985,2388005,899247,2976518,310734,0.09452698,2972242,263638,0.9185266
2,19465412,17556877,1908535,74523,43175,100534,17164,0.1458309,97573,14599,0.8698517
3,53686443,17140113,36546330,2416052,908867,3007358,317561,0.09550939,3096821,174074,0.9467809
