pid,execution_cycles,compute_cycles,idle_cycles,loads,stores,hit_count,miss_count,miss_rate,private,shared,private_rate
0,23049706,17729254,5320452,2380720,889412,3247264,22868,0.00699299,2140277,1126015,0.655262
1,22623897,17120545,5503352,2388005,899247,3264140,23112,0.007030797,2153950,1129491,0.6560039
2,17898504,17556877,341627,74523,43175,115291,2407,0.02045064,90076,27585,0.7655553
3,22617112,17140113,5476999,2416052,908867,3301959,22960,0.006905431,2166536,1154883,0.6522923
