pid,execution_cycles,compute_cycles,idle_cycles,loads,stores,hit_count,miss_count,miss_rate,private,shared,private_rate
0,23227579,17729254,5498325,2380720,889412,3247625,22507,0.006882597,2128834,1131505,0.6529487
1,22623417,17120545,5502872,2388005,899247,3264872,22380,0.006808118,2155793,1122035,0.6576895
2,18108294,17556877,551417,74523,43175,113317,4381,0.03722238,90477,27221,0.7687216
3,22790443,17140113,5650330,2416052,908867,3301430,23489,0.007064533,2169080,1146712,0.6541665
