pid,execution_cycles,compute_cycles,idle_cycles,loads,stores,hit_count,miss_count,miss_rate,private,shared,private_rate
0,210976624,17729254,193247370,2380720,889412,1351170,1918962,0.5868148,2654871,1585,0.9994033
1,211251780,17120545,194131235,2388005,899247,1359535,1927717,0.586422,2666405,1893,0.9992906
2,24790992,17556877,7234115,74523,43175,45815,71883,0.610741,91886,153,0.9983377
3,214100617,17140113,196960504,2416052,908867,1369004,1955915,0.5882594,2696377,3084,0.9988575
