pid,execution_cycles,compute_cycles,idle_cycles,loads,stores,hit_count,miss_count,miss_rate,private,shared,private_rate
0,86395985,17729254,68666731,2380720,889412,2609551,660581,0.2020044,2724776,323551,0.8938595
1,87072077,17120545,69951532,2388005,899247,2613868,673384,0.2048471,2991906,68195,0.9777148
2,21719870,17556877,4162993,74523,43175,76829,40869,0.3472361,94824,6335,0.9373758
3,87931608,17140113,70791495,2416052,908867,2643431,681488,0.2049638,2761109,333489,0.8922351
