pid,execution_cycles,compute_cycles,idle_cycles,loads,stores,hit_count,miss_count,miss_rate,private,shared,private_rate
0,27200563,17729254,9471309,2380720,889412,3205617,64515,0.01972856,2205002,1055406,0.6762963
1,26816382,17120545,9695837,2388005,899247,3221689,65563,0.01994462,2208719,1068405,0.6739809
2,18024702,17556877,467825,74523,43175,114057,3641,0.03093511,90194,26608,0.7721957
3,26691463,17140113,9551350,2416052,908867,3260686,64233,0.01931867,2235281,1080760,0.6740812
