pid,execution_cycles,compute_cycles,idle_cycles,loads,stores,hit_count,miss_count,miss_rate,private,shared,private_rate
0,27671590,17729254,9942336,2380720,889412,3202736,67396,0.02060957,2172557,1094731,0.664942
1,27030798,17120545,9910253,2388005,899247,3220353,66899,0.02035104,2206199,1078782,0.6716018
2,17828322,17556877,271445,74523,43175,116145,1553,0.01319479,89678,27659,0.7642773
3,27083380,17140113,9943267,2416052,908867,3258067,66852,0.02010635,2178148,1144247,0.6555957
