pid,execution_cycles,compute_cycles,idle_cycles,loads,stores,hit_count,miss_count,miss_rate,private,shared,private_rate
0,21524662,17729254,3795408,2380720,889412,3264024,6108,0.001867815,2120921,1148714,0.6486721
1,20910573,17120545,3790028,2388005,899247,3281840,5412,0.00164636,2127815,1159264,0.647327
2,17755017,17556877,198140,74523,43175,116828,870,0.007391799,88532,29166,0.7521963
3,21014797,17140113,3874684,2416052,908867,3318844,6075,0.001827112,2152480,1172369,0.6473918
