pid,execution_cycles,compute_cycles,idle_cycles,loads,stores,hit_count,miss_count,miss_rate,private,shared,private_rate
0,54192420,17729254,36463166,2380720,889412,2934798,335334,0.1025445,2911866,296463,0.9075958
1,54497956,17120545,37377411,2388005,899247,2942863,344389,0.104765,2856128,367485,0.8860021
2,19071874,17556877,1514997,74523,43175,103577,14121,0.1199766,97769,15722,0.8614692
3,54932144,17140113,37792031,2416052,908867,2976675,348244,0.1047376,2843054,414236,0.872828
