pid,execution_cycles,compute_cycles,idle_cycles,loads,stores,hit_count,miss_count,miss_rate,private,shared,private_rate
0,40894649,17729254,23165395,2380720,889412,3068207,201925,0.06174827,2290048,943193,0.7082825
1,40875205,17120545,23754660,2388005,899247,3080320,206932,0.06294984,2463512,782641,0.758902
2,18671545,17556877,1114668,74523,43175,107596,10102,0.08582984,91921,21628,0.8095272
3,40620710,17140113,23480597,2416052,908867,3120581,204338,0.06145653,3051605,235710,0.9282971
