pid,execution_cycles,compute_cycles,idle_cycles,loads,stores,hit_count,miss_count,miss_rate,private,shared,private_rate
0,24197186,17729254,6467932,2380720,889412,3259698,10434,0.003190697,1903898,1365642,0.5823137
1,23444804,17120545,6324259,2388005,899247,3277183,10069,0.003063045,1912363,1374490,0.5818219
2,17771185,17556877,214308,74523,43175,117370,328,0.002786793,86283,31415,0.7330881
3,23617545,17140113,6477432,2416052,908867,3314674,10245,0.003081278,2108240,1216316,0.6341418
