pid,execution_cycles,compute_cycles,idle_cycles,loads,stores,hit_count,miss_count,miss_rate,private,shared,private_rate
0,27418315,17729254,9689061,2380720,889412,3230681,39451,0.01206404,2112937,1155236,0.6465193
1,26603745,17120545,9483200,2388005,899247,3245676,41576,0.01264765,2045380,1239063,0.6227479
2,18004443,17556877,447566,74523,43175,115010,2688,0.02283811,90920,25559,0.7805699
3,27196768,17140113,10056655,2416052,908867,3281487,43432,0.01306257,2045156,1276513,0.6157013
