pid,execution_cycles,compute_cycles,idle_cycles,loads,stores,hit_count,miss_count,miss_rate,private,shared,private_rate
0,108113392,17729254,90384138,2380720,889412,2390190,879942,0.2690846,2997223,61546,0.9798788
1,108016848,17120545,90896303,2388005,899247,2402307,884945,0.2692051,3022403,52369,0.9829682
2,21622416,17556877,4065539,74523,43175,77819,39879,0.3388248,100326,2180,0.978733
3,109673041,17140113,92532928,2416052,908867,2423824,901095,0.2710126,3079806,27108,0.9912749
