pid,execution_cycles,compute_cycles,idle_cycles,loads,stores,hit_count,miss_count,miss_rate,private,shared,private_rate
0,114935421,17729254,97206167,2380720,889412,2723737,546395,0.1670865,2909229,207272,0.9334921
1,119260860,17120545,102140315,2388005,899247,2685362,601890,0.1830982,2951926,159106,0.9488575
2,22079070,17556877,4522193,74523,43175,94406,23292,0.1978963,102864,6085,0.9441482
3,115937467,17140113,98797354,2416052,908867,2746470,578449,0.1739739,3000542,157724,0.9500599
