pid,execution_cycles,compute_cycles,idle_cycles,loads,stores,hit_count,miss_count,miss_rate,private,shared,private_rate
0,23455279,17729254,5726025,2380720,889412,3245325,24807,0.007585932,1956943,1312790,0.5985024
1,22808547,17120545,5688002,2388005,899247,3263002,24250,0.007376982,2146748,1140226,0.6531077
2,17700909,17556877,144032,74523,43175,117432,266,0.002260021,89466,28232,0.7601319
3,22959535,17140113,5819422,2416052,908867,3299722,25197,0.00757823,2161323,1163290,0.6500976
