pid,execution_cycles,compute_cycles,idle_cycles,loads,stores,hit_count,miss_count,miss_rate,private,shared,private_rate
0,70170231,17729254,52440977,2380720,889412,2755596,514536,0.1573441,2687096,454157,0.8554217
1,70276543,17120545,53155998,2388005,899247,2767256,519996,0.1581856,2822329,333543,0.8943104
2,19967130,17556877,2410253,74523,43175,93511,24187,0.2055005,100090,8485,0.9218513
3,71458134,17140113,54318021,2416052,908867,2795723,529196,0.1591606,2912480,277778,0.9129293
