pid,execution_cycles,compute_cycles,idle_cycles,loads,stores,hit_count,miss_count,miss_rate,private,shared,private_rate
0,25268376,17729254,7539122,2380720,889412,3205535,64597,0.01975364,2145296,1118645,0.6572717
1,24731482,17120545,7610937,2388005,899247,3223048,64204,0.01953121,2181385,1100171,0.6647411
2,17903795,17556877,346918,74523,43175,115350,2348,0.01994936,89543,28126,0.7609736
3,24745656,17140113,7605543,2416052,908867,3259126,65793,0.01978785,2189987,1129300,0.6597763
