pid,execution_cycles,compute_cycles,idle_cycles,loads,stores,hit_count,miss_count,miss_rate,private,shared,private_rate
0,32466556,17729254,14737302,2380720,889412,3154302,115830,0.03542059,2690723,572661,0.8245193
1,32402043,17120545,15281498,2388005,899247,3166098,121154,0.03685571,2668970,610204,0.8139153
2,18007314,17556877,450437,74523,43175,114337,3361,0.02855614,93231,23645,0.7976916
3,32096938,17140113,14956825,2416052,908867,3207425,117494,0.0353374,2468511,848379,0.7442246
