pid,execution_cycles,compute_cycles,idle_cycles,loads,stores,hit_count,miss_count,miss_rate,private,shared,private_rate
0,24811381,17729254,7082127,2380720,889412,3231627,38505,0.01177475,2174794,1091126,0.6659055
1,24006348,17120545,6885803,2388005,899247,3250903,36349,0.01105756,2246784,1037530,0.6840954
2,17945043,17556877,388166,74523,43175,114966,2732,0.02321195,89963,27041,0.7688882
3,24240397,17140113,7100284,2416052,908867,3286784,38135,0.01146945,2232215,1089029,0.6721021
