pid,execution_cycles,compute_cycles,idle_cycles,loads,stores,hit_count,miss_count,miss_rate,private,shared,private_rate
0,23280893,17729254,5551639,2380720,889412,3255031,15101,0.004617856,2101247,1168154,0.6427009
1,22861120,17120545,5740575,2388005,899247,3270403,16849,0.005125558,2119130,1167583,0.6447566
2,17958715,17556877,401838,74523,43175,115294,2404,0.02042516,89301,27338,0.7656187
3,22883874,17140113,5743761,2416052,908867,3309209,15710,0.004724927,2096460,1227905,0.6306347
