pid,execution_cycles,compute_cycles,idle_cycles,loads,stores,hit_count,miss_count,miss_rate,private,shared,private_rate
0,28455081,17729254,10725827,2380720,889412,3195083,75049,0.02294984,2885325,381631,0.8831845
1,27868112,17120545,10747567,2388005,899247,3212175,75077,0.02283883,2271365,1012467,0.6916812
2,17753438,17556877,196561,74523,43175,116913,785,0.006669612,89495,27989,0.7617633
3,27921311,17140113,10781198,2416052,908867,3249986,74933,0.02253679,2219416,1102154,0.6681828
