pid,execution_cycles,compute_cycles,idle_cycles,loads,stores,hit_count,miss_count,miss_rate,private,shared,private_rate
0,22444984,17729254,4715730,2380720,889412,3255530,14602,0.004465263,2094389,1175065,0.6405929
1,21751722,17120545,4631177,2388005,899247,3273677,13575,0.004129589,2118908,1167931,0.6446644
2,17715858,17556877,158981,74523,43175,117281,417,0.003542966,88879,28819,0.7551445
3,21862615,17140113,4722502,2416052,908867,3310802,14117,0.004245818,2176319,1148233,0.6546202
