pid,execution_cycles,compute_cycles,idle_cycles,loads,stores,hit_count,miss_count,miss_rate,private,shared,private_rate
0,30703564,17729254,12974310,2380720,889412,3172110,98022,0.02997494,2236717,1021279,0.6865315
1,32646276,17120545,15525731,2388005,899247,3163631,123621,0.03760618,2262402,1010301,0.6912946
2,18468852,17556877,911975,74523,43175,109675,8023,0.06816598,90759,23347,0.795392
3,29916265,17140113,12776152,2416052,908867,3229452,95467,0.02871258,2281755,1033501,0.6882591
