pid,execution_cycles,compute_cycles,idle_cycles,loads,stores,hit_count,miss_count,miss_rate,private,shared,private_rate
0,53840004,17729254,36110750,2380720,889412,2924142,345990,0.1058031,2829102,369975,0.8843495
1,54076136,17120545,36955591,2388005,899247,2931179,356073,0.1083194,2949628,264180,0.9177984
2,19084561,17556877,1527684,74523,43175,102651,15047,0.1278441,96832,15757,0.8600485
3,54823031,17140113,37682918,2416052,908867,2963672,361247,0.1086484,2972197,273575,0.9157134
