pid,execution_cycles,compute_cycles,idle_cycles,loads,stores,hit_count,miss_count,miss_rate,private,shared,private_rate
0,28955824,17729254,11226570,2380720,889412,3211501,58631,0.01792925,2403826,864339,0.7355277
1,28390150,17120545,11269605,2388005,899247,3228422,58830,0.01789641,2420086,865391,0.7366011
2,17771440,17556877,214563,74523,43175,117287,411,0.003491988,87679,29921,0.7455697
3,28526193,17140113,11386080,2416052,908867,3266172,58747,0.0176687,2430469,892518,0.7314109
