pid,execution_cycles,compute_cycles,idle_cycles,loads,stores,hit_count,miss_count,miss_rate,private,shared,private_rate
0,34218856,17729254,16489602,2380720,889412,3136602,133530,0.04083321,2550845,704553,0.7835739
1,33620535,17120545,16499990,2388005,899247,3153790,133462,0.04059987,2839344,434504,0.8672803
2,18296493,17556877,739616,74523,43175,111416,6282,0.05337389,91719,24183,0.7913496
3,33790630,17140113,16650517,2416052,908867,3190317,134602,0.04048279,2794245,516955,0.8438768
