pid,execution_cycles,compute_cycles,idle_cycles,loads,stores,hit_count,miss_count,miss_rate,private,shared,private_rate
0,22080391,17729254,4351137,2380720,889412,3256865,13267,0.004057023,2132187,1134670,0.6526723
1,21635091,17120545,4514546,2388005,899247,3274150,13102,0.0039857,2149045,1135140,0.6543617
2,17896680,17556877,339803,74523,43175,115295,2403,0.02041666,89926,27772,0.7640402
3,21736261,17140113,4596148,2416052,908867,3310960,13959,0.004198298,2161848,1160162,0.650765
