pid,execution_cycles,compute_cycles,idle_cycles,loads,stores,hit_count,miss_count,miss_rate,private,shared,private_rate
0,22368364,17729254,4639110,2380720,889412,3268937,1195,0.0003654287,1789422,1480587,0.5472223
1,21526009,17120545,4405464,2388005,899247,3286084,1168,0.000355312,1831464,1455713,0.5571541
2,17783745,17556877,226868,74523,43175,117472,226,0.001920169,63097,54601,0.5360924
3,21755810,17140113,4615697,2416052,908867,3323749,1170,0.0003518883,1912009,1412851,0.5750645
