pid,execution_cycles,compute_cycles,idle_cycles,loads,stores,hit_count,miss_count,miss_rate,private,shared,private_rate
0,33704386,17729254,15975132,2380720,889412,3140688,129444,0.03958372,2204305,1049431,0.6774689
1,33261714,17120545,16141169,2388005,899247,3156661,130591,0.03972649,2241787,1028049,0.6855962
2,17920887,17556877,364010,74523,43175,115154,2544,0.02161464,90421,26656,0.7723208
3,33242830,17140113,16102717,2416052,908867,3194861,130058,0.03911614,2869577,438601,0.8674192
