pid,execution_cycles,compute_cycles,idle_cycles,loads,stores,hit_count,miss_count,miss_rate,private,shared,private_rate
0,106525882,17729254,88796628,2380720,889412,2406228,863904,0.2641802,2907501,98205,0.9673271
1,107441667,17120545,90321122,2388005,899247,2408122,879130,0.2674361,2959421,59087,0.9804251
2,21138684,17556877,3581807,74523,43175,82707,34991,0.2972948,101269,3288,0.968553
3,108787288,17140113,91647175,2416052,908867,2432775,892144,0.2683205,2994300,58381,0.9808755
