pid,execution_cycles,compute_cycles,idle_cycles,loads,stores,hit_count,miss_count,miss_rate,private,shared,private_rate
0,36107776,17729254,18378522,2380720,889412,3118146,151986,0.04647702,3022377,240742,0.9262233
1,35478753,17120545,18358208,2388005,899247,3135600,151652,0.04613337,2475285,805149,0.7545602
2,18099822,17556877,542945,74523,43175,113453,4245,0.03606688,96037,21160,0.8194493
3,35940541,17140113,18800428,2416052,908867,3169168,155751,0.04684355,2578772,738514,0.777374
