pid,execution_cycles,compute_cycles,idle_cycles,loads,stores,hit_count,miss_count,miss_rate,private,shared,private_rate
0,22365310,17729254,4636056,2380720,889412,3267938,2194,0.0006709209,1897492,1372485,0.5802769
1,21596553,17120545,4476008,2388005,899247,3285155,2097,0.0006379188,1883807,1403362,0.5730788
2,17771185,17556877,214308,74523,43175,117370,328,0.002786793,85773,31925,0.7287549
3,21776644,17140113,4636531,2416052,908867,3322701,2218,0.0006670839,2102790,1222024,0.6324534
