pid,execution_cycles,compute_cycles,idle_cycles,loads,stores,hit_count,miss_count,miss_rate,private,shared,private_rate
0,23181219,17729254,5451965,2380720,889412,3246732,23400,0.007155674,2101510,1163085,0.6437276
1,22757809,17120545,5637264,2388005,899247,3263689,23563,0.007167993,2138199,1143719,0.651509
2,17901896,17556877,345019,74523,43175,115359,2339,0.0198729,89124,28572,0.757239
3,22808097,17140113,5667984,2416052,908867,3300662,24257,0.007295516,2149769,1170043,0.6475575
