pid,execution_cycles,compute_cycles,idle_cycles,loads,stores,hit_count,miss_count,miss_rate,private,shared,private_rate
0,28038385,17729254,10309131,2380720,889412,3199031,71101,0.02174255,2287065,978966,0.7002582
1,27406008,17120545,10285463,2388005,899247,3216563,70689,0.02150398,2168498,1114954,0.6604324
2,18229569,17556877,672692,74523,43175,112092,5606,0.04763038,91396,24917,0.7857763
3,27421465,17140113,10281352,2416052,908867,3254652,70267,0.02113345,2294898,1026644,0.6909134
