pid,execution_cycles,compute_cycles,idle_cycles,loads,stores,hit_count,miss_count,miss_rate,private,shared,private_rate
0,248248454,17729254,230519200,2380720,889412,976743,2293389,0.7013139,2602679,225,0.9999136
1,248477931,17120545,231357386,2388005,899247,985100,2302152,0.7003272,2603666,11148,0.9957366
2,25701405,17556877,8144528,74523,43175,36751,80947,0.6877517,88569,21,0.999763
3,251306855,17140113,234166742,2416052,908867,994805,2330114,0.7008032,2633954,11336,0.9957146
