pid,execution_cycles,compute_cycles,idle_cycles,loads,stores,hit_count,miss_count,miss_rate,private,shared,private_rate
0,22786534,17729254,5057280,2380720,889412,3252080,18052,0.005520266,2137588,1131467,0.6538856
1,22178016,17120545,5057471,2388005,899247,3269371,17881,0.005439498,2158640,1127518,0.6568887
2,18003750,17556877,446873,74523,43175,114373,3325,0.02825027,89725,27355,0.7663563
3,22374643,17140113,5234530,2416052,908867,3305630,19289,0.005801344,2166982,1156747,0.6519731
