pid,execution_cycles,compute_cycles,idle_cycles,loads,stores,hit_count,miss_count,miss_rate,private,shared,private_rate
0,21599425,17729254,3870171,2380720,889412,3264071,6061,0.001853442,2118489,1151156,0.6479263
1,20949921,17120545,3829376,2388005,899247,3281776,5476,0.001665829,2127071,1159917,0.6471186
2,17760309,17556877,203432,74523,43175,116832,866,0.007357814,88548,29150,0.7523322
3,21065863,17140113,3925750,2416052,908867,3318850,6069,0.001825308,2152200,1172458,0.6473448
