pid,execution_cycles,compute_cycles,idle_cycles,loads,stores,hit_count,miss_count,miss_rate,private,shared,private_rate
0,106908304,17729254,89179050,2380720,889412,2396661,873471,0.2671057,2941503,41499,0.9860882
1,107332086,17120545,90211541,2388005,899247,2404587,882665,0.2685115,2955483,39323,0.9868696
2,22575522,17556877,5018645,74523,43175,67096,50602,0.4299308,94657,2602,0.9732467
3,108818704,17140113,91678591,2416052,908867,2426711,898208,0.2701443,2986684,41719,0.9862241
