pid,execution_cycles,compute_cycles,idle_cycles,loads,stores,hit_count,miss_count,miss_rate,private,shared,private_rate
0,25272202,17729254,7542948,2380720,889412,3232116,38016,0.01162522,2269175,999817,0.6941513
1,24645156,17120545,7524611,2388005,899247,3248895,38357,0.01166841,2182252,1103893,0.6640766
2,17743009,17556877,186132,74523,43175,117348,350,0.002973712,89843,27813,0.7636075
3,24960203,17140113,7820090,2416052,908867,3286434,38485,0.01157472,2148354,1175685,0.6463083
