pid,execution_cycles,compute_cycles,idle_cycles,loads,stores,hit_count,miss_count,miss_rate,private,shared,private_rate
0,21271537,17729254,3542283,2380720,889412,3267383,2749,0.0008406388,2129215,1140797,0.6511337
1,20712123,17120545,3591578,2388005,899247,3284178,3074,0.0009351276,2052472,1234718,0.624385
2,17705859,17556877,148982,74523,43175,117382,316,0.002684837,88785,28913,0.7543459
3,20746489,17140113,3606376,2416052,908867,3322076,2843,0.0008550584,2105392,1219485,0.633224
