pid,execution_cycles,compute_cycles,idle_cycles,loads,stores,hit_count,miss_count,miss_rate,private,shared,private_rate
0,39302209,17729254,21572955,2380720,889412,3085255,184877,0.05653503,2458439,765306,0.7626034
1,55395585,17120545,38275040,2388005,899247,2933840,353412,0.1075099,2507157,663124,0.7908312
2,18565971,17556877,1009094,74523,43175,108694,9004,0.07650088,92596,21284,0.8131015
3,34526299,17140113,17386186,2416052,908867,3182886,142033,0.04271773,2567709,734606,0.7775482
