pid,execution_cycles,compute_cycles,idle_cycles,loads,stores,hit_count,miss_count,miss_rate,private,shared,private_rate
0,22537505,17729254,4808251,2380720,889412,3258105,12027,0.003677833,2096786,1173346,0.6411931
1,22268258,17120545,5147713,2388005,899247,3274879,12373,0.003763934,2133843,1153409,0.6491267
2,17901041,17556877,344164,74523,43175,115360,2338,0.0198644,88424,29274,0.7512787
3,22282109,17140113,5141996,2416052,908867,3312250,12669,0.003810318,2146562,1178357,0.6455983
