pid,execution_cycles,compute_cycles,idle_cycles,loads,stores,hit_count,miss_count,miss_rate,private,shared,private_rate
0,32046201,17729254,14316947,2380720,889412,3236504,33628,0.01028338,2153716,1114349,0.6590187
1,31568830,17120545,14448285,2388005,899247,3252029,35223,0.01071503,2213606,1071784,0.6737727
2,18245460,17556877,688583,74523,43175,114759,2939,0.02497069,78148,37988,0.6729007
3,31462080,17140113,14321967,2416052,908867,3292750,32169,0.009675123,2253750,1069879,0.6780992
