pid,execution_cycles,compute_cycles,idle_cycles,loads,stores,hit_count,miss_count,miss_rate,private,shared,private_rate
0,36109558,17729254,18380304,2380720,889412,3117504,152628,0.04667335,2707182,543800,0.8327275
1,35746560,17120545,18626015,2388005,899247,3132315,154937,0.04713268,2266339,999418,0.6939705
2,18135519,17556877,578642,74523,43175,113042,4656,0.03955887,92586,23479,0.7977082
3,35749840,17140113,18609727,2416052,908867,3170527,154392,0.04643482,2303137,1002181,0.6967974
