pid,execution_cycles,compute_cycles,idle_cycles,loads,stores,hit_count,miss_count,miss_rate,private,shared,private_rate
0,64617038,17729254,46887784,2380720,889412,2845764,424368,0.1297709,2761672,419970,0.8680021
1,64200248,17120545,47079703,2388005,899247,2859066,428186,0.1302565,3013933,183668,0.9425607
2,19856499,17556877,2299622,74523,43175,96309,21389,0.1817278,102149,7935,0.9279187
3,65336470,17140113,48196357,2416052,908867,2888212,436707,0.1313437,2772888,459048,0.857965
