pid,execution_cycles,compute_cycles,idle_cycles,loads,stores,hit_count,miss_count,miss_rate,private,shared,private_rate
0,30826365,17729254,13097111,2380720,889412,3194271,75861,0.02319815,2648326,618230,0.8107395
1,30410145,17120545,13289600,2388005,899247,3208873,78379,0.02384332,2622446,660950,0.7986993
2,18017842,17556877,460965,74523,43175,115459,2239,0.01902326,89208,27734,0.7628397
3,30696549,17140113,13556436,2416052,908867,3243655,81264,0.0244409,2806411,514293,0.8451253
