pid,execution_cycles,compute_cycles,idle_cycles,loads,stores,hit_count,miss_count,miss_rate,private,shared,private_rate
0,34946308,17729254,17217054,2380720,889412,3129254,140878,0.04308022,2252415,998566,0.6928416
1,34575093,17120545,17454548,2388005,899247,3144148,143104,0.04353302,2221619,1044446,0.6802127
2,17962467,17556877,405590,74523,43175,114790,2908,0.0247073,90658,25773,0.7786414
3,34539367,17140113,17399254,2416052,908867,3182754,142165,0.04275743,2924279,381079,0.8847087
