pid,execution_cycles,compute_cycles,idle_cycles,loads,stores,hit_count,miss_count,miss_rate,private,shared,private_rate
0,27972352,17729254,10243098,2380720,889412,3199698,70434,0.02153858,2182161,1083632,0.6681872
1,27203454,17120545,10082909,2388005,899247,3218609,68643,0.02088158,2289141,994877,0.6970549
2,17759814,17556877,202937,74523,43175,116837,861,0.007315332,89119,28568,0.7572544
3,27379786,17140113,10239673,2416052,908867,3255073,69846,0.02100683,2190371,1131336,0.6594113
