pid,execution_cycles,compute_cycles,idle_cycles,loads,stores,hit_count,miss_count,miss_rate,private,shared,private_rate
0,23664508,17729254,5935254,2380720,889412,3236596,33536,0.01025524,2112091,1151692,0.6471297
1,23154878,17120545,6034333,2388005,899247,3254818,32434,0.0098666,2146464,1135061,0.6541056
2,17902919,17556877,346042,74523,43175,115358,2340,0.01988139,89164,28517,0.7576754
3,23171464,17140113,6031351,2416052,908867,3291862,33057,0.009942197,2157518,1162106,0.6499284
