pid,execution_cycles,compute_cycles,idle_cycles,loads,stores,hit_count,miss_count,miss_rate,private,shared,private_rate
0,22786657,17729254,5057403,2380720,889412,3250347,19785,0.006050214,2133210,1131391,0.6534367
1,22238190,17120545,5117645,2388005,899247,3268137,19115,0.005814887,2150199,1131822,0.6551448
2,17896932,17556877,340055,74523,43175,115295,2403,0.02041666,90189,27509,0.7662747
3,22383145,17140113,5243032,2416052,908867,3304548,20371,0.006126766,2162891,1156965,0.6515015
