pid,execution_cycles,compute_cycles,idle_cycles,loads,stores,hit_count,miss_count,miss_rate,private,shared,private_rate
0,22051021,17729254,4321767,2380720,889412,3256947,13185,0.004031947,2132743,1136509,0.6523642
1,21610683,17120545,4490138,2388005,899247,3274170,13082,0.003979616,2150292,1136361,0.6542498
2,17896680,17556877,339803,74523,43175,115295,2403,0.02041666,89927,27771,0.7640487
3,21711193,17140113,4571080,2416052,908867,3310968,13951,0.004195892,2162692,1161365,0.6506182
