pid,execution_cycles,compute_cycles,idle_cycles,loads,stores,hit_count,miss_count,miss_rate,private,shared,private_rate
0,32317264,17729254,14588010,2380720,889412,3155810,114322,0.03495945,2801398,458360,0.8593883
1,31710132,17120545,14589587,2388005,899247,3173087,114165,0.03472962,2512615,763982,0.7668368
2,17820699,17556877,263822,74523,43175,116222,1476,0.01254057,90646,26633,0.772909
3,31774099,17140113,14633986,2416052,908867,3210686,114233,0.03435663,2239360,1075020,0.6756497
