pid,execution_cycles,compute_cycles,idle_cycles,loads,stores,hit_count,miss_count,miss_rate,private,shared,private_rate
0,25962850,17729254,8233596,2380720,889412,3219996,50136,0.01533149,2343145,924787,0.7170116
1,25481844,17120545,8361299,2388005,899247,3235999,51253,0.01559144,2122426,1163243,0.6459646
2,18131064,17556877,574187,74523,43175,113087,4611,0.03917654,90559,26004,0.7769103
3,25559770,17140113,8419657,2416052,908867,3273457,51462,0.01547767,2235417,1087450,0.6727374
