pid,execution_cycles,compute_cycles,idle_cycles,loads,stores,hit_count,miss_count,miss_rate,private,shared,private_rate
0,26791999,17729254,9062745,2380720,889412,3214257,55875,0.01708647,2206089,1062547,0.6749265
1,26011563,17120545,8891018,2388005,899247,3232254,54998,0.01673069,2243620,1042372,0.6827832
2,17729871,17556877,172994,74523,43175,117286,412,0.003500484,89239,28459,0.7582032
3,26232811,17140113,9092698,2416052,908867,3268934,55985,0.016838,2192378,1131148,0.6596542
