pid,execution_cycles,compute_cycles,idle_cycles,loads,stores,hit_count,miss_count,miss_rate,private,shared,private_rate
0,39949075,17729254,22219821,2380720,889412,3078721,191411,0.05853311,2353987,878660,0.7281918
1,39874959,17120545,22754414,2388005,899247,3090614,196638,0.05981835,2913586,332224,0.8976453
2,18466773,17556877,909896,74523,43175,109696,8002,0.06798756,91190,23121,0.797736
3,39767260,17140113,22627147,2416052,908867,3129947,194972,0.05863962,2958071,328782,0.8999706
