pid,execution_cycles,compute_cycles,idle_cycles,loads,stores,hit_count,miss_count,miss_rate,private,shared,private_rate
0,84562009,17729254,66832755,2380720,889412,2602384,667748,0.204196,2441889,605260,0.8013684
1,86057749,17120545,68937204,2388005,899247,2606844,680408,0.2069838,2794058,265026,0.9133643
2,21545325,17556877,3988448,74523,43175,76660,41038,0.348672,95560,5507,0.9455114
3,86125617,17140113,68985504,2416052,908867,2636566,688353,0.2070285,2494460,599174,0.8063203
