pid,execution_cycles,compute_cycles,idle_cycles,loads,stores,hit_count,miss_count,miss_rate,private,shared,private_rate
0,51651222,17729254,33921968,2380720,889412,2960580,309552,0.0946604,2690786,532986,0.8346701
1,51039231,17120545,33918686,2388005,899247,2977886,309366,0.09411083,2766884,473204,0.8539533
2,19410551,17556877,1853674,74523,43175,100166,17532,0.1489575,97804,14156,0.873562
3,52396233,17140113,35256120,2416052,908867,3002428,322491,0.09699214,2940901,333532,0.8981405
