pid,execution_cycles,compute_cycles,idle_cycles,loads,stores,hit_count,miss_count,miss_rate,private,shared,private_rate
0,22231573,17729254,4502319,2380720,889412,3265480,4652,0.001422573,2049791,1220322,0.6268257
1,21716925,17120545,4596380,2388005,899247,3282677,4575,0.00139174,2062305,1224936,0.6273665
2,17785256,17556877,228379,74523,43175,116922,776,0.006593145,86482,31216,0.7347788
3,21770608,17140113,4630495,2416052,908867,3320189,4730,0.001422591,2117888,1207011,0.6369781
