pid,execution_cycles,compute_cycles,idle_cycles,loads,stores,hit_count,miss_count,miss_rate,private,shared,private_rate
0,23448514,17729254,5719260,2380720,889412,3261988,8144,0.002490419,2023523,1246334,0.6188414
1,22806006,17120545,5685461,2388005,899247,3279277,7975,0.002426039,2025391,1261731,0.6161594
2,17814957,17556877,258080,74523,43175,117428,270,0.002294007,89547,28141,0.7608847
3,23538256,17140113,6398143,2416052,908867,3316015,8904,0.00267796,2023564,1301089,0.6086542
