pid,execution_cycles,compute_cycles,idle_cycles,loads,stores,hit_count,miss_count,miss_rate,private,shared,private_rate
0,88852600,17729254,71123346,2380720,889412,2584746,685386,0.2095897,2976868,60176,0.980186
1,88925301,17120545,71804756,2388005,899247,2595156,692096,0.2105394,2997379,54370,0.982184
2,21404301,17556877,3847424,74523,43175,80024,37674,0.3200904,96815,6354,0.9384117
3,90139549,17140113,72999436,2416052,908867,2621136,703783,0.2116692,3021037,60132,0.980484
