pid,execution_cycles,compute_cycles,idle_cycles,loads,stores,hit_count,miss_count,miss_rate,private,shared,private_rate
0,24856083,17729254,7126829,2380720,889412,3229777,40355,0.01234048,2151445,1115528,0.6585439
1,24275291,17120545,7154746,2388005,899247,3247606,39646,0.01206053,2163197,1121338,0.6586007
2,17802547,17556877,245670,74523,43175,116314,1384,0.01175891,90240,27458,0.766708
3,24436339,17140113,7296226,2416052,908867,3283962,40957,0.01231819,2167998,1154349,0.6525501
