pid,execution_cycles,compute_cycles,idle_cycles,loads,stores,hit_count,miss_count,miss_rate,private,shared,private_rate
0,27049536,17729254,9320282,2380720,889412,3183526,86606,0.02648395,2156627,1100736,0.6620776
1,26735154,17120545,9614609,2388005,899247,3201801,85451,0.02599466,2182508,1093237,0.6662631
2,17921383,17556877,364506,74523,43175,115223,2475,0.02102839,89629,27790,0.7633262
3,26754185,17140113,9614072,2416052,908867,3239446,85473,0.02570679,2215909,1098575,0.6685532
