pid,execution_cycles,compute_cycles,idle_cycles,loads,stores,hit_count,miss_count,miss_rate,private,shared,private_rate
0,121591903,17729254,103862649,2380720,889412,2254057,1016075,0.3107138,2895828,65832,0.9777719
1,121992266,17120545,104871721,2388005,899247,2261157,1026095,0.3121437,2888448,87570,0.9705748
2,21874805,17556877,4317928,74523,43175,75272,42426,0.3604649,100619,1987,0.9806347
3,123374851,17140113,106234738,2416052,908867,2285442,1039477,0.3126323,2919953,89182,0.9703629
