pid,execution_cycles,compute_cycles,idle_cycles,loads,stores,hit_count,miss_count,miss_rate,private,shared,private_rate
0,26844409,17729254,9115155,2380720,889412,3213039,57093,0.01745893,2323488,944844,0.7109094
1,26076798,17120545,8956253,2388005,899247,3231053,56199,0.01709604,2357193,928225,0.7174713
2,17728353,17556877,171476,74523,43175,117284,414,0.003517477,89256,28436,0.7583863
3,26326765,17140113,9186652,2416052,908867,3267788,57131,0.01718267,2225326,1097940,0.6696202
