pid,execution_cycles,compute_cycles,idle_cycles,loads,stores,hit_count,miss_count,miss_rate,private,shared,private_rate
0,36025775,17729254,18296521,2380720,889412,3103919,166213,0.05082761,2373379,882104,0.7290405
1,36009344,17120545,18888799,2388005,899247,3119364,167888,0.05107245,2533772,737439,0.774567
2,18248622,17556877,691745,74523,43175,111719,5979,0.0507995,94427,21739,0.8128626
3,36036883,17140113,18896770,2416052,908867,3155450,169469,0.05096936,2553239,756048,0.7715375
