pid,execution_cycles,compute_cycles,idle_cycles,loads,stores,hit_count,miss_count,miss_rate,private,shared,private_rate
0,22503790,17729254,4774536,2380720,889412,3254936,15196,0.004646907,2133504,1135015,0.6527433
1,21869235,17120545,4748690,2388005,899247,3272490,14762,0.004490681,2151367,1134534,0.6547267
2,17912670,17556877,355793,74523,43175,115293,2405,0.02043365,90091,27577,0.7656372
3,22049032,17140113,4908919,2416052,908867,3308919,16000,0.004812147,2164510,1158756,0.6513201
