pid,execution_cycles,compute_cycles,idle_cycles,loads,stores,hit_count,miss_count,miss_rate,private,shared,private_rate
0,23274581,17729254,5545327,2380720,889412,3251176,18956,0.005796708,2058574,1209598,0.6298855
1,22641625,17120545,5521080,2388005,899247,3269671,17581,0.005348236,2082684,1203145,0.6338382
2,17785400,17556877,228523,74523,43175,116922,776,0.006593145,87164,30534,0.7405733
3,22706186,17140113,5566073,2416052,908867,3306917,18002,0.005414267,2125954,1197797,0.6396249
