pid,execution_cycles,compute_cycles,idle_cycles,loads,stores,hit_count,miss_count,miss_rate,private,shared,private_rate
0,22471816,17729254,4742562,2380720,889412,3262661,7471,0.002284617,2077661,1189779,0.6358681
1,21993967,17120545,4873422,2388005,899247,3279767,7485,0.002276978,2103643,1181265,0.6403963
2,17822923,17556877,266046,74523,43175,116382,1316,0.01118116,87935,29763,0.747124
3,22049651,17140113,4909538,2416052,908867,3317156,7763,0.002334794,2123191,1199523,0.638993
