pid,execution_cycles,compute_cycles,idle_cycles,loads,stores,hit_count,miss_count,miss_rate,private,shared,private_rate
0,25443199,17729254,7713945,2380720,889412,3225245,44887,0.01372636,2109464,1159531,0.6452943
1,24928533,17120545,7807988,2388005,899247,3241588,45664,0.01389124,2058952,1226931,0.6266054
2,17851983,17556877,295106,74523,43175,115906,1792,0.01522541,89577,27366,0.7659886
3,24937951,17140113,7797838,2416052,908867,3279738,45181,0.0135886,2122276,1201781,0.6384596
