pid,execution_cycles,compute_cycles,idle_cycles,loads,stores,hit_count,miss_count,miss_rate,private,shared,private_rate
0,23417659,17729254,5688405,2380720,889412,3245705,24427,0.007469729,2137399,1127218,0.6547166
1,22781520,17120545,5660975,2388005,899247,3263275,23977,0.007293934,2153781,1128170,0.6562502
2,17911977,17556877,355100,74523,43175,115300,2398,0.02037418,90339,27358,0.7675557
3,22961911,17140113,5821798,2416052,908867,3299698,25221,0.007585448,2166424,1153419,0.6525682
