pid,execution_cycles,compute_cycles,idle_cycles,loads,stores,hit_count,miss_count,miss_rate,private,shared,private_rate
0,25102109,17729254,7372855,2380720,889412,3229296,40836,0.01248757,2120212,1146653,0.6490051
1,24532425,17120545,7411880,2388005,899247,3247615,39637,0.01205779,2167053,1118231,0.6596243
2,18106353,17556877,549476,74523,43175,113156,4542,0.03859029,88133,28736,0.7541179
3,24631323,17140113,7491210,2416052,908867,3283760,41159,0.01237895,2183441,1138409,0.6572967
