pid,execution_cycles,compute_cycles,idle_cycles,loads,stores,hit_count,miss_count,miss_rate,private,shared,private_rate
0,32202127,17729254,14472873,2380720,889412,3156973,113159,0.0346038,2557393,699257,0.7852833
1,31257900,17120545,14137355,2388005,899247,3177655,109597,0.03334001,2559655,718330,0.7808623
2,18376881,17556877,820004,74523,43175,110604,7094,0.0602729,91763,23677,0.7948978
3,30770833,17140113,13630720,2416052,908867,3220820,104099,0.03130873,2608286,709517,0.7861485
