pid,execution_cycles,compute_cycles,idle_cycles,loads,stores,hit_count,miss_count,miss_rate,private,shared,private_rate
0,28625563,17729254,10896309,2380720,889412,3194329,75803,0.02318041,2631636,635320,0.8055315
1,28174788,17120545,11054243,2388005,899247,3209431,77821,0.02367357,2576315,707679,0.7845066
2,17897241,17556877,340364,74523,43175,115504,2194,0.01864093,90411,26592,0.7727238
3,28615708,17140113,11475595,2416052,908867,3243807,81112,0.02439518,2448399,872829,0.7371969
