pid,execution_cycles,compute_cycles,idle_cycles,loads,stores,hit_count,miss_count,miss_rate,private,shared,private_rate
0,29940076,17729254,12210822,2380720,889412,3179286,90846,0.02778053,2331645,932986,0.7142139
1,29233494,17120545,12112949,2388005,899247,3197809,89443,0.02720905,2265290,1017203,0.6901127
2,17757285,17556877,200408,74523,43175,116824,874,0.007425785,89264,28414,0.7585445
3,29378371,17140113,12238258,2416052,908867,3234354,90565,0.02723826,2264974,1054696,0.6822889
