pid,execution_cycles,compute_cycles,idle_cycles,loads,stores,hit_count,miss_count,miss_rate,private,shared,private_rate
0,78734008,17729254,61004754,2380720,889412,2686954,583178,0.1783347,3053114,50360,0.983773
1,78594255,17120545,61473710,2388005,899247,2699510,587742,0.1787943,3068139,49692,0.984062
2,20959395,17556877,3402518,74523,43175,84518,33180,0.2819079,100224,6105,0.9425839
3,79685446,17140113,62545333,2416052,908867,2726733,598186,0.1799099,3101043,51547,0.9836493
