pid,execution_cycles,compute_cycles,idle_cycles,loads,stores,hit_count,miss_count,miss_rate,private,shared,private_rate
0,25151743,17729254,7422489,2380720,889412,3228189,41943,0.01282609,2223613,1043293,0.680648
1,24379380,17120545,7258835,2388005,899247,3247135,40117,0.01220381,2235216,1049970,0.6803925
2,18131460,17556877,574583,74523,43175,113083,4615,0.03921052,90259,26612,0.772296
3,24646693,17140113,7506580,2416052,908867,3282680,42239,0.01270377,2202671,1119277,0.6630661
