pid,execution_cycles,compute_cycles,idle_cycles,loads,stores,hit_count,miss_count,miss_rate,private,shared,private_rate
0,40607839,17729254,22878585,2380720,889412,3067837,202295,0.06186142,2827476,414823,0.872059
1,39107372,17120545,21986827,2388005,899247,3081632,205620,0.06255073,2292463,964339,0.7039
2,18573148,17556877,1016271,74523,43175,108489,9209,0.07824262,94333,20411,0.8221171
3,39139331,17140113,21999218,2416052,908867,3117873,207046,0.06227099,2321144,974591,0.7042872
