pid,execution_cycles,compute_cycles,idle_cycles,loads,stores,hit_count,miss_count,miss_rate,private,shared,private_rate
0,30188431,17729254,12459177,2380720,889412,3176909,93223,0.02850741,2976441,287897,0.9118054
1,29594673,17120545,12474128,2388005,899247,3194144,93108,0.02832396,2315391,966065,0.7055987
2,17768841,17556877,211964,74523,43175,116728,970,0.008241431,89616,27816,0.763131
3,29649316,17140113,12509203,2416052,908867,3231623,93296,0.02805963,2226042,1092939,0.6707004
