pid,execution_cycles,compute_cycles,idle_cycles,loads,stores,hit_count,miss_count,miss_rate,private,shared,private_rate
0,22816954,17729254,5087700,2380720,889412,3254933,15199,0.004647825,2097187,1169611,0.6419702
1,22501890,17120545,5381345,2388005,899247,3271768,15484,0.004710317,2133649,1150185,0.6497433
2,17901392,17556877,344515,74523,43175,115359,2339,0.0198729,88456,29238,0.7515761
3,22528576,17140113,5388463,2416052,908867,3309053,15866,0.004771846,2146537,1175368,0.6461765
