pid,execution_cycles,compute_cycles,idle_cycles,loads,stores,hit_count,miss_count,miss_rate,private,shared,private_rate
0,50644144,17729254,32914890,2380720,889412,2970690,299442,0.09156878,2876432,326528,0.8980543
1,48856734,17120545,31736189,2388005,899247,2999889,287363,0.08741739,2882701,342641,0.893766
2,19139676,17556877,1582799,74523,43175,102899,14799,0.1257371,93416,18746,0.8328667
3,49691119,17140113,32551006,2416052,908867,3029706,295213,0.08878803,2934448,327829,0.8995091
