pid,execution_cycles,compute_cycles,idle_cycles,loads,stores,hit_count,miss_count,miss_rate,private,shared,private_rate
0,30307725,17729254,12578471,2380720,889412,3176327,93805,0.02868539,2805875,459615,0.8592508
1,29806556,17120545,12686011,2388005,899247,3192403,94849,0.02885358,2755728,526677,0.8395454
2,17834099,17556877,277222,74523,43175,116094,1604,0.0136281,90871,26427,0.774702
3,29880200,17140113,12740087,2416052,908867,3230055,94864,0.02853122,2672619,647704,0.8049274
