pid,execution_cycles,compute_cycles,idle_cycles,loads,stores,hit_count,miss_count,miss_rate,private,shared,private_rate
0,36232453,17729254,18503199,2380720,889412,3115527,154605,0.04727791,2989487,260983,0.9197091
1,35932350,17120545,18811805,2388005,899247,3130093,157159,0.04780863,2525444,739678,0.7734608
2,18158898,17556877,602021,74523,43175,112777,4921,0.0418104,92387,23574,0.7967075
3,35919811,17140113,18779698,2416052,908867,3168038,156881,0.04718341,2644726,660014,0.8002826
