pid,execution_cycles,compute_cycles,idle_cycles,loads,stores,hit_count,miss_count,miss_rate,private,shared,private_rate
0,22305461,17729254,4576207,2380720,889412,3262776,7356,0.00224945,2077674,1192458,0.6353487
1,21907859,17120545,4787314,2388005,899247,3279851,7401,0.002251425,2104121,1183131,0.6400851
2,17822923,17556877,266046,74523,43175,116382,1316,0.01118116,87930,29768,0.7470815
3,21938601,17140113,4798488,2416052,908867,3317290,7629,0.002294492,2124065,1200852,0.6388325
