pid,execution_cycles,compute_cycles,idle_cycles,loads,stores,hit_count,miss_count,miss_rate,private,shared,private_rate
0,25093384,17729254,7364130,2380720,889412,3210844,59288,0.01813015,2133161,1124363,0.6548412
1,24819384,17120545,7698839,2388005,899247,3226796,60456,0.01839105,2167565,1106979,0.6619441
2,18071857,17556877,514980,74523,43175,113316,4382,0.03723088,90113,27385,0.7669322
3,24837886,17140113,7697773,2416052,908867,3264094,60825,0.01829368,2188252,1125433,0.6603681
