pid,execution_cycles,compute_cycles,idle_cycles,loads,stores,hit_count,miss_count,miss_rate,private,shared,private_rate
0,45732457,17729254,28003203,2380720,889412,3020303,249829,0.07639722,2484823,750510,0.768027
1,45190368,17120545,28069823,2388005,899247,3036923,250329,0.07615145,2778264,472658,0.854608
2,18660021,17556877,1103144,74523,43175,107744,9954,0.08457238,95118,19522,0.8297104
3,45806161,17140113,28666048,2416052,908867,3068948,255971,0.07698563,2633619,654366,0.8009827
