pid,execution_cycles,compute_cycles,idle_cycles,loads,stores,hit_count,miss_count,miss_rate,private,shared,private_rate
0,41474939,17729254,23745685,2380720,889412,3062365,207767,0.06353474,2478658,752395,0.7671363
1,41406327,17120545,24285782,2388005,899247,3074878,212374,0.06460533,2659948,583911,0.819995
2,18687159,17556877,1130282,74523,43175,107442,10256,0.08713827,91939,21564,0.8100138
3,41301070,17140113,24160957,2416052,908867,3113665,211254,0.06353659,3052743,232069,0.9293509
