pid,execution_cycles,compute_cycles,idle_cycles,loads,stores,hit_count,miss_count,miss_rate,private,shared,private_rate
0,33880238,17729254,16150984,2380720,889412,3118210,151922,0.04645745,2254845,995924,0.6936343
1,33867602,17120545,16747057,2388005,899247,3132455,154797,0.04709009,2352293,913410,0.7203022
2,18092502,17556877,535625,74523,43175,113068,4630,0.03933797,92204,23828,0.7946429
3,33503563,17140113,16363450,2416052,908867,3171156,153763,0.04624564,2289494,1015523,0.6927329
