pid,execution_cycles,compute_cycles,idle_cycles,loads,stores,hit_count,miss_count,miss_rate,private,shared,private_rate
0,66857923,17729254,49128669,2380720,889412,2806861,463271,0.1416674,2784970,357668,0.8861886
1,66838305,17120545,49717760,2388005,899247,2818184,469068,0.142693,2799742,357066,0.8868902
2,20158191,17556877,2601314,74523,43175,92594,25104,0.2132916,99399,11028,0.9001331
3,67611196,17140113,50471083,2416052,908867,2848623,476296,0.1432504,3078729,113351,0.9644899
