pid,execution_cycles,compute_cycles,idle_cycles,loads,stores,hit_count,miss_count,miss_rate,private,shared,private_rate
0,25156711,17729254,7427457,2380720,889412,3207470,62662,0.01916192,2143950,1120281,0.6568009
1,24622693,17120545,7502148,2388005,899247,3224934,62318,0.01895748,2180488,1101320,0.6644167
2,17903513,17556877,346636,74523,43175,115352,2346,0.01993237,89544,28125,0.7609821
3,24634941,17140113,7494828,2416052,908867,3260946,63973,0.01924047,2188887,1130666,0.6593921
