pid,execution_cycles,compute_cycles,idle_cycles,loads,stores,hit_count,miss_count,miss_rate,private,shared,private_rate
0,30179458,17729254,12450204,2380720,889412,3177404,92728,0.02835604,2828817,435690,0.8665373
1,29573019,17120545,12452474,2388005,899247,3194674,92578,0.02816273,2425679,856044,0.739148
2,17768724,17556877,211847,74523,43175,116747,951,0.008080001,89414,28013,0.7614433
3,29647678,17140113,12507565,2416052,908867,3232165,92754,0.02789662,2232632,1086380,0.6726797
