pid,execution_cycles,compute_cycles,idle_cycles,loads,stores,hit_count,miss_count,miss_rate,private,shared,private_rate
0,33952454,17729254,16223200,2380720,889412,3117400,152732,0.04670515,2256083,994544,0.6940455
1,33939739,17120545,16819194,2388005,899247,3131775,155477,0.04729695,2359806,905708,0.7226446
2,18101600,17556877,544723,74523,43175,113010,4688,0.03983075,92218,23779,0.7950033
3,33573890,17140113,16433777,2416052,908867,3170125,154794,0.04655572,2290991,1013841,0.6932246
