pid,execution_cycles,compute_cycles,idle_cycles,loads,stores,hit_count,miss_count,miss_rate,private,shared,private_rate
0,39853837,17729254,22124583,2380720,889412,3079683,190449,0.05823893,2965552,267911,0.9171443
1,39680523,17120545,22559978,2388005,899247,3092578,194674,0.05922089,3004892,241681,0.9255581
2,18389157,17556877,832280,74523,43175,110480,7218,0.06132645,91072,23580,0.7943342
3,39497881,17140113,22357768,2416052,908867,3132668,192251,0.05782126,2499081,788457,0.7601679
