pid,execution_cycles,compute_cycles,idle_cycles,loads,stores,hit_count,miss_count,miss_rate,private,shared,private_rate
0,54199333,17729254,36470079,2380720,889412,2934779,335353,0.1025503,2913702,294650,0.9081616
1,54502506,17120545,37381961,2388005,899247,2942861,344391,0.1047656,2856824,366848,0.8862018
2,19072455,17556877,1515578,74523,43175,103578,14120,0.1199681,97788,15710,0.8615835
3,54939505,17140113,37799392,2416052,908867,2976692,348227,0.1047325,2845255,412058,0.8734976
