pid,execution_cycles,compute_cycles,idle_cycles,loads,stores,hit_count,miss_count,miss_rate,private,shared,private_rate
0,23181742,17729254,5452488,2380720,889412,3248088,22044,0.006741012,2133867,1132664,0.6532517
1,22572729,17120545,5452184,2388005,899247,3265384,21868,0.006652365,2161485,1122423,0.6582051
2,18108294,17556877,551417,74523,43175,113317,4381,0.03722238,90263,27435,0.7669034
3,22737379,17140113,5597266,2416052,908867,3301966,22953,0.006903326,2174828,1147100,0.6546885
