pid,execution_cycles,compute_cycles,idle_cycles,loads,stores,hit_count,miss_count,miss_rate,private,shared,private_rate
0,25112341,17729254,7383087,2380720,889412,3244043,26089,0.007977965,2107862,1161628,0.6447067
1,24676809,17120545,7556264,2388005,899247,3260968,26284,0.007995736,2072634,1214250,0.6305772
2,17802153,17556877,245276,74523,43175,117436,262,0.002226036,89572,28121,0.7610648
3,25223401,17140113,8083288,2416052,908867,3298368,26551,0.007985458,2013024,1311382,0.6055289
