pid,execution_cycles,compute_cycles,idle_cycles,loads,stores,hit_count,miss_count,miss_rate,private,shared,private_rate
0,27962254,17729254,10233000,2380720,889412,3199800,70332,0.02150739,2239689,1023393,0.6863723
1,27368982,17120545,10248437,2388005,899247,3216937,70315,0.02139021,2202915,1077185,0.6716
2,17964645,17556877,407768,74523,43175,114768,2930,0.02489422,90642,26254,0.7754072
3,27345235,17140113,10205122,2416052,908867,3255422,69497,0.02090186,2215165,1103494,0.667488
