pid,execution_cycles,compute_cycles,idle_cycles,loads,stores,hit_count,miss_count,miss_rate,private,shared,private_rate
0,210186837,17729254,192457583,2380720,889412,1359143,1910989,0.5843767,2685357,1932,0.9992811
1,210514343,17120545,193393798,2388005,899247,1366982,1920270,0.5841566,2671584,27597,0.9897758
2,24738041,17556877,7181164,74523,43175,46348,71350,0.6062125,91835,295,0.996798
3,212925522,17140113,195785409,2416052,908867,1380869,1944050,0.5846909,2703382,27037,0.9900979
