pid,execution_cycles,compute_cycles,idle_cycles,loads,stores,hit_count,miss_count,miss_rate,private,shared,private_rate
0,21851380,17729254,4122126,2380720,889412,3261526,8606,0.002631698,2128730,1141388,0.6509643
1,21216330,17120545,4095785,2388005,899247,3279085,8167,0.002484446,2141007,1146221,0.6513108
2,17811987,17556877,255110,74523,43175,116310,1388,0.01179289,89783,27915,0.7628252
3,21339202,17140113,4199089,2416052,908867,3316089,8830,0.002655704,2153273,1171635,0.6476188
