pid,execution_cycles,compute_cycles,idle_cycles,loads,stores,hit_count,miss_count,miss_rate,private,shared,private_rate
0,34955713,17729254,17226459,2380720,889412,3129159,140973,0.04310927,2261078,989895,0.6955081
1,34573608,17120545,17453063,2388005,899247,3144163,143089,0.04352845,2222002,1044041,0.6803346
2,17954250,17556877,397373,74523,43175,114873,2825,0.02400211,90546,25858,0.7778599
3,34499866,17140113,17359753,2416052,908867,3183153,141766,0.04263743,3017941,287435,0.9130402
