pid,execution_cycles,compute_cycles,idle_cycles,loads,stores,hit_count,miss_count,miss_rate,private,shared,private_rate
0,33616399,17729254,15887145,2380720,889412,3141525,128607,0.03932777,2205011,1048573,0.6777176
1,33159279,17120545,16038734,2388005,899247,3157806,129446,0.03937818,2238311,1031517,0.6845348
2,17915934,17556877,359057,74523,43175,115221,2477,0.02104539,90490,26636,0.7725868
3,33160813,17140113,16020700,2416052,908867,3195608,129311,0.03889147,2737989,570033,0.8276816
