pid,execution_cycles,compute_cycles,idle_cycles,loads,stores,hit_count,miss_count,miss_rate,private,shared,private_rate
0,25195067,17729254,7465813,2380720,889412,3206844,63288,0.01935335,2144328,1119794,0.6569387
1,24660041,17120545,7539496,2388005,899247,3224495,62757,0.01909102,2180804,1100926,0.6645288
2,17903582,17556877,346705,74523,43175,115353,2345,0.01992387,89546,28124,0.7609926
3,24674977,17140113,7534864,2416052,908867,3260108,64811,0.0194925,2189112,1130250,0.6594978
