pid,execution_cycles,compute_cycles,idle_cycles,loads,stores,hit_count,miss_count,miss_rate,private,shared,private_rate
0,24499927,17729254,6770673,2380720,889412,3237789,32343,0.009890426,2153720,1114985,0.6588909
1,23803863,17120545,6683318,2388005,899247,3254554,32698,0.00994691,2259192,1027123,0.6874545
2,18135945,17556877,579068,74523,43175,113200,4498,0.03821645,90596,26028,0.7768212
3,24005800,17140113,6865687,2416052,908867,3291771,33148,0.009969566,2194697,1128665,0.6603846
