pid,execution_cycles,compute_cycles,idle_cycles,loads,stores,hit_count,miss_count,miss_rate,private,shared,private_rate
0,36963699,17729254,19234445,2380720,889412,3108469,161663,0.04943623,2595038,661787,0.7968
1,36554221,17120545,19433676,2388005,899247,3123880,163372,0.04969865,2459059,813397,0.7514414
2,18255459,17556877,698582,74523,43175,111814,5884,0.04999235,94829,21442,0.815586
3,36725725,17140113,19585612,2416052,908867,3160412,164507,0.04947699,3059437,251542,0.9240279
