pid,execution_cycles,compute_cycles,idle_cycles,loads,stores,hit_count,miss_count,miss_rate,private,shared,private_rate
0,64021881,17729254,46292627,2380720,889412,3014767,255365,0.07809012,2742189,476629,0.8519242
1,62233683,17120545,45113138,2388005,899247,3039653,247599,0.07532097,2788233,454331,0.8598853
2,19562137,17556877,2005260,74523,43175,105013,12685,0.1077758,93146,20547,0.8192765
3,62234000,17140113,45093887,2416052,908867,3073791,251128,0.07552906,2830252,444908,0.8641569
