pid,execution_cycles,compute_cycles,idle_cycles,loads,stores,hit_count,miss_count,miss_rate,private,shared,private_rate
0,24211738,17729254,6482484,2380720,889412,3237684,32448,0.009922535,2131574,1137135,0.6521149
1,23516793,17120545,6396248,2388005,899247,3255848,31404,0.009553268,2129890,1156330,0.6481276
2,17732886,17556877,176009,74523,43175,117109,589,0.005004333,89055,28643,0.7566399
3,23607985,17140113,6467872,2416052,908867,3293172,31747,0.009548203,2178343,1145542,0.6553605
