pid,execution_cycles,compute_cycles,idle_cycles,loads,stores,hit_count,miss_count,miss_rate,private,shared,private_rate
0,79081141,17729254,61351887,2380720,889412,2666901,603231,0.1844669,2906912,182368,0.9409675
1,78296253,17120545,61175708,2388005,899247,2683882,603370,0.1835484,2877710,225981,0.9271896
2,20298991,17556877,2742114,74523,43175,89948,27750,0.2357729,97756,9475,0.9116394
3,80672835,17140113,63532722,2416052,908867,2701980,622939,0.1873546,2973535,160351,0.9488332
