pid,execution_cycles,compute_cycles,idle_cycles,loads,stores,hit_count,miss_count,miss_rate,private,shared,private_rate
0,23159962,17729254,5430708,2380720,889412,3248308,21824,0.006673737,2135312,1134813,0.6529757
1,22553820,17120545,5433275,2388005,899247,3265575,21677,0.006594262,2163442,1123781,0.6581367
2,18108294,17556877,551417,74523,43175,113317,4381,0.03722238,90263,27435,0.7669034
3,22720252,17140113,5580139,2416052,908867,3302139,22780,0.006851295,2176363,1148539,0.6545646
