pid,execution_cycles,compute_cycles,idle_cycles,loads,stores,hit_count,miss_count,miss_rate,private,shared,private_rate
0,28589087,17729254,10859833,2380720,889412,3172178,97954,0.02995414,2169380,1091489,0.6652766
1,28248498,17120545,11127953,2388005,899247,3190829,96423,0.0293324,2181832,1097127,0.6654039
2,17846920,17556877,290043,74523,43175,116173,1525,0.01295689,89694,27755,0.7636847
3,28268916,17140113,11128803,2416052,908867,3227880,97039,0.02918537,2206595,1110357,0.6652478
