pid,execution_cycles,compute_cycles,idle_cycles,loads,stores,hit_count,miss_count,miss_rate,private,shared,private_rate
0,31772391,17729254,14043137,2380720,889412,3160177,109955,0.03362402,2218084,1043528,0.6800576
1,31127412,17120545,14006867,2388005,899247,3178359,108893,0.03312584,2231133,1048010,0.6804013
2,17804928,17556877,248051,74523,43175,116303,1395,0.01185237,90578,27098,0.7697236
3,31245300,17140113,14105187,2416052,908867,3215107,109812,0.03302697,2214326,1102619,0.66758
