pid,execution_cycles,compute_cycles,idle_cycles,loads,stores,hit_count,miss_count,miss_rate,private,shared,private_rate
0,27220651,17729254,9491397,2380720,889412,3205941,64191,0.01962948,2179753,1084411,0.6677829
1,26605311,17120545,9484766,2388005,899247,3224174,63078,0.01918867,2193828,1087958,0.668486
2,17899719,17556877,342842,74523,43175,115294,2404,0.02042516,90587,27092,0.7697805
3,26874736,17140113,9734623,2416052,908867,3259287,65632,0.01973943,2208350,1111085,0.6652789
