pid,execution_cycles,compute_cycles,idle_cycles,loads,stores,hit_count,miss_count,miss_rate,private,shared,private_rate
0,22168675,17729254,4439421,2380720,889412,3258321,11811,0.003611781,2121585,1146792,0.6491249
1,21446703,17120545,4326158,2388005,899247,3276758,10494,0.003192332,2138617,1147343,0.6508348
2,17760309,17556877,203432,74523,43175,116832,866,0.007357814,88833,28865,0.7547537
3,21613432,17140113,4473319,2416052,908867,3313319,11600,0.003488807,2154891,1168858,0.6483314
