pid,execution_cycles,compute_cycles,idle_cycles,loads,stores,hit_count,miss_count,miss_rate,private,shared,private_rate
0,32224164,17729254,14494910,2380720,889412,3161890,108242,0.03310019,2515829,750827,0.7701542
1,31244657,17120545,14124112,2388005,899247,3180756,106496,0.03239666,2753086,530559,0.8384238
2,17912543,17556877,355666,74523,43175,115390,2308,0.01960951,92991,24312,0.7927419
3,31342500,17140113,14202387,2416052,908867,3217863,107056,0.03219808,2608489,712775,0.7853904
