pid,execution_cycles,compute_cycles,idle_cycles,loads,stores,hit_count,miss_count,miss_rate,private,shared,private_rate
0,24429360,17729254,6700106,2380720,889412,3220875,49257,0.01506269,2125077,1134438,0.6519611
1,24026825,17120545,6906280,2388005,899247,3238831,48421,0.01472993,2165073,1112129,0.6606468
2,18061275,17556877,504398,74523,43175,113374,4324,0.03673809,90060,27593,0.7654713
3,24158403,17140113,7018290,2416052,908867,3273473,51446,0.01547286,2177724,1137400,0.6569057
