pid,execution_cycles,compute_cycles,idle_cycles,loads,stores,hit_count,miss_count,miss_rate,private,shared,private_rate
0,29940823,17729254,12211569,2380720,889412,3179265,90867,0.02778695,2325906,938709,0.7124595
1,29233242,17120545,12112697,2388005,899247,3197825,89427,0.02720418,2271498,1011003,0.6920022
2,17757150,17556877,200273,74523,43175,116825,873,0.007417288,89263,28416,0.7585296
3,29380459,17140113,12240346,2416052,908867,3234334,90585,0.02724427,2269935,1049715,0.6837874
