pid,execution_cycles,compute_cycles,idle_cycles,loads,stores,hit_count,miss_count,miss_rate,private,shared,private_rate
0,23044396,17729254,5315142,2380720,889412,3251389,18743,0.005731573,2097649,1166932,0.6425477
1,22595659,17120545,5475114,2388005,899247,3268519,18733,0.005698681,2134600,1147387,0.6503987
2,17901713,17556877,344836,74523,43175,115360,2338,0.0198644,89031,28667,0.756436
3,22663128,17140113,5523015,2416052,908867,3305525,19394,0.005832924,2146383,1173455,0.6465325
