pid,execution_cycles,compute_cycles,idle_cycles,loads,stores,hit_count,miss_count,miss_rate,private,shared,private_rate
0,44684537,17729254,26955283,2380720,889412,3246480,23652,0.007232736,1777997,1491671,0.5437852
1,43837144,17120545,26716599,2388005,899247,3263603,23649,0.007194155,2017504,1269463,0.6137889
2,17804708,17556877,247831,74523,43175,117538,160,0.001359411,64172,53526,0.5452259
3,44079264,17140113,26939151,2416052,908867,3301143,23776,0.007150851,1834473,1490137,0.5517859
