pid,execution_cycles,compute_cycles,idle_cycles,loads,stores,hit_count,miss_count,miss_rate,private,shared,private_rate
0,29590059,17729254,11860805,2380720,889412,3179855,90277,0.02760653,2180022,1084389,0.6678148
1,28902649,17120545,11782104,2388005,899247,3197744,89508,0.02722882,2164793,1117410,0.6595549
2,17787851,17556877,230974,74523,43175,116899,799,0.006788561,88150,29491,0.7493136
3,28923181,17140113,11783068,2416052,908867,3234612,90307,0.02716066,2197318,1122564,0.6618663
