pid,execution_cycles,compute_cycles,idle_cycles,loads,stores,hit_count,miss_count,miss_rate,private,shared,private_rate
0,38057878,17729254,20328624,2380720,889412,3097824,172308,0.05269145,3023688,225217,0.9306791
1,37775763,17120545,20655218,2388005,899247,3111818,175434,0.05336798,2788728,474642,0.8545546
2,18366189,17556877,809312,74523,43175,110712,6986,0.0593553,93974,21479,0.8139589
3,37838245,17140113,20698132,2416052,908867,3149432,175487,0.05277933,2471402,831446,0.7482639
