pid,execution_cycles,compute_cycles,idle_cycles,loads,stores,hit_count,miss_count,miss_rate,private,shared,private_rate
0,21527804,17729254,3798550,2380720,889412,3265398,4734,0.001447648,2088534,1180866,0.6388126
1,20863744,17120545,3743199,2388005,899247,3283015,4237,0.001288919,2078965,1207791,0.6325279
2,17737652,17556877,180775,74523,43175,117103,595,0.005055311,88445,29253,0.7514571
3,20922952,17140113,3782839,2416052,908867,3320655,4264,0.001282437,2164705,1159776,0.6511407
