pid,execution_cycles,compute_cycles,idle_cycles,loads,stores,hit_count,miss_count,miss_rate,private,shared,private_rate
0,23163130,17729254,5433876,2380720,889412,3248276,21856,0.006683522,2134689,1134416,0.6529888
1,22558275,17120545,5437730,2388005,899247,3265530,21722,0.006607951,2162982,1123618,0.6581215
2,18108294,17556877,551417,74523,43175,113317,4381,0.03722238,90263,27435,0.7669034
3,22725895,17140113,5585782,2416052,908867,3302082,22837,0.006868438,2175659,1148275,0.6545434
