pid,execution_cycles,compute_cycles,idle_cycles,loads,stores,hit_count,miss_count,miss_rate,private,shared,private_rate
0,34913836,17729254,17184582,2380720,889412,3129582,140550,0.04297992,2283780,967224,0.7024845
1,34526187,17120545,17405642,2388005,899247,3144642,142610,0.04338274,2222520,1043557,0.6804861
2,17953656,17556877,396779,74523,43175,114879,2819,0.02395113,90637,25806,0.7783808
3,34471255,17140113,17331142,2416052,908867,3183442,141477,0.04255051,3014478,290896,0.911993
