pid,execution_cycles,compute_cycles,idle_cycles,loads,stores,hit_count,miss_count,miss_rate,private,shared,private_rate
0,23021857,17729254,5292603,2380720,889412,3249703,20429,0.006247148,2134231,1130439,0.6537356
1,22356414,17120545,5235869,2388005,899247,3267569,19683,0.005987676,2150970,1131129,0.6553641
2,17912373,17556877,355496,74523,43175,115296,2402,0.02040816,90339,27359,0.7675492
3,22558882,17140113,5418769,2416052,908867,3303769,21150,0.006361057,2163645,1156284,0.6517142
