pid,execution_cycles,compute_cycles,idle_cycles,loads,stores,hit_count,miss_count,miss_rate,private,shared,private_rate
0,25153822,17729254,7424568,2380720,889412,3228168,41964,0.01283251,2152343,1114664,0.6588119
1,24462936,17120545,7342391,2388005,899247,3246291,40961,0.01246056,2163288,1121299,0.658618
2,17812086,17556877,255209,74523,43175,116309,1389,0.01180139,90178,27520,0.7661812
3,24616399,17140113,7476286,2416052,908867,3282986,41933,0.01261174,2171745,1150659,0.6536667
