pid,execution_cycles,compute_cycles,idle_cycles,loads,stores,hit_count,miss_count,miss_rate,private,shared,private_rate
0,22795612,17729254,5066358,2380720,889412,3258123,12009,0.003672329,2060145,1209213,0.6301375
1,22306916,17120545,5186371,2388005,899247,3274998,12254,0.003727734,2073370,1213300,0.6308422
2,18100038,17556877,543161,74523,43175,113210,4488,0.03813149,87225,29699,0.7459974
3,22333244,17140113,5193131,2416052,908867,3312673,12246,0.003683097,2129610,1194641,0.6406285
