pid,execution_cycles,compute_cycles,idle_cycles,loads,stores,hit_count,miss_count,miss_rate,private,shared,private_rate
0,32716032,17729254,14986778,2380720,889412,3151214,118918,0.03636489,2873515,386068,0.8815591
1,32195512,17120545,15074967,2388005,899247,3167759,119493,0.03635042,2268475,1007477,0.6924628
2,17833930,17556877,277053,74523,43175,116065,1633,0.01387449,90812,26151,0.7764165
3,32192653,17140113,15052540,2416052,908867,3205840,119079,0.03581411,2817667,496829,0.8501042
