pid,execution_cycles,compute_cycles,idle_cycles,loads,stores,hit_count,miss_count,miss_rate,private,shared,private_rate
0,27868768,17729254,10139514,2380720,889412,3202662,67470,0.02063219,2185479,1082624,0.6687301
1,27232614,17120545,10112069,2388005,899247,3219501,67751,0.02061022,2404031,881106,0.7317902
2,17759991,17556877,203114,74523,43175,116914,784,0.006661116,89666,27842,0.7630629
3,27359161,17140113,10219048,2416052,908867,3256980,67939,0.02043328,2577796,744815,0.7758344
