pid,execution_cycles,compute_cycles,idle_cycles,loads,stores,hit_count,miss_count,miss_rate,private,shared,private_rate
0,37534920,17729254,19805666,2380720,889412,3101666,168466,0.05151657,2226729,1009570,0.688048
1,37353794,17120545,20233249,2388005,899247,3115493,171759,0.05225003,2839547,410969,0.8735681
2,18172286,17556877,615409,74523,43175,112613,5085,0.04320379,89658,25676,0.777377
3,37072251,17140113,19932138,2416052,908867,3155938,168981,0.05082259,2309133,981410,0.7017483
