pid,execution_cycles,compute_cycles,idle_cycles,loads,stores,hit_count,miss_count,miss_rate,private,shared,private_rate
0,25568713,17729254,7839459,2380720,889412,3224611,45521,0.01392023,2259010,1008596,0.6913349
1,24950947,17120545,7830402,2388005,899247,3241798,45454,0.01382735,2199763,1085818,0.6695202
2,18211844,17556877,654967,74523,43175,112303,5395,0.04583765,90620,25813,0.7783017
3,25037720,17140113,7897607,2416052,908867,3279243,45676,0.01373748,2183238,1139319,0.6570957
