pid,execution_cycles,compute_cycles,idle_cycles,loads,stores,hit_count,miss_count,miss_rate,private,shared,private_rate
0,23312899,17729254,5583645,2380720,889412,3243217,26915,0.008230555,2134561,1129969,0.6538647
1,23005415,17120545,5884870,2388005,899247,3259994,27258,0.008292032,2162045,1119978,0.6587538
2,18086886,17556877,530009,74523,43175,113313,4385,0.03725637,90391,27269,0.768239
3,22993717,17140113,5853604,2416052,908867,3297704,27215,0.008185162,2174637,1144985,0.6550857
