pid,execution_cycles,compute_cycles,idle_cycles,loads,stores,hit_count,miss_count,miss_rate,private,shared,private_rate
0,29937538,17729254,12208284,2380720,889412,3179292,90840,0.0277787,2342037,922628,0.7173897
1,29233044,17120545,12112499,2388005,899247,3197811,89441,0.02720844,2254317,1028187,0.6867675
2,17757447,17556877,200570,74523,43175,116822,876,0.007442777,89264,28414,0.7585445
3,29377777,17140113,12237664,2416052,908867,3234360,90559,0.02723645,2260023,1059656,0.6807956
