pid,execution_cycles,compute_cycles,idle_cycles,loads,stores,hit_count,miss_count,miss_rate,private,shared,private_rate
0,53792153,17729254,36062899,2380720,889412,3013615,256517,0.0784424,2678568,553518,0.8287428
1,52797827,17120545,35677282,2388005,899247,3032691,254561,0.07743885,2856369,393182,0.8790042
2,19243983,17556877,1687106,74523,43175,104391,13307,0.1130605,95001,18001,0.8407019
3,53805639,17140113,36665526,2416052,908867,3062512,262407,0.07892132,2853809,431283,0.8687151
