pid,execution_cycles,compute_cycles,idle_cycles,loads,stores,hit_count,miss_count,miss_rate,private,shared,private_rate
0,30672012,17729254,12942758,2380720,889412,3156458,113674,0.03476129,2239053,1020690,0.6868802
1,30300035,17120545,13179490,2388005,899247,3173063,114189,0.03473692,2200149,1076210,0.6715226
2,17842868,17556877,285991,74523,43175,116280,1418,0.01204778,89615,27637,0.764294
3,30322061,17140113,13181948,2416052,908867,3211370,113549,0.03415091,2228282,1086212,0.6722842
