pid,execution_cycles,compute_cycles,idle_cycles,loads,stores,hit_count,miss_count,miss_rate,private,shared,private_rate
0,50407045,17729254,32677791,2380720,889412,2950414,319718,0.09776914,2631516,555657,0.8256583
1,49157453,17120545,32036908,2388005,899247,2980682,306570,0.09326027,2665605,544577,0.8303595
2,19282749,17556877,1725872,74523,43175,100649,17049,0.1448538,90998,19342,0.8247055
3,48659617,17140113,31519504,2416052,908867,3015660,309259,0.09301249,2468857,782199,0.7594016
