pid,execution_cycles,compute_cycles,idle_cycles,loads,stores,hit_count,miss_count,miss_rate,private,shared,private_rate
0,24819004,17729254,7089750,2380720,889412,3231550,38582,0.0117983,2154275,1115023,0.6589412
1,24301467,17120545,7180922,2388005,899247,3247922,39330,0.0119644,2004900,1281612,0.6100388
2,17708928,17556877,152051,74523,43175,117351,347,0.002948223,89564,28092,0.7612361
3,24337021,17140113,7196908,2416052,908867,3285808,39111,0.01176299,2025861,1298129,0.6094666
