pid,execution_cycles,compute_cycles,idle_cycles,loads,stores,hit_count,miss_count,miss_rate,private,shared,private_rate
0,22254045,17729254,4524791,2380720,889412,3265389,4743,0.0014504,2050682,1218937,0.627193
1,21731379,17120545,4610834,2388005,899247,3282627,4625,0.00140695,2062732,1224178,0.6275596
2,17785256,17556877,228379,74523,43175,116922,776,0.006593145,86482,31216,0.7347788
3,21786331,17140113,4646218,2416052,908867,3320116,4803,0.001444546,2118666,1205901,0.6372758
