pid,execution_cycles,compute_cycles,idle_cycles,loads,stores,hit_count,miss_count,miss_rate,private,shared,private_rate
0,36120745,17729254,18391491,2380720,889412,3117391,152741,0.0467079,2863688,387286,0.8808708
1,35775270,17120545,18654725,2388005,899247,3132025,155227,0.0472209,2294034,971697,0.7024565
2,18134727,17556877,577850,74523,43175,113050,4648,0.0394909,92622,23448,0.797984
3,35776768,17140113,18636655,2416052,908867,3170255,154664,0.04651662,2327489,977820,0.7041668
