pid,execution_cycles,compute_cycles,idle_cycles,loads,stores,hit_count,miss_count,miss_rate,private,shared,private_rate
0,22901087,17729254,5171833,2380720,889412,3247097,23035,0.007044058,2133540,1131831,0.6533836
1,22601760,17120545,5481215,2388005,899247,3264207,23045,0.007010415,2159367,1123114,0.657846
2,18085315,17556877,528438,74523,43175,113314,4384,0.03724787,90289,27402,0.76717
3,22666213,17140113,5526100,2416052,908867,3300948,23971,0.007209499,2173775,1147238,0.6545518
