pid,execution_cycles,compute_cycles,idle_cycles,loads,stores,hit_count,miss_count,miss_rate,private,shared,private_rate
0,26934421,17729254,9205167,2380720,889412,3212311,57821,0.01768155,2270688,997633,0.6947567
1,26139459,17120545,9018914,2388005,899247,3230554,56698,0.01724784,2372033,913382,0.7219889
2,17728575,17556877,171698,74523,43175,117266,432,0.003670411,89263,28405,0.7586005
3,26367928,17140113,9227815,2416052,908867,3267347,57572,0.01731531,2212050,1111182,0.6656321
