pid,execution_cycles,compute_cycles,idle_cycles,loads,stores,hit_count,miss_count,miss_rate,private,shared,private_rate
0,27952948,17729254,10223694,2380720,889412,3199894,70238,0.02147864,2166412,1101050,0.6630259
1,27306018,17120545,10185473,2388005,899247,3217573,69679,0.02119673,2265139,1020145,0.6894804
2,17732589,17556877,175712,74523,43175,117112,586,0.004978844,89077,28619,0.7568397
3,27380875,17140113,10240762,2416052,908867,3255062,69857,0.02101014,2194677,1127622,0.6605899
