pid,execution_cycles,compute_cycles,idle_cycles,loads,stores,hit_count,miss_count,miss_rate,private,shared,private_rate
0,35023766,17729254,17294512,2380720,889412,3103587,166545,0.05092914,2223136,1012725,0.6870307
1,35009962,17120545,17889417,2388005,899247,3117142,170110,0.05174839,2250694,1000031,0.6923668
2,18201959,17556877,645082,74523,43175,112426,5272,0.0447926,89738,25556,0.7783406
3,34643037,17140113,17502924,2416052,908867,3157152,167767,0.05045747,2279284,1011357,0.6926565
