pid,execution_cycles,compute_cycles,idle_cycles,loads,stores,hit_count,miss_count,miss_rate,private,shared,private_rate
0,39066490,17729254,21337236,2380720,889412,3087636,182496,0.05580692,2720290,529879,0.8369688
1,38281752,17120545,21161207,2388005,899247,3106707,180545,0.05492277,2918508,348506,0.8933258
2,18432519,17556877,875642,74523,43175,110042,7656,0.06504783,94416,20951,0.8183969
3,38602129,17140113,21462016,2416052,908867,3141716,183203,0.05509999,2877890,427275,0.8707251
