pid,execution_cycles,compute_cycles,idle_cycles,loads,stores,hit_count,miss_count,miss_rate,private,shared,private_rate
0,40677725,17729254,22948471,2380720,889412,3074299,195833,0.05988535,2437816,809961,0.7506106
1,40325472,17120545,23204927,2388005,899247,3091719,195533,0.05948221,2274096,991097,0.696466
2,18555714,17556877,998837,74523,43175,108885,8813,0.07487808,95376,19918,0.8272417
3,40773056,17140113,23632943,2416052,908867,3124411,200508,0.06030463,2398807,902181,0.7266936
