pid,execution_cycles,compute_cycles,idle_cycles,loads,stores,hit_count,miss_count,miss_rate,private,shared,private_rate
0,43892542,17729254,26163288,2380720,889412,3038888,231244,0.07071397,2774092,451576,0.8600054
1,43920396,17120545,26799851,2388005,899247,3049751,237501,0.0722491,2945418,292624,0.9096293
2,18897621,17556877,1340744,74523,43175,105344,12354,0.1049636,92153,20675,0.8167565
3,43804777,17140113,26664664,2416052,908867,3089164,235755,0.07090549,2920782,357630,0.8909136
