pid,execution_cycles,compute_cycles,idle_cycles,loads,stores,hit_count,miss_count,miss_rate,private,shared,private_rate
0,25516766,17729254,7787512,2380720,889412,3202004,68128,0.02083341,2147868,1115408,0.6581938
1,24969201,17120545,7848656,2388005,899247,3219518,67734,0.02060505,2182770,1098051,0.6653121
2,17903641,17556877,346764,74523,43175,115349,2349,0.01995786,89539,28129,0.7609461
3,24982782,17140113,7842669,2416052,908867,3255862,69057,0.02076953,2191766,1126919,0.6604321
