pid,execution_cycles,compute_cycles,idle_cycles,loads,stores,hit_count,miss_count,miss_rate,private,shared,private_rate
0,34044718,17729254,16315464,2380720,889412,3138540,131592,0.04024058,2724657,538300,0.8350269
1,33418009,17120545,16297464,2388005,899247,3155948,131304,0.03994339,2913669,366525,0.8882612
2,18177687,17556877,620810,74523,43175,112622,5076,0.04312733,93558,22927,0.8031764
3,33560499,17140113,16420386,2416052,908867,3192710,132209,0.03976307,2779432,537817,0.8378726
