pid,execution_cycles,compute_cycles,idle_cycles,loads,stores,hit_count,miss_count,miss_rate,private,shared,private_rate
0,28176698,17729254,10447444,2380720,889412,3198128,72004,0.02201868,2207610,1059256,0.6757577
1,27527047,17120545,10406502,2388005,899247,3215686,71566,0.02177077,2182201,1102281,0.6643973
2,17738440,17556877,181563,74523,43175,117071,627,0.005327193,89273,28358,0.7589241
3,27564723,17140113,10424610,2416052,908867,3253578,71341,0.02145646,2208014,1113740,0.6647133
