pid,execution_cycles,compute_cycles,idle_cycles,loads,stores,hit_count,miss_count,miss_rate,private,shared,private_rate
0,40984615,17729254,23255361,2380720,889412,3068261,201871,0.06173176,2876590,356594,0.8897081
1,40891491,17120545,23770946,2388005,899247,3080346,206906,0.06294193,3013940,232120,0.9284918
2,18675168,17556877,1118291,74523,43175,107591,10107,0.08587232,91989,21586,0.8099406
3,40702414,17140113,23562301,2416052,908867,3120501,204418,0.0614806,3050290,237025,0.9278971
