pid,execution_cycles,compute_cycles,idle_cycles,loads,stores,hit_count,miss_count,miss_rate,private,shared,private_rate
0,23100490,17729254,5371236,2380720,889412,3249266,20866,0.006380782,2109035,1160483,0.6450599
1,22939965,17120545,5819420,2388005,899247,3265716,21536,0.006551369,2147547,1139174,0.6534011
2,18059797,17556877,502920,74523,43175,113375,4323,0.0367296,88961,28722,0.7559376
3,22949483,17140113,5809370,2416052,908867,3303068,21851,0.006571889,2160806,1163623,0.6499781
