pid,execution_cycles,compute_cycles,idle_cycles,loads,stores,hit_count,miss_count,miss_rate,private,shared,private_rate
0,34263055,17729254,16533801,2380720,889412,3134641,135491,0.04143288,2392347,856436,0.7363825
1,33412647,17120545,16292102,2388005,899247,3155010,132242,0.04022874,2489314,778054,0.7618713
2,18112530,17556877,555653,74523,43175,113197,4501,0.03824194,90958,25273,0.7825623
3,33350677,17140113,16210564,2416052,908867,3193540,131379,0.03951344,2554548,752479,0.7724606
