pid,execution_cycles,compute_cycles,idle_cycles,loads,stores,hit_count,miss_count,miss_rate,private,shared,private_rate
0,35075535,17729254,17346281,2380720,889412,3127189,142943,0.04371169,2486048,766996,0.7642221
1,34560477,17120545,17439932,2388005,899247,3143900,143352,0.04360846,2669147,601688,0.8160445
2,18093434,17556877,536557,74523,43175,113441,4257,0.03616884,91521,24515,0.7887294
3,34659069,17140113,17518956,2416052,908867,3180812,144107,0.04334151,2638424,670044,0.7974761
