pid,execution_cycles,compute_cycles,idle_cycles,loads,stores,hit_count,miss_count,miss_rate,private,shared,private_rate
0,28159267,17729254,10430013,2380720,889412,3198297,71835,0.021967,2210825,1056059,0.6767381
1,27510559,17120545,10390014,2388005,899247,3215850,71402,0.02172088,2188883,1095617,0.6664281
2,17737562,17556877,180685,74523,43175,117081,617,0.00524223,89324,28320,0.7592737
3,27562161,17140113,10422048,2416052,908867,3253592,71327,0.02145225,2217328,1104407,0.667521
