pid,execution_cycles,compute_cycles,idle_cycles,loads,stores,hit_count,miss_count,miss_rate,private,shared,private_rate
0,39763584,17729254,22034330,2380720,889412,3079670,190462,0.05824291,2732897,500566,0.845192
1,39636422,17120545,22515877,2388005,899247,3092609,194643,0.05921146,3005471,241200,0.9257085
2,18385597,17556877,828720,74523,43175,110476,7222,0.06136043,91058,23584,0.7942813
3,39411167,17140113,22271054,2416052,908867,3132662,192257,0.05782306,2500542,786980,0.7606161
