pid,execution_cycles,compute_cycles,idle_cycles,loads,stores,hit_count,miss_count,miss_rate,private,shared,private_rate
0,30248430,17729254,12519176,2380720,889412,3174280,95852,0.02931136,2308130,942706,0.7100112
1,29932505,17120545,12811960,2388005,899247,3190344,96908,0.02947994,2215156,1051779,0.6780533
2,18255940,17556877,699063,74523,43175,111663,6035,0.0512753,89989,25811,0.7771071
3,29719263,17140113,12579150,2416052,908867,3229982,94937,0.02855318,2260421,1046131,0.6836188
