pid,execution_cycles,compute_cycles,idle_cycles,loads,stores,hit_count,miss_count,miss_rate,private,shared,private_rate
0,22776618,17729254,5047364,2380720,889412,3257956,12176,0.003723397,2096300,1170551,0.6416883
1,22441892,17120545,5321347,2388005,899247,3274733,12519,0.003808348,2132272,1151709,0.6492949
2,17901041,17556877,344164,74523,43175,115360,2338,0.0198644,88424,29274,0.7512787
3,22488815,17140113,5348702,2416052,908867,3312044,12875,0.003872275,2144934,1176840,0.6457194
