pid,execution_cycles,compute_cycles,idle_cycles,loads,stores,hit_count,miss_count,miss_rate,private,shared,private_rate
0,28930715,17729254,11201461,2380720,889412,3211830,58302,0.01782864,2409237,858945,0.7371796
1,28366492,17120545,11245947,2388005,899247,3228760,58492,0.01779359,2427988,857512,0.7390011
2,17767949,17556877,211072,74523,43175,117327,371,0.003152135,87717,29882,0.7458992
3,28504458,17140113,11364345,2416052,908867,3266448,58471,0.01758569,2441590,881418,0.734753
