pid,execution_cycles,compute_cycles,idle_cycles,loads,stores,hit_count,miss_count,miss_rate,private,shared,private_rate
0,32571281,17729254,14842027,2380720,889412,3152011,118121,0.03612117,2200112,1051054,0.6767148
1,32085476,17120545,14964931,2388005,899247,3168831,118421,0.03602431,2213381,1053858,0.6774469
2,18127196,17556877,570319,74523,43175,113035,4663,0.03961835,90380,26275,0.7747632
3,32037184,17140113,14897071,2416052,908867,3207195,117724,0.03540658,2267133,1039328,0.6856675
