pid,execution_cycles,compute_cycles,idle_cycles,loads,stores,hit_count,miss_count,miss_rate,private,shared,private_rate
0,25489930,17729254,7760676,2380720,889412,3230516,39616,0.0121145,2220654,1048424,0.6792906
1,24939377,17120545,7818832,2388005,899247,3247492,39760,0.01209521,2052244,1234158,0.6244653
2,17747982,17556877,191105,74523,43175,117381,317,0.002693334,89505,28193,0.7604632
3,25231177,17140113,8091064,2416052,908867,3284704,40215,0.01209503,2062712,1261456,0.6205198
