pid,execution_cycles,compute_cycles,idle_cycles,loads,stores,hit_count,miss_count,miss_rate,private,shared,private_rate
0,22251642,17729254,4522388,2380720,889412,3265406,4726,0.001445202,2050549,1219095,0.6271475
1,21729903,17120545,4609358,2388005,899247,3282639,4613,0.0014033,2062576,1224348,0.6275095
2,17785256,17556877,228379,74523,43175,116922,776,0.006593145,86482,31216,0.7347788
3,21785485,17140113,4645372,2416052,908867,3320126,4793,0.001441539,2118475,1206094,0.6372179
