pid,execution_cycles,compute_cycles,idle_cycles,loads,stores,hit_count,miss_count,miss_rate,private,shared,private_rate
0,36757612,17729254,19028358,2380720,889412,3110958,159174,0.0486751,2890363,371122,0.8862107
1,36191466,17120545,19070921,2388005,899247,3127821,159431,0.04849978,2971689,306768,0.9064292
2,18200661,17556877,643784,74523,43175,112384,5314,0.04514945,95067,21737,0.8139019
3,36478876,17140113,19338763,2416052,908867,3163163,161756,0.04864961,2999629,316116,0.9046621
