pid,execution_cycles,compute_cycles,idle_cycles,loads,stores,hit_count,miss_count,miss_rate,private,shared,private_rate
0,29932238,17729254,12202984,2380720,889412,3152250,117882,0.03604809,2198503,1052296,0.6762962
1,29584623,17120545,12464078,2388005,899247,3168469,118783,0.03613444,2211168,1055885,0.6768081
2,18109658,17556877,552781,74523,43175,113054,4644,0.03945692,89572,27051,0.7680475
3,29606306,17140113,12466193,2416052,908867,3207638,117281,0.03527334,2247437,1059169,0.6796809
