pid,execution_cycles,compute_cycles,idle_cycles,loads,stores,hit_count,miss_count,miss_rate,private,shared,private_rate
0,28474876,17729254,10745622,2380720,889412,3194622,75510,0.02309081,2413632,853266,0.7388146
1,27816066,17120545,10695521,2388005,899247,3212421,74831,0.022764,2133777,1150327,0.6497288
2,17833866,17556877,276989,74523,43175,116089,1609,0.01367058,89891,27396,0.7664191
3,27842116,17140113,10702003,2416052,908867,3250403,74516,0.02241137,2276883,1045233,0.6853713
