pid,execution_cycles,compute_cycles,idle_cycles,loads,stores,hit_count,miss_count,miss_rate,private,shared,private_rate
0,22308364,17729254,4579110,2380720,889412,3256910,13222,0.004043262,2132318,1134547,0.6527108
1,21696183,17120545,4575638,2388005,899247,3274238,13014,0.00395893,2149269,1134914,0.6544303
2,17912373,17556877,355496,74523,43175,115296,2402,0.02040816,90038,27660,0.7649918
3,21843904,17140113,4703791,2416052,908867,3310991,13928,0.004188974,2161966,1160051,0.6507992
