pid,execution_cycles,compute_cycles,idle_cycles,loads,stores,hit_count,miss_count,miss_rate,private,shared,private_rate
0,24284946,17729254,6555692,2380720,889412,3229179,40953,0.01252335,2120007,1140298,0.6502481
1,24027261,17120545,6906716,2388005,899247,3244897,42355,0.01288462,2143522,1133087,0.6541891
2,18075075,17556877,518198,74523,43175,113268,4430,0.0376387,89556,27936,0.7622306
3,24044506,17140113,6904393,2416052,908867,3283832,41087,0.01235729,2179815,1135978,0.6574038
