pid,execution_cycles,compute_cycles,idle_cycles,loads,stores,hit_count,miss_count,miss_rate,private,shared,private_rate
0,32717328,17729254,14988074,2380720,889412,3150966,119166,0.03644073,2768797,490778,0.849435
1,32223023,17120545,15102478,2388005,899247,3167466,119786,0.03643955,2409233,866771,0.7354182
2,17836337,17556877,279460,74523,43175,116040,1658,0.0140869,90836,26134,0.7765752
3,32200331,17140113,15060218,2416052,908867,3205770,119149,0.03583516,2924467,390015,0.88233
