pid,execution_cycles,compute_cycles,idle_cycles,loads,stores,hit_count,miss_count,miss_rate,private,shared,private_rate
0,26797420,17729254,9068166,2380720,889412,3214218,55914,0.01709839,2208619,1060022,0.6756995
1,26017047,17120545,8896502,2388005,899247,3232186,55066,0.01675138,2238890,1047120,0.68134
2,17729871,17556877,172994,74523,43175,117286,412,0.003500484,89240,28458,0.7582117
3,26237902,17140113,9097789,2416052,908867,3268881,56038,0.01685394,2192286,1131248,0.659625
