pid,execution_cycles,compute_cycles,idle_cycles,loads,stores,hit_count,miss_count,miss_rate,private,shared,private_rate
0,29633473,17729254,11904219,2380720,889412,3182243,87889,0.02687629,2205567,1059920,0.6754175
1,28970406,17120545,11849861,2388005,899247,3200385,86867,0.02642542,2184671,1098545,0.6654058
2,17755242,17556877,198365,74523,43175,116841,857,0.007281347,89205,28493,0.7579143
3,29101216,17140113,11961103,2416052,908867,3237139,87780,0.02640064,2195379,1125528,0.6610781
