pid,execution_cycles,compute_cycles,idle_cycles,loads,stores,hit_count,miss_count,miss_rate,private,shared,private_rate
0,22080460,17729254,4351206,2380720,889412,3256866,13266,0.004056717,2132157,1134705,0.6526621
1,21635037,17120545,4514492,2388005,899247,3274148,13104,0.003986308,2149040,1135151,0.654359
2,17896680,17556877,339803,74523,43175,115295,2403,0.02041666,89926,27772,0.7640402
3,21736039,17140113,4595926,2416052,908867,3310958,13961,0.004198899,2161863,1160145,0.65077
