pid,execution_cycles,compute_cycles,idle_cycles,loads,stores,hit_count,miss_count,miss_rate,private,shared,private_rate
0,22800690,17729254,5071436,2380720,889412,3248060,22072,0.006749575,2134534,1131922,0.6534709
1,22482271,17120545,5361726,2388005,899247,3265374,21878,0.006655407,2161016,1122873,0.6580661
2,18084855,17556877,527978,74523,43175,113314,4384,0.03724787,90258,27440,0.7668609
3,22574786,17140113,5434673,2416052,908867,3301957,22962,0.006906033,2174356,1147468,0.6545669
