pid,execution_cycles,compute_cycles,idle_cycles,loads,stores,hit_count,miss_count,miss_rate,private,shared,private_rate
0,22593827,17729254,4864573,2380720,889412,3258035,12097,0.003699239,2096609,1172642,0.6413117
1,22305310,17120545,5184765,2388005,899247,3274754,12498,0.00380196,2133691,1152926,0.6492059
2,17901041,17556877,344164,74523,43175,115360,2338,0.0198644,88427,29271,0.7513042
3,22335323,17140113,5195210,2416052,908867,3312101,12818,0.003855132,2145960,1178000,0.6456034
