pid,execution_cycles,compute_cycles,idle_cycles,loads,stores,hit_count,miss_count,miss_rate,private,shared,private_rate
0,25119233,17729254,7389979,2380720,889412,3208032,62100,0.01899006,2143334,1121007,0.6565901
1,24583016,17120545,7462471,2388005,899247,3225153,62099,0.01889085,2179462,1102406,0.6640919
2,17903497,17556877,346620,74523,43175,115353,2345,0.01992387,89543,28126,0.7609736
3,24596174,17140113,7456061,2416052,908867,3261739,63180,0.01900197,2188382,1131286,0.6592171
