pid,execution_cycles,compute_cycles,idle_cycles,loads,stores,hit_count,miss_count,miss_rate,private,shared,private_rate
0,22791011,17729254,5061757,2380720,889412,3248089,22043,0.006740706,2134351,1132134,0.6534091
1,22483648,17120545,5363103,2388005,899247,3265335,21917,0.006667271,2160329,1123517,0.6578655
2,18084855,17556877,527978,74523,43175,113314,4384,0.03724787,90258,27440,0.7668609
3,22566339,17140113,5426226,2416052,908867,3301994,22925,0.006894905,2174134,1147656,0.6545068
