pid,execution_cycles,compute_cycles,idle_cycles,loads,stores,hit_count,miss_count,miss_rate,private,shared,private_rate
0,23150205,17729254,5420951,2380720,889412,3244287,25845,0.007903351,2138236,1130444,0.6541589
1,22829697,17120545,5709152,2388005,899247,3261584,25668,0.007808346,2164076,1121455,0.6586686
2,18129124,17556877,572247,74523,43175,112891,4807,0.04084182,89540,27167,0.7672205
3,23000848,17140113,5860735,2416052,908867,3297303,27616,0.008305766,2177437,1145812,0.6552133
