pid,execution_cycles,compute_cycles,idle_cycles,loads,stores,hit_count,miss_count,miss_rate,private,shared,private_rate
0,66372713,17729254,48643459,2380720,889412,2793458,476674,0.145766,2931912,203871,0.9349856
1,65400098,17120545,48279553,2388005,899247,2811503,475749,0.1447254,2874735,278370,0.9117156
2,20049527,17556877,2492650,74523,43175,91390,26308,0.2235212,96427,11325,0.8948975
3,67399336,17140113,50259223,2416052,908867,2831757,493162,0.148323,2984621,198392,0.9376716
