pid,execution_cycles,compute_cycles,idle_cycles,loads,stores,hit_count,miss_count,miss_rate,private,shared,private_rate
0,138411406,17729254,120682152,2380720,889412,2084152,1185980,0.3626704,2884167,9381,0.996758
1,139009797,17120545,121889252,2388005,899247,2089252,1198000,0.3644381,2896890,8712,0.9970017
2,23205210,17556877,5648333,74523,43175,61833,55865,0.474647,94930,1141,0.9881234
3,140854774,17140113,123714661,2416052,908867,2108861,1216058,0.3657406,2926611,10933,0.9962782
