pid,execution_cycles,compute_cycles,idle_cycles,loads,stores,hit_count,miss_count,miss_rate,private,shared,private_rate
0,25844419,17729254,8115165,2380720,889412,3195266,74866,0.02289388,2144380,1116995,0.657508
1,25554178,17120545,8433633,2388005,899247,3213053,74199,0.02257174,2186519,1092587,0.6668034
2,17906679,17556877,349802,74523,43175,115330,2368,0.02011929,89562,28061,0.7614327
3,25565433,17140113,8425320,2416052,908867,3249711,75208,0.0226195,2197342,1119961,0.6623881
