pid,execution_cycles,compute_cycles,idle_cycles,loads,stores,hit_count,miss_count,miss_rate,private,shared,private_rate
0,31124083,17729254,13394829,2380720,889412,3191485,78647,0.0240501,2209401,1057923,0.6762112
1,30445473,17120545,13324928,2388005,899247,3208168,79084,0.02405778,2108890,1175160,0.6421614
2,17881848,17556877,324971,74523,43175,115847,1851,0.01572669,91272,25894,0.7789973
3,30792118,17140113,13652005,2416052,908867,3246337,78582,0.02363426,2119387,1202395,0.6380271
