pid,execution_cycles,compute_cycles,idle_cycles,loads,stores,hit_count,miss_count,miss_rate,private,shared,private_rate
0,48112958,17729254,30383704,2380720,889412,2996120,274012,0.08379234,2993357,218111,0.9320837
1,48261931,17120545,31141386,2388005,899247,3005846,281406,0.08560524,2994323,229714,0.9287496
2,19067553,17556877,1510676,74523,43175,103608,14090,0.1197132,91894,20123,0.8203576
3,48171626,17140113,31031513,2416052,908867,3044889,280030,0.0842216,2996928,266637,0.9182989
