pid,execution_cycles,compute_cycles,idle_cycles,loads,stores,hit_count,miss_count,miss_rate,private,shared,private_rate
0,99793834,17729254,82064580,2380720,889412,2474220,795912,0.2433883,2663690,360651,0.8807506
1,99775401,17120545,82654856,2388005,899247,2485548,801704,0.2438827,2681726,356880,0.8825514
2,21735600,17556877,4178723,74523,43175,76675,41023,0.3485446,100218,2570,0.9749971
3,101296450,17140113,84156337,2416052,908867,2508429,816490,0.2455669,3048942,22694,0.9926118
