pid,execution_cycles,compute_cycles,idle_cycles,loads,stores,hit_count,miss_count,miss_rate,private,shared,private_rate
0,31886515,17729254,14157261,2380720,889412,3160161,109971,0.03362892,2284454,977253,0.700386
1,31185828,17120545,14065283,2388005,899247,3178383,108869,0.03311854,2215922,1063347,0.6757366
2,17812779,17556877,255902,74523,43175,116302,1396,0.01186086,90656,27020,0.7703865
3,31335034,17140113,14194921,2416052,908867,3215121,109798,0.03302276,2215086,1101927,0.6677954
