pid,execution_cycles,compute_cycles,idle_cycles,loads,stores,hit_count,miss_count,miss_rate,private,shared,private_rate
0,33096312,17729254,15367058,2380720,889412,3147074,123058,0.0376309,2290279,968802,0.7027377
1,32676993,17120545,15556448,2388005,899247,3162888,124364,0.03783221,2328762,946453,0.7110257
2,17875163,17556877,318286,74523,43175,115654,2044,0.01736648,91016,25810,0.7790732
3,32655345,17140113,15515232,2416052,908867,3201200,123719,0.03720963,2948461,365359,0.8897469
