pid,execution_cycles,compute_cycles,idle_cycles,loads,stores,hit_count,miss_count,miss_rate,private,shared,private_rate
0,36831070,17729254,19101816,2380720,889412,3110216,159916,0.048902,2394398,862392,0.7352018
1,36413028,17120545,19292483,2388005,899247,3125583,161669,0.04918059,2381554,891215,0.7276878
2,18256596,17556877,699719,74523,43175,111819,5879,0.04994987,94867,21444,0.8156322
3,36538672,17140113,19398559,2416052,908867,3162559,162360,0.04883126,3055856,255104,0.9229517
