pid,execution_cycles,compute_cycles,idle_cycles,loads,stores,hit_count,miss_count,miss_rate,private,shared,private_rate
0,21887204,17729254,4157950,2380720,889412,3267598,2534,0.0007748923,2068968,1201076,0.6327034
1,21441607,17120545,4321062,2388005,899247,3284342,2910,0.0008852379,1990499,1296712,0.6055282
2,17760754,17556877,203877,74523,43175,117381,317,0.002693334,88953,28745,0.7557733
3,21672764,17140113,4532651,2416052,908867,3321663,3256,0.000979272,2008751,1316134,0.6041565
