pid,execution_cycles,compute_cycles,idle_cycles,loads,stores,hit_count,miss_count,miss_rate,private,shared,private_rate
0,33886498,17729254,16157244,2380720,889412,3118101,152031,0.04649078,2254863,995897,0.6936418
1,33873943,17120545,16753398,2388005,899247,3132228,155024,0.04715915,2355578,910136,0.7213057
2,18097212,17556877,540335,74523,43175,113034,4664,0.03962684,92122,23897,0.7940251
3,33508321,17140113,16368208,2416052,908867,3170951,153968,0.04630729,2289569,1015442,0.6927568
