pid,execution_cycles,compute_cycles,idle_cycles,loads,stores,hit_count,miss_count,miss_rate,private,shared,private_rate
0,32768209,17729254,15038955,2380720,889412,3151255,118877,0.03635236,2918044,341540,0.8952198
1,32238000,17120545,15117455,2388005,899247,3167755,119497,0.03635164,2230991,1045038,0.6810047
2,17835945,17556877,279068,74523,43175,116068,1630,0.013849,90833,26167,0.7763504
3,32254645,17140113,15114532,2416052,908867,3205832,119087,0.03581651,2631922,682585,0.7940614
