pid,execution_cycles,compute_cycles,idle_cycles,loads,stores,hit_count,miss_count,miss_rate,private,shared,private_rate
0,26282323,17729254,8553069,2380720,889412,3216769,53363,0.0163183,2172774,1095900,0.6647264
1,25619256,17120545,8498711,2388005,899247,3234611,52641,0.01601368,2322108,964135,0.7066148
2,17715264,17556877,158387,74523,43175,117287,411,0.003491988,89215,28483,0.7579993
3,25804696,17140113,8664583,2416052,908867,3270983,53936,0.01622175,2200656,1122878,0.6621434
