pid,execution_cycles,compute_cycles,idle_cycles,loads,stores,hit_count,miss_count,miss_rate,private,shared,private_rate
0,27979566,17729254,10250312,2380720,889412,3200072,70060,0.02142421,2155237,1111981,0.6596551
1,27320790,17120545,10200245,2388005,899247,3217669,69583,0.02116753,2425228,859952,0.7382329
2,17735206,17556877,178329,74523,43175,117113,585,0.004970348,89081,28613,0.7568865
3,27419222,17140113,10279109,2416052,908867,3255033,69886,0.02101886,2205934,1116209,0.6640093
