pid,execution_cycles,compute_cycles,idle_cycles,loads,stores,hit_count,miss_count,miss_rate,private,shared,private_rate
0,42201604,17729254,24472350,2380720,889412,3055454,214678,0.06564811,2382301,850206,0.7369825
1,42156651,17120545,25036106,2388005,899247,3067290,219962,0.06691364,2640081,607737,0.8128784
2,18690630,17556877,1133753,74523,43175,107417,10281,0.08735068,93269,21006,0.8161803
3,42667249,17140113,25527136,2416052,908867,3100168,224751,0.06759593,2898962,384771,0.8828251
