pid,execution_cycles,compute_cycles,idle_cycles,loads,stores,hit_count,miss_count,miss_rate,private,shared,private_rate
0,34768497,17729254,17039243,2380720,889412,3245226,24906,0.007616206,2038801,1230679,0.6235857
1,33819426,17120545,16698881,2388005,899247,3262340,24912,0.007578366,2161193,1125496,0.6575593
2,17802001,17556877,245124,74523,43175,117528,170,0.001444375,64357,53329,0.5468535
3,34131609,17140113,16991496,2416052,908867,3300003,24916,0.007493716,2096808,1227626,0.6307263
