pid,execution_cycles,compute_cycles,idle_cycles,loads,stores,hit_count,miss_count,miss_rate,private,shared,private_rate
0,21851281,17729254,4122027,2380720,889412,3261527,8605,0.002631392,2128735,1141393,0.6509638
1,21216231,17120545,4095686,2388005,899247,3279086,8166,0.002484142,2141015,1146230,0.6513098
2,17811987,17556877,255110,74523,43175,116310,1388,0.01179289,89783,27915,0.7628252
3,21339202,17140113,4199089,2416052,908867,3316089,8830,0.002655704,2153261,1171658,0.6476131
