pid,execution_cycles,compute_cycles,idle_cycles,loads,stores,hit_count,miss_count,miss_rate,private,shared,private_rate
0,29988190,17729254,12258936,2380720,889412,3179336,90796,0.02776524,2229130,1035584,0.6827949
1,29265525,17120545,12144980,2388005,899247,3197780,89472,0.02721787,2366802,915870,0.7209986
2,17760705,17556877,203828,74523,43175,116828,870,0.007391799,89277,28402,0.7586485
3,29430670,17140113,12290557,2416052,908867,3234357,90562,0.02723736,2294663,1025006,0.6912325
