pid,execution_cycles,compute_cycles,idle_cycles,loads,stores,hit_count,miss_count,miss_rate,private,shared,private_rate
0,32980759,17729254,15251505,2380720,889412,3127706,142426,0.04355359,2278962,974111,0.7005567
1,32576650,17120545,15456105,2388005,899247,3144209,143043,0.04351446,2256671,1014096,0.6899516
2,18101088,17556877,544211,74523,43175,113475,4223,0.03587996,90829,25208,0.7827589
3,32599935,17140113,15459822,2416052,908867,3181206,143713,0.04322301,2269078,1039500,0.6858167
