pid,execution_cycles,compute_cycles,idle_cycles,loads,stores,hit_count,miss_count,miss_rate,private,shared,private_rate
0,30450691,17729254,12721437,2380720,889412,3213966,56166,0.01717545,2257106,1011300,0.6905831
1,29846627,17120545,12726082,2388005,899247,3231208,56044,0.01704889,2292847,993041,0.6977861
2,17771566,17556877,214689,74523,43175,117363,335,0.002846268,86886,30799,0.7382929
3,29994264,17140113,12854151,2416052,908867,3268461,56458,0.01698026,2326546,996671,0.7000885
