pid,execution_cycles,compute_cycles,idle_cycles,loads,stores,hit_count,miss_count,miss_rate,private,shared,private_rate
0,23354318,17729254,5625064,2380720,889412,3249346,20786,0.006356318,2107964,1158475,0.6453401
1,23183228,17120545,6062683,2388005,899247,3265786,21466,0.006530074,2145832,1137663,0.6535207
2,18058870,17556877,501993,74523,43175,113376,4322,0.0367211,88968,28730,0.7559007
3,23208363,17140113,6068250,2416052,908867,3303126,21793,0.006554445,2158987,1162085,0.6500874
