pid,execution_cycles,compute_cycles,idle_cycles,loads,stores,hit_count,miss_count,miss_rate,private,shared,private_rate
0,27953542,17729254,10224288,2380720,889412,3199888,70244,0.02148048,2160821,1106576,0.661328
1,27301860,17120545,10181315,2388005,899247,3217615,69637,0.02118396,2282647,1002529,0.6948325
2,17732787,17556877,175910,74523,43175,117110,588,0.004995837,89088,28600,0.7569846
3,27371371,17140113,10231258,2416052,908867,3255158,69761,0.02098126,2191712,1130544,0.6597059
