pid,execution_cycles,compute_cycles,idle_cycles,loads,stores,hit_count,miss_count,miss_rate,private,shared,private_rate
0,30013579,17729254,12284325,2380720,889412,3181377,88755,0.02714111,2365477,898363,0.7247527
1,30296658,17120545,13176113,2388005,899247,3188997,98255,0.02988971,2364913,915683,0.7208791
2,18365325,17556877,808448,74523,43175,110820,6878,0.0584377,91588,23684,0.7945381
3,29215702,17140113,12075589,2416052,908867,3238465,86454,0.02600184,2412387,907872,0.7265659
