pid,execution_cycles,compute_cycles,idle_cycles,loads,stores,hit_count,miss_count,miss_rate,private,shared,private_rate
0,49430932,17729254,31701678,2380720,889412,3120371,149761,0.04579662,2313084,935176,0.7120994
1,49477795,17120545,32357250,2388005,899247,3132494,154758,0.04707823,2657538,608314,0.813735
2,18688961,17556877,1132084,74523,43175,112010,5688,0.04832707,88128,27513,0.7620827
3,49884474,17140113,32744361,2416052,908867,3170795,154124,0.04635421,2501521,801461,0.7573523
