pid,execution_cycles,compute_cycles,idle_cycles,loads,stores,hit_count,miss_count,miss_rate,private,shared,private_rate
0,30114350,17729254,12385096,2380720,889412,3161110,109022,0.03333872,2179257,1082220,0.668181
1,29765633,17120545,12645088,2388005,899247,3178575,108677,0.03306014,2209189,1069835,0.6737337
2,17826155,17556877,269278,74523,43175,116361,1337,0.01135958,89447,28219,0.7601771
3,29787002,17140113,12646889,2416052,908867,3215804,109115,0.03281734,2217451,1099525,0.6685158
