pid,execution_cycles,compute_cycles,idle_cycles,loads,stores,hit_count,miss_count,miss_rate,private,shared,private_rate
0,52677010,17729254,34947756,2380720,889412,2950156,319976,0.09784804,2835047,352061,0.8895359
1,50759811,17120545,33639266,2388005,899247,2980666,306586,0.09326513,2938267,271935,0.9152904
2,19364406,17556877,1807529,74523,43175,100629,17069,0.1450237,91009,19337,0.8247603
3,51107512,17140113,33967399,2416052,908867,3015399,309520,0.09309099,2945473,305528,0.9060203
