pid,execution_cycles,compute_cycles,idle_cycles,loads,stores,hit_count,miss_count,miss_rate,private,shared,private_rate
0,29795536,17729254,12066282,2380720,889412,3181282,88850,0.02717016,2333035,930939,0.7147836
1,30143457,17120545,13022912,2388005,899247,3188912,98340,0.02991556,2348803,931907,0.7159435
2,18354903,17556877,798026,74523,43175,110826,6872,0.05838672,91721,23558,0.7956436
3,29022394,17140113,11882281,2416052,908867,3238481,86438,0.02599702,2431943,888406,0.732436
