pid,execution_cycles,compute_cycles,idle_cycles,loads,stores,hit_count,miss_count,miss_rate,private,shared,private_rate
0,32066445,17729254,14337191,2380720,889412,3140282,129850,0.03970788,2219619,1033054,0.6823984
1,31697517,17120545,14576972,2388005,899247,3156000,131252,0.03992757,2220243,1048673,0.6791985
2,17930605,17556877,373728,74523,43175,115213,2485,0.02111336,89795,27254,0.7671573
3,31720701,17140113,14580588,2416052,908867,3194619,130300,0.03918892,2251844,1055371,0.6808883
