pid,execution_cycles,compute_cycles,idle_cycles,loads,stores,hit_count,miss_count,miss_rate,private,shared,private_rate
0,21854350,17729254,4125096,2380720,889412,3261496,8636,0.002640872,2128709,1140888,0.6510616
1,21219498,17120545,4098953,2388005,899247,3279053,8199,0.002494181,2140789,1146061,0.6513193
2,17811987,17556877,255110,74523,43175,116310,1388,0.01179289,89785,27913,0.7628422
3,21340984,17140113,4200871,2416052,908867,3316071,8848,0.002661117,2153213,1171379,0.6476623
