pid,execution_cycles,compute_cycles,idle_cycles,loads,stores,hit_count,miss_count,miss_rate,private,shared,private_rate
0,21349153,17729254,3619899,2380720,889412,3266599,3533,0.001080385,2030673,1239343,0.6209979
1,20717271,17120545,3596726,2388005,899247,3284126,3126,0.0009509463,2100146,1187044,0.6388879
2,17715858,17556877,158981,74523,43175,117281,417,0.003542966,88537,29161,0.7522388
3,20811928,17140113,3671815,2416052,908867,3321415,3504,0.00105386,2170819,1154061,0.6529015
