pid,execution_cycles,compute_cycles,idle_cycles,loads,stores,hit_count,miss_count,miss_rate,private,shared,private_rate
0,26641961,17729254,8912707,2380720,889412,3248479,21653,0.006621445,1942901,1326343,0.5942967
1,25934944,17120545,8814399,2388005,899247,3265636,21616,0.006575705,2025187,1261452,0.6161878
2,17771383,17556877,214506,74523,43175,117368,330,0.002803786,86421,31276,0.7342668
3,26153617,17140113,9013504,2416052,908867,3303363,21556,0.006483165,2130182,1194093,0.640796
