pid,execution_cycles,compute_cycles,idle_cycles,loads,stores,hit_count,miss_count,miss_rate,private,shared,private_rate
0,52001645,17729254,34272391,2380720,889412,2975748,294384,0.09002205,2916067,301717,0.9062345
1,51598084,17120545,34477539,2388005,899247,2991844,295408,0.08986473,2946875,290091,0.9103818
2,19992207,17556877,2435330,74523,43175,95549,22149,0.188185,95802,15488,0.8608321
3,51323130,17140113,34183017,2416052,908867,3033291,291628,0.08770981,2876896,396964,0.8787474
