pid,execution_cycles,compute_cycles,idle_cycles,loads,stores,hit_count,miss_count,miss_rate,private,shared,private_rate
0,33731182,17729254,16001928,2380720,889412,3141528,128604,0.03932685,2210331,1043288,0.6793454
1,33222357,17120545,16101812,2388005,899247,3157812,129440,0.03937635,2405679,864293,0.735688
2,17919699,17556877,362822,74523,43175,115222,2476,0.02103689,90635,26492,0.7738182
3,33270088,17140113,16129975,2416052,908867,3195575,129344,0.0389014,2270532,1037440,0.6863819
