pid,execution_cycles,compute_cycles,idle_cycles,loads,stores,hit_count,miss_count,miss_rate,private,shared,private_rate
0,85381226,17729254,67651972,2380720,889412,2601785,668347,0.2043792,2950887,94196,0.9690662
1,85578988,17120545,68458443,2388005,899247,2608033,679219,0.2066221,2810545,247670,0.9190149
2,21531465,17556877,3974588,74523,43175,76705,40993,0.3482897,96113,5271,0.9480095
3,86329333,17140113,69189220,2416052,908867,2638596,686323,0.206418,2845881,244809,0.9207915
