pid,execution_cycles,compute_cycles,idle_cycles,loads,stores,hit_count,miss_count,miss_rate,private,shared,private_rate
0,51115681,17729254,33386427,2380720,889412,2965927,304205,0.0930253,2941149,284192,0.9118878
1,50737239,17120545,33616694,2388005,899247,2980894,306358,0.09319578,2913413,328546,0.8986582
2,19250259,17556877,1693382,74523,43175,101782,15916,0.1352274,98560,14428,0.872305
3,51418075,17140113,34277962,2416052,908867,3012262,312657,0.09403447,3126489,151021,0.953922
