pid,execution_cycles,compute_cycles,idle_cycles,loads,stores,hit_count,miss_count,miss_rate,private,shared,private_rate
0,33409927,17729254,15680673,2380720,889412,3144773,125359,0.03833454,2203678,1046858,0.677943
1,32746464,17120545,15625919,2388005,899247,3162619,124633,0.03791404,2215571,1051294,0.6781948
2,18136509,17556877,579632,74523,43175,113032,4666,0.03964383,90429,26229,0.7751633
3,32272663,17140113,15132550,2416052,908867,3205650,119269,0.03587125,2250824,1055665,0.6807293
