pid,execution_cycles,compute_cycles,idle_cycles,loads,stores,hit_count,miss_count,miss_rate,private,shared,private_rate
0,22082401,17729254,4353147,2380720,889412,3258419,11713,0.003581813,2123148,1145200,0.6496089
1,21395484,17120545,4274939,2388005,899247,3276939,10313,0.003137271,2138728,1147232,0.6508685
2,17755701,17556877,198824,74523,43175,116828,870,0.007391799,88803,28895,0.7544988
3,21545545,17140113,4405432,2416052,908867,3313496,11423,0.003435572,2154774,1168975,0.6482962
