pid,execution_cycles,compute_cycles,idle_cycles,loads,stores,hit_count,miss_count,miss_rate,private,shared,private_rate
0,79965667,17729254,62236413,2380720,889412,2674513,595619,0.1821391,3073984,38871,0.9875127
1,79741665,17120545,62621120,2388005,899247,2687920,599332,0.1823201,3087234,40061,0.9871899
2,20713677,17556877,3156800,74523,43175,87000,30698,0.2608201,102150,4439,0.9583541
3,81029074,17140113,63888961,2416052,908867,2713161,611758,0.1839919,3118357,42732,0.9864819
