pid,execution_cycles,compute_cycles,idle_cycles,loads,stores,hit_count,miss_count,miss_rate,private,shared,private_rate
0,21681649,17729254,3952395,2380720,889412,3262443,7689,0.002351281,2121436,1147924,0.6488842
1,21051054,17120545,3930509,2388005,899247,3280401,6851,0.002084112,2128344,1158412,0.6475516
2,17755377,17556877,198500,74523,43175,116828,870,0.007391799,88642,29056,0.7531309
3,21174358,17140113,4034245,2416052,908867,3317225,7694,0.002314041,2152527,1171899,0.6474883
