pid,execution_cycles,compute_cycles,idle_cycles,loads,stores,hit_count,miss_count,miss_rate,private,shared,private_rate
0,25519447,17729254,7790193,2380720,889412,3211318,58814,0.01798521,2143380,1121405,0.6565149
1,24962061,17120545,7841516,2388005,899247,3228120,59132,0.01798828,2146234,1135702,0.6539536
2,17842453,17556877,285576,74523,43175,116199,1499,0.01273599,89106,28427,0.758136
3,24979924,17140113,7839811,2416052,908867,3266511,58408,0.01756674,2167912,1152235,0.6529566
