pid,execution_cycles,compute_cycles,idle_cycles,loads,stores,hit_count,miss_count,miss_rate,private,shared,private_rate
0,26792848,17729254,9063594,2380720,889412,3214250,55882,0.01708861,2205023,1063600,0.674603
1,26011758,17120545,8891213,2388005,899247,3232241,55011,0.01673465,2248204,1037798,0.6841761
2,17729871,17556877,172994,74523,43175,117286,412,0.003500484,89242,28456,0.7582287
3,26232511,17140113,9092398,2416052,908867,3268926,55993,0.01684041,2192233,1131291,0.659611
