pid,execution_cycles,compute_cycles,idle_cycles,loads,stores,hit_count,miss_count,miss_rate,private,shared,private_rate
0,22874703,17729254,5145449,2380720,889412,3247081,23051,0.007048951,2135244,1132533,0.653424
1,22548160,17120545,5427615,2388005,899247,3264491,22761,0.00692402,2162200,1123020,0.6581599
2,18085980,17556877,529103,74523,43175,113311,4387,0.03727336,90278,27390,0.7672264
3,22669779,17140113,5529666,2416052,908867,3300846,24073,0.007240176,2174722,1147894,0.654521
