pid,execution_cycles,compute_cycles,idle_cycles,loads,stores,hit_count,miss_count,miss_rate,private,shared,private_rate
0,22254225,17729254,4524971,2380720,889412,3265389,4743,0.0014504,2050695,1218923,0.6271971
1,21730713,17120545,4610168,2388005,899247,3282629,4623,0.001406342,2062727,1224192,0.6275564
2,17785256,17556877,228379,74523,43175,116922,776,0.006593145,86482,31216,0.7347788
3,21786430,17140113,4646317,2416052,908867,3320115,4804,0.001444847,2118646,1205924,0.6372692
