pid,execution_cycles,compute_cycles,idle_cycles,loads,stores,hit_count,miss_count,miss_rate,private,shared,private_rate
0,88507467,17729254,70778213,2380720,889412,2573531,696601,0.2130192,2953089,75058,0.9752132
1,88639297,17120545,71518752,2388005,899247,2583959,703293,0.2139456,2967909,74795,0.9754182
2,21306305,17556877,3749428,74523,43175,78658,39040,0.3316964,95598,6487,0.9364549
3,89751251,17140113,72611138,2416052,908867,2610469,714450,0.2148774,2996260,76844,0.9749947
