pid,execution_cycles,compute_cycles,idle_cycles,loads,stores,hit_count,miss_count,miss_rate,private,shared,private_rate
0,21593188,17729254,3863934,2380720,889412,3264134,5998,0.001834177,2118686,1151446,0.6478901
1,20946951,17120545,3826406,2388005,899247,3281806,5446,0.001656703,2127174,1160078,0.6470979
2,17760309,17556877,203432,74523,43175,116832,866,0.007357814,88548,29150,0.7523322
3,21065665,17140113,3925552,2416052,908867,3318852,6067,0.001824706,2151858,1173061,0.6471911
