pid,execution_cycles,compute_cycles,idle_cycles,loads,stores,hit_count,miss_count,miss_rate,private,shared,private_rate
0,50171118,17729254,32441864,2380720,889412,2975612,294520,0.09006364,2914541,303271,0.9057524
1,49710863,17120545,32590318,2388005,899247,2991682,295570,0.08991401,2908268,328706,0.8984527
2,19869076,17556877,2312199,74523,43175,95535,22163,0.188304,96167,15124,0.864104
3,49380479,17140113,32240366,2416052,908867,3033158,291761,0.08774981,2871685,402159,0.87716
