pid,execution_cycles,compute_cycles,idle_cycles,loads,stores,hit_count,miss_count,miss_rate,private,shared,private_rate
0,39601916,17729254,21872662,2380720,889412,3081014,189118,0.05783192,2298514,934762,0.7108932
1,39593639,17120545,22473094,2388005,899247,3093030,194222,0.05908339,2587120,659199,0.7969395
2,18417390,17556877,860513,74523,43175,110153,7545,0.06410474,91080,23441,0.7953127
3,39373368,17140113,22233255,2416052,908867,3132831,192088,0.05777223,2886454,400870,0.8780558
