pid,execution_cycles,compute_cycles,idle_cycles,loads,stores,hit_count,miss_count,miss_rate,private,shared,private_rate
0,30202602,17729254,12473348,2380720,889412,3230149,39983,0.01222672,2277591,991503,0.696704
1,29599706,17120545,12479161,2388005,899247,3246890,40362,0.01227834,2319721,966498,0.7058936
2,17784402,17556877,227525,74523,43175,117432,266,0.002260021,64873,52780,0.5513927
3,29742645,17140113,12602532,2416052,908867,3284770,40149,0.01207518,2307782,1016107,0.6943018
