pid,execution_cycles,compute_cycles,idle_cycles,loads,stores,hit_count,miss_count,miss_rate,private,shared,private_rate
0,24807147,17729254,7077893,2380720,889412,3245671,24461,0.007480126,2005848,1263068,0.6136126
1,24138590,17120545,7018045,2388005,899247,3263186,24066,0.007321009,2009367,1277087,0.6114088
2,17771963,17556877,215086,74523,43175,117200,498,0.004231168,87342,30356,0.7420857
3,24235415,17140113,7095302,2416052,908867,3300842,24077,0.007241379,2123310,1200818,0.638757
