pid,execution_cycles,compute_cycles,idle_cycles,loads,stores,hit_count,miss_count,miss_rate,private,shared,private_rate
0,26524180,17729254,8794926,2380720,889412,3214326,55806,0.01706537,2071744,1197062,0.6337923
1,25918137,17120545,8797592,2388005,899247,3231592,55660,0.01693208,2252518,1033706,0.6854426
2,17715066,17556877,158189,74523,43175,117289,409,0.003474995,89174,28524,0.7576509
3,26020120,17140113,8880007,2416052,908867,3268807,56112,0.0168762,2187939,1135396,0.6583564
