pid,execution_cycles,compute_cycles,idle_cycles,loads,stores,hit_count,miss_count,miss_rate,private,shared,private_rate
0,22245248,17729254,4515994,2380720,889412,3267159,2973,0.0009091376,1986763,1283343,0.6075531
1,21618685,17120545,4498140,2388005,899247,3284315,2937,0.0008934514,1976528,1310720,0.6012713
2,17772103,17556877,215226,74523,43175,117200,498,0.004231168,86114,31584,0.7316522
3,21710708,17140113,4570595,2416052,908867,3321919,3000,0.0009022776,2105842,1219075,0.6333517
