pid,execution_cycles,compute_cycles,idle_cycles,loads,stores,hit_count,miss_count,miss_rate,private,shared,private_rate
0,30048106,17729254,12318852,2380720,889412,3230869,39263,0.01200655,2265867,1003181,0.6931275
1,29239332,17120545,12118787,2388005,899247,3247821,39431,0.01199513,2311851,974440,0.7034833
2,17782428,17556877,225551,74523,43175,117452,246,0.002090095,64854,52813,0.5511656
3,29495797,17140113,12355684,2416052,908867,3285449,39470,0.01187097,2346827,977043,0.7060526
