pid,execution_cycles,compute_cycles,idle_cycles,loads,stores,hit_count,miss_count,miss_rate,private,shared,private_rate
0,45553270,17729254,27824016,2380720,889412,3040745,229387,0.0701461,2785437,456378,0.8592215
1,44194613,17120545,27074068,2388005,899247,3065550,221702,0.06744296,2858012,403614,0.8762537
2,19174880,17556877,1618003,74523,43175,103791,13907,0.1181583,94098,19125,0.8310856
3,44707908,17140113,27567795,2416052,908867,3098859,226060,0.06798963,2827380,470253,0.8573968
