pid,execution_cycles,compute_cycles,idle_cycles,loads,stores,hit_count,miss_count,miss_rate,private,shared,private_rate
0,34840108,17729254,17110854,2380720,889412,3243858,26274,0.008034538,2123251,1145994,0.6494622
1,34539273,17120545,17418728,2388005,899247,3260575,26677,0.008115289,2168921,1117393,0.6599859
2,17809321,17556877,252444,74523,43175,117454,244,0.002073102,64579,53060,0.5489591
3,34292590,17140113,17152477,2416052,908867,3298582,26337,0.007921095,2214740,1109432,0.6662531
