pid,execution_cycles,compute_cycles,idle_cycles,loads,stores,hit_count,miss_count,miss_rate,private,shared,private_rate
0,21679124,17729254,3949870,2380720,889412,3261454,8678,0.002653716,2129775,1140352,0.651282
1,21140885,17120545,4020340,2388005,899247,3279108,8144,0.002477449,2140212,1147037,0.6510648
2,17801076,17556877,244199,74523,43175,116311,1387,0.0117844,89792,27906,0.7629017
3,21237915,17140113,4097802,2416052,908867,3316066,8853,0.002662621,2150575,1174335,0.646807
