pid,execution_cycles,compute_cycles,idle_cycles,loads,stores,hit_count,miss_count,miss_rate,private,shared,private_rate
0,68523674,17729254,50794420,2380720,889412,2790032,480100,0.1468136,2886870,236456,0.9242935
1,69534070,17120545,52413525,2388005,899247,2791001,496251,0.1509623,2905302,227657,0.9273348
2,19848543,17556877,2291666,74523,43175,95722,21976,0.1867152,93353,16402,0.8505581
3,69969796,17140113,52829683,2416052,908867,2824843,500076,0.1504025,2945303,225501,0.9288821
