pid,execution_cycles,compute_cycles,idle_cycles,loads,stores,hit_count,miss_count,miss_rate,private,shared,private_rate
0,164381282,17729254,146652028,2380720,889412,1821832,1448300,0.4428873,2800953,22000,0.9922067
1,164746556,17120545,147626011,2388005,899247,1829287,1457965,0.4435209,2815372,24204,0.9914762
2,22801770,17556877,5244893,74523,43175,65909,51789,0.440016,98740,336,0.9966087
3,166515559,17140113,149375446,2416052,908867,1849662,1475257,0.4436971,2843662,26984,0.9906
