pid,execution_cycles,compute_cycles,idle_cycles,loads,stores,hit_count,miss_count,miss_rate,private,shared,private_rate
0,28821815,17729254,11092561,2380720,889412,3204610,65522,0.0200365,2606464,661357,0.7976153
1,28252073,17120545,11131528,2388005,899247,3221339,65913,0.02005109,2624761,660188,0.7990264
2,17802411,17556877,245534,74523,43175,116933,765,0.006499686,89009,28498,0.7574783
3,28400119,17140113,11260006,2416052,908867,3259158,65761,0.01977823,2615171,707485,0.7870725
