pid,execution_cycles,compute_cycles,idle_cycles,loads,stores,hit_count,miss_count,miss_rate,private,shared,private_rate
0,50201857,17729254,32472603,2380720,889412,2975183,294949,0.09019483,2898859,329428,0.8979558
1,50148161,17120545,33027616,2388005,899247,2986872,300380,0.09137724,2986663,257784,0.9205461
2,19260863,17556877,1703986,74523,43175,101678,16020,0.1361111,97929,14635,0.8699851
3,51101462,17140113,33961349,2416052,908867,3015485,309434,0.09306512,3001659,277622,0.9153406
