pid,execution_cycles,compute_cycles,idle_cycles,loads,stores,hit_count,miss_count,miss_rate,private,shared,private_rate
0,91850122,17729254,74120868,2380720,889412,2554468,715664,0.2188487,3019499,103640,0.9668154
1,90600282,17120545,73479737,2388005,899247,2578237,709015,0.2156862,3059862,82553,0.9737294
2,20495877,17556877,2939000,74523,43175,89200,28498,0.2421282,102341,4520,0.9577021
3,92817004,17140113,75676891,2416052,908867,2594091,730828,0.2198032,3089767,82601,0.9739624
