pid,execution_cycles,compute_cycles,idle_cycles,loads,stores,hit_count,miss_count,miss_rate,private,shared,private_rate
0,30043135,17729254,12313881,2380720,889412,3178781,91351,0.02793496,2921866,344551,0.8945171
1,29478573,17120545,12358028,2388005,899247,3195628,91624,0.02787252,2719540,563806,0.8282831
2,17788029,17556877,231152,74523,43175,116552,1146,0.009736784,90636,26760,0.7720536
3,29559568,17140113,12419455,2416052,908867,3233055,91864,0.02762894,2748956,572209,0.8277083
