pid,execution_cycles,compute_cycles,idle_cycles,loads,stores,hit_count,miss_count,miss_rate,private,shared,private_rate
0,23976595,17729254,6247341,2380720,889412,3230173,39959,0.01221938,2103555,1163408,0.643887
1,23442668,17120545,6322123,2388005,899247,3247729,39523,0.01202311,2131276,1153272,0.6488795
2,17823467,17556877,266590,74523,43175,116382,1316,0.01118116,89011,28687,0.756266
3,23475679,17140113,6335566,2416052,908867,3284546,40373,0.01214255,2146968,1175372,0.6462216
