pid,execution_cycles,compute_cycles,idle_cycles,loads,stores,hit_count,miss_count,miss_rate,private,shared,private_rate
0,25656180,17729254,7926926,2380720,889412,3206581,63551,0.01943377,2147111,1113288,0.6585424
1,25370283,17120545,8249738,2388005,899247,3222106,65146,0.01981777,2166108,1111029,0.6609757
2,18013955,17556877,457078,74523,43175,114114,3584,0.03045081,89156,27646,0.7633088
3,25381783,17140113,8241670,2416052,908867,3261686,63233,0.01901791,2192407,1123637,0.6611514
