pid,execution_cycles,compute_cycles,idle_cycles,loads,stores,hit_count,miss_count,miss_rate,private,shared,private_rate
0,27385381,17729254,9656127,2380720,889412,3205627,64505,0.0197255,2226458,1034012,0.6828641
1,26893782,17120545,9773237,2388005,899247,3221737,65515,0.01993002,2204423,1072717,0.6726667
2,18035133,17556877,478256,74523,43175,114056,3642,0.0309436,90118,26687,0.7715252
3,26819941,17140113,9679828,2416052,908867,3260728,64191,0.01930603,2210072,1105964,0.6664801
