pid,execution_cycles,compute_cycles,idle_cycles,loads,stores,hit_count,miss_count,miss_rate,private,shared,private_rate
0,26315206,17729254,8585952,2380720,889412,3218884,51248,0.01567154,2204212,1064430,0.674351
1,25564200,17120545,8443655,2388005,899247,3236579,50673,0.015415,2249317,1036582,0.6845363
2,17729757,17556877,172880,74523,43175,117284,414,0.003517477,89148,28542,0.7574815
3,25768021,17140113,8627908,2416052,908867,3273632,51287,0.01542504,2190620,1132990,0.6591086
