pid,execution_cycles,compute_cycles,idle_cycles,loads,stores,hit_count,miss_count,miss_rate,private,shared,private_rate
0,33793057,17729254,16063803,2380720,889412,3140903,129229,0.03951798,2204691,1049139,0.677568
1,33314427,17120545,16193882,2388005,899247,3156882,130370,0.03965927,2243184,1026765,0.6859997
2,17927916,17556877,371039,74523,43175,115139,2559,0.02174209,90478,26610,0.772735
3,33329983,17140113,16189870,2416052,908867,3194970,129949,0.03908336,2659940,648332,0.804027
