pid,execution_cycles,compute_cycles,idle_cycles,loads,stores,hit_count,miss_count,miss_rate,private,shared,private_rate
0,31170203,17729254,13440949,2380720,889412,3178553,91579,0.02800468,2728969,537058,0.8355623
1,30568250,17120545,13447705,2388005,899247,3195691,91561,0.02785336,2814155,468462,0.8572901
2,17856234,17556877,299357,74523,43175,116347,1351,0.01147853,89845,27489,0.7657201
3,30717296,17140113,13577183,2416052,908867,3232683,92236,0.02774083,2912739,407813,0.8771852
