pid,execution_cycles,compute_cycles,idle_cycles,loads,stores,hit_count,miss_count,miss_rate,private,shared,private_rate
0,37678510,17729254,19949256,2380720,889412,3101656,168476,0.05151963,2248563,987751,0.6947914
1,37414710,17120545,20294165,2388005,899247,3115465,171787,0.05225854,2501089,749367,0.7694579
2,18178188,17556877,621311,74523,43175,112611,5087,0.04322079,89781,25572,0.7783153
3,37194250,17140113,20054137,2416052,908867,3155937,168982,0.05082289,2458093,832492,0.7470079
