pid,execution_cycles,compute_cycles,idle_cycles,loads,stores,hit_count,miss_count,miss_rate,private,shared,private_rate
0,22371772,17729254,4642518,2380720,889412,3268965,1167,0.0003568663,1789476,1480559,0.5472345
1,21514917,17120545,4394372,2388005,899247,3286092,1160,0.0003528783,1831825,1455366,0.5572615
2,17783745,17556877,226868,74523,43175,117472,226,0.001920169,63097,54601,0.5360924
3,21755382,17140113,4615269,2416052,908867,3323745,1174,0.0003530913,1912211,1412648,0.5751254
