pid,execution_cycles,compute_cycles,idle_cycles,loads,stores,hit_count,miss_count,miss_rate,private,shared,private_rate
0,45078000,17729254,27348746,2380720,889412,3026102,244030,0.0746239,3039004,193317,0.9401925
1,44919223,17120545,27798678,2388005,899247,3037211,250041,0.07606384,2875454,373339,0.8850838
2,19614886,17556877,2058009,74523,43175,97204,20494,0.1741236,94291,17356,0.8445458
3,45290669,17140113,28150556,2416052,908867,3072232,252687,0.07599794,2951138,332106,0.8988482
