pid,execution_cycles,compute_cycles,idle_cycles,loads,stores,hit_count,miss_count,miss_rate,private,shared,private_rate
0,22798079,17729254,5068825,2380720,889412,3248065,22067,0.006748046,2134491,1131969,0.653457
1,22478393,17120545,5357848,2388005,899247,3265376,21876,0.006654799,2161014,1122873,0.6580659
2,18084855,17556877,527978,74523,43175,113314,4384,0.03724787,90258,27440,0.7668609
3,22571899,17140113,5431786,2416052,908867,3301962,22957,0.006904529,2174331,1147485,0.6545609
