pid,execution_cycles,compute_cycles,idle_cycles,loads,stores,hit_count,miss_count,miss_rate,private,shared,private_rate
0,48109842,17729254,30380588,2380720,889412,2996184,273948,0.08377277,3008662,202327,0.9369892
1,48266187,17120545,31145642,2388005,899247,3005790,281462,0.08562228,2900357,323231,0.8997294
2,19069816,17556877,1512939,74523,43175,103587,14111,0.1198916,91829,20173,0.8198871
3,48177628,17140113,31037515,2416052,908867,3044899,280020,0.08421859,2968799,294574,0.9097333
