pid,execution_cycles,compute_cycles,idle_cycles,loads,stores,hit_count,miss_count,miss_rate,private,shared,private_rate
0,36412357,17729254,18683103,2380720,889412,3113619,156513,0.04786137,2724860,521065,0.839471
1,35920074,17120545,18799529,2388005,899247,3130077,157175,0.04781349,2550631,711847,0.7818079
2,18153489,17556877,596612,74523,43175,112824,4874,0.04141107,90844,24864,0.7851143
3,36025456,17140113,18885343,2416052,908867,3166791,158128,0.04755845,2317714,983516,0.7020759
