pid,execution_cycles,compute_cycles,idle_cycles,loads,stores,hit_count,miss_count,miss_rate,private,shared,private_rate
0,129206485,17729254,111477231,2380720,889412,2177131,1093001,0.3342376,2881354,95026,0.9680733
1,129544605,17120545,112424060,2388005,899247,2184860,1102392,0.3353537,2933474,56352,0.9811521
2,22134723,17556877,4577846,74523,43175,72646,45052,0.3827763,98621,1857,0.9815183
3,130575703,17140113,113435590,2416052,908867,2212690,1112229,0.3345131,2930542,93413,0.969109
