pid,execution_cycles,compute_cycles,idle_cycles,loads,stores,hit_count,miss_count,miss_rate,private,shared,private_rate
0,26047792,17729254,8318538,2380720,889412,3219138,50994,0.01559387,2152470,1107096,0.6603548
1,25337799,17120545,8217254,2388005,899247,3237454,49798,0.01514882,2179340,1097886,0.6649953
2,18108789,17556877,551912,74523,43175,113312,4386,0.03726486,90920,26772,0.7725249
3,25672234,17140113,8532121,2416052,908867,3272321,52598,0.01581933,2193096,1122085,0.6615313
