pid,execution_cycles,compute_cycles,idle_cycles,loads,stores,hit_count,miss_count,miss_rate,private,shared,private_rate
0,26647039,17729254,8917785,2380720,889412,3213085,57047,0.01744486,2091503,1177088,0.6398791
1,26025651,17120545,8905106,2388005,899247,3230506,56746,0.01726244,2408368,877675,0.7329082
2,17715462,17556877,158585,74523,43175,117285,413,0.003508981,89204,28488,0.7579445
3,26138920,17140113,8998807,2416052,908867,3267607,57312,0.01723711,2252795,1070319,0.6779169
