pid,execution_cycles,compute_cycles,idle_cycles,loads,stores,hit_count,miss_count,miss_rate,private,shared,private_rate
0,30802663,17729254,13073409,2380720,889412,3171109,99023,0.03028104,2422602,834086,0.7438852
1,30272949,17120545,13152404,2388005,899247,3187604,99648,0.03031347,2359768,913670,0.7208837
2,18111858,17556877,554981,74523,43175,113281,4417,0.03752825,90463,25936,0.7771802
3,30206929,17140113,13066816,2416052,908867,3226516,98403,0.02959561,2329174,983020,0.7032118
