pid,execution_cycles,compute_cycles,idle_cycles,loads,stores,hit_count,miss_count,miss_rate,private,shared,private_rate
0,21599524,17729254,3870270,2380720,889412,3264070,6062,0.001853748,2118570,1151429,0.6478809
1,20950515,17120545,3829970,2388005,899247,3281770,5482,0.001667654,2126962,1160174,0.6470563
2,17760309,17556877,203432,74523,43175,116832,866,0.007357814,88580,29118,0.7526041
3,21075367,17140113,3935254,2416052,908867,3318754,6165,0.001854181,2151910,1172905,0.647227
