pid,execution_cycles,compute_cycles,idle_cycles,loads,stores,hit_count,miss_count,miss_rate,private,shared,private_rate
0,68809941,17729254,51080687,2380720,889412,2771334,498798,0.1525315,3012932,115025,0.9632268
1,68322263,17120545,51201718,2388005,899247,2787246,500006,0.1521046,3035055,108624,0.9654469
2,19887846,17556877,2330969,74523,43175,92954,24744,0.210233,98614,10082,0.9072459
3,69534863,17140113,52394750,2416052,908867,2811331,513588,0.1544663,3058733,116761,0.9632306
