pid,execution_cycles,compute_cycles,idle_cycles,loads,stores,hit_count,miss_count,miss_rate,private,shared,private_rate
0,79173469,17729254,61444215,2380720,889412,2682515,587617,0.1796921,2944186,159277,0.9486777
1,77242608,17120545,60122063,2388005,899247,2713163,574089,0.174641,2898310,228889,0.926807
2,20334111,17556877,2777234,74523,43175,90834,26864,0.2282452,102928,5203,0.9518824
3,78010564,17140113,60870451,2416052,908867,2743651,581268,0.1748217,2922600,236421,0.92516
