pid,execution_cycles,compute_cycles,idle_cycles,loads,stores,hit_count,miss_count,miss_rate,private,shared,private_rate
0,40842352,17729254,23113098,2380720,889412,3069698,200434,0.06129233,3028705,214443,0.9338781
1,40603203,17120545,23482658,2388005,899247,3083258,203994,0.06205609,3034052,223898,0.9312764
2,18582999,17556877,1026122,74523,43175,108522,9176,0.07796224,94273,20497,0.821408
3,40717759,17140113,23577646,2416052,908867,3120346,204573,0.06152721,3061722,235240,0.9286495
