pid,execution_cycles,compute_cycles,idle_cycles,loads,stores,hit_count,miss_count,miss_rate,private,shared,private_rate
0,37290136,17729254,19560882,2380720,889412,3104514,165618,0.05064566,2213114,1025158,0.6834244
1,37107497,17120545,19986952,2388005,899247,3117992,169260,0.05148982,2950829,301366,0.9073346
2,18172873,17556877,615996,74523,43175,112608,5090,0.04324627,89568,25672,0.7772301
3,36818502,17140113,19678389,2416052,908867,3158805,166114,0.04996031,2284204,1008403,0.6937372
