pid,execution_cycles,compute_cycles,idle_cycles,loads,stores,hit_count,miss_count,miss_rate,private,shared,private_rate
0,22471884,17729254,4742630,2380720,889412,3262661,7471,0.002284617,2077680,1189770,0.635872
1,21990839,17120545,4870294,2388005,899247,3279767,7485,0.002276978,2103667,1181251,0.6404017
2,17822923,17556877,266046,74523,43175,116382,1316,0.01118116,87936,29762,0.7471325
3,22054092,17140113,4913979,2416052,908867,3317098,7821,0.002352238,2123208,1199501,0.6389991
