pid,execution_cycles,compute_cycles,idle_cycles,loads,stores,hit_count,miss_count,miss_rate,private,shared,private_rate
0,23614768,17729254,5885514,2380720,889412,3243714,26418,0.008078573,1973874,1295652,0.6037187
1,22956354,17120545,5835809,2388005,899247,3261509,25743,0.007831161,2226735,1060101,0.6774707
2,17700810,17556877,143933,74523,43175,117433,265,0.002251525,89462,28228,0.7601495
3,23123479,17140113,5983366,2416052,908867,3298066,26853,0.008076287,2192966,1131560,0.6596327
