pid,execution_cycles,compute_cycles,idle_cycles,loads,stores,hit_count,miss_count,miss_rate,private,shared,private_rate
0,22544216,17729254,4814962,2380720,889412,3258100,12032,0.003679362,2096775,1173263,0.6412081
1,22274731,17120545,5154186,2388005,899247,3274873,12379,0.003765759,2133810,1153317,0.6491413
2,17901041,17556877,344164,74523,43175,115360,2338,0.0198644,88424,29274,0.7512787
3,22291252,17140113,5151139,2416052,908867,3312234,12685,0.003815131,2146477,1178308,0.6455987
