pid,execution_cycles,compute_cycles,idle_cycles,loads,stores,hit_count,miss_count,miss_rate,private,shared,private_rate
0,31980954,17729254,14251700,2380720,889412,3219786,50346,0.01539571,2087050,1181533,0.6385183
1,31350914,17120545,14230369,2388005,899247,3236740,50512,0.01536603,2116549,1169479,0.6441056
2,17770603,17556877,213726,74523,43175,117368,330,0.002803786,86753,30934,0.7371502
3,31506359,17140113,14366246,2416052,908867,3274304,50615,0.01522293,2175147,1148462,0.6544533
