pid,execution_cycles,compute_cycles,idle_cycles,loads,stores,hit_count,miss_count,miss_rate,private,shared,private_rate
0,37420752,17729254,19691498,2380720,889412,3103774,166358,0.05087195,2481780,773840,0.7623064
1,36983430,17120545,19862885,2388005,899247,3119537,167715,0.05101982,2463753,807873,0.7530668
2,18266943,17556877,710066,74523,43175,111698,6000,0.05097793,94593,21583,0.8142215
3,37206275,17140113,20066162,2416052,908867,3155582,169337,0.05092966,3060958,248403,0.9249393
