pid,execution_cycles,compute_cycles,idle_cycles,loads,stores,hit_count,miss_count,miss_rate,private,shared,private_rate
0,22186990,17729254,4457736,2380720,889412,3258136,11996,0.003668353,2132464,1136457,0.6523449
1,21525012,17120545,4404467,2388005,899247,3275967,11285,0.003432959,2143490,1142824,0.6522475
2,17812482,17556877,255605,74523,43175,116305,1393,0.01183538,89894,27777,0.7639435
3,21678871,17140113,4538758,2416052,908867,3312658,12261,0.003687609,2158360,1165412,0.6493707
