pid,execution_cycles,compute_cycles,idle_cycles,loads,stores,hit_count,miss_count,miss_rate,private,shared,private_rate
0,32203328,17729254,14474074,2380720,889412,3156070,114062,0.03487994,2689648,570049,0.8251221
1,31630256,17120545,14509711,2388005,899247,3173367,113885,0.03464444,2228181,1048274,0.6800585
2,17816203,17556877,259326,74523,43175,116242,1456,0.01237064,90830,26477,0.7742931
3,31660565,17140113,14520452,2416052,908867,3210944,113975,0.03427903,2385372,929232,0.7196552
