pid,execution_cycles,compute_cycles,idle_cycles,loads,stores,hit_count,miss_count,miss_rate,private,shared,private_rate
0,83867461,17729254,66138207,2380720,889412,2635095,635037,0.1941931,3015791,64954,0.9789161
1,83262813,17120545,66142268,2388005,899247,2652324,634928,0.1931486,2961780,134952,0.9564212
2,21010692,17556877,3453815,74523,43175,83999,33699,0.2863175,101101,4736,0.9552519
3,85078441,17140113,67938328,2416052,908867,2672232,652687,0.1963016,3009605,119093,0.9619353
