pid,execution_cycles,compute_cycles,idle_cycles,loads,stores,hit_count,miss_count,miss_rate,private,shared,private_rate
0,26439582,17729254,8710328,2380720,889412,3190164,79968,0.02445406,2156139,1103728,0.6614193
1,26142050,17120545,9021505,2388005,899247,3206344,80908,0.02461266,2190354,1086727,0.6683857
2,17910004,17556877,353127,74523,43175,115321,2377,0.02019576,89636,27920,0.7624962
3,26156403,17140113,9016290,2416052,908867,3244045,80874,0.0243236,2203683,1112032,0.6646177
