pid,execution_cycles,compute_cycles,idle_cycles,loads,stores,hit_count,miss_count,miss_rate,private,shared,private_rate
0,42008454,17729254,24279200,2380720,889412,3057720,212412,0.06495518,2671461,577983,0.8221286
1,41472631,17120545,24352086,2388005,899247,3074366,212886,0.06476108,2677042,588563,0.8197691
2,18435385,17556877,878508,74523,43175,110000,7698,0.06540468,95768,20010,0.8271692
3,41897619,17140113,24757506,2416052,908867,3108330,216589,0.06514114,3073854,229570,0.9305054
