pid,execution_cycles,compute_cycles,idle_cycles,loads,stores,hit_count,miss_count,miss_rate,private,shared,private_rate
0,48120337,17729254,30391083,2380720,889412,2996183,273949,0.08377307,3009367,201633,0.9372055
1,48271743,17120545,31151198,2388005,899247,3005798,281454,0.08561984,2878707,344880,0.8930136
2,19071564,17556877,1514687,74523,43175,103587,14111,0.1198916,91820,20191,0.8197409
3,48187408,17140113,31047295,2416052,908867,3044895,280024,0.0842198,2942560,320869,0.9016773
