pid,execution_cycles,compute_cycles,idle_cycles,loads,stores,hit_count,miss_count,miss_rate,private,shared,private_rate
0,46162216,17729254,28432962,2380720,889412,3015962,254170,0.07772469,2784404,452204,0.8602846
1,45197496,17120545,28076951,2388005,899247,3036851,250401,0.07617335,2682070,574506,0.8235859
2,18912174,17556877,1355297,74523,43175,105197,12501,0.1062125,97755,16379,0.8564932
3,46177609,17140113,29037496,2416052,908867,3065196,259723,0.07811408,2769147,523454,0.8410211
