pid,execution_cycles,compute_cycles,idle_cycles,loads,stores,hit_count,miss_count,miss_rate,private,shared,private_rate
0,40127770,17729254,22398516,2380720,889412,3076916,193216,0.05908508,2699902,548350,0.8311861
1,39514005,17120545,22393460,2388005,899247,3094260,192992,0.05870922,2586670,682441,0.7912457
2,18813768,17556877,1256891,74523,43175,106191,11507,0.09776717,96198,18700,0.8372469
3,39819730,17140113,22679617,2416052,908867,3129417,195502,0.05879903,2735770,568708,0.8278978
