pid,execution_cycles,compute_cycles,idle_cycles,loads,stores,hit_count,miss_count,miss_rate,private,shared,private_rate
0,29747818,17729254,12018564,2380720,889412,3181764,88368,0.02702276,2179349,1086230,0.6673699
1,29045943,17120545,11925398,2388005,899247,3199998,87254,0.02654314,2222941,1060487,0.6770183
2,17758923,17556877,202046,74523,43175,116846,852,0.007238866,89222,28476,0.7580588
3,29180893,17140113,12040780,2416052,908867,3236880,88039,0.02647854,2195553,1125373,0.6611267
