pid,execution_cycles,compute_cycles,idle_cycles,loads,stores,hit_count,miss_count,miss_rate,private,shared,private_rate
0,44645123,17729254,26915869,2380720,889412,3030697,239435,0.07321876,2920226,302637,0.9060968
1,44662633,17120545,27542088,2388005,899247,3042144,245108,0.07456319,2761281,474069,0.8534721
2,18901049,17556877,1344172,74523,43175,105288,12410,0.1054393,92235,20554,0.8177659
3,44814270,17140113,27674157,2416052,908867,3078561,246358,0.07409444,2655284,619772,0.8107599
