pid,execution_cycles,compute_cycles,idle_cycles,loads,stores,hit_count,miss_count,miss_rate,private,shared,private_rate
0,62155072,17729254,44425818,2380720,889412,2854418,415714,0.1271245,2867504,322124,0.8990089
1,62007696,17120545,44887151,2388005,899247,2867051,420201,0.1278274,3129798,75488,0.9764489
2,19688730,17556877,2131853,74523,43175,97353,20345,0.1728577,103243,7921,0.9287449
3,62891878,17140113,45751765,2416052,908867,2896365,428554,0.1288916,2907145,332533,0.8973562
