pid,execution_cycles,compute_cycles,idle_cycles,loads,stores,hit_count,miss_count,miss_rate,private,shared,private_rate
0,27066928,17729254,9337674,2380720,889412,3210774,59358,0.01815156,2398147,870157,0.7337589
1,26282886,17120545,9162341,2388005,899247,3228497,58755,0.01787359,2699987,585320,0.821837
2,17729742,17556877,172865,74523,43175,117229,469,0.003984775,89411,28206,0.7601877
3,26526892,17140113,9386779,2416052,908867,3265631,59288,0.01783141,2276054,1046846,0.6849601
