pid,execution_cycles,compute_cycles,idle_cycles,loads,stores,hit_count,miss_count,miss_rate,private,shared,private_rate
0,31547994,17729254,13818740,2380720,889412,3205397,64735,0.01979584,2698528,570143,0.8255735
1,30703510,17120545,13582965,2388005,899247,3222954,64298,0.0195598,2569271,716014,0.7820542
2,17814666,17556877,257789,74523,43175,116868,830,0.007051947,67405,50067,0.5737963
3,31305209,17140113,14165096,2416052,908867,3260067,64852,0.01950484,2440160,883140,0.7342581
