pid,execution_cycles,compute_cycles,idle_cycles,loads,stores,hit_count,miss_count,miss_rate,private,shared,private_rate
0,38699041,17729254,20969787,2380720,889412,3068695,201437,0.06159904,2247962,984723,0.6953854
1,38684292,17120545,21563747,2388005,899247,3080043,207209,0.06303411,2265505,980122,0.6980177
2,18598771,17556877,1041894,74523,43175,107588,10110,0.08589781,91852,21656,0.8092117
3,38716133,17140113,21576020,2416052,908867,3120746,204173,0.06140691,2378211,908515,0.7235805
