pid,execution_cycles,compute_cycles,idle_cycles,loads,stores,hit_count,miss_count,miss_rate,private,shared,private_rate
0,32916641,17729254,15187387,2380720,889412,3245804,24328,0.007439455,1823837,1445603,0.5578439
1,32242066,17120545,15121521,2388005,899247,3262645,24607,0.007485584,1924719,1362021,0.5856012
2,17783745,17556877,226868,74523,43175,117472,226,0.001920169,64283,53415,0.546169
3,32768591,17140113,15628478,2416052,908867,3299601,25318,0.007614622,1947846,1376517,0.5859306
