pid,execution_cycles,compute_cycles,idle_cycles,loads,stores,hit_count,miss_count,miss_rate,private,shared,private_rate
0,37582579,17729254,19853325,2380720,889412,3102625,167507,0.05122331,2231375,1005589,0.6893419
1,37341747,17120545,20221202,2388005,899247,3116202,171050,0.05203434,2662611,588298,0.8190358
2,18177297,17556877,620420,74523,43175,112620,5078,0.04314432,89569,25701,0.7770365
3,37106437,17140113,19966324,2416052,908867,3156824,168095,0.05055612,2378497,912834,0.7226551
