pid,execution_cycles,compute_cycles,idle_cycles,loads,stores,hit_count,miss_count,miss_rate,private,shared,private_rate
0,35475705,17729254,17746451,2380720,889412,3137830,132302,0.04045769,2719117,542838,0.8335851
1,34826463,17120545,17705918,2388005,899247,3155375,131877,0.0401177,2886294,393035,0.8801477
2,18276237,17556877,719360,74523,43175,112399,5299,0.04502201,92556,23678,0.7962902
3,35126577,17140113,17986464,2416052,908867,3191734,133185,0.04005661,2653435,662775,0.8001408
