pid,execution_cycles,compute_cycles,idle_cycles,loads,stores,hit_count,miss_count,miss_rate,private,shared,private_rate
0,68928634,17729254,51199380,2380720,889412,2785992,484140,0.1480491,3111054,50893,0.9839045
1,68469426,17120545,51348881,2388005,899247,2801769,485483,0.1476866,2958580,219068,0.9310597
2,20307849,17556877,2750972,74523,43175,91096,26602,0.2260191,101925,5917,0.9451327
3,70036564,17140113,52896451,2416052,908867,2824179,500740,0.1506022,2984848,226264,0.9295372
