pid,execution_cycles,compute_cycles,idle_cycles,loads,stores,hit_count,miss_count,miss_rate,private,shared,private_rate
0,35229037,17729254,17499783,2380720,889412,3130231,139901,0.04278145,2624205,633950,0.8054267
1,35134787,17120545,18014242,2388005,899247,3142086,145166,0.04416029,2791661,484001,0.8522433
2,18229889,17556877,673012,74523,43175,112172,5526,0.04695067,94207,21622,0.8133283
3,35151249,17140113,18011136,2416052,908867,3180864,144055,0.04332587,2529272,783993,0.7633775
