pid,execution_cycles,compute_cycles,idle_cycles,loads,stores,hit_count,miss_count,miss_rate,private,shared,private_rate
0,29938690,17729254,12209436,2380720,889412,3179280,90852,0.02778236,2348383,916300,0.7193296
1,29236023,17120545,12115478,2388005,899247,3197774,89478,0.0272197,2251145,1031357,0.6858016
2,17757555,17556877,200678,74523,43175,116822,876,0.007442777,89276,28398,0.7586723
3,29377885,17140113,12237772,2416052,908867,3234360,90559,0.02723645,2257267,1062421,0.6799636
