pid,execution_cycles,compute_cycles,idle_cycles,loads,stores,hit_count,miss_count,miss_rate,private,shared,private_rate
0,26440956,17729254,8711702,2380720,889412,3194376,75756,0.02316604,2143871,1108558,0.65916
1,25810956,17120545,8690411,2388005,899247,3213067,74185,0.02256748,2192844,1078139,0.670393
2,18084936,17556877,528059,74523,43175,113221,4477,0.03803803,89981,27312,0.7671472
3,25830356,17140113,8690243,2416052,908867,3251216,73703,0.02216686,2224755,1086104,0.671957
