pid,execution_cycles,compute_cycles,idle_cycles,loads,stores,hit_count,miss_count,miss_rate,private,shared,private_rate
0,23058170,17729254,5328916,2380720,889412,3249583,20549,0.006283844,2109117,1160942,0.6449783
1,22906016,17120545,5785471,2388005,899247,3266038,21214,0.006453415,2147605,1139511,0.6533402
2,18058870,17556877,501993,74523,43175,113376,4322,0.0367211,88966,28732,0.7558837
3,22919281,17140113,5779168,2416052,908867,3303444,21475,0.006458804,2160692,1164078,0.6498771
