pid,execution_cycles,compute_cycles,idle_cycles,loads,stores,hit_count,miss_count,miss_rate,private,shared,private_rate
0,33374413,17729254,15645159,2380720,889412,3144875,125257,0.03830335,2486926,776462,0.7620687
1,32824620,17120545,15704075,2388005,899247,3161743,125509,0.03818052,3015151,264515,0.919347
2,18000177,17556877,443300,74523,43175,114400,3298,0.02802087,92944,24135,0.7938571
3,33039859,17140113,15899746,2416052,908867,3197594,127325,0.03829417,2393932,923539,0.7216135
