pid,execution_cycles,compute_cycles,idle_cycles,loads,stores,hit_count,miss_count,miss_rate,private,shared,private_rate
0,40214629,17729254,22485375,2380720,889412,3075939,194193,0.05938384,2745568,506456,0.8442644
1,39063222,17120545,21942677,2388005,899247,3098777,188475,0.05733512,2872772,396791,0.878641
2,18604059,17556877,1047182,74523,43175,108302,9396,0.07983143,93962,20941,0.8177506
3,39783379,17140113,22643266,2416052,908867,3129718,195201,0.0587085,2812777,492320,0.8510422
