pid,execution_cycles,compute_cycles,idle_cycles,loads,stores,hit_count,miss_count,miss_rate,private,shared,private_rate
0,33906481,17729254,16177227,2380720,889412,3195405,74727,0.02285137,2479932,785552,0.7594378
1,34094861,17120545,16974316,2388005,899247,3201097,86155,0.02620882,2835237,443270,0.8647952
2,18052436,17556877,495559,74523,43175,115207,2491,0.02116434,77360,39195,0.663721
3,33869912,17140113,16729799,2416052,908867,3244945,79974,0.02405292,2515127,803795,0.7578144
