pid,execution_cycles,compute_cycles,idle_cycles,loads,stores,hit_count,miss_count,miss_rate,private,shared,private_rate
0,33401305,17729254,15672051,2380720,889412,3144563,125569,0.03839876,2434583,828652,0.7460643
1,32814990,17120545,15694445,2388005,899247,3161829,125423,0.03815436,3024661,254960,0.9222593
2,17997621,17556877,440744,74523,43175,114424,3274,0.02781696,93053,24020,0.7948289
3,33031840,17140113,15891727,2416052,908867,3197743,127176,0.03824935,2499225,818294,0.7533416
