pid,execution_cycles,compute_cycles,idle_cycles,loads,stores,hit_count,miss_count,miss_rate,private,shared,private_rate
0,34961052,17729254,17231798,2380720,889412,3245409,24723,0.007560245,2037335,1232121,0.6231419
1,34022576,17120545,16902031,2388005,899247,3262444,24808,0.007546729,2163328,1123362,0.6582087
2,17800286,17556877,243409,74523,43175,117536,162,0.001376404,64332,53356,0.5466318
3,34332547,17140113,17192434,2416052,908867,3300176,24743,0.007441685,2095140,1229274,0.6302284
