pid,execution_cycles,compute_cycles,idle_cycles,loads,stores,hit_count,miss_count,miss_rate,private,shared,private_rate
0,53740427,17729254,36011173,2380720,889412,2939321,330811,0.1011614,3062158,153306,0.9523223
1,53267663,17120545,36147118,2388005,899247,2955306,331946,0.1009798,3072416,158384,0.9509768
2,19147999,17556877,1591122,74523,43175,102806,14892,0.1265272,97452,16368,0.856194
3,54069178,17140113,36929065,2416052,908867,2985409,339510,0.1021108,3113896,153081,0.9531429
