pid,execution_cycles,compute_cycles,idle_cycles,loads,stores,hit_count,miss_count,miss_rate,private,shared,private_rate
0,33328864,17729254,15599610,2380720,889412,3145302,124830,0.03817277,2620187,643091,0.802931
1,32802039,17120545,15681494,2388005,899247,3161974,125278,0.03811025,3019496,260139,0.9206805
2,18009978,17556877,453101,74523,43175,114301,3397,0.028862,93055,24019,0.7948392
3,33027070,17140113,15886957,2416052,908867,3197725,127194,0.03825477,2487425,830001,0.7498057
