pid,execution_cycles,compute_cycles,idle_cycles,loads,stores,hit_count,miss_count,miss_rate,private,shared,private_rate
0,26131183,17729254,8401929,2380720,889412,3235469,34663,0.01059988,2151648,1116879,0.6582929
1,25492536,17120545,8371991,2388005,899247,3250983,36269,0.01103323,2090368,1195109,0.6362449
2,17989791,17556877,432914,74523,43175,114990,2708,0.02300804,90306,26128,0.7755982
3,26035762,17140113,8895649,2416052,908867,3290881,34038,0.01023724,2125946,1198070,0.6395715
