pid,execution_cycles,compute_cycles,idle_cycles,loads,stores,hit_count,miss_count,miss_rate,private,shared,private_rate
0,30024226,17729254,12294972,2380720,889412,3178972,91160,0.02787655,2281305,983408,0.6987766
1,29308986,17120545,12188441,2388005,899247,3197341,89911,0.02735142,2310259,972350,0.7037874
2,17761299,17556877,204422,74523,43175,116822,876,0.007442777,89328,28318,0.7592948
3,29441758,17140113,12301645,2416052,908867,3234245,90674,0.02727104,2249277,1070384,0.6775623
