pid,execution_cycles,compute_cycles,idle_cycles,loads,stores,hit_count,miss_count,miss_rate,private,shared,private_rate
0,38184939,17729254,20455685,2380720,889412,3094459,175673,0.05372046,2719433,529366,0.8370579
1,37517037,17120545,20396492,2388005,899247,3104560,182692,0.0555759,2372175,892684,0.7265781
2,19191269,17556877,1634392,74523,43175,101507,16191,0.1375639,92699,19910,0.8231935
3,37543916,17140113,20403803,2416052,908867,3144809,180110,0.05416974,2384562,919661,0.721671
