pid,execution_cycles,compute_cycles,idle_cycles,loads,stores,hit_count,miss_count,miss_rate,private,shared,private_rate
0,22371673,17729254,4642419,2380720,889412,3268966,1166,0.0003565605,1789467,1480571,0.5472313
1,21518526,17120545,4397981,2388005,899247,3286093,1159,0.0003525741,1831739,1455454,0.557235
2,17783745,17556877,226868,74523,43175,117472,226,0.001920169,63097,54601,0.5360924
3,21757870,17140113,4617757,2416052,908867,3323749,1170,0.0003518883,1912110,1412750,0.5750949
