pid,execution_cycles,compute_cycles,idle_cycles,loads,stores,hit_count,miss_count,miss_rate,private,shared,private_rate
0,32795335,17729254,15066081,2380720,889412,3150981,119151,0.03643614,2915569,344006,0.8944629
1,32267997,17120545,15147452,2388005,899247,3167452,119800,0.03644381,2234903,1041093,0.6822057
2,17838519,17556877,281642,74523,43175,116042,1656,0.01406991,90772,26228,0.7758291
3,32279791,17140113,15139678,2416052,908867,3205578,119341,0.0358929,2653766,660734,0.8006535
