pid,execution_cycles,compute_cycles,idle_cycles,loads,stores,hit_count,miss_count,miss_rate,private,shared,private_rate
0,29362506,17729254,11633252,2380720,889412,3199363,70769,0.02164102,2374958,892007,0.7269616
1,28790761,17120545,11670216,2388005,899247,3216574,70678,0.02150063,2367245,917135,0.7207586
2,17775164,17556877,218287,74523,43175,117160,538,0.004571021,87827,29800,0.7466568
3,28935237,17140113,11795124,2416052,908867,3254143,70776,0.02128653,2368044,953844,0.7128609
