pid,execution_cycles,compute_cycles,idle_cycles,loads,stores,hit_count,miss_count,miss_rate,private,shared,private_rate
0,23562397,17729254,5833143,2380720,889412,3244243,25889,0.007916806,2043905,1225080,0.6252415
1,22976946,17120545,5856401,2388005,899247,3261301,25951,0.007894436,2141119,1144909,0.6515827
2,17909403,17556877,352526,74523,43175,115326,2372,0.02015327,90467,26200,0.7754292
3,23141893,17140113,6001780,2416052,908867,3297880,27039,0.008132228,2197227,1126142,0.6611445
