pid,execution_cycles,compute_cycles,idle_cycles,loads,stores,hit_count,miss_count,miss_rate,private,shared,private_rate
0,24443428,17729254,6714174,2380720,889412,3235846,34286,0.01048459,2131179,1137392,0.6520216
1,23751700,17120545,6631155,2388005,899247,3253803,33449,0.01017537,2151777,1134323,0.6548118
2,17735643,17556877,178766,74523,43175,117110,588,0.004995837,89061,28637,0.7566909
3,23876801,17140113,6736688,2416052,908867,3290804,34115,0.0102604,2191829,1131906,0.6594476
