pid,execution_cycles,compute_cycles,idle_cycles,loads,stores,hit_count,miss_count,miss_rate,private,shared,private_rate
0,27834346,17729254,10105092,2380720,889412,3201092,69040,0.0211123,2179235,1084096,0.6677947
1,27141282,17120545,10020737,2388005,899247,3219237,68015,0.02069053,2197462,1083418,0.6697782
2,17911977,17556877,355100,74523,43175,115300,2398,0.02037418,90786,26898,0.7714388
3,27381172,17140113,10241059,2416052,908867,3255059,69860,0.02101104,2207480,1111236,0.6651609
