pid,execution_cycles,compute_cycles,idle_cycles,loads,stores,hit_count,miss_count,miss_rate,private,shared,private_rate
0,29875588,17729254,12146334,2380720,889412,3200772,69360,0.02121015,2163811,1103471,0.6622664
1,29293839,17120545,12173294,2388005,899247,3218208,69044,0.02100356,2149345,1135547,0.6543122
2,17771838,17556877,214961,74523,43175,117199,499,0.004239664,87541,30148,0.7438333
3,29441015,17140113,12300902,2416052,908867,3255566,69353,0.02085855,2183862,1138515,0.6573191
