pid,execution_cycles,compute_cycles,idle_cycles,loads,stores,hit_count,miss_count,miss_rate,private,shared,private_rate
0,24845456,17729254,7116202,2380720,889412,3256787,13345,0.004080875,1907346,1362080,0.5833886
1,24032896,17120545,6912351,2388005,899247,3274529,12723,0.003870406,1913217,1373586,0.5820906
2,17771185,17556877,214308,74523,43175,117370,328,0.002786793,86230,31468,0.7326378
3,24233181,17140113,7093068,2416052,908867,3311914,13005,0.003911373,2109696,1214854,0.6345809
