pid,execution_cycles,compute_cycles,idle_cycles,loads,stores,hit_count,miss_count,miss_rate,private,shared,private_rate
0,22351069,17729254,4621815,2380720,889412,3268085,2047,0.0006259686,1897069,1373054,0.5801216
1,21589167,17120545,4468622,2388005,899247,3285217,2035,0.0006190581,1883604,1403632,0.5730054
2,17771185,17556877,214308,74523,43175,117370,328,0.002786793,85476,32222,0.7262315
3,21748892,17140113,4608779,2416052,908867,3322860,2059,0.0006192632,2102554,1222354,0.6323646
