pid,execution_cycles,compute_cycles,idle_cycles,loads,stores,hit_count,miss_count,miss_rate,private,shared,private_rate
0,29310060,17729254,11580806,2380720,889412,3196499,73633,0.02251683,2699580,567036,0.8264149
1,28847672,17120545,11727127,2388005,899247,3213062,74190,0.022569,2607455,676208,0.794069
2,17793529,17556877,236652,74523,43175,116954,744,0.006321263,88960,28524,0.7572095
3,28773042,17140113,11632929,2416052,908867,3251502,73417,0.02208084,2668960,652617,0.8035219
