pid,execution_cycles,compute_cycles,idle_cycles,loads,stores,hit_count,miss_count,miss_rate,private,shared,private_rate
0,25092409,17729254,7363155,2380720,889412,3244067,26065,0.007970626,2113699,1155770,0.6464961
1,24683409,17120545,7562864,2388005,899247,3260976,26276,0.007993303,2075005,1211876,0.6312991
2,17796939,17556877,240062,74523,43175,117442,256,0.002175058,89581,28117,0.7611089
3,25220497,17140113,8080384,2416052,908867,3298360,26559,0.007987864,2014612,1309814,0.606003
