pid,execution_cycles,compute_cycles,idle_cycles,loads,stores,hit_count,miss_count,miss_rate,private,shared,private_rate
0,21387268,17729254,3658014,2380720,889412,3266214,3918,0.001198117,1979741,1290307,0.6054165
1,20771523,17120545,3650978,2388005,899247,3283578,3674,0.001117651,2033947,1253247,0.6187487
2,17701404,17556877,144527,74523,43175,117427,271,0.002302503,89069,28629,0.7567588
3,20809156,17140113,3669043,2416052,908867,3321443,3476,0.001045439,2070099,1254774,0.6226099
