pid,execution_cycles,compute_cycles,idle_cycles,loads,stores,hit_count,miss_count,miss_rate,private,shared,private_rate
0,23183623,17729254,5454369,2380720,889412,3248069,22063,0.006746822,2133897,1132607,0.6532663
1,22573719,17120545,5453174,2388005,899247,3265374,21878,0.006655407,2161565,1122326,0.6582329
2,18108294,17556877,551417,74523,43175,113317,4381,0.03722238,90263,27435,0.7669034
3,22739161,17140113,5599048,2416052,908867,3301948,22971,0.00690874,2174853,1147063,0.6546984
