pid,execution_cycles,compute_cycles,idle_cycles,loads,stores,hit_count,miss_count,miss_rate,private,shared,private_rate
0,22372315,17729254,4643061,2380720,889412,3268972,1160,0.0003547257,1789576,1480470,0.5472632
1,21519267,17120545,4398722,2388005,899247,3286098,1154,0.0003510531,1831538,1455653,0.5571742
2,17783745,17556877,226868,74523,43175,117472,226,0.001920169,63097,54601,0.5360924
3,21755085,17140113,4614972,2416052,908867,3323748,1171,0.000352189,1912014,1412839,0.5750672
