pid,execution_cycles,compute_cycles,idle_cycles,loads,stores,hit_count,miss_count,miss_rate,private,shared,private_rate
0,34822603,17729254,17093349,2380720,889412,3129633,140499,0.04296432,2278557,972355,0.7008978
1,34480068,17120545,17359523,2388005,899247,3144547,142705,0.04341164,2284098,981954,0.6993453
2,17949162,17556877,392285,74523,43175,114893,2805,0.02383218,90477,25912,0.7773673
3,34379692,17140113,17239579,2416052,908867,3183627,141292,0.04249487,3011916,293400,0.9112339
