pid,execution_cycles,compute_cycles,idle_cycles,loads,stores,hit_count,miss_count,miss_rate,private,shared,private_rate
0,35023842,17729254,17294588,2380720,889412,3126484,143648,0.04392728,2324279,913041,0.7179639
1,34054872,17120545,16934327,2388005,899247,3148703,138549,0.04214736,2383931,872832,0.731994
2,18268410,17556877,711533,74523,43175,111577,6121,0.05200598,90447,25116,0.782664
3,33817473,17140113,16677360,2416052,908867,3188664,136255,0.04097995,2301299,997118,0.697698
