pid,execution_cycles,compute_cycles,idle_cycles,loads,stores,hit_count,miss_count,miss_rate,private,shared,private_rate
0,41571486,17729254,23842232,2380720,889412,3037880,232252,0.07102221,2260574,964723,0.7008886
1,42036601,17120545,24916056,2388005,899247,3049142,238110,0.07243436,2378676,859313,0.7346152
2,18872682,17556877,1315805,74523,43175,105277,12421,0.1055328,92125,20626,0.8170659
3,41586899,17140113,24446786,2416052,908867,3088698,236221,0.07104564,2301207,977247,0.7019183
