pid,execution_cycles,compute_cycles,idle_cycles,loads,stores,hit_count,miss_count,miss_rate,private,shared,private_rate
0,25041853,17729254,7312599,2380720,889412,3229299,40833,0.01248665,2135191,1133183,0.6532885
1,24388686,17120545,7268141,2388005,899247,3247041,40211,0.01223241,2173330,1112629,0.661399
2,17732787,17556877,175910,74523,43175,117110,588,0.004995837,88932,28760,0.7556333
3,24440872,17140113,7300759,2416052,908867,3284759,40160,0.01207849,2182390,1141292,0.6566182
