pid,execution_cycles,compute_cycles,idle_cycles,loads,stores,hit_count,miss_count,miss_rate,private,shared,private_rate
0,194299391,17729254,176570137,2380720,889412,1521928,1748204,0.5345974,2712351,13665,0.9949872
1,194940404,17120545,177819859,2388005,899247,1527194,1760058,0.5354192,2731793,9471,0.996545
2,23623112,17556877,6066235,74523,43175,57795,59903,0.5089551,96914,116,0.9988045
3,196587001,17140113,179446888,2416052,908867,1548673,1776246,0.5342223,2757196,13594,0.9950938
