pid,execution_cycles,compute_cycles,idle_cycles,loads,stores,hit_count,miss_count,miss_rate,private,shared,private_rate
0,25095544,17729254,7366290,2380720,889412,3243998,26134,0.007991726,2117497,1151969,0.6476584
1,24693276,17120545,7572731,2388005,899247,3260895,26357,0.008017943,2069833,1217023,0.6297304
2,17794365,17556877,237488,74523,43175,117440,258,0.002192051,89496,28197,0.7604191
3,25231783,17140113,8091670,2416052,908867,3298302,26617,0.008005308,2014079,1310347,0.6058426
