pid,execution_cycles,compute_cycles,idle_cycles,loads,stores,hit_count,miss_count,miss_rate,private,shared,private_rate
0,49067965,17729254,31338711,2380720,889412,2986611,283521,0.08670017,2566912,638244,0.8008696
1,64599615,17120545,47479070,2388005,899247,2840870,446382,0.1357918,2575243,575212,0.8174194
2,18654774,17556877,1097897,74523,43175,107797,9901,0.08412208,93688,19878,0.8249652
3,44905261,17140113,27765148,2416052,908867,3078048,246871,0.07424873,2650883,625035,0.8092031
