pid,execution_cycles,compute_cycles,idle_cycles,loads,stores,hit_count,miss_count,miss_rate,private,shared,private_rate
0,97835068,17729254,80105814,2380720,889412,2494014,776118,0.2373354,2865839,174930,0.9424718
1,98619480,17120545,81498935,2388005,899247,2497235,790017,0.2403275,2933986,117636,0.9614513
2,21301737,17556877,3744860,74523,43175,81060,36638,0.3112882,101847,3434,0.9673825
3,99977080,17140113,82836967,2416052,908867,2521767,803152,0.2415554,2973259,113058,0.963368
