pid,execution_cycles,compute_cycles,idle_cycles,loads,stores,hit_count,miss_count,miss_rate,private,shared,private_rate
0,24823764,17729254,7094510,2380720,889412,3244269,25863,0.007908855,2118500,1150177,0.6481215
1,24378564,17120545,7258019,2388005,899247,3260949,26303,0.008001516,2029037,1257227,0.6174297
2,18279306,17556877,722429,74523,43175,112510,5188,0.04407891,87644,28846,0.7523736
3,24377381,17140113,7237268,2416052,908867,3298596,26323,0.007916885,2161433,1162090,0.6503439
