pid,execution_cycles,compute_cycles,idle_cycles,loads,stores,hit_count,miss_count,miss_rate,private,shared,private_rate
0,24572758,17729254,6843504,2380720,889412,3249904,20228,0.006185683,2064439,1205232,0.6313904
1,24149634,17120545,7029089,2388005,899247,3266853,20399,0.006205487,2041264,1245706,0.6210169
2,17801757,17556877,244880,74523,43175,117440,258,0.002192051,89689,28003,0.7620654
3,24683587,17140113,7543474,2416052,908867,3303942,20977,0.006309026,2008032,1316433,0.6040166
