pid,execution_cycles,compute_cycles,idle_cycles,loads,stores,hit_count,miss_count,miss_rate,private,shared,private_rate
0,21603583,17729254,3874329,2380720,889412,3264029,6103,0.001866286,2118224,1151434,0.6478427
1,20950317,17120545,3829772,2388005,899247,3281772,5480,0.001667046,2127193,1159901,0.6471348
2,17760309,17556877,203432,74523,43175,116832,866,0.007357814,88548,29150,0.7523322
3,21065665,17140113,3925552,2416052,908867,3318852,6067,0.001824706,2152586,1172271,0.6474221
