pid,execution_cycles,compute_cycles,idle_cycles,loads,stores,hit_count,miss_count,miss_rate,private,shared,private_rate
0,39096814,17729254,21367560,2380720,889412,3062667,207465,0.06344239,2257209,973524,0.6986678
1,39081918,17120545,21961373,2388005,899247,3074568,212684,0.06469963,2265703,977793,0.6985373
2,18604283,17556877,1047406,74523,43175,107553,10145,0.08619518,91863,21712,0.8088312
3,39113629,17140113,21973516,2416052,908867,3113840,211079,0.06348395,2358496,925856,0.7181009
