pid,execution_cycles,compute_cycles,idle_cycles,loads,stores,hit_count,miss_count,miss_rate,private,shared,private_rate
0,37617031,17729254,19887777,2380720,889412,3102277,167855,0.05132973,2235118,1001599,0.690551
1,37391247,17120545,20270702,2388005,899247,3115702,171550,0.05218645,2642984,607660,0.8130647
2,18176406,17556877,619529,74523,43175,112629,5069,0.04306785,89627,25701,0.7771487
3,37174945,17140113,20034832,2416052,908867,3156132,168787,0.05076424,2416185,874663,0.7342135
