pid,execution_cycles,compute_cycles,idle_cycles,loads,stores,hit_count,miss_count,miss_rate,private,shared,private_rate
0,95188501,17729254,77459247,2380720,889412,2520747,749385,0.2291605,3021437,88225,0.9716287
1,95163687,17120545,78043142,2388005,899247,2532142,755110,0.2297086,3070425,55027,0.9823939
2,21079779,17556877,3522902,74523,43175,83302,34396,0.2922395,100913,3544,0.9660722
3,96646522,17140113,79506409,2416052,908867,2555409,769510,0.2314372,3086872,70149,0.97778
