pid,execution_cycles,compute_cycles,idle_cycles,loads,stores,hit_count,miss_count,miss_rate,private,shared,private_rate
0,22831855,17729254,5102601,2380720,889412,3249781,20351,0.006223296,2133901,1130762,0.6536359
1,22297494,17120545,5176949,2388005,899247,3267549,19703,0.00599376,2150895,1131188,0.6553445
2,17897184,17556877,340307,74523,43175,115295,2403,0.02041666,90216,27482,0.7665041
3,22456762,17140113,5316649,2416052,908867,3303773,21146,0.006359854,2163508,1156401,0.6516769
