pid,execution_cycles,compute_cycles,idle_cycles,loads,stores,hit_count,miss_count,miss_rate,private,shared,private_rate
0,36867738,17729254,19138484,2380720,889412,3109360,160772,0.04916376,2880669,375914,0.884568
1,36511804,17120545,19391259,2388005,899247,3124395,162857,0.04954199,2810825,461647,0.8589302
2,18258107,17556877,701230,74523,43175,111790,5908,0.05019627,94936,21345,0.816436
3,36673794,17140113,19533681,2416052,908867,3160997,163922,0.04930105,3060040,251065,0.9241749
