pid,execution_cycles,compute_cycles,idle_cycles,loads,stores,hit_count,miss_count,miss_rate,private,shared,private_rate
0,34889638,17729254,17160384,2380720,889412,3129168,140964,0.04310652,2249660,1001240,0.6920114
1,34509948,17120545,17389403,2388005,899247,3144207,143045,0.04351507,2227605,1038427,0.6820524
2,17951088,17556877,394211,74523,43175,114871,2827,0.0240191,90381,25978,0.7767427
3,34442548,17140113,17302435,2416052,908867,3183183,141736,0.04262841,3015207,290152,0.9122177
