pid,execution_cycles,compute_cycles,idle_cycles,loads,stores,hit_count,miss_count,miss_rate,private,shared,private_rate
0,34772455,17729254,17043201,2380720,889412,3130693,139439,0.04264017,2404050,855717,0.7374914
1,34395192,17120545,17274647,2388005,899247,3145783,141469,0.04303564,2351657,924436,0.7178236
2,18126105,17556877,569228,74523,43175,113128,4570,0.03882819,92937,23682,0.7969285
3,34714750,17140113,17574637,2416052,908867,3180793,144126,0.04334722,3031746,281465,0.9150477
