pid,execution_cycles,compute_cycles,idle_cycles,loads,stores,hit_count,miss_count,miss_rate,private,shared,private_rate
0,22351495,17729254,4622241,2380720,889412,3268087,2045,0.000625357,1896981,1373149,0.5800935
1,21590331,17120545,4469786,2388005,899247,3285221,2031,0.0006178413,1883559,1403690,0.5729895
2,17771185,17556877,214308,74523,43175,117370,328,0.002786793,85476,32222,0.7262315
3,21748710,17140113,4608597,2416052,908867,3322865,2054,0.0006177594,2102554,1222360,0.6323634
