pid,execution_cycles,compute_cycles,idle_cycles,loads,stores,hit_count,miss_count,miss_rate,private,shared,private_rate
0,32219696,17729254,14490442,2380720,889412,3155950,114182,0.03491663,2748881,510765,0.8433066
1,31648057,17120545,14527512,2388005,899247,3173192,114060,0.03469767,2228212,1048113,0.6800949
2,17817546,17556877,260669,74523,43175,116225,1473,0.01251508,90720,26567,0.7734873
3,31671245,17140113,14531132,2416052,908867,3210900,114019,0.03429226,2422468,892083,0.7308586
