pid,execution_cycles,compute_cycles,idle_cycles,loads,stores,hit_count,miss_count,miss_rate,private,shared,private_rate
0,36017808,17729254,18288554,2380720,889412,3110246,159886,0.04889283,2485266,771270,0.7631625
1,36001091,17120545,18880546,2388005,899247,3125595,161657,0.04917694,2578002,694439,0.7877917
2,18237390,17556877,680513,74523,43175,111809,5889,0.05003483,94781,21484,0.8152152
3,36028387,17140113,18888274,2416052,908867,3162429,162490,0.04887036,2642302,668617,0.798057
