pid,execution_cycles,compute_cycles,idle_cycles,loads,stores,hit_count,miss_count,miss_rate,private,shared,private_rate
0,22851676,17729254,5122422,2380720,889412,3251422,18710,0.005721482,2172820,1096291,0.6646516
1,22179600,17120545,5059055,2388005,899247,3269355,17897,0.005444365,2174233,1112406,0.6615369
2,17734470,17556877,177593,74523,43175,117093,605,0.005140274,88799,28870,0.7546508
3,22285246,17140113,5145133,2416052,908867,3306533,18386,0.005529759,2223908,1100212,0.6690216
