pid,execution_cycles,compute_cycles,idle_cycles,loads,stores,hit_count,miss_count,miss_rate,private,shared,private_rate
0,30868795,17729254,13139541,2380720,889412,3170441,99691,0.03048531,2987852,276304,0.9153521
1,30263049,17120545,13142504,2388005,899247,3187704,99548,0.03028304,2525818,755569,0.769741
2,17786742,17556877,229865,74523,43175,116565,1133,0.009626332,90160,27121,0.768752
3,30336520,17140113,13196407,2416052,908867,3225207,99712,0.0299893,2333409,985530,0.7030587
