pid,execution_cycles,compute_cycles,idle_cycles,loads,stores,hit_count,miss_count,miss_rate,private,shared,private_rate
0,23482240,17729254,5752986,2380720,889412,3261666,8466,0.002588886,2016295,1253581,0.6166274
1,22771950,17120545,5651405,2388005,899247,3279033,8219,0.002500265,2034008,1253121,0.6187795
2,17807829,17556877,250952,74523,43175,117444,254,0.002158066,89539,28157,0.760765
3,23546671,17140113,6406558,2416052,908867,3316070,8849,0.002661418,2036920,1287839,0.6126519
