pid,execution_cycles,compute_cycles,idle_cycles,loads,stores,hit_count,miss_count,miss_rate,private,shared,private_rate
0,24239724,17729254,6510470,2380720,889412,3227337,42795,0.01308663,2108088,1158162,0.6454154
1,23718939,17120545,6598394,2388005,899247,3244108,43144,0.01312464,2133207,1150411,0.6496514
2,17823467,17556877,266590,74523,43175,116382,1316,0.01118116,89079,28616,0.7568631
3,23734432,17140113,6594319,2416052,908867,3281521,43398,0.01305235,2149826,1171885,0.6472044
