pid,execution_cycles,compute_cycles,idle_cycles,loads,stores,hit_count,miss_count,miss_rate,private,shared,private_rate
0,26971891,17729254,9242637,2380720,889412,3226753,43379,0.01326521,2398937,869987,0.7338614
1,26242956,17120545,9122411,2388005,899247,3243375,43877,0.01334762,2206472,1079692,0.6714431
2,17759187,17556877,202310,74523,43175,117170,528,0.004486058,90455,27121,0.7693322
3,26749255,17140113,9609142,2416052,908867,3280538,44381,0.01334799,2161855,1161787,0.6504476
