pid,execution_cycles,compute_cycles,idle_cycles,loads,stores,hit_count,miss_count,miss_rate,private,shared,private_rate
0,24016114,17729254,6286860,2380720,889412,3239660,30472,0.009318278,2133535,1126984,0.6543544
1,23339781,17120545,6219236,2388005,899247,3257636,29616,0.009009349,2160545,1117556,0.6590843
2,18108294,17556877,551417,74523,43175,113317,4381,0.03722238,90513,27170,0.7691255
3,23519281,17140113,6379168,2416052,908867,3294068,30851,0.009278722,2174150,1142042,0.6556164
