pid,execution_cycles,compute_cycles,idle_cycles,loads,stores,hit_count,miss_count,miss_rate,private,shared,private_rate
0,22695571,17729254,4966317,2380720,889412,3259571,10561,0.003229533,2053857,1214475,0.6284114
1,22086386,17120545,4965841,2388005,899247,3277487,9765,0.002970566,2077639,1208305,0.6322807
2,17785328,17556877,228451,74523,43175,116922,776,0.006593145,87149,30549,0.7404459
3,22194382,17140113,5054269,2416052,908867,3314410,10509,0.003160679,2121157,1202574,0.6381855
