pid,execution_cycles,compute_cycles,idle_cycles,loads,stores,hit_count,miss_count,miss_rate,private,shared,private_rate
0,41574853,17729254,23845599,2380720,889412,3062299,207833,0.06355493,2489699,767833,0.76429
1,41238189,17120545,24117644,2388005,899247,3076844,210408,0.06400726,2488895,785501,0.7601081
2,18259764,17556877,702887,74523,43175,111787,5911,0.05022175,96704,20241,0.8269186
3,41638756,17140113,24498643,2416052,908867,3111043,213876,0.06432518,2448394,862915,0.7394037
