pid,execution_cycles,compute_cycles,idle_cycles,loads,stores,hit_count,miss_count,miss_rate,private,shared,private_rate
0,33407749,17729254,15678495,2380720,889412,3144795,125337,0.03832781,2375796,887412,0.7280553
1,32834178,17120545,15713633,2388005,899247,3161733,125519,0.03818356,3024996,254794,0.9223139
2,18000681,17556877,443804,74523,43175,114404,3294,0.02798688,92990,24106,0.7941347
3,33060010,17140113,15919897,2416052,908867,3197697,127222,0.03826319,2378515,939232,0.7169067
