pid,execution_cycles,compute_cycles,idle_cycles,loads,stores,hit_count,miss_count,miss_rate,private,shared,private_rate
0,29933057,17729254,12203803,2380720,889412,3161938,108194,0.03308551,2175298,1086064,0.6669907
1,29584467,17120545,12463922,2388005,899247,3179306,107946,0.03283776,2205322,1073555,0.6725845
2,17825939,17556877,269062,74523,43175,116368,1330,0.01130011,89485,28161,0.7606293
3,29605781,17140113,12465668,2416052,908867,3216875,108044,0.03249523,2216738,1100121,0.6683245
