pid,execution_cycles,compute_cycles,idle_cycles,loads,stores,hit_count,miss_count,miss_rate,private,shared,private_rate
0,41005108,17729254,23275854,2380720,889412,3068054,202078,0.06179506,2398304,855405,0.7370985
1,40578453,17120545,23457908,2388005,899247,3083508,203744,0.06198004,2471990,798632,0.7558165
2,18611907,17556877,1055030,74523,43175,108230,9468,0.08044317,95863,19552,0.8305939
3,41353636,17140113,24213523,2416052,908867,3113923,210996,0.06345899,2919685,386327,0.8831441
