pid,execution_cycles,compute_cycles,idle_cycles,loads,stores,hit_count,miss_count,miss_rate,private,shared,private_rate
0,22068073,17729254,4338819,2380720,889412,3258567,11565,0.003536554,2123553,1144801,0.6497316
1,21390282,17120545,4269737,2388005,899247,3276997,10255,0.003119627,2138707,1147253,0.6508622
2,17755701,17556877,198824,74523,43175,116828,870,0.007391799,88803,28895,0.7544988
3,21547300,17140113,4407187,2416052,908867,3313479,11440,0.003440685,2154778,1168971,0.6482974
