pid,execution_cycles,compute_cycles,idle_cycles,loads,stores,hit_count,miss_count,miss_rate,private,shared,private_rate
0,31137188,17729254,13407934,2380720,889412,3178939,91193,0.02788664,2793725,472540,0.8553271
1,30538820,17120545,13418275,2388005,899247,3195942,91310,0.027777,2794996,488118,0.8513247
2,17830667,17556877,273790,74523,43175,116588,1110,0.009430916,90018,27352,0.7669592
3,30679134,17140113,13539021,2416052,908867,3233202,91717,0.02758473,2909016,411990,0.8759442
