pid,execution_cycles,compute_cycles,idle_cycles,loads,stores,hit_count,miss_count,miss_rate,private,shared,private_rate
0,43146401,17729254,25417147,2380720,889412,3064144,205988,0.06299073,2773524,475647,0.8536097
1,42813407,17120545,25692862,2388005,899247,3079130,208122,0.06331185,2815892,449789,0.8622679
2,18792754,17556877,1235877,74523,43175,107249,10449,0.08877806,94705,19734,0.8275588
3,43711714,17140113,26571601,2416052,908867,3108924,215995,0.06496248,2829194,471380,0.8571824
