pid,execution_cycles,compute_cycles,idle_cycles,loads,stores,hit_count,miss_count,miss_rate,private,shared,private_rate
0,26843587,17729254,9114333,2380720,889412,3213041,57091,0.01745832,2317863,950464,0.7091894
1,26075907,17120545,8955362,2388005,899247,3231062,56190,0.0170933,2358464,926963,0.7178562
2,17728707,17556877,171830,74523,43175,117282,416,0.00353447,89258,28433,0.7584097
3,26323900,17140113,9183787,2416052,908867,3267787,57132,0.01718297,2222317,1100948,0.668715
