pid,execution_cycles,compute_cycles,idle_cycles,loads,stores,hit_count,miss_count,miss_rate,private,shared,private_rate
0,22934044,17729254,5204790,2380720,889412,3250590,19542,0.005975906,2052770,1216879,0.6278258
1,22230288,17120545,5109743,2388005,899247,3268843,18409,0.005600118,2151367,1135504,0.6545334
2,17704275,17556877,147398,74523,43175,117398,300,0.002548896,89435,28229,0.760088
3,22397116,17140113,5257003,2416052,908867,3305403,19516,0.005869617,2178483,1146199,0.6552455
