pid,execution_cycles,compute_cycles,idle_cycles,loads,stores,hit_count,miss_count,miss_rate,private,shared,private_rate
0,21602890,17729254,3873636,2380720,889412,3264036,6096,0.001864145,2118427,1151240,0.647903
1,20950218,17120545,3829673,2388005,899247,3281773,5479,0.001666742,2127251,1159838,0.6471535
2,17760309,17556877,203432,74523,43175,116832,866,0.007357814,88548,29150,0.7523322
3,21065863,17140113,3925750,2416052,908867,3318850,6069,0.001825308,2152517,1172332,0.6474029
