pid,execution_cycles,compute_cycles,idle_cycles,loads,stores,hit_count,miss_count,miss_rate,private,shared,private_rate
0,36748612,17729254,19019358,2380720,889412,3110962,159170,0.04867388,2885541,375999,0.8847173
1,36186912,17120545,19066367,2388005,899247,3127823,159429,0.04849917,2960195,318229,0.9029323
2,18200193,17556877,643316,74523,43175,112380,5318,0.04518344,95034,21755,0.8137239
3,36474520,17140113,19334407,2416052,908867,3163143,161776,0.04865562,3007566,308189,0.9070531
