pid,execution_cycles,compute_cycles,idle_cycles,loads,stores,hit_count,miss_count,miss_rate,private,shared,private_rate
0,80719582,17729254,62990328,2380720,889412,2666868,603264,0.184477,2998555,90736,0.9706289
1,80136747,17120545,63016202,2388005,899247,2683858,603394,0.1835557,2966862,136823,0.955916
2,20421633,17556877,2864756,74523,43175,89944,27754,0.2358069,97773,9461,0.9117724
3,82133395,17140113,64993282,2416052,908867,2701946,622973,0.1873649,2997215,136670,0.9563896
