pid,execution_cycles,compute_cycles,idle_cycles,loads,stores,hit_count,miss_count,miss_rate,private,shared,private_rate
0,23355528,17729254,5626274,2380720,889412,3249344,20788,0.00635693,2107975,1158463,0.6453436
1,23181664,17120545,6061119,2388005,899247,3265786,21466,0.006530074,2145842,1137655,0.6535234
2,18058870,17556877,501993,74523,43175,113376,4322,0.0367211,88968,28730,0.7559007
3,23210012,17140113,6069899,2416052,908867,3303127,21792,0.006554145,2158983,1162084,0.6500872
