pid,execution_cycles,compute_cycles,idle_cycles,loads,stores,hit_count,miss_count,miss_rate,private,shared,private_rate
0,27979575,17729254,10250321,2380720,889412,3200077,70055,0.02142268,2156498,1110713,0.6600425
1,27308438,17120545,10187893,2388005,899247,3217785,69467,0.02113224,2483743,801456,0.7560403
2,17735178,17556877,178301,74523,43175,117113,585,0.004970348,89077,28618,0.7568461
3,27412866,17140113,10272753,2416052,908867,3255089,69830,0.02100202,2201053,1121104,0.6625373
