pid,execution_cycles,compute_cycles,idle_cycles,loads,stores,hit_count,miss_count,miss_rate,private,shared,private_rate
0,24930181,17729254,7200927,2380720,889412,3230427,39705,0.01214171,2132973,1135417,0.6526066
1,24215337,17120545,7094792,2388005,899247,3248792,38460,0.01169974,2140689,1145338,0.651452
2,17732985,17556877,176108,74523,43175,117108,590,0.005012829,89040,28658,0.7565124
3,24290590,17140113,7150477,2416052,908867,3286277,38642,0.01162194,2182969,1141036,0.6567286
