pid,execution_cycles,compute_cycles,idle_cycles,loads,stores,hit_count,miss_count,miss_rate,private,shared,private_rate
0,22776954,17729254,5047700,2380720,889412,3257956,12176,0.003723397,2096316,1170533,0.6416936
1,22440632,17120545,5320087,2388005,899247,3274733,12519,0.003808348,2132255,1151727,0.6492895
2,17901041,17556877,344164,74523,43175,115360,2338,0.0198644,88424,29274,0.7512787
3,22487555,17140113,5347442,2416052,908867,3312044,12875,0.003872275,2144917,1176853,0.6457151
