pid,execution_cycles,compute_cycles,idle_cycles,loads,stores,hit_count,miss_count,miss_rate,private,shared,private_rate
0,23218976,17729254,5489722,2380720,889412,3248071,22061,0.006746211,2109267,1158891,0.6453993
1,22712950,17120545,5592405,2388005,899247,3265832,21420,0.006516081,2147832,1138063,0.653652
2,17937829,17556877,380952,74523,43175,115064,2634,0.02237931,88086,28988,0.7523959
3,22799339,17140113,5659226,2416052,908867,3302461,22458,0.00675445,2179099,1143807,0.6557811
