pid,execution_cycles,compute_cycles,idle_cycles,loads,stores,hit_count,miss_count,miss_rate,private,shared,private_rate
0,22944882,17729254,5215628,2380720,889412,3247596,22536,0.006891465,2128986,1131352,0.6529955
1,22559074,17120545,5438529,2388005,899247,3264877,22375,0.006806597,2155579,1122232,0.6576276
2,18085223,17556877,528346,74523,43175,113314,4384,0.03724787,90472,27226,0.7686792
3,22663292,17140113,5523179,2416052,908867,3301431,23488,0.007064232,2168893,1146881,0.6541136
