pid,execution_cycles,compute_cycles,idle_cycles,loads,stores,hit_count,miss_count,miss_rate,private,shared,private_rate
0,29840393,17729254,12111139,2380720,889412,3178491,91641,0.02802364,2282567,981737,0.6992507
1,29134840,17120545,12014295,2388005,899247,3195228,92024,0.0279942,2160335,1121060,0.6583587
2,17798468,17556877,241591,74523,43175,116835,863,0.007332325,89038,28361,0.7584221
3,29155870,17140113,12015757,2416052,908867,3233212,91707,0.02758172,2213183,1106060,0.6667734
