pid,execution_cycles,compute_cycles,idle_cycles,loads,stores,hit_count,miss_count,miss_rate,private,shared,private_rate
0,30078085,17729254,12348831,2380720,889412,3241177,28955,0.008854383,2156799,1112537,0.6597055
1,29588476,17120545,12467931,2388005,899247,3257850,29402,0.008944249,2201961,1084473,0.6700153
2,17796021,17556877,239144,74523,43175,117467,231,0.00196265,65087,52554,0.553268
3,29488262,17140113,12348149,2416052,908867,3296020,28899,0.00869164,2243040,1081196,0.6747535
