pid,execution_cycles,compute_cycles,idle_cycles,loads,stores,hit_count,miss_count,miss_rate,private,shared,private_rate
0,29584257,17729254,11855003,2380720,889412,3179895,90237,0.0275943,2180929,1083490,0.668091
1,28897267,17120545,11776722,2388005,899247,3197702,89550,0.0272416,2165155,1117039,0.659667
2,17788347,17556877,231470,74523,43175,116898,800,0.006797057,88176,29472,0.74949
3,28917913,17140113,11777800,2416052,908867,3234615,90304,0.02715976,2196573,1123306,0.6616425
