pid,execution_cycles,compute_cycles,idle_cycles,loads,stores,hit_count,miss_count,miss_rate,private,shared,private_rate
0,31545823,17729254,13816569,2380720,889412,3153605,116527,0.03563373,2187572,1070269,0.6714791
1,31166812,17120545,14046267,2388005,899247,3172712,114540,0.03484369,2195715,1081893,0.6699139
2,18233246,17556877,676369,74523,43175,111856,5842,0.04963551,90171,25945,0.7765596
3,31188362,17140113,14048249,2416052,908867,3212419,112500,0.03383541,2301260,1015117,0.6939078
