pid,execution_cycles,compute_cycles,idle_cycles,loads,stores,hit_count,miss_count,miss_rate,private,shared,private_rate
0,22579532,17729254,4850278,2380720,889412,3257688,12444,0.003805351,2096781,1172898,0.6412804
1,22304550,17120545,5184005,2388005,899247,3274434,12818,0.003899306,2134041,1152829,0.6492624
2,17901980,17556877,345103,74523,43175,115359,2339,0.0198729,88425,29258,0.751383
3,22320478,17140113,5180365,2416052,908867,3311751,13168,0.003960397,2146857,1177672,0.6457628
