pid,execution_cycles,compute_cycles,idle_cycles,loads,stores,hit_count,miss_count,miss_rate,private,shared,private_rate
0,32166191,17729254,14436937,2380720,889412,3201209,68923,0.02107652,2312179,953750,0.7079698
1,31904904,17120545,14784359,2388005,899247,3218100,69152,0.02103642,2347465,936277,0.714875
2,18422128,17556877,865251,74523,43175,112777,4921,0.0418104,89717,26653,0.7709633
3,31703764,17140113,14563651,2416052,908867,3255403,69516,0.02090758,2389671,931411,0.7195459
