pid,execution_cycles,compute_cycles,idle_cycles,loads,stores,hit_count,miss_count,miss_rate,private,shared,private_rate
0,22294009,17729254,4564755,2380720,889412,3257055,13077,0.003998921,2133152,1136978,0.6523141
1,21685095,17120545,4564550,2388005,899247,3274350,12902,0.003924859,2150903,1136348,0.6543166
2,17912373,17556877,355496,74523,43175,115296,2402,0.02040816,90038,27660,0.7649918
3,21832321,17140113,4692208,2416052,908867,3311108,13811,0.004153785,2163364,1161549,0.6506528
