pid,execution_cycles,compute_cycles,idle_cycles,loads,stores,hit_count,miss_count,miss_rate,private,shared,private_rate
0,22899701,17729254,5170447,2380720,889412,3251431,18701,0.005718729,2160207,1108844,0.6608055
1,22193636,17120545,5073091,2388005,899247,3269515,17737,0.005395692,2136391,1150177,0.6500371
2,17737378,17556877,180501,74523,43175,117097,601,0.005106289,88777,28891,0.7544702
3,22321358,17140113,5181245,2416052,908867,3306513,18406,0.005535774,2237834,1086207,0.673227
