pid,execution_cycles,compute_cycles,idle_cycles,loads,stores,hit_count,miss_count,miss_rate,private,shared,private_rate
0,31862881,17729254,14133627,2380720,889412,3165119,105013,0.03211277,2397281,869749,0.7337799
1,30930112,17120545,13809567,2388005,899247,3183567,103685,0.03154154,2672503,611558,0.81378
2,17885580,17556877,328703,74523,43175,115679,2019,0.01715407,93447,23913,0.7962423
3,31213811,17140113,14073698,2416052,908867,3219758,105161,0.03162814,2616430,705152,0.787706
