pid,execution_cycles,compute_cycles,idle_cycles,loads,stores,hit_count,miss_count,miss_rate,private,shared,private_rate
0,22957896,17729254,5228642,2380720,889412,3247314,22818,0.0069777,2129115,1131244,0.6530308
1,22589767,17120545,5469222,2388005,899247,3264514,22738,0.006917024,2155725,1122106,0.6576681
2,18085315,17556877,528438,74523,43175,113314,4384,0.03724787,90475,27223,0.7687047
3,22679646,17140113,5539533,2416052,908867,3301145,23774,0.007150249,2169076,1146741,0.6541603
