pid,execution_cycles,compute_cycles,idle_cycles,loads,stores,hit_count,miss_count,miss_rate,private,shared,private_rate
0,35137774,17729254,17408520,2380720,889412,3127320,142812,0.04367163,2324345,926415,0.7150159
1,34748937,17120545,17628392,2388005,899247,3142392,144860,0.0440672,2318243,947512,0.7098643
2,17979396,17556877,422519,74523,43175,114619,3079,0.02616017,90811,25547,0.7804448
3,34690738,17140113,17550625,2416052,908867,3181225,143694,0.04321729,2910470,394602,0.8806071
