pid,execution_cycles,compute_cycles,idle_cycles,loads,stores,hit_count,miss_count,miss_rate,private,shared,private_rate
0,31114774,17729254,13385520,2380720,889412,3167612,102520,0.03135042,2912054,351913,0.8921824
1,30563649,17120545,13443104,2388005,899247,3184516,102736,0.03125285,2693467,587412,0.820959
2,17803680,17556877,246803,74523,43175,116383,1315,0.01117266,90257,26990,0.7698022
3,30649090,17140113,13508977,2416052,908867,3221625,103294,0.03106662,2429443,889225,0.7320536
