pid,execution_cycles,compute_cycles,idle_cycles,loads,stores,hit_count,miss_count,miss_rate,private,shared,private_rate
0,37597033,17729254,19867779,2380720,889412,3102479,167653,0.05126796,2817693,430456,0.8674765
1,37643004,17120545,20522459,2388005,899247,3113159,174093,0.05296004,2602084,661694,0.7972613
2,18347973,17556877,791096,74523,43175,110896,6802,0.05779198,92982,22404,0.8058343
3,37538572,17140113,20398459,2416052,908867,3152459,172460,0.05186893,2864005,438856,0.8671285
