pid,execution_cycles,compute_cycles,idle_cycles,loads,stores,hit_count,miss_count,miss_rate,private,shared,private_rate
0,22100701,17729254,4371447,2380720,889412,3259571,10561,0.003229533,2089493,1179854,0.6391163
1,21392612,17120545,4272067,2388005,899247,3277663,9589,0.002917026,2095454,1191314,0.6375424
2,17736980,17556877,180103,74523,43175,117103,595,0.005055311,88706,28991,0.7536811
3,21485209,17140113,4345096,2416052,908867,3314996,9923,0.002984434,2179111,1145309,0.6554861
