pid,execution_cycles,compute_cycles,idle_cycles,loads,stores,hit_count,miss_count,miss_rate,private,shared,private_rate
0,26276401,17729254,8547147,2380720,889412,3219859,50273,0.01537339,2199786,1068262,0.6731192
1,25665489,17120545,8544944,2388005,899247,3235964,51288,0.01560209,2202296,1083353,0.6702773
2,18145161,17556877,588284,74523,43175,113088,4610,0.03916804,90767,25791,0.7787282
3,25803673,17140113,8663560,2416052,908867,3273524,51395,0.01545752,2316792,1005761,0.6972927
