pid,execution_cycles,compute_cycles,idle_cycles,loads,stores,hit_count,miss_count,miss_rate,private,shared,private_rate
0,26499529,17729254,8770275,2380720,889412,3214575,55557,0.01698922,2083383,1185384,0.6373605
1,25882893,17120545,8762348,2388005,899247,3231948,55304,0.01682378,2292146,994072,0.6975027
2,17715066,17556877,158189,74523,43175,117289,409,0.003474995,89193,28505,0.7578124
3,25992400,17140113,8852287,2416052,908867,3269087,55832,0.01679199,2190060,1133306,0.6589885
