pid,execution_cycles,compute_cycles,idle_cycles,loads,stores,hit_count,miss_count,miss_rate,private,shared,private_rate
0,33872346,17729254,16143092,2380720,889412,3118108,152024,0.04648864,2253510,997247,0.6932262
1,33859441,17120545,16738896,2388005,899247,3132177,155075,0.04717466,2352349,913318,0.7203273
2,18096537,17556877,539660,74523,43175,113040,4658,0.03957586,92098,23921,0.7938183
3,33494536,17140113,16354423,2416052,908867,3170947,153972,0.0463085,2289801,1015186,0.6928321
