pid,execution_cycles,compute_cycles,idle_cycles,loads,stores,hit_count,miss_count,miss_rate,private,shared,private_rate
0,22260391,17729254,4531137,2380720,889412,3254917,15215,0.004652717,2133513,1134989,0.6527495
1,21793521,17120545,4672976,2388005,899247,3272408,14844,0.004515626,2151239,1134657,0.6546887
2,17897817,17556877,340940,74523,43175,115292,2406,0.02044215,89986,27682,0.7647449
3,21927790,17140113,4787677,2416052,908867,3308893,16026,0.004819967,2163806,1159449,0.6511104
