pid,execution_cycles,compute_cycles,idle_cycles,loads,stores,hit_count,miss_count,miss_rate,private,shared,private_rate
0,23724298,17729254,5995044,2380720,889412,3243216,26916,0.00823086,2124464,1144059,0.6499768
1,23147498,17120545,6026953,2388005,899247,3260009,27243,0.008287469,2198978,1087500,0.6690987
2,18200849,17556877,643972,74523,43175,112420,5278,0.04484358,90428,26063,0.776266
3,23227553,17140113,6087440,2416052,908867,3297508,27411,0.008244111,2163881,1159601,0.6510885
