pid,execution_cycles,compute_cycles,idle_cycles,loads,stores,hit_count,miss_count,miss_rate,private,shared,private_rate
0,38198410,17729254,20469156,2380720,889412,3095976,174156,0.05325657,3023964,223781,0.9310965
1,37922961,17120545,20802416,2388005,899247,3110164,177088,0.05387114,2715262,547035,0.832316
2,18400773,17556877,843896,74523,43175,110344,7354,0.06248195,93898,21428,0.8141963
3,38021494,17140113,20881381,2416052,908867,3146993,177926,0.05351288,2526326,774976,0.7652514
