pid,execution_cycles,compute_cycles,idle_cycles,loads,stores,hit_count,miss_count,miss_rate,private,shared,private_rate
0,22080559,17729254,4351305,2380720,889412,3256865,13267,0.004057023,2132149,1134713,0.6526596
1,21634983,17120545,4514438,2388005,899247,3274146,13106,0.003986917,2149061,1135128,0.6543658
2,17896680,17556877,339803,74523,43175,115295,2403,0.02041666,89926,27772,0.7640402
3,21735871,17140113,4595758,2416052,908867,3310958,13961,0.004198899,2161839,1160166,0.6507633
