pid,execution_cycles,compute_cycles,idle_cycles,loads,stores,hit_count,miss_count,miss_rate,private,shared,private_rate
0,42490603,17729254,24761349,2380720,889412,3053049,217083,0.06638356,2718371,509590,0.8421325
1,42054444,17120545,24933899,2388005,899247,3068599,218653,0.06651544,2895934,345522,0.8934053
2,18751794,17556877,1194917,74523,43175,106817,10881,0.09244847,91979,21266,0.8122125
3,42015352,17140113,24875239,2416052,908867,3107239,217680,0.06546926,2867367,415576,0.8734136
