pid,execution_cycles,compute_cycles,idle_cycles,loads,stores,hit_count,miss_count,miss_rate,private,shared,private_rate
0,30142675,17729254,12413421,2380720,889412,3161179,108953,0.03331762,2177428,1084069,0.6676161
1,29793458,17120545,12672913,2388005,899247,3178636,108616,0.03304158,2209249,1069805,0.6737458
2,17826297,17556877,269420,74523,43175,116363,1335,0.01134259,89472,28194,0.7603896
3,29814812,17140113,12674699,2416052,908867,3215905,109014,0.03278696,2218039,1098982,0.668684
