pid,execution_cycles,compute_cycles,idle_cycles,loads,stores,hit_count,miss_count,miss_rate,private,shared,private_rate
0,23183722,17729254,5454468,2380720,889412,3248068,22064,0.006747128,2133946,1132536,0.6532857
1,22573818,17120545,5453273,2388005,899247,3265373,21879,0.006655711,2161613,1122288,0.6582455
2,18108294,17556877,551417,74523,43175,113317,4381,0.03722238,90263,27435,0.7669034
3,22739557,17140113,5599444,2416052,908867,3301944,22975,0.006909943,2174877,1147022,0.6547089
