pid,execution_cycles,compute_cycles,idle_cycles,loads,stores,hit_count,miss_count,miss_rate,private,shared,private_rate
0,27238069,17729254,9508815,2380720,889412,3207115,63017,0.01927048,2176324,1088050,0.6666895
1,26593020,17120545,9472475,2388005,899247,3224775,62477,0.01900584,2196829,1085089,0.6693735
2,17912274,17556877,355397,74523,43175,115297,2401,0.02039967,90673,27009,0.7704917
3,26805190,17140113,9665077,2416052,908867,3260877,64042,0.01926122,2205598,1114112,0.6643948
