pid,execution_cycles,compute_cycles,idle_cycles,loads,stores,hit_count,miss_count,miss_rate,private,shared,private_rate
0,78590959,17729254,60861705,2380720,889412,2688577,581555,0.1778384,2844548,270224,0.9132444
1,76017402,17120545,58896857,2388005,899247,2725813,561439,0.1707928,2953371,188008,0.9401511
2,20623083,17556877,3066206,74523,43175,87934,29764,0.2528845,103077,5097,0.9528815
3,77415706,17140113,60275593,2416052,908867,2749833,575086,0.1729624,2996288,181533,0.942875
