pid,execution_cycles,compute_cycles,idle_cycles,loads,stores,hit_count,miss_count,miss_rate,private,shared,private_rate
0,34545108,17729254,16815854,2380720,889412,3132586,137546,0.0420613,2282445,976326,0.7004005
1,34097252,17120545,16976707,2388005,899247,3148691,138561,0.04215101,2754141,520842,0.8409634
2,18053227,17556877,496350,74523,43175,113854,3844,0.03265986,93040,23573,0.7978527
3,34182838,17140113,17042725,2416052,908867,3185665,139254,0.04188192,2306590,1006747,0.6961532
