pid,execution_cycles,compute_cycles,idle_cycles,loads,stores,hit_count,miss_count,miss_rate,private,shared,private_rate
0,47185976,17729254,29456722,2380720,889412,3074233,195899,0.05990553,2741556,503866,0.8447456
1,46874593,17120545,29754048,2388005,899247,3091227,196025,0.05963187,2770276,495362,0.8483108
2,19261986,17556877,1705109,74523,43175,106128,11570,0.09830244,95182,19632,0.8290104
3,47335829,17140113,30195716,2416052,908867,3125961,198958,0.05983845,2739869,560988,0.8300478
