pid,execution_cycles,compute_cycles,idle_cycles,loads,stores,hit_count,miss_count,miss_rate,private,shared,private_rate
0,27053791,17729254,9324537,2380720,889412,3210913,59219,0.01810905,2365137,903151,0.7236624
1,26267319,17120545,9146774,2388005,899247,3228618,58634,0.01783678,2756101,529245,0.8389074
2,17726118,17556877,169241,74523,43175,117253,445,0.003780863,89329,28280,0.7595422
3,26495755,17140113,9355642,2416052,908867,3265810,59109,0.01777758,2263804,1059069,0.6812791
