pid,execution_cycles,compute_cycles,idle_cycles,loads,stores,hit_count,miss_count,miss_rate,private,shared,private_rate
0,31770783,17729254,14041529,2380720,889412,3160185,109947,0.03362158,2217469,1044143,0.679869
1,31130215,17120545,14009670,2388005,899247,3178330,108922,0.03313467,2232503,1046640,0.680819
2,17805027,17556877,248150,74523,43175,116302,1396,0.01186086,90568,27106,0.7696517
3,31244874,17140113,14104761,2416052,908867,3215101,109818,0.03302877,2214014,1102933,0.6674855
