pid,execution_cycles,compute_cycles,idle_cycles,loads,stores,hit_count,miss_count,miss_rate,private,shared,private_rate
0,21862963,17729254,4133709,2380720,889412,3261409,8723,0.002667476,2128234,1139243,0.6513386
1,21222765,17120545,4102220,2388005,899247,3279020,8232,0.002504219,2139843,1145102,0.6514091
2,17811987,17556877,255110,74523,43175,116310,1388,0.01179289,89787,27911,0.7628592
3,21344845,17140113,4204732,2416052,908867,3316032,8887,0.002672847,2152402,1170355,0.6477759
