pid,execution_cycles,compute_cycles,idle_cycles,loads,stores,hit_count,miss_count,miss_rate,private,shared,private_rate
0,27082624,17729254,9353370,2380720,889412,3210554,59578,0.01821884,2373348,894930,0.7261769
1,26292870,17120545,9172325,2388005,899247,3228289,58963,0.01793687,2696398,588900,0.8207469
2,17731752,17556877,174875,74523,43175,117215,483,0.004103723,89314,28303,0.759363
3,26523433,17140113,9383320,2416052,908867,3265532,59387,0.01786119,2262297,1060598,0.6808211
