pid,execution_cycles,compute_cycles,idle_cycles,loads,stores,hit_count,miss_count,miss_rate,private,shared,private_rate
0,26530351,17729254,8801097,2380720,889412,3216725,53407,0.01633176,2216498,1052093,0.6781203
1,25775883,17120545,8655338,2388005,899247,3234570,52682,0.01602615,2227626,1058354,0.6779183
2,17730339,17556877,173462,74523,43175,117286,412,0.003500484,89148,28550,0.75743
3,26015128,17140113,8875015,2416052,908867,3271199,53720,0.01615678,2195744,1127824,0.6606587
