pid,execution_cycles,compute_cycles,idle_cycles,loads,stores,hit_count,miss_count,miss_rate,private,shared,private_rate
0,164380888,17729254,146651634,2380720,889412,1821834,1448298,0.4428867,2801035,21918,0.9922358
1,164746827,17120545,147626282,2388005,899247,1829282,1457970,0.4435224,2816858,22722,0.9919981
2,22801686,17556877,5244809,74523,43175,65909,51789,0.440016,98691,385,0.9961141
3,166515475,17140113,149375362,2416052,908867,1849662,1475257,0.4436971,2844523,26129,0.9908979
