pid,execution_cycles,compute_cycles,idle_cycles,loads,stores,hit_count,miss_count,miss_rate,private,shared,private_rate
0,28275094,17729254,10545840,2380720,889412,3196640,73492,0.02247371,2198454,1066291,0.6733923
1,27611433,17120545,10490888,2388005,899247,3214488,72764,0.02213521,2283746,998897,0.6957034
2,18150468,17556877,593591,74523,43175,112891,4807,0.04084182,90914,25857,0.7785666
3,27705694,17140113,10565581,2416052,908867,3251781,73138,0.02199693,2207289,1112757,0.6648369
