pid,execution_cycles,compute_cycles,idle_cycles,loads,stores,hit_count,miss_count,miss_rate,private,shared,private_rate
0,22529062,17729254,4799808,2380720,889412,3259355,10777,0.003295586,2085440,1183447,0.6379664
1,22080233,17120545,4959688,2388005,899247,3276684,10568,0.003214843,2107341,1178946,0.6412529
2,17824951,17556877,268074,74523,43175,116378,1320,0.01121514,88153,29511,0.7491926
3,22143616,17140113,5003503,2416052,908867,3313793,11126,0.003346247,2126234,1197502,0.6397121
