pid,execution_cycles,compute_cycles,idle_cycles,loads,stores,hit_count,miss_count,miss_rate,private,shared,private_rate
0,36056725,17729254,18327471,2380720,889412,3117403,152729,0.04670423,2794532,456355,0.8596214
1,35745891,17120545,18625346,2388005,899247,3132018,155234,0.04722303,2816195,449447,0.862371
2,18132177,17556877,575300,74523,43175,113052,4646,0.03947391,92424,23631,0.796381
3,35699317,17140113,18559204,2416052,908867,3170384,154535,0.04647782,2335580,969640,0.7066337
