pid,execution_cycles,compute_cycles,idle_cycles,loads,stores,hit_count,miss_count,miss_rate,private,shared,private_rate
0,23706269,17729254,5977015,2380720,889412,3239619,30513,0.009330816,2133643,1126860,0.6543907
1,23275676,17120545,6155131,2388005,899247,3257607,29645,0.009018171,2160424,1117655,0.6590518
2,18086858,17556877,529981,74523,43175,113317,4381,0.03722238,90498,27185,0.7689981
3,23379099,17140113,6238986,2416052,908867,3294038,30881,0.009287745,2173729,1142438,0.6554944
