pid,execution_cycles,compute_cycles,idle_cycles,loads,stores,hit_count,miss_count,miss_rate,private,shared,private_rate
0,26913745,17729254,9184491,2380720,889412,3210391,59741,0.01826868,2186391,1078619,0.669643
1,26315226,17120545,9194681,2388005,899247,3227581,59671,0.01815224,2233953,1048135,0.6806499
2,17829411,17556877,272534,74523,43175,116134,1564,0.01328825,90484,27060,0.7697883
3,26340880,17140113,9200767,2416052,908867,3265567,59352,0.01785066,2180635,1139549,0.6567814
