pid,execution_cycles,compute_cycles,idle_cycles,loads,stores,hit_count,miss_count,miss_rate,private,shared,private_rate
0,65360593,17729254,47631339,2380720,889412,2822039,448093,0.137026,3073880,93150,0.9705876
1,65014029,17120545,47893484,2388005,899247,2836684,450568,0.1370652,3097824,83801,0.9736609
2,20042061,17556877,2485184,74523,43175,93784,23914,0.203181,99588,10227,0.9068706
3,65869303,17140113,48729190,2416052,908867,2866290,458629,0.1379369,3120452,97115,0.9698173
