pid,execution_cycles,compute_cycles,idle_cycles,loads,stores,hit_count,miss_count,miss_rate,private,shared,private_rate
0,29834644,17729254,12105390,2380720,889412,3178509,91623,0.02801814,2282430,981876,0.6992083
1,29129344,17120545,12008799,2388005,899247,3195287,91965,0.02797625,2162292,1119086,0.6589585
2,17796849,17556877,239972,74523,43175,116851,847,0.007196384,89003,28367,0.7583113
3,29150334,17140113,12010221,2416052,908867,3233206,91713,0.02758353,2213236,1106017,0.6667874
