pid,execution_cycles,compute_cycles,idle_cycles,loads,stores,hit_count,miss_count,miss_rate,private,shared,private_rate
0,50669929,17729254,32940675,2380720,889412,2971291,298841,0.091385,2656835,557426,0.8265772
1,50145913,17120545,33025368,2388005,899247,2988232,299020,0.09096352,2695688,535849,0.8341814
2,19048558,17556877,1491681,74523,43175,103861,13837,0.1175636,102157,10723,0.9050053
3,50911334,17140113,33771221,2416052,908867,3017597,307322,0.09242992,3103544,161813,0.9504455
