pid,execution_cycles,compute_cycles,idle_cycles,loads,stores,hit_count,miss_count,miss_rate,private,shared,private_rate
0,29987101,17729254,12257847,2380720,889412,3179347,90785,0.02776188,2231992,1032759,0.6836638
1,29265624,17120545,12145079,2388005,899247,3197779,89473,0.02721817,2358888,923794,0.7185856
2,17760903,17556877,204026,74523,43175,116826,872,0.007408792,89280,28399,0.758674
3,29429680,17140113,12289567,2416052,908867,3234367,90552,0.02723435,2289128,1030550,0.6895633
