pid,execution_cycles,compute_cycles,idle_cycles,loads,stores,hit_count,miss_count,miss_rate,private,shared,private_rate
0,40988377,17729254,23259123,2380720,889412,3068223,201909,0.06174338,2924203,308985,0.9044333
1,40890699,17120545,23770154,2388005,899247,3080354,206898,0.0629395,3014313,231750,0.9286058
2,18676455,17556877,1119578,74523,43175,107578,10120,0.08598277,91946,21616,0.8096546
3,40698256,17140113,23558143,2416052,908867,3120543,204376,0.06146796,3049764,237555,0.9277359
