pid,execution_cycles,compute_cycles,idle_cycles,loads,stores,hit_count,miss_count,miss_rate,private,shared,private_rate
0,31851614,17729254,14122360,2380720,889412,3141401,128731,0.03936569,2219507,1033341,0.6823273
1,31483023,17120545,14362478,2388005,899247,3157035,130217,0.03961272,2220198,1048856,0.6791561
2,17926889,17556877,370012,74523,43175,115259,2439,0.02072253,89908,27188,0.7678144
3,31505906,17140113,14365793,2416052,908867,3195411,129508,0.03895072,2249671,1057540,0.6802321
