pid,execution_cycles,compute_cycles,idle_cycles,loads,stores,hit_count,miss_count,miss_rate,private,shared,private_rate
0,26647732,17729254,8918478,2380720,889412,3213078,57054,0.017447,2095953,1172634,0.6412413
1,26025552,17120545,8905007,2388005,899247,3230507,56745,0.01726214,2420957,865087,0.7367391
2,17715066,17556877,158189,74523,43175,117289,409,0.003474995,89206,28492,0.7579228
3,26137039,17140113,8996926,2416052,908867,3267626,57293,0.0172314,2247614,1075506,0.6763566
