pid,execution_cycles,compute_cycles,idle_cycles,loads,stores,hit_count,miss_count,miss_rate,private,shared,private_rate
0,22484452,17729254,4755198,2380720,889412,3269351,781,0.0002388283,1769452,1500564,0.5411142
1,21478896,17120545,4358351,2388005,899247,3286589,663,0.0002016882,1817313,1469890,0.5528448
2,17804708,17556877,247831,74523,43175,117538,160,0.001359411,62872,54826,0.5341807
3,21828894,17140113,4688781,2416052,908867,3324252,667,0.0002006064,1819276,1505606,0.5471701
