pid,execution_cycles,compute_cycles,idle_cycles,loads,stores,hit_count,miss_count,miss_rate,private,shared,private_rate
0,25109371,17729254,7380117,2380720,889412,3228617,41515,0.01269521,2151725,1114984,0.6586828
1,24397299,17120545,7276754,2388005,899247,3246954,40298,0.01225887,2163784,1120502,0.6588293
2,17812284,17556877,255407,74523,43175,116307,1391,0.01181838,90207,27491,0.7664276
3,24562147,17140113,7422034,2416052,908867,3283534,41385,0.01244692,2175277,1146899,0.6547748
