pid,execution_cycles,compute_cycles,idle_cycles,loads,stores,hit_count,miss_count,miss_rate,private,shared,private_rate
0,26847229,17729254,9117975,2380720,889412,3213031,57101,0.01746137,2307606,960721,0.7060511
1,26076447,17120545,8955902,2388005,899247,3231066,56186,0.01709209,2361816,923610,0.7188766
2,17728722,17556877,171845,74523,43175,117285,413,0.003508981,89259,28438,0.7583796
3,26317936,17140113,9177823,2416052,908867,3267811,57108,0.01717576,2217545,1105713,0.6672804
