pid,execution_cycles,compute_cycles,idle_cycles,loads,stores,hit_count,miss_count,miss_rate,private,shared,private_rate
0,27922641,17729254,10193387,2380720,889412,3223747,46385,0.01418444,2454887,814009,0.7509835
1,27467004,17120545,10346459,2388005,899247,3240345,46907,0.01426937,2468976,816890,0.7513928
2,17782346,17556877,225469,74523,43175,117307,391,0.003322062,66307,51298,0.5638111
3,27387124,17140113,10247011,2416052,908867,3278412,46507,0.01398741,2522851,800813,0.7590572
