pid,execution_cycles,compute_cycles,idle_cycles,loads,stores,hit_count,miss_count,miss_rate,private,shared,private_rate
0,42469804,17729254,24740550,2380720,889412,3028541,241591,0.07387806,2267391,953530,0.7039573
1,42943234,17120545,25822689,2388005,899247,3040115,247137,0.07518042,2440890,792578,0.754883
2,18877369,17556877,1320492,74523,43175,105265,12433,0.1056348,92052,20682,0.8165416
3,42486197,17140113,25346084,2416052,908867,3076545,248374,0.07470077,2300470,972738,0.7028182
