pid,execution_cycles,compute_cycles,idle_cycles,loads,stores,hit_count,miss_count,miss_rate,private,shared,private_rate
0,29854142,17729254,12124888,2380720,889412,3152891,117241,0.03585207,2196538,1053980,0.6757501
1,29513717,17120545,12393172,2388005,899247,3167849,119403,0.03632304,2211027,1055363,0.6769023
2,18105941,17556877,549064,74523,43175,113125,4573,0.03885368,89722,26897,0.7693601
3,29533773,17140113,12393660,2416052,908867,3206863,118056,0.03550643,2247855,1058099,0.6799414
