pid,execution_cycles,compute_cycles,idle_cycles,loads,stores,hit_count,miss_count,miss_rate,private,shared,private_rate
0,30513285,17729254,12784031,2380720,889412,3213808,56324,0.01722377,2248268,1020115,0.6878839
1,29910513,17120545,12789968,2388005,899247,3230955,56297,0.01712585,2278731,1007078,0.6935068
2,17771151,17556877,214274,74523,43175,117353,345,0.002931231,86894,30776,0.738455
3,30056915,17140113,12916802,2416052,908867,3268397,56522,0.01699951,2321092,1002121,0.6984482
