pid,execution_cycles,compute_cycles,idle_cycles,loads,stores,hit_count,miss_count,miss_rate,private,shared,private_rate
0,25528339,17729254,7799085,2380720,889412,3239029,31103,0.009511237,2244875,1024532,0.6866306
1,25121913,17120545,8001368,2388005,899247,3255772,31480,0.009576388,2096954,1189821,0.6379974
2,17757009,17556877,200132,74523,43175,117416,282,0.002395963,89950,27707,0.7645104
3,25676788,17140113,8536675,2416052,908867,3293443,31476,0.009466697,2045783,1278552,0.6153962
