pid,execution_cycles,compute_cycles,idle_cycles,loads,stores,hit_count,miss_count,miss_rate,private,shared,private_rate
0,57572091,17729254,39842837,2380720,889412,2898868,371264,0.1135318,2706009,490754,0.8464841
1,57395824,17120545,40275279,2388005,899247,2913049,374203,0.1138346,3087661,126840,0.9605413
2,19632923,17556877,2076046,74523,43175,97734,19964,0.1696206,98899,11973,0.8920106
3,58214654,17140113,41074541,2416052,908867,2941921,382998,0.1151902,2759063,486878,0.8500041
