pid,execution_cycles,compute_cycles,idle_cycles,loads,stores,hit_count,miss_count,miss_rate,private,shared,private_rate
0,65208925,17729254,47479671,2380720,889412,2823571,446561,0.1365575,2944841,218724,0.9308615
1,64612782,17120545,47492237,2388005,899247,2840737,446515,0.1358323,2968049,208183,0.934456
2,19543992,17556877,1987115,74523,43175,98815,18883,0.160436,96712,14215,0.8718527
3,66701101,17140113,49560988,2416052,908867,2857888,467031,0.1404639,2906630,300172,0.9063952
