pid,execution_cycles,compute_cycles,idle_cycles,loads,stores,hit_count,miss_count,miss_rate,private,shared,private_rate
0,23210155,17729254,5480901,2380720,889412,3248366,21766,0.006656,2109109,1158666,0.6454266
1,23026777,17120545,5906232,2388005,899247,3264915,22337,0.006795037,2147085,1138107,0.6535645
2,18061559,17556877,504682,74523,43175,113373,4325,0.03674659,88987,28675,0.7562935
3,23061174,17140113,5921061,2416052,908867,3302090,22829,0.006866032,2159841,1162727,0.6500517
