pid,execution_cycles,compute_cycles,idle_cycles,loads,stores,hit_count,miss_count,miss_rate,private,shared,private_rate
0,21581473,17729254,3852219,2380720,889412,3264859,5273,0.001612473,2085869,1184046,0.637897
1,20911943,17120545,3791398,2388005,899247,3282542,4710,0.001432808,2080516,1206594,0.6329317
2,17737273,17556877,180396,74523,43175,117104,594,0.005046815,88549,29149,0.7523407
3,20983925,17140113,3843812,2416052,908867,3320064,4855,0.001460186,2169972,1154780,0.6526718
