pid,execution_cycles,compute_cycles,idle_cycles,loads,stores,hit_count,miss_count,miss_rate,private,shared,private_rate
0,38173444,17729254,20444190,2380720,889412,3096050,174082,0.05323394,3024374,224235,0.9309751
1,37923282,17120545,20802737,2388005,899247,3110137,177115,0.05387935,2528699,734443,0.7749277
2,18363198,17556877,806321,74523,43175,110721,6977,0.05927883,93894,21547,0.8133505
3,37959901,17140113,20819788,2416052,908867,3147560,177359,0.05334235,2419458,883070,0.7326079
