pid,execution_cycles,compute_cycles,idle_cycles,loads,stores,hit_count,miss_count,miss_rate,private,shared,private_rate
0,32469074,17729254,14739820,2380720,889412,3246671,23461,0.007174328,1831953,1437487,0.5603262
1,32009667,17120545,14889122,2388005,899247,3263312,23940,0.007282679,1919423,1367388,0.5839773
2,17783745,17556877,226868,74523,43175,117472,226,0.001920169,64303,53395,0.5463389
3,32339115,17140113,15199002,2416052,908867,3300785,24134,0.007258523,1921408,1402925,0.577983
