pid,execution_cycles,compute_cycles,idle_cycles,loads,stores,hit_count,miss_count,miss_rate,private,shared,private_rate
0,31459536,17729254,13730282,2380720,889412,3151402,118730,0.0363074,2344557,915100,0.7192649
1,30705555,17120545,13585010,2388005,899247,3167395,119857,0.03646115,2212085,1063814,0.6752604
2,17870286,17556877,313409,74523,43175,116031,1667,0.01416337,90367,26587,0.7726713
3,30727842,17140113,13587729,2416052,908867,3205971,118948,0.03577471,2248823,1065542,0.6785079
