pid,execution_cycles,compute_cycles,idle_cycles,loads,stores,hit_count,miss_count,miss_rate,private,shared,private_rate
0,22538420,17729254,4809166,2380720,889412,3252970,17162,0.005248106,2134330,1133359,0.6531619
1,21958771,17120545,4838226,2388005,899247,3271010,16242,0.004940905,2144134,1140832,0.6527112
2,17801645,17556877,244768,74523,43175,116308,1390,0.01180989,89929,27767,0.7640786
3,22081501,17140113,4941388,2416052,908867,3307672,17247,0.005187194,2152082,1170861,0.6476434
