pid,execution_cycles,compute_cycles,idle_cycles,loads,stores,hit_count,miss_count,miss_rate,private,shared,private_rate
0,47599191,17729254,29869937,2380720,889412,3000358,269774,0.08249636,2825647,401667,0.8755414
1,47141476,17120545,30020931,2388005,899247,3015231,272021,0.08275027,2797018,446422,0.8623616
2,18780976,17556877,1224099,74523,43175,106457,11241,0.09550715,95656,18644,0.8368854
3,47841676,17140113,30701563,2416052,908867,3046377,278542,0.08377407,3071070,207348,0.9367536
