pid,execution_cycles,compute_cycles,idle_cycles,loads,stores,hit_count,miss_count,miss_rate,private,shared,private_rate
0,248044897,17729254,230315643,2380720,889412,976743,2293389,0.7013139,2602710,194,0.9999255
1,248320852,17120545,231200307,2388005,899247,985099,2302153,0.7003275,2607428,7385,0.9971757
2,25688335,17556877,8131458,74523,43175,36750,80948,0.6877602,88563,27,0.9996952
3,251146325,17140113,234006212,2416052,908867,994804,2330115,0.7008035,2637957,7333,0.9972279
