pid,execution_cycles,compute_cycles,idle_cycles,loads,stores,hit_count,miss_count,miss_rate,private,shared,private_rate
0,73318138,17729254,55588884,2380720,889412,2755432,514700,0.1573943,2964782,184245,0.9414915
1,73182239,17120545,56061694,2388005,899247,2767167,520085,0.1582127,3080628,83078,0.9737403
2,20160349,17556877,2603472,74523,43175,93362,24336,0.2067665,101616,8077,0.9263672
3,74310956,17140113,57170843,2416052,908867,2795560,529359,0.1592096,3009911,187229,0.9414386
