pid,execution_cycles,compute_cycles,idle_cycles,loads,stores,hit_count,miss_count,miss_rate,private,shared,private_rate
0,41285926,17729254,23556672,2380720,889412,3065100,205032,0.06269839,3038575,213580,0.9343266
1,40922198,17120545,23801653,2388005,899247,3079985,207267,0.06305175,3002513,265372,0.918794
2,18426382,17556877,869505,74523,43175,110093,7605,0.06461452,96046,19739,0.8295202
3,41022315,17140113,23882202,2416052,908867,3117190,207729,0.06247641,3033235,272939,0.9174457
