pid,execution_cycles,compute_cycles,idle_cycles,loads,stores,hit_count,miss_count,miss_rate,private,shared,private_rate
0,27951463,17729254,10222209,2380720,889412,3199909,70223,0.02147406,2165855,1101608,0.6628552
1,27304731,17120545,10184186,2388005,899247,3217586,69666,0.02119278,2269561,1015711,0.6908289
2,17732490,17556877,175613,74523,43175,117113,585,0.004970348,89091,28607,0.7569457
3,27376024,17140113,10235911,2416052,908867,3255111,69808,0.0209954,2191953,1130370,0.6597652
