pid,execution_cycles,compute_cycles,idle_cycles,loads,stores,hit_count,miss_count,miss_rate,private,shared,private_rate
0,23457090,17729254,5727836,2380720,889412,3268393,1739,0.0005317828,1770321,1499713,0.5413769
1,22211104,17120545,5090559,2388005,899247,3285810,1442,0.0004386643,1817473,1469707,0.5528973
2,17804708,17556877,247831,74523,43175,117538,160,0.001359411,63208,54490,0.5370355
3,22642496,17140113,5502383,2416052,908867,3323435,1484,0.0004463267,1824534,1500336,0.5487535
