pid,execution_cycles,compute_cycles,idle_cycles,loads,stores,hit_count,miss_count,miss_rate,private,shared,private_rate
0,30375379,17729254,12646125,2380720,889412,3175425,94707,0.02896122,2514540,752660,0.7696315
1,29702115,17120545,12581570,2388005,899247,3193370,93882,0.02855942,2515826,768213,0.7660768
2,17807136,17556877,250259,74523,43175,116359,1339,0.01137657,91208,26204,0.7768201
3,29874685,17140113,12734572,2416052,908867,3229872,95047,0.02858626,2973967,347589,0.8953536
