pid,execution_cycles,compute_cycles,idle_cycles,loads,stores,hit_count,miss_count,miss_rate,private,shared,private_rate
0,27023041,17729254,9293787,2380720,889412,3209287,60845,0.01860628,2125630,1142896,0.6503329
1,26407197,17120545,9286652,2388005,899247,3226652,60600,0.01843485,2147652,1138093,0.6536271
2,17728035,17556877,171158,74523,43175,117158,540,0.004588013,89402,28197,0.7602276
3,26486608,17140113,9346495,2416052,908867,3264095,60824,0.01829338,2316764,1006200,0.697198
