pid,execution_cycles,compute_cycles,idle_cycles,loads,stores,hit_count,miss_count,miss_rate,private,shared,private_rate
0,25063612,17729254,7334358,2380720,889412,3227746,42386,0.01296156,2153020,1113967,0.6590231
1,24401615,17120545,7281070,2388005,899247,3246330,40922,0.0124487,2161446,1123124,0.6580606
2,17802479,17556877,245602,74523,43175,116314,1384,0.01175891,90143,27555,0.7658839
3,24529381,17140113,7389268,2416052,908867,3283016,41903,0.01260271,2168110,1154292,0.652573
