pid,execution_cycles,compute_cycles,idle_cycles,loads,stores,hit_count,miss_count,miss_rate,private,shared,private_rate
0,22235191,17729254,4505937,2380720,889412,3267092,3040,0.0009296261,1987475,1281905,0.6079058
1,21612770,17120545,4492225,2388005,899247,3284280,2972,0.0009040986,1981545,1305188,0.602892
2,17772103,17556877,215226,74523,43175,117200,498,0.004231168,86116,31582,0.7316692
3,21705998,17140113,4565885,2416052,908867,3321869,3050,0.0009173156,2106381,1218068,0.633603
