pid,execution_cycles,compute_cycles,idle_cycles,loads,stores,hit_count,miss_count,miss_rate,private,shared,private_rate
0,43073726,17729254,25344472,2380720,889412,3064297,205835,0.06294394,2925450,323710,0.9003712
1,42980123,17120545,25859578,2388005,899247,3078361,208891,0.06354578,2463904,800914,0.7546834
2,18480138,17556877,923261,74523,43175,110238,7460,0.06338256,95665,20365,0.824485
3,43484542,17140113,26344429,2416052,908867,3111824,213095,0.06409028,2524483,776574,0.7647499
