pid,execution_cycles,compute_cycles,idle_cycles,loads,stores,hit_count,miss_count,miss_rate,private,shared,private_rate
0,43224124,17729254,25494870,2380720,889412,3045174,224958,0.06879172,2761824,471501,0.8541746
1,42934259,17120545,25813714,2388005,899247,3059622,227630,0.06924629,2940900,308996,0.9049213
2,18659818,17556877,1102941,74523,43175,107733,9965,0.08466584,94315,20403,0.8221465
3,43430611,17140113,26290498,2416052,908867,3092622,232297,0.06986546,2720709,563830,0.8283382
