pid,execution_cycles,compute_cycles,idle_cycles,loads,stores,hit_count,miss_count,miss_rate,private,shared,private_rate
0,24883651,17729254,7154397,2380720,889412,3230897,39235,0.01199799,2098545,1169749,0.6420919
1,24456501,17120545,7335956,2388005,899247,3246356,40896,0.01244079,2176554,1107918,0.66268
2,17940786,17556877,383909,74523,43175,115009,2689,0.02284661,90381,26144,0.7756361
3,24696292,17140113,7556179,2416052,908867,3282179,42740,0.01285445,2205812,1116109,0.664017
