pid,execution_cycles,compute_cycles,idle_cycles,loads,stores,hit_count,miss_count,miss_rate,private,shared,private_rate
0,34953931,17729254,17224677,2380720,889412,3129177,140955,0.04310376,2269429,981547,0.6980762
1,34569450,17120545,17448905,2388005,899247,3144205,143047,0.04351568,2219738,1046302,0.679642
2,17952666,17556877,395789,74523,43175,114889,2809,0.02386617,90576,25847,0.7779906
3,34503232,17140113,17363119,2416052,908867,3183119,141800,0.04264766,3015943,289429,0.9124368
