pid,execution_cycles,compute_cycles,idle_cycles,loads,stores,hit_count,miss_count,miss_rate,private,shared,private_rate
0,179219837,17729254,161490583,2380720,889412,1675241,1594891,0.4877146,2754591,16484,0.9940514
1,179526932,17120545,162406387,2388005,899247,1683534,1603718,0.4878598,2767892,19366,0.993052
2,23258838,17556877,5701961,74523,43175,61513,56185,0.4773658,97926,124,0.9987353
3,181452431,17140113,164312318,2416052,908867,1702584,1622335,0.4879322,2800774,15900,0.994355
