pid,execution_cycles,compute_cycles,idle_cycles,loads,stores,hit_count,miss_count,miss_rate,private,shared,private_rate
0,28250597,17729254,10521343,2380720,889412,3203159,66973,0.02048021,2349548,918806,0.7188781
1,27407679,17120545,10287134,2388005,899247,3219942,67310,0.02047607,2630065,654787,0.8006647
2,17798326,17556877,241449,74523,43175,116577,1121,0.009524376,90659,26722,0.7723482
3,27682230,17140113,10542117,2416052,908867,3256833,68086,0.02047749,2640483,682265,0.7946684
