pid,execution_cycles,compute_cycles,idle_cycles,loads,stores,hit_count,miss_count,miss_rate,private,shared,private_rate
0,25362885,17729254,7633631,2380720,889412,3204030,66102,0.02021386,2147303,1116408,0.6579329
1,24817664,17120545,7697119,2388005,899247,3221612,65640,0.01996805,2181584,1099665,0.6648639
2,17903724,17556877,346847,74523,43175,115349,2349,0.01995786,89542,28127,0.7609651
3,24831206,17140113,7691093,2416052,908867,3258204,66715,0.02006515,2190857,1128243,0.6600756
