pid,execution_cycles,compute_cycles,idle_cycles,loads,stores,hit_count,miss_count,miss_rate,private,shared,private_rate
0,129847516,17729254,112118262,2380720,889412,2170650,1099482,0.3362195,2807327,101701,0.9650395
1,129657441,17120545,112536896,2388005,899247,2183688,1103564,0.3357102,2818721,105338,0.9639754
2,22119408,17556877,4562531,74523,43175,72799,44899,0.3814763,100254,1778,0.9825741
3,131578234,17140113,114438121,2416052,908867,2202549,1122370,0.3375631,2941963,14754,0.99501
