pid,execution_cycles,compute_cycles,idle_cycles,loads,stores,hit_count,miss_count,miss_rate,private,shared,private_rate
0,47910061,17729254,30180807,2380720,889412,2998307,271825,0.08312356,2953801,272174,0.9156305
1,47539440,17120545,30418895,2388005,899247,3013195,274057,0.08336964,3043257,196987,0.9392061
2,18742587,17556877,1185710,74523,43175,106910,10788,0.09165831,94778,19355,0.8304171
3,47688052,17140113,30547939,2416052,908867,3049939,274980,0.08270277,2990785,288080,0.9121403
