pid,execution_cycles,compute_cycles,idle_cycles,loads,stores,hit_count,miss_count,miss_rate,private,shared,private_rate
0,21597256,17729254,3868002,2380720,889412,3263290,6842,0.00209227,2121503,1148303,0.6488162
1,20993229,17120545,3872684,2388005,899247,3280976,6276,0.001909193,2128665,1158330,0.6476021
2,17755431,17556877,198554,74523,43175,116826,872,0.007408792,88578,29107,0.7526703
3,21106516,17140113,3966403,2416052,908867,3317903,7016,0.002110127,2152417,1172248,0.6474087
