pid,execution_cycles,compute_cycles,idle_cycles,loads,stores,hit_count,miss_count,miss_rate,private,shared,private_rate
0,116442257,17729254,98713003,2380720,889412,2346441,923691,0.2824629,2938168,42156,0.9858552
1,110976996,17120545,93856451,2388005,899247,2419955,867297,0.2638365,2967775,55890,0.9815158
2,21568342,17556877,4011465,74523,43175,82735,34963,0.2970569,102746,2401,0.9771653
3,111695416,17140113,94555303,2416052,908867,2451419,873500,0.2627132,3007952,52697,0.9827824
