pid,execution_cycles,compute_cycles,idle_cycles,loads,stores,hit_count,miss_count,miss_rate,private,shared,private_rate
0,43966990,17729254,26237736,2380720,889412,3038136,231996,0.07094393,2498179,727692,0.77442
1,43953660,17120545,26833115,2388005,899247,3049415,237837,0.07235131,2555115,683144,0.7890397
2,18889305,17556877,1332428,74523,43175,105428,12270,0.1042499,92291,20560,0.8178129
3,43914172,17140113,26774059,2416052,908867,3088059,236860,0.07123783,2884953,393481,0.879979
