pid,execution_cycles,compute_cycles,idle_cycles,loads,stores,hit_count,miss_count,miss_rate,private,shared,private_rate
0,31761824,17729254,14032570,2380720,889412,3160202,109930,0.03361638,2216954,1044655,0.6797118
1,31125507,17120545,14004962,2388005,899247,3178370,108882,0.0331225,2230809,1048342,0.6803008
2,17804322,17556877,247445,74523,43175,116305,1393,0.01183538,90595,27080,0.7698747
3,31240767,17140113,14100654,2416052,908867,3215126,109793,0.03302126,2215370,1101578,0.6678941
