pid,execution_cycles,compute_cycles,idle_cycles,loads,stores,hit_count,miss_count,miss_rate,private,shared,private_rate
0,48571876,17729254,30842622,2380720,889412,2991622,278510,0.08516782,3029252,192805,0.9401609
1,48470733,17120545,31350188,2388005,899247,3003788,283464,0.0862313,3039871,196468,0.9392931
2,18772782,17556877,1215905,74523,43175,106605,11093,0.09424969,94326,19697,0.8272542
3,48931393,17140113,31791280,2416052,908867,3037380,287539,0.08648,3078204,196026,0.9401307
