pid,execution_cycles,compute_cycles,idle_cycles,loads,stores,hit_count,miss_count,miss_rate,private,shared,private_rate
0,28346374,17729254,10617120,2380720,889412,3194436,75696,0.02314769,2181472,1079997,0.6688618
1,27727176,17120545,10606631,2388005,899247,3212803,74449,0.02264779,2195538,1083628,0.6695416
2,17903784,17556877,346907,74523,43175,115275,2423,0.02058659,90627,27008,0.7704085
3,27889081,17140113,10748968,2416052,908867,3248896,76023,0.02286462,2206587,1110737,0.6651708
