pid,execution_cycles,compute_cycles,idle_cycles,loads,stores,hit_count,miss_count,miss_rate,private,shared,private_rate
0,30486259,17729254,12757005,2380720,889412,3174305,95827,0.02930371,2232828,1018032,0.6868423
1,30002382,17120545,12881837,2388005,899247,3190337,96915,0.02948207,2304192,962763,0.7053026
2,18272436,17556877,715559,74523,43175,111659,6039,0.05130928,89959,25853,0.7767675
3,29862607,17140113,12722494,2416052,908867,3229994,94925,0.02854957,2236437,1070116,0.6763651
