pid,execution_cycles,compute_cycles,idle_cycles,loads,stores,hit_count,miss_count,miss_rate,private,shared,private_rate
0,26873168,17729254,9143914,2380720,889412,3225694,44438,0.01358905,2240018,1027533,0.6855342
1,26414482,17120545,9293937,2388005,899247,3242538,44714,0.01360224,2165052,1120259,0.6590098
2,18290612,17556877,733735,74523,43175,112398,5300,0.0450305,88162,28269,0.7572038
3,26397063,17140113,9256950,2416052,908867,3280185,44734,0.01345416,2281410,1041268,0.6866178
