pid,execution_cycles,compute_cycles,idle_cycles,loads,stores,hit_count,miss_count,miss_rate,private,shared,private_rate
0,21984178,17729254,4254924,2380720,889412,3262824,7308,0.002234772,2033441,1236380,0.6218814
1,21295575,17120545,4175030,2388005,899247,3280374,6878,0.002092325,2117255,1169800,0.6441191
2,17734464,17556877,177587,74523,43175,117279,419,0.003559959,88782,28916,0.7543204
3,21420748,17140113,4280635,2416052,908867,3317651,7268,0.002185918,2190541,1134120,0.6588765
