pid,execution_cycles,compute_cycles,idle_cycles,loads,stores,hit_count,miss_count,miss_rate,private,shared,private_rate
0,28965400,17729254,11236146,2380720,889412,3182610,87522,0.02676406,2172054,1093337,0.6651742
1,28308987,17120545,11188442,2388005,899247,3200205,87047,0.02648017,2152411,1130741,0.6555929
2,17785544,17556877,228667,74523,43175,116922,776,0.006593145,87876,29822,0.7466227
3,28329349,17140113,11189236,2416052,908867,3237313,87606,0.02634831,2185017,1135800,0.6579757
