pid,execution_cycles,compute_cycles,idle_cycles,loads,stores,hit_count,miss_count,miss_rate,private,shared,private_rate
0,66747247,17729254,49017993,2380720,889412,2808001,462131,0.1413188,3044729,103771,0.9670411
1,66221454,17120545,49100909,2388005,899247,2824453,462799,0.140786,2993513,170536,0.946102
2,20072184,17556877,2515307,74523,43175,93467,24231,0.2058744,97915,11704,0.8932302
3,67878241,17140113,50738128,2416052,908867,2845968,478951,0.1440489,3022373,173079,0.9458358
