pid,execution_cycles,compute_cycles,idle_cycles,loads,stores,hit_count,miss_count,miss_rate,private,shared,private_rate
0,22089178,17729254,4359924,2380720,889412,3258348,11784,0.003603524,2123637,1144714,0.6497579
1,21406941,17120545,4286396,2388005,899247,3276828,10424,0.003171038,2138827,1147125,0.6509003
2,17755773,17556877,198896,74523,43175,116828,870,0.007391799,88821,28877,0.7546517
3,21563203,17140113,4423090,2416052,908867,3313318,11601,0.003489108,2154879,1168867,0.6483284
