pid,execution_cycles,compute_cycles,idle_cycles,loads,stores,hit_count,miss_count,miss_rate,private,shared,private_rate
0,32695642,17729254,14966388,2380720,889412,3151988,118144,0.03612821,2195795,1054923,0.67548
1,32225031,17120545,15104486,2388005,899247,3167886,119366,0.03631179,2214826,1051699,0.6780374
2,18128490,17556877,571613,74523,43175,113113,4585,0.03895563,90507,26200,0.7755062
3,32225044,17140113,15084931,2416052,908867,3206131,118788,0.03572658,2278947,1026879,0.6893729
