pid,execution_cycles,compute_cycles,idle_cycles,loads,stores,hit_count,miss_count,miss_rate,private,shared,private_rate
0,56371085,17729254,38641831,2380720,889412,2908963,361169,0.1104448,2832087,362170,0.8866184
1,54269180,17120545,37148635,2388005,899247,2940684,346568,0.1054279,2855820,363374,0.8871227
2,20176310,17556877,2619433,74523,43175,91684,26014,0.2210233,95315,13765,0.8738082
3,55571863,17140113,38431750,2416052,908867,2965419,359500,0.1081229,2879726,373842,0.8850978
