pid,execution_cycles,compute_cycles,idle_cycles,loads,stores,hit_count,miss_count,miss_rate,private,shared,private_rate
0,34264792,17729254,16535538,2380720,889412,3136138,133994,0.0409751,2624546,634957,0.8051982
1,33759630,17120545,16639085,2388005,899247,3152385,134867,0.04102728,2782820,493016,0.8494992
2,18010878,17556877,454001,74523,43175,114301,3397,0.028862,93299,23476,0.7989638
3,33845278,17140113,16705165,2416052,908867,3189765,135154,0.04064881,2423871,890452,0.7313322
