pid,execution_cycles,compute_cycles,idle_cycles,loads,stores,hit_count,miss_count,miss_rate,private,shared,private_rate
0,59938943,17729254,42209689,2380720,889412,2874559,395573,0.1209655,2788648,402723,0.8738088
1,60519381,17120545,43398836,2388005,899247,2880369,406883,0.123776,2901418,301561,0.9058498
2,19559332,17556877,2002455,74523,43175,98375,19323,0.1641744,99114,12248,0.8900163
3,61696053,17140113,44555940,2416052,908867,2906905,418014,0.1257216,2962160,273556,0.9154574
