pid,execution_cycles,compute_cycles,idle_cycles,loads,stores,hit_count,miss_count,miss_rate,private,shared,private_rate
0,26794231,17729254,9064977,2380720,889412,3214225,55907,0.01709625,2204132,1064512,0.6743261
1,26015316,17120545,8894771,2388005,899247,3232183,55069,0.01675229,2237220,1048814,0.6808268
2,17729871,17556877,172994,74523,43175,117286,412,0.003500484,89239,28459,0.7582032
3,26236045,17140113,9095932,2416052,908867,3268936,55983,0.0168374,2191535,1132005,0.6593978
