pid,execution_cycles,compute_cycles,idle_cycles,loads,stores,hit_count,miss_count,miss_rate,private,shared,private_rate
0,30254353,17729254,12525099,2380720,889412,3240162,29970,0.009164768,2156599,1112748,0.6596421
1,29625211,17120545,12504666,2388005,899247,3257003,30249,0.009201911,2204435,1082037,0.6707603
2,17797608,17556877,240731,74523,43175,117479,219,0.001860694,65181,52473,0.5540058
3,29788441,17140113,12648328,2416052,908867,3295004,29915,0.008997212,2232648,1091590,0.671627
