pid,execution_cycles,compute_cycles,idle_cycles,loads,stores,hit_count,miss_count,miss_rate,private,shared,private_rate
0,24036234,17729254,6306980,2380720,889412,3228940,41192,0.01259643,2104193,1162774,0.6440815
1,23499530,17120545,6378985,2388005,899247,3246623,40629,0.01235956,2132103,1152446,0.6491311
2,17823467,17556877,266590,74523,43175,116382,1316,0.01118116,88993,28705,0.7561131
3,23532561,17140113,6392448,2416052,908867,3283878,41041,0.01234346,2148423,1173918,0.6466594
