pid,execution_cycles,compute_cycles,idle_cycles,loads,stores,hit_count,miss_count,miss_rate,private,shared,private_rate
0,23773861,17729254,6044607,2380720,889412,3242107,28025,0.00856999,2002872,1266649,0.6125888
1,23267808,17120545,6147263,2388005,899247,3258363,28889,0.008788191,2131646,1155120,0.6485542
2,17707839,17556877,150962,74523,43175,117362,336,0.002854764,89553,28090,0.7612268
3,23308510,17140113,6168397,2416052,908867,3296197,28722,0.008638406,2118376,1205960,0.6372328
