pid,execution_cycles,compute_cycles,idle_cycles,loads,stores,hit_count,miss_count,miss_rate,private,shared,private_rate
0,84529211,17729254,66799957,2380720,889412,2620101,650031,0.1987782,2984407,86523,0.9718251
1,83790244,17120545,66669699,2388005,899247,2637177,650075,0.1977564,2992810,93786,0.9696151
2,20838834,17556877,3281957,74523,43175,84223,33475,0.2844143,100819,4966,0.9530557
3,85371795,17140113,68231682,2416052,908867,2657168,667751,0.2008323,3017382,101650,0.9674098
