pid,execution_cycles,compute_cycles,idle_cycles,loads,stores,hit_count,miss_count,miss_rate,private,shared,private_rate
0,22744147,17729254,5014893,2380720,889412,3248265,21867,0.006686886,2135410,1133673,0.6532138
1,22429270,17120545,5308725,2388005,899247,3265533,21719,0.006607038,2162351,1124246,0.6579301
2,18084855,17556877,527978,74523,43175,113314,4384,0.03724787,90258,27440,0.7668609
3,22524550,17140113,5384437,2416052,908867,3302089,22830,0.006866333,2175163,1148747,0.6543989
