pid,execution_cycles,compute_cycles,idle_cycles,loads,stores,hit_count,miss_count,miss_rate,private,shared,private_rate
0,35519280,17729254,17790026,2380720,889412,3093349,176783,0.0540599,2227203,1004405,0.6891934
1,35506228,17120545,18385683,2388005,899247,3108902,178350,0.05425504,2247952,999506,0.692219
2,18325338,17556877,768461,74523,43175,111132,6566,0.05578684,89794,24869,0.7831123
3,35136752,17140113,17996639,2416052,908867,3149053,175866,0.05289332,2353520,934838,0.7157128
