pid,execution_cycles,compute_cycles,idle_cycles,loads,stores,hit_count,miss_count,miss_rate,private,shared,private_rate
0,21527173,17729254,3797919,2380720,889412,3264023,6109,0.00186812,2120873,1148757,0.6486584
1,20911833,17120545,3791288,2388005,899247,3281844,5408,0.001645143,2127346,1159738,0.6471833
2,17755017,17556877,198140,74523,43175,116828,870,0.007391799,88532,29166,0.7521963
3,21015355,17140113,3875242,2416052,908867,3318846,6073,0.001826511,2152516,1172339,0.6474015
