pid,execution_cycles,compute_cycles,idle_cycles,loads,stores,hit_count,miss_count,miss_rate,private,shared,private_rate
0,26646148,17729254,8916894,2380720,889412,3213094,57038,0.01744211,2088549,1180059,0.638972
1,26031987,17120545,8911442,2388005,899247,3230442,56810,0.01728191,2375650,910386,0.7229531
2,17715660,17556877,158783,74523,43175,117283,415,0.003525973,89205,28488,0.7579465
3,26137732,17140113,8997619,2416052,908867,3267619,57300,0.0172335,2255040,1068091,0.678589
