pid,execution_cycles,compute_cycles,idle_cycles,loads,stores,hit_count,miss_count,miss_rate,private,shared,private_rate
0,30455527,17729254,12726273,2380720,889412,3213966,56166,0.01717545,2263989,1004414,0.6926897
1,29849877,17120545,12729332,2388005,899247,3231172,56080,0.01705984,2293488,992383,0.6979848
2,17771197,17556877,214320,74523,43175,117362,336,0.002854764,86888,30796,0.7383162
3,29998796,17140113,12858683,2416052,908867,3268442,56477,0.01698598,2328412,994799,0.7006513
