pid,execution_cycles,compute_cycles,idle_cycles,loads,stores,hit_count,miss_count,miss_rate,private,shared,private_rate
0,46868779,17729254,29139525,2380720,889412,3008825,261307,0.07990717,2943140,296188,0.908565
1,46471428,17120545,29350883,2388005,899247,3023983,263269,0.08008787,2815840,440013,0.8648548
2,18486771,17556877,929894,74523,43175,109494,8204,0.06970382,97809,18269,0.8426144
3,47087320,17140113,29947207,2416052,908867,3056007,268912,0.08087776,2970794,321132,0.9024486
