pid,execution_cycles,compute_cycles,idle_cycles,loads,stores,hit_count,miss_count,miss_rate,private,shared,private_rate
0,21439540,17729254,3710286,2380720,889412,3265686,4446,0.001359578,2082866,1186547,0.6370764
1,20809737,17120545,3689192,2388005,899247,3283192,4060,0.001235074,2094504,1192254,0.6372553
2,17733480,17556877,176603,74523,43175,117103,595,0.005055311,88453,29245,0.7515251
3,20898652,17140113,3758539,2416052,908867,3320539,4380,0.001317325,2169549,1154932,0.6525978
