pid,execution_cycles,compute_cycles,idle_cycles,loads,stores,hit_count,miss_count,miss_rate,private,shared,private_rate
0,25074829,17729254,7345575,2380720,889412,3228151,41981,0.01283771,2201330,1065522,0.6738383
1,24346935,17120545,7226390,2388005,899247,3247074,40178,0.01222237,2246328,1038865,0.6837735
2,18127500,17556877,570623,74523,43175,113079,4619,0.03924451,90294,26575,0.7726086
3,24581551,17140113,7441438,2416052,908867,3282706,42213,0.01269595,2213462,1108430,0.6663257
