pid,execution_cycles,compute_cycles,idle_cycles,loads,stores,hit_count,miss_count,miss_rate,private,shared,private_rate
0,32252871,17729254,14523617,2380720,889412,3155777,114355,0.03496954,2782794,476827,0.853717
1,31667413,17120545,14546868,2388005,899247,3173048,114204,0.03474148,2270314,1005990,0.6929497
2,17817800,17556877,260923,74523,43175,116219,1479,0.01256606,90695,26579,0.7733598
3,31705579,17140113,14565466,2416052,908867,3210626,114293,0.03437467,2289476,1024972,0.6907563
