pid,execution_cycles,compute_cycles,idle_cycles,loads,stores,hit_count,miss_count,miss_rate,private,shared,private_rate
0,27110098,17729254,9380844,2380720,889412,3207084,63048,0.01927996,2180465,1083894,0.6679612
1,26545437,17120545,9424892,2388005,899247,3224800,62452,0.01899824,2192996,1088939,0.6682021
2,17899437,17556877,342560,74523,43175,115296,2402,0.02040816,90619,27063,0.7700328
3,26721856,17140113,9581743,2416052,908867,3260855,64064,0.01926784,2206027,1113700,0.6645206
