pid,execution_cycles,compute_cycles,idle_cycles,loads,stores,hit_count,miss_count,miss_rate,private,shared,private_rate
0,22810585,17729254,5081331,2380720,889412,3254221,15911,0.004865553,2084503,1183181,0.6379145
1,22331063,17120545,5210518,2388005,899247,3271647,15605,0.004747126,2108828,1176096,0.6419716
2,17823226,17556877,266349,74523,43175,116381,1317,0.01118965,88216,29480,0.7495242
3,22368209,17140113,5228096,2416052,908867,3308764,16155,0.004858765,2127437,1195453,0.640237
