pid,execution_cycles,compute_cycles,idle_cycles,loads,stores,hit_count,miss_count,miss_rate,private,shared,private_rate
0,26521210,17729254,8791956,2380720,889412,3214356,55776,0.01705619,2069097,1199708,0.6329827
1,25912692,17120545,8792147,2388005,899247,3231647,55605,0.01691534,2263372,1022846,0.6887468
2,17715066,17556877,158189,74523,43175,117289,409,0.003474995,89173,28525,0.7576424
3,26024575,17140113,8884462,2416052,908867,3268762,56157,0.01688973,2194576,1128712,0.6603629
