pid,execution_cycles,compute_cycles,idle_cycles,loads,stores,hit_count,miss_count,miss_rate,private,shared,private_rate
0,36731377,17729254,19002123,2380720,889412,3111223,158909,0.04859406,2595154,660197,0.7971964
1,36245223,17120545,19124678,2388005,899247,3127278,159974,0.04866496,2674514,598424,0.81716
2,18567852,17556877,1010975,74523,43175,108675,9023,0.07666231,93617,21836,0.8108668
3,36447592,17140113,19307479,2416052,908867,3163479,161440,0.04855457,2986910,322447,0.9025651
