pid,execution_cycles,compute_cycles,idle_cycles,loads,stores,hit_count,miss_count,miss_rate,private,shared,private_rate
0,29861319,17729254,12132065,2380720,889412,3200706,69426,0.02123034,2173670,1093588,0.6652888
1,29278652,17120545,12158107,2388005,899247,3218134,69118,0.02102607,2152375,1132538,0.6552304
2,17772021,17556877,215144,74523,43175,117198,500,0.004248161,87538,30149,0.7438205
3,29427700,17140113,12287587,2416052,908867,3255496,69423,0.02087961,2194113,1128248,0.6604078
