pid,execution_cycles,compute_cycles,idle_cycles,loads,stores,hit_count,miss_count,miss_rate,private,shared,private_rate
0,22394065,17729254,4664811,2380720,889412,3269480,652,0.0001993803,1769358,1500678,0.5410821
1,21458106,17120545,4337561,2388005,899247,3286603,649,0.0001974293,1817464,1469736,0.5528912
2,17804708,17556877,247831,74523,43175,117538,160,0.001359411,62614,55084,0.5319886
3,21805761,17140113,4665648,2416052,908867,3324271,648,0.000194892,1819192,1505683,0.547146
