pid,execution_cycles,compute_cycles,idle_cycles,loads,stores,hit_count,miss_count,miss_rate,private,shared,private_rate
0,41636728,17729254,23907474,2380720,889412,3061674,208458,0.06374605,2799528,443321,0.8632927
1,40478859,17120545,23358314,2388005,899247,3084514,202738,0.06167401,2549279,711610,0.7817742
2,18602007,17556877,1045130,74523,43175,108330,9368,0.07959354,95390,19471,0.8304821
3,40860814,17140113,23720701,2416052,908867,3118901,206018,0.06196181,2531270,765482,0.7678072
