pid,execution_cycles,compute_cycles,idle_cycles,loads,stores,hit_count,miss_count,miss_rate,private,shared,private_rate
0,29345944,17729254,11616690,2380720,889412,3208522,61610,0.01884022,2249324,1013808,0.6893144
1,28227213,17120545,11106668,2388005,899247,3227392,59860,0.01820974,2074408,1207067,0.6321572
2,18107370,17556877,550493,74523,43175,113877,3821,0.03246444,91596,24333,0.7901043
3,29403445,17140113,12263332,2416052,908867,3260700,64219,0.01931446,2089610,1228300,0.6297971
