pid,execution_cycles,compute_cycles,idle_cycles,loads,stores,hit_count,miss_count,miss_rate,private,shared,private_rate
0,23800981,17729254,6071727,2380720,889412,3243976,26156,0.007998454,2066439,1201665,0.6323052
1,23275511,17120545,6154966,2388005,899247,3261750,25502,0.007757848,2091193,1194310,0.636491
2,17785571,17556877,228694,74523,43175,116921,777,0.006601641,87340,30353,0.7421002
3,23300797,17140113,6160684,2416052,908867,3298924,25995,0.007818236,2133634,1189793,0.6419982
