pid,execution_cycles,compute_cycles,idle_cycles,loads,stores,hit_count,miss_count,miss_rate,private,shared,private_rate
0,22791896,17729254,5062642,2380720,889412,3248094,22038,0.006739178,2134366,1132113,0.6534149
1,22474658,17120545,5354113,2388005,899247,3265397,21855,0.00664841,2160892,1123017,0.6580243
2,18084855,17556877,527978,74523,43175,113314,4384,0.03724787,90258,27440,0.7668609
3,22566543,17140113,5426430,2416052,908867,3301978,22941,0.006899717,2174235,1147586,0.6545311
