pid,execution_cycles,compute_cycles,idle_cycles,loads,stores,hit_count,miss_count,miss_rate,private,shared,private_rate
0,36061297,17729254,18332043,2380720,889412,3096231,173901,0.05317859,2335173,913177,0.7188797
1,35625048,17120545,18504503,2388005,899247,3110225,177027,0.05385258,2262542,1000279,0.6934312
2,18317499,17556877,760622,74523,43175,110740,6958,0.0591174,93724,21706,0.8119553
3,35650707,17140113,18510594,2416052,908867,3147959,176960,0.05322235,2294564,1007677,0.6948506
