pid,execution_cycles,compute_cycles,idle_cycles,loads,stores,hit_count,miss_count,miss_rate,private,shared,private_rate
0,30123244,17729254,12393990,2380720,889412,3177650,92482,0.02828082,2840036,424370,0.8700009
1,29513502,17120545,12392957,2388005,899247,3194965,92287,0.02807421,2417210,864275,0.7366208
2,17763927,17556877,207050,74523,43175,116778,920,0.007816615,89253,28158,0.7601758
3,29591581,17140113,12451468,2416052,908867,3232296,92623,0.02785722,2227028,1091950,0.6709981
