pid,execution_cycles,compute_cycles,idle_cycles,loads,stores,hit_count,miss_count,miss_rate,private,shared,private_rate
0,164932294,17729254,147203040,2380720,889412,1821834,1448298,0.4428867,2802118,20835,0.9926194
1,165300420,17120545,148179875,2388005,899247,1829290,1457962,0.44352,2815751,23825,0.9916097
2,22833872,17556877,5276995,74523,43175,65912,51786,0.4399905,98731,345,0.9965178
3,167078352,17140113,149938239,2416052,908867,1849665,1475254,0.4436962,2844824,25825,0.9910038
