pid,execution_cycles,compute_cycles,idle_cycles,loads,stores,hit_count,miss_count,miss_rate,private,shared,private_rate
0,25950760,17729254,8221506,2380720,889412,3222258,47874,0.01463978,2164616,1103794,0.6622841
1,25207080,17120545,8086535,2388005,899247,3239723,47529,0.01445858,2330774,954929,0.7093684
2,17730234,17556877,173357,74523,43175,117265,433,0.003678907,89157,28501,0.757764
3,25389124,17140113,8249011,2416052,908867,3277007,47912,0.01440998,2221874,1101707,0.6685181
