pid,execution_cycles,compute_cycles,idle_cycles,loads,stores,hit_count,miss_count,miss_rate,private,shared,private_rate
0,34793947,17729254,17064693,2380720,889412,3130793,139339,0.04260959,2376520,883325,0.7290285
1,34413822,17120545,17293277,2388005,899247,3145777,141475,0.04303747,2375763,900490,0.7251464
2,18126906,17556877,570029,74523,43175,113129,4569,0.03881969,92907,23727,0.7965688
3,34734199,17140113,17594086,2416052,908867,3180786,144133,0.04334933,3031542,281691,0.91498
