pid,execution_cycles,compute_cycles,idle_cycles,loads,stores,hit_count,miss_count,miss_rate,private,shared,private_rate
0,23339533,17729254,5610279,2380720,889412,3248363,21769,0.006656918,2107021,1158343,0.6452637
1,23161944,17120545,6041399,2388005,899247,3264578,22674,0.006897555,2144403,1137911,0.6533205
2,18059146,17556877,502269,74523,43175,113376,4322,0.0367211,88984,28707,0.7560816
3,23164529,17140113,6024416,2416052,908867,3302141,22778,0.006850693,2158774,1162029,0.6500759
