pid,execution_cycles,compute_cycles,idle_cycles,loads,stores,hit_count,miss_count,miss_rate,private,shared,private_rate
0,22472623,17729254,4743369,2380720,889412,3257917,12215,0.003735323,2027863,1241681,0.6202281
1,21753963,17120545,4633418,2388005,899247,3275654,11598,0.003528175,2106527,1180352,0.6408897
2,17732181,17556877,175304,74523,43175,117280,418,0.003551462,88931,28767,0.7555863
3,21901318,17140113,4761205,2416052,908867,3312677,12242,0.003681894,2178974,1145567,0.655421
