pid,execution_cycles,compute_cycles,idle_cycles,loads,stores,hit_count,miss_count,miss_rate,private,shared,private_rate
0,141749290,17729254,124020036,2380720,889412,2050436,1219696,0.3729807,2896352,24328,0.9916704
1,141172155,17120545,124051610,2388005,899247,2067410,1219842,0.3710826,2926842,10056,0.996576
2,22316091,17556877,4759214,74523,43175,70814,46884,0.3983415,100048,546,0.9945722
3,143198005,17140113,126057892,2416052,908867,2085192,1239727,0.3728593,2942821,26306,0.9911402
