pid,execution_cycles,compute_cycles,idle_cycles,loads,stores,hit_count,miss_count,miss_rate,private,shared,private_rate
0,63008353,17729254,45279099,2380720,889412,2845799,424333,0.1297602,2921601,228845,0.9273611
1,61721289,17120545,44600744,2388005,899247,2869944,417308,0.1269474,2881057,287454,0.9092779
2,19665465,17556877,2108588,74523,43175,97588,20110,0.170861,91387,17763,0.8372607
3,63567553,17140113,46427440,2416052,908867,2889540,435379,0.1309442,2976677,224202,0.9299561
