pid,execution_cycles,compute_cycles,idle_cycles,loads,stores,hit_count,miss_count,miss_rate,private,shared,private_rate
0,39702046,17729254,21972792,2380720,889412,3055741,214391,0.06556035,2417369,815186,0.7478199
1,39235446,17120545,22114901,2388005,899247,3067502,219750,0.06684915,2295955,951862,0.7069225
2,18596385,17556877,1039508,74523,43175,107442,10256,0.08713827,93041,21235,0.814178
3,39264078,17140113,22123965,2416052,908867,3100481,224438,0.06750179,2312949,970845,0.7043526
