pid,execution_cycles,compute_cycles,idle_cycles,loads,stores,hit_count,miss_count,miss_rate,private,shared,private_rate
0,34259248,17729254,16529994,2380720,889412,3136194,133938,0.04095798,2644726,614690,0.811411
1,33732306,17120545,16611761,2388005,899247,3152661,134591,0.04094332,2902452,373258,0.8860528
2,18011670,17556877,454793,74523,43175,114293,3405,0.02892997,93266,23510,0.7986744
3,33835279,17140113,16695166,2416052,908867,3189866,135053,0.04061843,2579971,734286,0.7784463
