pid,execution_cycles,compute_cycles,idle_cycles,loads,stores,hit_count,miss_count,miss_rate,private,shared,private_rate
0,32321521,17729254,14592267,2380720,889412,3155767,114365,0.03497259,2831411,428454,0.8685669
1,31705083,17120545,14584538,2388005,899247,3173138,114114,0.0347141,2419506,857377,0.7383559
2,17820006,17556877,263129,74523,43175,116229,1469,0.0124811,90782,26535,0.7738179
3,31749448,17140113,14609335,2416052,908867,3210935,113984,0.03428174,2241029,1073517,0.6761194
