pid,execution_cycles,compute_cycles,idle_cycles,loads,stores,hit_count,miss_count,miss_rate,private,shared,private_rate
0,37543578,17729254,19814324,2380720,889412,3102488,167644,0.05126521,2807985,440095,0.8645061
1,37625748,17120545,20505203,2388005,899247,3113119,174133,0.05297221,2700665,562988,0.8274976
2,18346619,17556877,789742,74523,43175,110898,6800,0.05777498,92970,22403,0.8058211
3,37493870,17140113,20353757,2416052,908867,3152473,172446,0.05186472,2950174,352677,0.8932204
