pid,execution_cycles,compute_cycles,idle_cycles,loads,stores,hit_count,miss_count,miss_rate,private,shared,private_rate
0,22294009,17729254,4564755,2380720,889412,3257055,13077,0.003998921,2133157,1136940,0.6523222
1,21685590,17120545,4565045,2388005,899247,3274345,12907,0.00392638,2150879,1136328,0.6543181
2,17912373,17556877,355496,74523,43175,115296,2402,0.02040816,90038,27660,0.7649918
3,21832222,17140113,4692109,2416052,908867,3311109,13810,0.004153485,2163350,1161498,0.6506613
