pid,execution_cycles,compute_cycles,idle_cycles,loads,stores,hit_count,miss_count,miss_rate,private,shared,private_rate
0,97244594,17729254,79515340,2380720,889412,2620582,649550,0.1986311,3045207,76468,0.9755042
1,96919299,17120545,79798754,2388005,899247,2643971,643281,0.1956896,3033673,106151,0.9661921
2,20446959,17556877,2890082,74523,43175,94986,22712,0.1929684,103757,5216,0.9521349
3,97802644,17140113,80662531,2416052,908867,2671018,653901,0.1966667,3082898,90493,0.9714838
