pid,execution_cycles,compute_cycles,idle_cycles,loads,stores,hit_count,miss_count,miss_rate,private,shared,private_rate
0,23191444,17729254,5462190,2380720,889412,3247990,22142,0.00677098,2135207,1134322,0.6530626
1,22585698,17120545,5465153,2388005,899247,3265253,21999,0.006692216,2163270,1123459,0.6581833
2,18108393,17556877,551516,74523,43175,113316,4382,0.03723088,90258,27425,0.7669587
3,22757278,17140113,5617165,2416052,908867,3301765,23154,0.006963779,2176246,1148232,0.6546128
