pid,execution_cycles,compute_cycles,idle_cycles,loads,stores,hit_count,miss_count,miss_rate,private,shared,private_rate
0,21700343,17729254,3971089,2380720,889412,3261353,8779,0.002684601,2129256,1138224,0.6516508
1,21163888,17120545,4043343,2388005,899247,3279035,8217,0.002499656,2138874,1146079,0.6511125
2,17801144,17556877,244267,74523,43175,116311,1387,0.0117844,89796,27902,0.7629356
3,21257585,17140113,4117472,2416052,908867,3316004,8915,0.002681268,2147474,1175291,0.6462913
