pid,execution_cycles,compute_cycles,idle_cycles,loads,stores,hit_count,miss_count,miss_rate,private,shared,private_rate
0,24152767,17729254,6423513,2380720,889412,3255817,14315,0.004377499,2028926,1240318,0.6206101
1,23459769,17120545,6339224,2388005,899247,3272496,14756,0.004488856,2053376,1233207,0.6247753
2,18008733,17556877,451856,74523,43175,115340,2358,0.02003433,90305,26331,0.7742464
3,24222313,17140113,7082200,2416052,908867,3309376,15543,0.0046747,2051698,1272661,0.617171
