pid,execution_cycles,compute_cycles,idle_cycles,loads,stores,hit_count,miss_count,miss_rate,private,shared,private_rate
0,25988293,17729254,8259039,2380720,889412,3219739,50393,0.01541008,2151360,1108182,0.6600191
1,25220880,17120545,8100335,2388005,899247,3238635,48617,0.01478956,2178392,1098825,0.6647079
2,18108294,17556877,551417,74523,43175,113317,4381,0.03722238,90959,26739,0.7728169
3,25645702,17140113,8505589,2416052,908867,3272589,52330,0.01573873,2191667,1123505,0.661102
