pid,execution_cycles,compute_cycles,idle_cycles,loads,stores,hit_count,miss_count,miss_rate,private,shared,private_rate
0,23664169,17729254,5934915,2380720,889412,3243215,26917,0.008231166,2119840,1149672,0.6483659
1,23020110,17120545,5899565,2388005,899247,3260865,26387,0.008027069,2260058,1026739,0.6876172
2,17705364,17556877,148487,74523,43175,117387,311,0.002642356,89312,28386,0.7588234
3,23195353,17140113,6055240,2416052,908867,3297340,27579,0.008294638,2165828,1158517,0.6515052
