pid,execution_cycles,compute_cycles,idle_cycles,loads,stores,hit_count,miss_count,miss_rate,private,shared,private_rate
0,28336771,17729254,10607517,2380720,889412,3196017,74115,0.02266422,2671519,595335,0.817765
1,28529262,17120545,11408717,2388005,899247,3205217,82035,0.02495549,2444281,839464,0.7443577
2,17909007,17556877,352130,74523,43175,115330,2368,0.02011929,90698,26055,0.7768366
3,28297219,17140113,11157106,2416052,908867,3245806,79113,0.02379396,2605320,715156,0.7846224
