pid,execution_cycles,compute_cycles,idle_cycles,loads,stores,hit_count,miss_count,miss_rate,private,shared,private_rate
0,41095099,17729254,23365845,2380720,889412,3067145,202987,0.06207303,2904805,328193,0.8984865
1,40980195,17120545,23859650,2388005,899247,3079450,207802,0.0632145,3013762,232057,0.9285059
2,18676059,17556877,1119182,74523,43175,107582,10116,0.08594878,91931,21655,0.8093515
3,40818343,17140113,23678230,2416052,908867,3119330,205589,0.06183278,3050245,236801,0.9279593
