pid,execution_cycles,compute_cycles,idle_cycles,loads,stores,hit_count,miss_count,miss_rate,private,shared,private_rate
0,22359769,17729254,4630515,2380720,889412,3262487,7645,0.002337826,2078084,1191256,0.635628
1,21941278,17120545,4820733,2388005,899247,3279606,7646,0.002325955,2104274,1182395,0.6402452
2,17822923,17556877,266046,74523,43175,116382,1316,0.01118116,87962,29736,0.7473534
3,21987091,17140113,4846978,2416052,908867,3316943,7976,0.002398855,2123848,1200329,0.6389094
