pid,execution_cycles,compute_cycles,idle_cycles,loads,stores,hit_count,miss_count,miss_rate,private,shared,private_rate
0,32950663,17729254,15221409,2380720,889412,3130008,140124,0.04284965,2240591,1010260,0.6892321
1,32556594,17120545,15436049,2388005,899247,3144542,142710,0.04341316,2259482,1006577,0.6918069
2,17969102,17556877,412225,74523,43175,114925,2773,0.0235603,90052,26235,0.7743944
3,32580638,17140113,15440525,2416052,908867,3183852,141067,0.0424272,2268668,1036598,0.6863799
