pid,execution_cycles,compute_cycles,idle_cycles,loads,stores,hit_count,miss_count,miss_rate,private,shared,private_rate
0,21434986,17729254,3705732,2380720,889412,3265732,4400,0.001345511,2083869,1185523,0.6373873
1,20807856,17120545,3687311,2388005,899247,3283211,4041,0.001229294,2088920,1197829,0.6355581
2,17733480,17556877,176603,74523,43175,117103,595,0.005055311,88455,29243,0.7515421
3,20894593,17140113,3754480,2416052,908867,3320580,4339,0.001304994,2169703,1154763,0.6526471
