pid,execution_cycles,compute_cycles,idle_cycles,loads,stores,hit_count,miss_count,miss_rate,private,shared,private_rate
0,24426908,17729254,6697654,2380720,889412,3220923,49209,0.01504802,2124972,1134543,0.6519289
1,24029876,17120545,6909331,2388005,899247,3238842,48410,0.01472659,2165145,1112057,0.6606688
2,18061360,17556877,504483,74523,43175,113375,4323,0.0367296,90063,27590,0.7654968
3,24144572,17140113,7004459,2416052,908867,3273598,51321,0.01543526,2177359,1137781,0.6567925
