pid,execution_cycles,compute_cycles,idle_cycles,loads,stores,hit_count,miss_count,miss_rate,private,shared,private_rate
0,24066505,17729254,6337251,2380720,889412,3239151,30981,0.009473929,2017694,1251759,0.617135
1,23562036,17120545,6441491,2388005,899247,3255391,31861,0.00969229,2055069,1231648,0.625265
2,17709126,17556877,152249,74523,43175,117349,349,0.002965216,89721,27926,0.7626289
3,23588878,17140113,6448765,2416052,908867,3293365,31554,0.009490156,2022539,1301906,0.608384
