pid,execution_cycles,compute_cycles,idle_cycles,loads,stores,hit_count,miss_count,miss_rate,private,shared,private_rate
0,145370310,17729254,127641056,2380720,889412,2006798,1263334,0.3863251,2771112,90487,0.9683789
1,144684831,17120545,127564286,2388005,899247,2020876,1266376,0.3852385,2748945,128933,0.9551986
2,22185764,17556877,4628887,74523,43175,72076,45622,0.3876192,99239,1445,0.9856482
3,146230173,17140113,129090060,2416052,908867,2042752,1282167,0.3856235,2775147,134969,0.9536207
