pid,execution_cycles,compute_cycles,idle_cycles,loads,stores,hit_count,miss_count,miss_rate,private,shared,private_rate
0,66750355,17729254,49021101,2380720,889412,2808001,462131,0.1413188,3043654,104870,0.9666923
1,66224799,17120545,49104254,2388005,899247,2824454,462798,0.1407857,2991121,172948,0.94534
2,20073444,17556877,2516567,74523,43175,93467,24231,0.2058744,98158,11469,0.8953816
3,67880983,17140113,50740870,2416052,908867,2845970,478949,0.1440483,3022499,172950,0.9458762
