pid,execution_cycles,compute_cycles,idle_cycles,loads,stores,hit_count,miss_count,miss_rate,private,shared,private_rate
0,25809249,17729254,8079995,2380720,889412,3219675,50457,0.01542965,2151758,1107761,0.6601459
1,25169409,17120545,8048864,2388005,899247,3238628,48624,0.01479169,2177876,1099346,0.6645494
2,18087502,17556877,530625,74523,43175,113317,4381,0.03722238,91015,26683,0.7732927
3,25557088,17140113,8416975,2416052,908867,3272447,52472,0.01578144,2191868,1123269,0.6611697
