pid,execution_cycles,compute_cycles,idle_cycles,loads,stores,hit_count,miss_count,miss_rate,private,shared,private_rate
0,23183821,17729254,5454567,2380720,889412,3248067,22065,0.006747434,2133925,1132557,0.6532793
1,22573818,17120545,5453273,2388005,899247,3265373,21879,0.006655711,2161625,1122277,0.6582489
2,18108294,17556877,551417,74523,43175,113317,4381,0.03722238,90263,27435,0.7669034
3,22739953,17140113,5599840,2416052,908867,3301940,22979,0.006911146,2174844,1147058,0.6546984
