pid,execution_cycles,compute_cycles,idle_cycles,loads,stores,hit_count,miss_count,miss_rate,private,shared,private_rate
0,39946303,17729254,22217049,2380720,889412,3078749,191383,0.05852455,2572927,675544,0.7920425
1,40061970,17120545,22941425,2388005,899247,3088725,198527,0.060393,2609104,655348,0.7992472
2,18336786,17556877,779909,74523,43175,111009,6689,0.05683189,96865,18562,0.8391884
3,38796961,17140113,21656848,2416052,908867,3139748,185171,0.05569188,2652670,650622,0.8030383
