pid,execution_cycles,compute_cycles,idle_cycles,loads,stores,hit_count,miss_count,miss_rate,private,shared,private_rate
0,21824848,17729254,4095594,2380720,889412,3261794,8338,0.002549744,2134675,1135263,0.6528182
1,21211677,17120545,4091132,2388005,899247,3279132,8120,0.002470148,2140546,1146576,0.6511915
2,17706057,17556877,149180,74523,43175,117380,318,0.00270183,89230,28467,0.7581332
3,21278317,17140113,4138204,2416052,908867,3316704,8215,0.002470737,2217263,1107456,0.6669024
