pid,execution_cycles,compute_cycles,idle_cycles,loads,stores,hit_count,miss_count,miss_rate,private,shared,private_rate
0,30790189,17729254,13060935,2380720,889412,3171235,98897,0.03024251,2310983,950050,0.7086659
1,29967435,17120545,12846890,2388005,899247,3190690,96562,0.02937469,2390284,889061,0.7288907
2,17831589,17556877,274712,74523,43175,116112,1586,0.01347517,91000,26465,0.7746988
3,30143272,17140113,13003159,2416052,908867,3227159,97760,0.02940222,2219411,1097468,0.6691263
