pid,execution_cycles,compute_cycles,idle_cycles,loads,stores,hit_count,miss_count,miss_rate,private,shared,private_rate
0,25487199,17729254,7757945,2380720,889412,3230477,39655,0.01212642,2234384,1034632,0.6835035
1,24932782,17120545,7812237,2388005,899247,3247517,39735,0.0120876,2059457,1226919,0.6266651
2,17744852,17556877,187975,74523,43175,117371,327,0.002778297,89533,28147,0.7608175
3,25222695,17140113,8082582,2416052,908867,3284798,40121,0.01206676,2057035,1267076,0.6188226
