pid,execution_cycles,compute_cycles,idle_cycles,loads,stores,hit_count,miss_count,miss_rate,private,shared,private_rate
0,25124155,17729254,7394901,2380720,889412,3244073,26059,0.007968791,2093048,1176440,0.6401761
1,24625824,17120545,7505279,2388005,899247,3261007,26245,0.007983872,2087701,1199192,0.6351594
2,17802054,17556877,245177,74523,43175,117437,261,0.00221754,89578,28118,0.7610964
3,25199476,17140113,8059363,2416052,908867,3298395,26524,0.007977337,2016741,1307681,0.6066441
