pid,execution_cycles,compute_cycles,idle_cycles,loads,stores,hit_count,miss_count,miss_rate,private,shared,private_rate
0,27972946,17729254,10243692,2380720,889412,3199692,70440,0.02154041,2227514,1040752,0.6815584
1,27348093,17120545,10227548,2388005,899247,3217148,70104,0.02132602,2209774,1075299,0.6726712
2,17756844,17556877,199967,74523,43175,116867,831,0.007060443,89987,27486,0.7660228
3,27471559,17140113,10331446,2416052,908867,3254146,70773,0.02128563,2583960,738660,0.7776875
