pid,execution_cycles,compute_cycles,idle_cycles,loads,stores,hit_count,miss_count,miss_rate,private,shared,private_rate
0,35828222,17729254,18098968,2380720,889412,3098142,171990,0.05259421,2318898,929681,0.7138192
1,35392273,17120545,18271728,2388005,899247,3112309,174943,0.05321862,2262212,1001014,0.693244
2,18339425,17556877,782548,74523,43175,110527,7171,0.06092712,93711,21687,0.8120678
3,35418002,17140113,18277889,2416052,908867,3149801,175118,0.05266835,2290317,1012198,0.6935069
