pid,execution_cycles,compute_cycles,idle_cycles,loads,stores,hit_count,miss_count,miss_rate,private,shared,private_rate
0,40940187,17729254,23210933,2380720,889412,3067813,202319,0.06186876,2275006,958169,0.7036446
1,40904652,17120545,23784107,2388005,899247,3080043,207209,0.06303411,2635450,610629,0.8118872
2,18671637,17556877,1114760,74523,43175,107596,10102,0.08582984,91952,21610,0.8097075
3,40670667,17140113,23530554,2416052,908867,3120042,204877,0.06161864,3052013,235224,0.9284432
