pid,execution_cycles,compute_cycles,idle_cycles,loads,stores,hit_count,miss_count,miss_rate,private,shared,private_rate
0,27083137,11337782,15745355,1832392,744111,2448591,127912,0.04964559,2009891,473943,0.8091889
1,25738508,11290799,14447709,1821846,585998,2289811,118033,0.0490202,1893070,433465,0.8136864
2,27035694,11337671,15698023,1838008,766181,2477460,126729,0.04866352,2071631,441518,0.8243168
3,25923601,11301515,14622086,1832174,579291,2290684,120781,0.05008615,1832298,493436,0.7878364
