pid,execution_cycles,compute_cycles,idle_cycles,loads,stores,hit_count,miss_count,miss_rate,private,shared,private_rate
0,28277898,11337782,16940116,1832392,744111,2431416,145087,0.0563116,2088672,442993,0.8250191
1,23213335,11290799,11922536,1821846,585998,2311736,96108,0.03991455,1933202,440402,0.8144585
2,27678308,11337671,16340637,1838008,766181,2465437,138752,0.05328031,2118820,438878,0.828409
3,23276974,11301515,11975459,1832174,579291,2314859,96606,0.04006112,1924388,452050,0.8097783
