pid,execution_cycles,compute_cycles,idle_cycles,loads,stores,hit_count,miss_count,miss_rate,private,shared,private_rate
0,38140872,11337782,26803090,1832392,744111,2331790,244713,0.09497874,2106442,361536,0.8535092
1,33406375,11290799,22115576,1821846,585998,2208776,199068,0.08267479,1962931,354397,0.8470665
2,38667506,11337671,27329835,1838008,766181,2354435,249754,0.09590471,2158436,331106,0.8670012
3,33091636,11301515,21790121,1832174,579291,2215721,195744,0.08117223,1972197,350772,0.8489984
