pid,execution_cycles,compute_cycles,idle_cycles,loads,stores,hit_count,miss_count,miss_rate,private,shared,private_rate
0,22575088,11337782,11237306,1832392,744111,2495045,81458,0.03161572,2058426,460568,0.8171619
1,21496673,11290799,10205874,1821846,585998,2332709,75135,0.03120426,1896943,461700,0.8042519
2,22994345,11337671,11656674,1838008,766181,2519038,85151,0.0326977,2107843,436189,0.8285442
3,21473663,11301515,10172148,1832174,579291,2336561,74904,0.03106162,1861127,499676,0.7883449
