pid,execution_cycles,compute_cycles,idle_cycles,loads,stores,hit_count,miss_count,miss_rate,private,shared,private_rate
0,20596761,11337782,9258979,1832392,744111,2509643,66860,0.0259499,2133207,422188,0.8347856
1,17385526,11290799,6094727,1821846,585998,2372771,35073,0.01456614,1969212,425664,0.8222605
2,20941466,11337671,9603795,1838008,766181,2534143,70046,0.02689743,2166720,415257,0.8391709
3,17396686,11301515,6095171,1832174,579291,2376547,34918,0.01447999,1956342,442146,0.8156564
