pid,execution_cycles,compute_cycles,idle_cycles,loads,stores,hit_count,miss_count,miss_rate,private,shared,private_rate
0,19550062,11337782,8212280,1832392,744111,2525625,50878,0.01974692,2080170,463393,0.8178174
1,18789766,11290799,7498967,1821846,585998,2360066,47778,0.01984265,1888274,490867,0.7936789
2,19962205,11337671,8624534,1838008,766181,2549600,54589,0.020962,2117807,451217,0.8243625
3,18733996,11301515,7432481,1832174,579291,2364733,46732,0.01937909,1866434,516658,0.7831985
