pid,execution_cycles,compute_cycles,idle_cycles,loads,stores,hit_count,miss_count,miss_rate,private,shared,private_rate
0,21028326,11337782,9690544,1832392,744111,2504644,71859,0.02789013,2043923,487270,0.8074939
1,20279668,11290799,8988869,1821846,585998,2341369,66475,0.02760769,1919919,447843,0.8108581
2,20968781,11337671,9631110,1838008,766181,2533210,70979,0.0272557,2086781,469859,0.8162201
3,20441614,11301515,9140099,1832174,579291,2343499,67966,0.02818453,1874583,491628,0.7922299
