pid,execution_cycles,compute_cycles,idle_cycles,loads,stores,hit_count,miss_count,miss_rate,private,shared,private_rate
0,20610573,11337782,9272791,1832392,744111,2506863,69640,0.02702888,2019209,517025,0.7961446
1,19948123,11290799,8657324,1821846,585998,2342668,65176,0.0270682,1905922,465743,0.8036219
2,20492408,11337671,9154737,1838008,766181,2535081,69108,0.02653724,2086239,478449,0.8134475
3,20016118,11301515,8714603,1832174,579291,2344739,66726,0.02767032,1878232,495273,0.7913326
