pid,execution_cycles,compute_cycles,idle_cycles,loads,stores,hit_count,miss_count,miss_rate,private,shared,private_rate
0,15448066,11337782,4110284,1832392,744111,2568898,7605,0.002951675,1859081,715172,0.7221827
1,15017303,11290799,3726504,1821846,585998,2400786,7058,0.002931253,1757764,648217,0.730581
2,15642629,11337671,4304958,1838008,766181,2596413,7776,0.002985958,1877182,723770,0.7217288
3,15141040,11301515,3839525,1832174,579291,2404326,7139,0.002960441,1662593,746150,0.6902326
