pid,execution_cycles,compute_cycles,idle_cycles,loads,stores,hit_count,miss_count,miss_rate,private,shared,private_rate
0,14903097,11337782,3565315,1832392,744111,2566515,9988,0.003876572,2077704,495129,0.8075549
1,14936440,11290799,3645641,1821846,585998,2395341,12503,0.005192612,1909375,495538,0.7939476
2,15120851,11337671,3783180,1838008,766181,2592280,11909,0.004573017,2095836,504212,0.8060759
3,14879695,11301515,3578180,1832174,579291,2399680,11785,0.004887071,1910734,497706,0.7933492
