pid,execution_cycles,compute_cycles,idle_cycles,loads,stores,hit_count,miss_count,miss_rate,private,shared,private_rate
0,17328864,11337782,5991082,1832392,744111,2539690,36813,0.01428797,1968530,597825,0.7670529
1,16900482,11290799,5609683,1821846,585998,2372991,34853,0.01447477,1906956,491948,0.794928
2,17279892,11337671,5942221,1838008,766181,2567349,36840,0.01414644,2017730,575190,0.778169
3,16939836,11301515,5638321,1832174,579291,2375941,35524,0.01473129,1877772,523820,0.7818863
