pid,execution_cycles,compute_cycles,idle_cycles,loads,stores,hit_count,miss_count,miss_rate,private,shared,private_rate
0,15448849,11337782,4111067,1832392,744111,2568898,7605,0.002951675,1861720,712537,0.7232067
1,15018008,11290799,3727209,1821846,585998,2400782,7062,0.002932914,1759296,646682,0.7312187
2,15646213,11337671,4308542,1838008,766181,2596413,7776,0.002985958,1873030,727925,0.7201316
3,15137721,11301515,3836206,1832174,579291,2404328,7137,0.002959612,1663700,745045,0.6906916
