pid,execution_cycles,compute_cycles,idle_cycles,loads,stores,hit_count,miss_count,miss_rate,private,shared,private_rate
0,28834377,11337782,17496595,1832392,744111,2425795,150708,0.05849324,2038260,429827,0.8258461
1,27365692,11290799,16074893,1821846,585998,2269793,138051,0.05733386,1906801,406263,0.8243615
2,29036192,11337671,17698521,1838008,766181,2451721,152468,0.05854721,2080255,414252,0.8339343
3,27515461,11301515,16213946,1832174,579291,2272046,139419,0.05781506,1871034,442698,0.808665
