pid,execution_cycles,compute_cycles,idle_cycles,loads,stores,hit_count,miss_count,miss_rate,private,shared,private_rate
0,26049507,11337782,14711725,1832392,744111,2453925,122578,0.04757534,1971652,545509,0.783284
1,25009195,11290799,13718396,1821846,585998,2293596,114248,0.04744826,1938121,417094,0.8229062
2,25904426,11337671,14566755,1838008,766181,2483355,120834,0.04639986,2015344,526852,0.7927571
3,25291525,11301515,13990010,1832174,579291,2294510,116955,0.04849956,1890400,462253,0.8035184
