pid,execution_cycles,compute_cycles,idle_cycles,loads,stores,hit_count,miss_count,miss_rate,private,shared,private_rate
0,15998028,11337782,4660246,1832392,744111,2563009,13494,0.005237331,1970878,599112,0.7668816
1,15532022,11290799,4241223,1821846,585998,2395285,12559,0.005215869,1872705,529194,0.7796768
2,16091663,11337671,4753992,1838008,766181,2590494,13695,0.005258835,1931479,664355,0.7440688
3,15581129,11301515,4279614,1832174,579291,2398715,12750,0.005287242,1771725,632260,0.736995
