pid,execution_cycles,compute_cycles,idle_cycles,loads,stores,hit_count,miss_count,miss_rate,private,shared,private_rate
0,15312888,11337782,3975106,1832392,744111,2572958,3545,0.001375896,2000472,574156,0.7769946
1,14883871,11290799,3593072,1821846,585998,2404765,3079,0.001278737,1845241,561166,0.7668034
2,15505682,11337671,4168011,1838008,766181,2600290,3899,0.001497203,2011405,590722,0.7729849
3,15013558,11301515,3712043,1832174,579291,2408301,3164,0.001312065,1754512,655380,0.7280459
