pid,execution_cycles,compute_cycles,idle_cycles,loads,stores,hit_count,miss_count,miss_rate,private,shared,private_rate
0,17509866,11337782,6172084,1832392,744111,2540184,36319,0.01409624,2089668,465817,0.8177188
1,17298679,11290799,6007880,1821846,585998,2371480,36364,0.01510231,1916834,472040,0.8024006
2,17881367,11337671,6543696,1838008,766181,2564396,39793,0.01528038,2118888,462444,0.8208506
3,17206987,11301515,5905472,1832174,579291,2376172,35293,0.0146355,1908588,484048,0.7976926
