pid,execution_cycles,compute_cycles,idle_cycles,loads,stores,hit_count,miss_count,miss_rate,private,shared,private_rate
0,27276471,11337782,15938689,1832392,744111,2441077,135426,0.05256194,2044056,434144,0.8248148
1,25689960,11290799,14399161,1821846,585998,2285597,122247,0.05077032,1919634,403679,0.8262486
2,27494429,11337671,16156758,1838008,766181,2466642,137547,0.0528176,2083184,421271,0.8317913
3,25961298,11301515,14659783,1832174,579291,2286399,125066,0.05186308,1871791,450612,0.8059717
