pid,execution_cycles,compute_cycles,idle_cycles,loads,stores,hit_count,miss_count,miss_rate,private,shared,private_rate
0,17323845,11337782,5986063,1832392,744111,2542063,34440,0.01336696,2092668,463879,0.8185525
1,17186908,11290799,5896109,1821846,585998,2372609,35235,0.01463342,1916403,473052,0.8020251
2,17771972,11337671,6434301,1838008,766181,2565501,38688,0.01485606,2118113,463821,0.8203591
3,17065714,11301515,5764199,1832174,579291,2377599,33866,0.01404375,1905688,487759,0.7962107
