pid,execution_cycles,compute_cycles,idle_cycles,loads,stores,hit_count,miss_count,miss_rate,private,shared,private_rate
0,16478748,11337782,5140966,1832392,744111,2571450,5053,0.001961185,2024733,550228,0.786316
1,16117378,11290799,4826579,1821846,585998,2403115,4729,0.001963998,1904290,502434,0.7912374
2,16366436,11337671,5028765,1838008,766181,2599149,5040,0.001935343,2084856,518063,0.8009685
3,15865636,11301515,4564121,1832174,579291,2406997,4468,0.001852816,1906468,503781,0.7909838
