pid,execution_cycles,compute_cycles,idle_cycles,loads,stores,hit_count,miss_count,miss_rate,private,shared,private_rate
0,18303721,11337782,6965939,1832392,744111,2538653,37850,0.01469045,1998366,556385,0.7822156
1,17694191,11290799,6403392,1821846,585998,2372168,35676,0.01481657,1851986,535390,0.7757412
2,18298540,11337671,6960869,1838008,766181,2566356,37833,0.01452775,2030419,550019,0.7868505
3,17695355,11301515,6393840,1832174,579291,2375329,36136,0.01498508,1806667,582900,0.7560646
