pid,execution_cycles,compute_cycles,idle_cycles,loads,stores,hit_count,miss_count,miss_rate,private,shared,private_rate
0,15612465,11337782,4274683,1832392,744111,2562123,14380,0.005581208,2065396,504825,0.8035869
1,15497671,11290799,4206872,1821846,585998,2394352,13492,0.005603353,1918741,484330,0.7984537
2,15654227,11337671,4316556,1838008,766181,2589568,14621,0.005614416,2091289,506148,0.8051356
3,15563170,11301515,4261655,1832174,579291,2397899,13566,0.005625626,1892504,513557,0.7865569
