pid,execution_cycles,compute_cycles,idle_cycles,loads,stores,hit_count,miss_count,miss_rate,private,shared,private_rate
0,25701918,11337782,14364136,1832392,744111,2457436,119067,0.04621264,1998230,547187,0.7850305
1,24683584,11290799,13392785,1821846,585998,2296885,110959,0.0460823,1962562,419723,0.823815
2,25567727,11337671,14230056,1838008,766181,2486756,117433,0.04509389,2040909,528172,0.7944121
3,24955915,11301515,13654400,1832174,579291,2297900,113565,0.04709378,1916742,463822,0.805163
