pid,execution_cycles,compute_cycles,idle_cycles,loads,stores,hit_count,miss_count,miss_rate,private,shared,private_rate
0,23043669,11337782,11705887,1832392,744111,2484287,92216,0.03579115,2106688,418726,0.8341951
1,21128989,11290799,9838190,1821846,585998,2332790,75054,0.03117062,1947669,416665,0.8237707
2,23593766,11337671,12256095,1838008,766181,2506695,97494,0.03743737,2155793,394212,0.8454074
3,21040564,11301515,9739049,1832174,579291,2337449,74016,0.03069338,1953320,415253,0.8246822
