pid,execution_cycles,compute_cycles,idle_cycles,loads,stores,hit_count,miss_count,miss_rate,private,shared,private_rate
0,15862479,11337782,4524697,1832392,744111,2564395,12108,0.004699393,1828449,744752,0.7105737
1,15418816,11290799,4128017,1821846,585998,2396419,11425,0.004744909,1765062,639760,0.7339678
2,15977851,11337671,4640180,1838008,766181,2591818,12371,0.004750423,1865930,733447,0.7178374
3,15476874,11301515,4175359,1832174,579291,2399875,11590,0.004806207,1670486,736737,0.6939473
