pid,execution_cycles,compute_cycles,idle_cycles,loads,stores,hit_count,miss_count,miss_rate,private,shared,private_rate
0,26863714,11337782,15525932,1832392,744111,2450312,126191,0.04897763,2003368,486292,0.8046753
1,25634523,11290799,14343724,1821846,585998,2290567,117277,0.04870623,1869386,459395,0.8027316
2,26732690,11337671,15395019,1838008,766181,2480093,124096,0.04765246,2057321,460790,0.8170097
3,25758201,11301515,14456686,1832174,579291,2291429,120036,0.04977721,1832754,496155,0.7869582
