pid,execution_cycles,compute_cycles,idle_cycles,loads,stores,hit_count,miss_count,miss_rate,private,shared,private_rate
0,55888119,11337782,44550337,1832392,744111,2139720,436783,0.1695255,2026841,338165,0.857013
1,50206538,11290799,38915739,1821846,585998,2025168,382676,0.1589289,1885648,339989,0.8472397
2,58153056,11337671,46815385,1838008,766181,2143499,460690,0.1769034,2076309,305101,0.8718822
3,50044050,11301515,38742535,1832174,579291,2030824,380641,0.1578464,1886425,345366,0.8452516
