pid,execution_cycles,compute_cycles,idle_cycles,loads,stores,hit_count,miss_count,miss_rate,private,shared,private_rate
0,17317752,11337782,5979970,1832392,744111,2542002,34501,0.01339063,2090945,465474,0.8179195
1,17125348,11290799,5834549,1821846,585998,2372537,35307,0.01466333,1915662,473893,0.8016815
2,17744738,11337671,6407067,1838008,766181,2565571,38618,0.01482918,2118687,463206,0.8205944
3,17015017,11301515,5713502,1832174,579291,2377434,34031,0.01411217,1905392,487965,0.7961169
