pid,execution_cycles,compute_cycles,idle_cycles,loads,stores,hit_count,miss_count,miss_rate,private,shared,private_rate
0,17617147,11337782,6279365,1832392,744111,2537649,38854,0.01508013,2042266,513932,0.7989467
1,17179177,11290799,5888378,1821846,585998,2370746,37098,0.01540714,1903707,485282,0.7968672
2,17581678,11337671,6244007,1838008,766181,2565219,38970,0.01496435,2092276,490358,0.8101326
3,17210122,11301515,5908607,1832174,579291,2373715,37750,0.01565438,1874076,517457,0.7836296
