pid,execution_cycles,compute_cycles,idle_cycles,loads,stores,hit_count,miss_count,miss_rate,private,shared,private_rate
0,20089053,11337782,8751271,1832392,744111,2510523,65980,0.02560835,1976075,581098,0.7727577
1,19440916,11290799,8150117,1821846,585998,2346169,61675,0.0256142,1923704,468422,0.8041817
2,19962806,11337671,8625135,1838008,766181,2538787,65402,0.02511415,2028976,556072,0.7848891
3,19548451,11301515,8246936,1832174,579291,2348376,63089,0.0261621,1894057,500222,0.7910761
