pid,execution_cycles,compute_cycles,idle_cycles,loads,stores,hit_count,miss_count,miss_rate,private,shared,private_rate
0,17939293,11337782,6601511,1832392,744111,2541431,35072,0.01361225,1799246,766468,0.7012652
1,17378416,11290799,6087617,1821846,585998,2374763,33081,0.01373885,1755481,642369,0.7321063
2,17932662,11337671,6594991,1838008,766181,2568906,35283,0.01354856,1945548,646234,0.7506604
3,17374742,11301515,6073227,1832174,579291,2377976,33489,0.01388741,1697203,703786,0.7068766
