pid,execution_cycles,compute_cycles,idle_cycles,loads,stores,hit_count,miss_count,miss_rate,private,shared,private_rate
0,21647670,11337782,10309888,1832392,744111,2498388,78115,0.03031823,2120434,421323,0.8342395
1,19031278,11290799,7740479,1821846,585998,2353979,53865,0.02237064,1956459,424151,0.821831
2,22014518,11337671,10676847,1838008,766181,2522647,81542,0.03131186,2165696,401764,0.8435169
3,18957109,11301515,7655594,1832174,579291,2358494,52971,0.02196632,1944932,439838,0.8155638
