pid,execution_cycles,compute_cycles,idle_cycles,loads,stores,hit_count,miss_count,miss_rate,private,shared,private_rate
0,26520648,11337782,15182866,1832392,744111,2449166,127337,0.04942241,2032476,456874,0.8164686
1,25396483,11290799,14105684,1821846,585998,2289684,118160,0.04907295,1921244,409531,0.8242941
2,26341412,11337671,15003741,1838008,766181,2478941,125248,0.04809482,2084650,432854,0.8280622
3,25685248,11301515,14383733,1832174,579291,2290533,120932,0.05014877,1866726,460188,0.8022325
