pid,execution_cycles,compute_cycles,idle_cycles,loads,stores,hit_count,miss_count,miss_rate,private,shared,private_rate
0,20664699,11337782,9326917,1832392,744111,2508317,68186,0.02646455,1981623,564345,0.7783377
1,20021476,11290799,8730677,1821846,585998,2343977,63867,0.02652456,1923621,456572,0.8081786
2,20671286,11337671,9333615,1838008,766181,2536215,67974,0.02610179,2023552,545850,0.7875576
3,20185105,11301515,8883590,1832174,579291,2346090,65375,0.02711008,1884200,494919,0.7919738
