pid,execution_cycles,compute_cycles,idle_cycles,loads,stores,hit_count,miss_count,miss_rate,private,shared,private_rate
0,35652601,11337782,24314819,1832392,744111,2355037,221466,0.08595604,2060242,398663,0.8378697
1,34180903,11290799,22890104,1821846,585998,2199211,208633,0.08664722,1913352,388018,0.831397
2,36597877,11337671,25260206,1838008,766181,2372354,231835,0.08902388,2117957,362987,0.85369
3,33947624,11301515,22646109,1832174,579291,2206035,205430,0.08518888,1921847,385483,0.8329311
