pid,execution_cycles,compute_cycles,idle_cycles,loads,stores,hit_count,miss_count,miss_rate,private,shared,private_rate
0,141739569,11337782,130401787,1832392,744111,1236438,1340065,0.52011,2070384,82466,0.9616945
1,127058238,11290799,115767439,1821846,585998,1215895,1191949,0.4950275,1979701,84210,0.9591988
2,143500206,11337671,132162535,1838008,766181,1245692,1358497,0.5216584,2106066,62464,0.9711952
3,126493428,11301515,115191913,1832174,579291,1225441,1186024,0.4918272,1982863,88347,0.9573452
