pid,execution_cycles,compute_cycles,idle_cycles,loads,stores,hit_count,miss_count,miss_rate,private,shared,private_rate
0,26854197,11337782,15516415,1832392,744111,2450477,126026,0.04891359,2001795,487804,0.8040632
1,25652717,11290799,14361918,1821846,585998,2290571,117273,0.04870457,1867637,461147,0.8019795
2,26694554,11337671,15356883,1838008,766181,2480332,123857,0.04756068,2057456,461085,0.8169238
3,25737141,11301515,14435626,1832174,579291,2291454,120011,0.04976684,1832881,496078,0.7869958
