pid,execution_cycles,compute_cycles,idle_cycles,loads,stores,hit_count,miss_count,miss_rate,private,shared,private_rate
0,14705988,11337782,3368206,1832392,744111,2568506,7997,0.003103819,2038359,537036,0.7914743
1,14529946,11290799,3239147,1821846,585998,2399447,8397,0.003487352,1890157,516740,0.7853086
2,14691983,11337671,3354312,1838008,766181,2596612,7577,0.002909543,2048494,554145,0.7870834
3,14550025,11301515,3248510,1832174,579291,2403010,8455,0.003506167,1873709,536436,0.7774258
