pid,execution_cycles,compute_cycles,idle_cycles,loads,stores,hit_count,miss_count,miss_rate,private,shared,private_rate
0,27336111,11337782,15998329,1832392,744111,2440929,135574,0.05261938,2043957,434222,0.8247818
1,25794958,11290799,14504159,1821846,585998,2285659,122185,0.05074457,1920979,402605,0.826731
2,27556142,11337671,16218471,1838008,766181,2466671,137518,0.05280646,2083221,421255,0.8317991
3,26103226,11301515,14801711,1832174,579291,2286311,125154,0.05189957,1872039,450129,0.80616
