pid,execution_cycles,compute_cycles,idle_cycles,loads,stores,hit_count,miss_count,miss_rate,private,shared,private_rate
0,42389292,11337782,31051510,1832392,744111,2289114,287389,0.1115423,2011903,386880,0.8387182
1,40299189,11290799,29008390,1821846,585998,2138250,269594,0.1119649,1862253,381470,0.8299835
2,44129450,11337671,32791779,1838008,766181,2296157,308032,0.1182833,2064432,350868,0.8547311
3,40115887,11301515,28814372,1832174,579291,2144492,266973,0.1107099,1868522,382586,0.8300455
