pid,execution_cycles,compute_cycles,idle_cycles,loads,stores,hit_count,miss_count,miss_rate,private,shared,private_rate
0,15932355,11337782,4594573,1832392,744111,2563637,12866,0.00499359,1923850,647650,0.7481431
1,15491533,11290799,4200734,1821846,585998,2395675,12169,0.005053899,1824795,578468,0.7592989
2,16043144,11337671,4705473,1838008,766181,2591044,13145,0.005047637,1925925,671426,0.7414959
3,15544069,11301515,4242554,1832174,579291,2399115,12350,0.005121368,1720528,684835,0.7152883
