pid,execution_cycles,compute_cycles,idle_cycles,loads,stores,hit_count,miss_count,miss_rate,private,shared,private_rate
0,17937187,11337782,6599405,1832392,744111,2541453,35050,0.01360371,1796787,768940,0.7003033
1,17376942,11290799,6086143,1821846,585998,2374769,33075,0.01373636,1752680,645217,0.7309238
2,17930371,11337671,6592700,1838008,766181,2568901,35288,0.01355048,1945462,646311,0.7506298
3,17376697,11301515,6075182,1832174,579291,2377981,33484,0.01388534,1697468,703527,0.7069852
