pid,execution_cycles,compute_cycles,idle_cycles,loads,stores,hit_count,miss_count,miss_rate,private,shared,private_rate
0,16655305,11337782,5317523,1832392,744111,2555902,20601,0.007995721,1817875,752728,0.7071784
1,16158281,11290799,4867482,1821846,585998,2388349,19495,0.008096455,1750557,651487,0.7287781
2,16665661,11337671,5327990,1838008,766181,2583283,20906,0.008027835,1899161,697150,0.7314844
3,16154365,11301515,4852850,1832174,579291,2391776,19689,0.008164746,1691294,713693,0.7032445
