pid,execution_cycles,compute_cycles,idle_cycles,loads,stores,hit_count,miss_count,miss_rate,private,shared,private_rate
0,15304014,11337782,3966232,1832392,744111,2564944,11559,0.004486313,2065053,505885,0.8032294
1,15200569,11290799,3909770,1821846,585998,2396562,11282,0.004685519,1918153,485259,0.7980958
2,15382337,11337671,4044666,1838008,766181,2592078,12111,0.004650584,2090606,507574,0.8046425
3,15284014,11301515,3982499,1832174,579291,2399923,11542,0.004786302,1890248,516291,0.7854633
