pid,execution_cycles,compute_cycles,idle_cycles,loads,stores,hit_count,miss_count,miss_rate,private,shared,private_rate
0,16159670,11337782,4821888,1832392,744111,2561645,14858,0.005766731,1875066,697225,0.7289479
1,15462579,11290799,4171780,1821846,585998,2396013,11831,0.004913524,1119517,1284562,0.465674
2,16098628,11337671,4760957,1838008,766181,2590587,13602,0.005223123,1921275,676935,0.739461
3,15591943,11301515,4290428,1832174,579291,2398783,12682,0.005259044,900206,1506517,0.3740381
