pid,execution_cycles,compute_cycles,idle_cycles,loads,stores,hit_count,miss_count,miss_rate,private,shared,private_rate
0,27001062,11337782,15663280,1832392,744111,2447524,128979,0.05005971,1946390,551737,0.7791397
1,25831268,11290799,14540469,1821846,585998,2287725,120119,0.04988654,1833552,502337,0.7849483
2,26807674,11337671,15470003,1838008,766181,2477600,126589,0.04860976,2034533,492813,0.8050077
3,25793006,11301515,14491491,1832174,579291,2290128,121337,0.05031672,1806090,532061,0.7724437
