pid,execution_cycles,compute_cycles,idle_cycles,loads,stores,hit_count,miss_count,miss_rate,private,shared,private_rate
0,26833311,11337782,15495529,1832392,744111,2450477,126026,0.04891359,2001850,487826,0.8040604
1,25641655,11290799,14350856,1821846,585998,2290574,117270,0.04870332,1867425,461353,0.8018905
2,26693314,11337671,15355643,1838008,766181,2480352,123837,0.047553,2057255,461335,0.8168281
3,25729218,11301515,14427703,1832174,579291,2291456,120009,0.04976601,1832763,496188,0.7869479
