pid,execution_cycles,compute_cycles,idle_cycles,loads,stores,hit_count,miss_count,miss_rate,private,shared,private_rate
0,15039816,11337782,3702034,1832392,744111,2565134,11369,0.00441257,2044251,528507,0.7945757
1,14920798,11290799,3629999,1821846,585998,2395499,12345,0.005126993,1906554,497874,0.7929345
2,15065807,11337671,3728136,1838008,766181,2592836,11353,0.004359515,2061635,537732,0.7931296
3,14949193,11301515,3647678,1832174,579291,2398978,12487,0.00517818,1881105,526116,0.7814426
