pid,execution_cycles,compute_cycles,idle_cycles,loads,stores,hit_count,miss_count,miss_rate,private,shared,private_rate
0,20904180,11337782,9566398,1832392,744111,2505898,70605,0.02740342,2044837,489357,0.8068984
1,20229772,11290799,8938973,1821846,585998,2341873,65971,0.02739837,1919910,449903,0.8101525
2,20845229,11337671,9507558,1838008,766181,2534458,69731,0.02677647,2086151,473152,0.8151247
3,20387362,11301515,9085847,1832174,579291,2344047,67418,0.02795728,1876015,492267,0.7921417
