pid,execution_cycles,compute_cycles,idle_cycles,loads,stores,hit_count,miss_count,miss_rate,private,shared,private_rate
0,22313049,11337782,10975267,1832392,744111,2491667,84836,0.0329268,2101837,424821,0.8318645
1,20714476,11290799,9423677,1821846,585998,2336977,70867,0.02943172,1950692,414771,0.8246555
2,22873739,11337671,11536068,1838008,766181,2513968,90221,0.03464457,2151617,399736,0.8433239
3,20559226,11301515,9257711,1832174,579291,2342311,69154,0.02867717,1957769,412060,0.8261225
