pid,execution_cycles,compute_cycles,idle_cycles,loads,stores,hit_count,miss_count,miss_rate,private,shared,private_rate
0,57555545,11337782,46217763,1832392,744111,2100841,475662,0.1846153,2104508,299489,0.8754204
1,50431316,11290799,39140517,1821846,585998,2004726,403118,0.1674187,1973238,295323,0.8698192
2,58315278,11337671,46977607,1838008,766181,2125428,478761,0.1838426,2150669,274135,0.8869455
3,50169674,11301515,38868159,1832174,579291,2011905,399560,0.1656918,1970089,304222,0.8662355
