pid,execution_cycles,compute_cycles,idle_cycles,loads,stores,hit_count,miss_count,miss_rate,private,shared,private_rate
0,17700932,11337782,6363150,1832392,744111,2537210,39293,0.01525052,2045380,509549,0.8005624
1,17241785,11290799,5950986,1821846,585998,2370490,37354,0.01551346,1904426,482891,0.7977265
2,17672820,11337671,6335149,1838008,766181,2564977,39212,0.01505728,2088463,491975,0.8093444
3,17275806,11301515,5974291,1832174,579291,2373487,37978,0.01574893,1872616,517274,0.7835574
