pid,execution_cycles,compute_cycles,idle_cycles,loads,stores,hit_count,miss_count,miss_rate,private,shared,private_rate
0,29328597,11337782,17990815,1832392,744111,2425628,150875,0.05855805,2033482,433411,0.824309
1,27648991,11290799,16358192,1821846,585998,2269740,138104,0.05735588,1878740,433342,0.812575
2,29657536,11337671,18319865,1838008,766181,2450629,153560,0.05896653,2078629,414172,0.8338528
3,27730110,11301515,16428595,1832174,579291,2272086,139379,0.05779848,1850599,462662,0.7999958
