pid,execution_cycles,compute_cycles,idle_cycles,loads,stores,hit_count,miss_count,miss_rate,private,shared,private_rate
0,15388139,11337782,4050357,1832392,744111,2562289,14214,0.00551678,2031042,542387,0.7892357
1,15263648,11290799,3972849,1821846,585998,2393073,14771,0.006134534,1909572,495509,0.7939741
2,15458413,11337671,4120742,1838008,766181,2589822,14367,0.005516881,2046998,552511,0.7874556
3,15315632,11301515,4014117,1832174,579291,2396525,14940,0.006195404,1865511,541858,0.7749169
