pid,execution_cycles,compute_cycles,idle_cycles,loads,stores,hit_count,miss_count,miss_rate,private,shared,private_rate
0,30407883,11337782,19070101,1832392,744111,2409901,166602,0.06466206,2094003,390847,0.842708
1,27159772,11290799,15868973,1821846,585998,2271873,135971,0.05647002,1949603,379207,0.8371671
2,31324577,11337671,19986906,1838008,766181,2428606,175583,0.06742329,2153584,353015,0.8591657
3,27005017,11301515,15703502,1832174,579291,2277202,134263,0.05567694,1958834,375132,0.8392727
