pid,execution_cycles,compute_cycles,idle_cycles,loads,stores,hit_count,miss_count,miss_rate,private,shared,private_rate
0,20482220,11337782,9144438,1832392,744111,2516386,60117,0.02333279,2102805,455117,0.8220755
1,18057609,11290799,6766810,1821846,585998,2370302,37542,0.01559154,1949428,446490,0.8136455
2,20845245,11337671,9507574,1838008,766181,2540642,63547,0.02440184,2135929,448331,0.8265147
3,17795423,11301515,6493908,1832174,579291,2377124,34341,0.01424072,1937188,462084,0.8074066
