pid,execution_cycles,compute_cycles,idle_cycles,loads,stores,hit_count,miss_count,miss_rate,private,shared,private_rate
0,26098706,11337782,14760924,1832392,744111,2540680,35823,0.01390373,2124826,441335,0.8280174
1,19314103,11290799,8023304,1821846,585998,2391223,16621,0.006902856,1955355,447023,0.8139248
2,26791444,11337671,15453773,1838008,766181,2565771,38418,0.01475239,2154085,438952,0.830719
3,19046921,11301515,7745406,1832174,579291,2395334,16131,0.006689295,1962612,443417,0.8157059
