pid,execution_cycles,compute_cycles,idle_cycles,loads,stores,hit_count,miss_count,miss_rate,private,shared,private_rate
0,16135041,11337782,4797259,1832392,744111,2559115,17388,0.006748682,2090953,478653,0.8137251
1,16154752,11290799,4863953,1821846,585998,2391537,16307,0.006772449,1943918,458434,0.8091728
2,16371151,11337671,5033480,1838008,766181,2584628,19561,0.00751136,2115346,481166,0.8146876
3,16051936,11301515,4750421,1832174,579291,2395817,15648,0.006489001,1937520,468446,0.8052982
