pid,execution_cycles,compute_cycles,idle_cycles,loads,stores,hit_count,miss_count,miss_rate,private,shared,private_rate
0,15032459,11337782,3694677,1832392,744111,2574037,2466,0.0009571112,1873488,702068,0.7274111
1,14621353,11290799,3330554,1821846,585998,2405541,2303,0.0009564573,1805192,601814,0.749974
2,15342546,11337671,4004875,1838008,766181,2601640,2549,0.0009788076,1787486,815241,0.6867743
3,14899803,11301515,3598288,1832174,579291,2409105,2360,0.0009786582,1624025,786182,0.6738114
