pid,execution_cycles,compute_cycles,idle_cycles,loads,stores,hit_count,miss_count,miss_rate,private,shared,private_rate
0,114831174,11337782,103493392,1832392,744111,1557132,1019371,0.3956413,2195441,93516,0.9591447
1,105182935,11290799,93892136,1821846,585998,1483756,924088,0.3837823,2066478,101797,0.9530516
2,114630212,11337671,103292541,1838008,766181,1587129,1017060,0.3905477,2207795,104952,0.9546202
3,104052124,11301515,92750609,1832174,579291,1498945,912520,0.378409,2079507,97027,0.9554213
