pid,execution_cycles,compute_cycles,idle_cycles,loads,stores,hit_count,miss_count,miss_rate,private,shared,private_rate
0,26856669,11337782,15518887,1832392,744111,2450439,126064,0.04892833,2002461,487262,0.8042907
1,25649542,11290799,14358743,1821846,585998,2290564,117280,0.04870747,1870160,458643,0.8030563
2,26711173,11337671,15373502,1838008,766181,2480271,123918,0.0475841,2057170,461271,0.8168426
3,25767322,11301515,14465807,1832174,579291,2291454,120011,0.04976684,1832504,496358,0.7868667
