pid,execution_cycles,compute_cycles,idle_cycles,loads,stores,hit_count,miss_count,miss_rate,private,shared,private_rate
0,26052774,11337782,14714992,1832392,744111,2453892,122611,0.04758815,1971594,545526,0.7832737
1,25009987,11290799,13719188,1821846,585998,2293588,114256,0.04745158,1938133,417077,0.822913
2,25904723,11337671,14567052,1838008,766181,2483352,120837,0.04640101,2015382,526827,0.792768
3,25292812,11301515,13991297,1832174,579291,2294497,116968,0.04850495,1890399,462240,0.8035228
