pid,execution_cycles,compute_cycles,idle_cycles,loads,stores,hit_count,miss_count,miss_rate,private,shared,private_rate
0,15563440,11337782,4225658,1832392,744111,2560490,16013,0.006215013,2053710,516301,0.7991055
1,15406837,11290799,4116038,1821846,585998,2391550,16294,0.00676705,1909636,492320,0.7950337
2,15598135,11337671,4260464,1838008,766181,2588196,15993,0.006141259,2072175,523712,0.7982532
3,15447596,11301515,4146081,1832174,579291,2395041,16424,0.006810798,1875783,528254,0.7802638
