pid,execution_cycles,compute_cycles,idle_cycles,loads,stores,hit_count,miss_count,miss_rate,private,shared,private_rate
0,15621738,11337782,4283956,1832392,744111,2559256,17247,0.006693957,2046597,525981,0.7955432
1,15074050,11290799,3783251,1821846,585998,2393951,13893,0.005769892,1898379,505847,0.7896009
2,15454679,11337671,4117008,1838008,766181,2588908,15281,0.005867854,2064732,535277,0.7941249
3,15009484,11301515,3707969,1832174,579291,2398369,13096,0.005430724,1907289,500863,0.7920135
