pid,execution_cycles,compute_cycles,idle_cycles,loads,stores,hit_count,miss_count,miss_rate,private,shared,private_rate
0,15017752,11337782,3679970,1832392,744111,2574111,2392,0.0009283901,1827925,747851,0.7096599
1,14611886,11290799,3321087,1821846,585998,2405590,2254,0.0009361072,1759342,647867,0.7308638
2,15385221,11337671,4047550,1838008,766181,2601713,2476,0.0009507758,1775805,827220,0.6822082
3,14904791,11301515,3603276,1832174,579291,2409176,2289,0.0009492155,1579188,831267,0.655141
