pid,execution_cycles,compute_cycles,idle_cycles,loads,stores,hit_count,miss_count,miss_rate,private,shared,private_rate
0,15452364,11337782,4114582,1832392,744111,2568717,7786,0.003021925,1908705,664530,0.7417531
1,15039937,11290799,3749138,1821846,585998,2400508,7336,0.003046709,1820710,584159,0.7570932
2,15637587,11337671,4299916,1838008,766181,2596189,8000,0.003071974,1887713,712087,0.7260993
3,15148636,11301515,3847121,1832174,579291,2404025,7440,0.003085261,1713512,694075,0.7117134
