pid,execution_cycles,compute_cycles,idle_cycles,loads,stores,hit_count,miss_count,miss_rate,private,shared,private_rate
0,18683412,11337782,7345630,1832392,744111,2528330,48173,0.01869705,2085343,459824,0.8193344
1,18199084,11290799,6908285,1821846,585998,2362385,45459,0.01887955,1905551,475208,0.8003964
2,19047191,11337671,7709520,1838008,766181,2552620,51569,0.01980233,2120439,450092,0.8249031
3,18153922,11301515,6852407,1832174,579291,2366607,44858,0.01860197,1905521,479185,0.7990591
