pid,execution_cycles,compute_cycles,idle_cycles,loads,stores,hit_count,miss_count,miss_rate,private,shared,private_rate
0,26516985,11337782,15179203,1832392,744111,2449203,127300,0.04940805,2031990,461684,0.8148579
1,25374703,11290799,14083904,1821846,585998,2289904,117940,0.04898158,1923353,411037,0.823921
2,26288051,11337671,14950380,1838008,766181,2479480,124709,0.04788785,2084110,437180,0.8266046
3,25664557,11301515,14363042,1832174,579291,2290742,120723,0.0500621,1869288,460752,0.8022558
