pid,execution_cycles,compute_cycles,idle_cycles,loads,stores,hit_count,miss_count,miss_rate,private,shared,private_rate
0,16901115,11337782,5563333,1832392,744111,2546333,30170,0.01170967,2098314,465050,0.8185782
1,16167307,11290799,4876508,1821846,585998,2382908,24936,0.01035615,1933666,464443,0.8063295
2,17233313,11337671,5895642,1838008,766181,2570942,33247,0.01276674,2123513,466620,0.8198471
3,16134322,11301515,4832807,1832174,579291,2387007,24458,0.01014238,1934223,467434,0.8053702
