pid,execution_cycles,compute_cycles,idle_cycles,loads,stores,hit_count,miss_count,miss_rate,private,shared,private_rate
0,26722212,11337782,15384430,1832392,744111,2447130,129373,0.05021263,2032202,454645,0.8171801
1,25532509,11290799,14241710,1821846,585998,2288310,119534,0.04964358,1918740,410628,0.823717
2,26530502,11337671,15192831,1838008,766181,2477031,127158,0.04882825,2085196,431372,0.8285872
3,25807909,11301515,14506394,1832174,579291,2289294,122171,0.05066256,1867297,459031,0.80268
