pid,execution_cycles,compute_cycles,idle_cycles,loads,stores,hit_count,miss_count,miss_rate,private,shared,private_rate
0,26457189,11337782,15119407,1832392,744111,2449807,126696,0.04917363,2032827,457310,0.8163515
1,25379752,11290799,14088953,1821846,585998,2289853,117991,0.04900276,1921164,409884,0.8241632
2,26277359,11337671,14939688,1838008,766181,2479588,124601,0.04784637,2083088,434684,0.8273537
3,25669309,11301515,14367794,1832174,579291,2290694,120771,0.050082,1866344,460829,0.8019791
