pid,execution_cycles,compute_cycles,idle_cycles,loads,stores,hit_count,miss_count,miss_rate,private,shared,private_rate
0,27992580,11337782,16654798,1832392,744111,2434298,142205,0.05519303,2132783,381690,0.8482028
1,24188188,11290799,12897389,1821846,585998,2301889,105955,0.0440041,1968578,389788,0.8347212
2,28526144,11337671,17188473,1838008,766181,2456873,147316,0.05656886,2177146,361710,0.8575303
3,23874538,11301515,12573023,1832174,579291,2308823,102642,0.04256417,1973435,389458,0.8351775
