pid,execution_cycles,compute_cycles,idle_cycles,loads,stores,hit_count,miss_count,miss_rate,private,shared,private_rate
0,115657904,11337782,104320122,1832392,744111,1791556,784947,0.304656,2292701,119931,0.9502904
1,109486837,11290799,98196038,1821846,585998,1700571,707273,0.2937371,2152511,129362,0.9433089
2,116341209,11337671,105003538,1838008,766181,1815580,788609,0.3028233,2319094,119733,0.9509055
3,109194745,11301515,97893230,1832174,579291,1705945,705520,0.292569,2156554,130112,0.9430997
