pid,execution_cycles,compute_cycles,idle_cycles,loads,stores,hit_count,miss_count,miss_rate,private,shared,private_rate
0,19251031,11337782,7913249,1832392,744111,2530847,45656,0.01772014,2101199,453850,0.8223713
1,17611296,11290799,6320497,1821846,585998,2374831,33013,0.01371061,1935021,456609,0.8090804
2,19661845,11337671,8324174,1838008,766181,2554953,49236,0.01890646,2134833,446589,0.8269988
3,17565650,11301515,6264135,1832174,579291,2378978,32487,0.01347189,1931926,463303,0.8065726
