pid,execution_cycles,compute_cycles,idle_cycles,loads,stores,hit_count,miss_count,miss_rate,private,shared,private_rate
0,16423539,11337782,5085757,1832392,744111,2551157,25346,0.009837365,2087088,478972,0.8133434
1,15924460,11290799,4633661,1821846,585998,2385361,22483,0.009337399,1924772,475253,0.80198
2,16620206,11337671,5282535,1838008,766181,2577135,27054,0.01038865,2112959,480258,0.8148022
3,15867814,11301515,4566299,1832174,579291,2389699,21766,0.009026048,1919657,483962,0.7986528
