pid,execution_cycles,compute_cycles,idle_cycles,loads,stores,hit_count,miss_count,miss_rate,private,shared,private_rate
0,26000015,11337782,14662233,1832392,744111,2451953,124550,0.04834072,2003470,497131,0.8011954
1,24943096,11290799,13652297,1821846,585998,2291749,116095,0.04821533,1909362,430004,0.8161878
2,25683441,11337671,14345770,1838008,766181,2481410,122779,0.04714673,2064178,466569,0.8156398
3,25077893,11301515,13776378,1832174,579291,2292566,118899,0.04930571,1875663,464938,0.8013596
