pid,execution_cycles,compute_cycles,idle_cycles,loads,stores,hit_count,miss_count,miss_rate,private,shared,private_rate
0,16115437,11337782,4777655,1832392,744111,2563846,12657,0.004912472,2043521,526533,0.7951277
1,15534590,11290799,4243791,1821846,585998,2397139,10705,0.004445886,1897046,505639,0.7895525
2,16239830,11337671,4902159,1838008,766181,2591054,13135,0.005043797,2057598,539725,0.7921995
3,15629967,11301515,4328452,1832174,579291,2400575,10890,0.004515927,1837306,568696,0.7636344
