pid,execution_cycles,compute_cycles,idle_cycles,loads,stores,hit_count,miss_count,miss_rate,private,shared,private_rate
0,25983232,11337782,14645450,1832392,744111,2454534,121969,0.04733897,2132902,387787,0.8461583
1,22856445,11290799,11565646,1821846,585998,2315150,92694,0.03849668,1970622,391575,0.8342327
2,26528999,11337671,15191328,1838008,766181,2476972,127217,0.04885091,2177001,368181,0.855342
3,22700121,11301515,11398606,1832174,579291,2320466,90999,0.03773598,1972087,394674,0.833243
