pid,execution_cycles,compute_cycles,idle_cycles,loads,stores,hit_count,miss_count,miss_rate,private,shared,private_rate
0,18124755,11337782,6786973,1832392,744111,2540063,36440,0.0141432,1852980,706533,0.723958
1,17552494,11290799,6261695,1821846,585998,2373461,34383,0.01427958,1803685,588583,0.7539644
2,18113315,11337671,6775644,1838008,766181,2567567,36622,0.01406273,1945410,640636,0.752272
3,17542302,11301515,6240787,1832174,579291,2376642,34823,0.0144406,1751871,642952,0.7315242
