pid,execution_cycles,compute_cycles,idle_cycles,loads,stores,hit_count,miss_count,miss_rate,private,shared,private_rate
0,20633454,11337782,9295672,1832392,744111,2506900,69603,0.02701452,2039889,496486,0.8042537
1,19966480,11290799,8675681,1821846,585998,2342637,65207,0.02708107,1906071,465702,0.8036482
2,20520056,11337671,9182385,1838008,766181,2534929,69260,0.02659561,2093987,470514,0.816528
3,20035306,11301515,8733791,1832174,579291,2344731,66734,0.02767363,1878352,495101,0.7914005
