pid,execution_cycles,compute_cycles,idle_cycles,loads,stores,hit_count,miss_count,miss_rate,private,shared,private_rate
0,30137910,11337782,18800128,1832392,744111,2412628,163875,0.06360365,2150819,385862,0.8478871
1,20827237,11290799,9536438,1821846,585998,2335838,72006,0.02990476,1989465,397581,0.8334423
2,30500105,11337671,19162434,1838008,766181,2436934,167255,0.06422537,2192852,371125,0.8552542
3,20568433,11301515,9266918,1832174,579291,2342218,69247,0.02871574,1979081,411759,0.8277764
