pid,execution_cycles,compute_cycles,idle_cycles,loads,stores,hit_count,miss_count,miss_rate,private,shared,private_rate
0,17610747,11337782,6272965,1832392,744111,2539165,37338,0.01449174,1983192,578207,0.7742613
1,17229379,11290799,5938580,1821846,585998,2372180,35664,0.01481159,1910344,483075,0.7981653
2,17680694,11337671,6343023,1838008,766181,2566423,37766,0.01450202,1997066,587662,0.7726407
3,17315689,11301515,6014174,1832174,579291,2375074,36391,0.01509083,1866820,527458,0.7797006
