pid,execution_cycles,compute_cycles,idle_cycles,loads,stores,hit_count,miss_count,miss_rate,private,shared,private_rate
0,15151113,11337782,3813331,1832392,744111,2572126,4377,0.001698814,1885359,689300,0.7322752
1,14755229,11290799,3464430,1821846,585998,2403737,4107,0.001705675,1805856,600313,0.7505109
2,15391047,11337671,4053376,1838008,766181,2599683,4506,0.001730289,1845099,756525,0.7092105
3,14914992,11301515,3613477,1832174,579291,2407286,4179,0.001732971,1680026,729192,0.6973325
