pid,execution_cycles,compute_cycles,idle_cycles,loads,stores,hit_count,miss_count,miss_rate,private,shared,private_rate
0,25698108,11337782,14360326,1832392,744111,2458457,118046,0.04581636,1836282,704882,0.7226145
1,24605058,11290799,13314259,1821846,585998,2297866,109978,0.04567489,1792908,584657,0.7540942
2,25530214,11337671,14192543,1838008,766181,2487510,116679,0.04480435,1993967,572549,0.7769159
3,24786066,11301515,13484551,1832174,579291,2298760,112705,0.04673715,1747655,631421,0.734594
