pid,execution_cycles,compute_cycles,idle_cycles,loads,stores,hit_count,miss_count,miss_rate,private,shared,private_rate
0,16149912,11337782,4812130,1832392,744111,2553234,23269,0.009031233,2041176,526932,0.794817
1,15945511,11290799,4654712,1821846,585998,2383560,24284,0.01008537,1900564,498847,0.7920961
2,16198817,11337671,4861146,1838008,766181,2579998,24191,0.009289264,2053996,538963,0.7921436
3,15963430,11301515,4661915,1832174,579291,2386991,24474,0.01014902,1864992,536946,0.776453
