pid,execution_cycles,compute_cycles,idle_cycles,loads,stores,hit_count,miss_count,miss_rate,private,shared,private_rate
0,21079311,11337782,9741529,1832392,744111,2504129,72374,0.02809001,2046527,481112,0.8096595
1,20312932,11290799,9022133,1821846,585998,2341033,66811,0.02774723,1917541,447987,0.8106186
2,21088571,11337671,9750900,1838008,766181,2532000,72189,0.02772034,2087878,466767,0.8172869
3,20472007,11301515,9170492,1832174,579291,2343192,68273,0.02831184,1875656,489818,0.7929303
