pid,execution_cycles,compute_cycles,idle_cycles,loads,stores,hit_count,miss_count,miss_rate,private,shared,private_rate
0,17056694,11337782,5718912,1832392,744111,2552040,24463,0.009494652,2061865,498927,0.8051669
1,16441454,11290799,5150655,1821846,585998,2385748,22096,0.009176674,1893664,501964,0.7904666
2,17191846,11337671,5854175,1838008,766181,2578818,25371,0.00974238,2098371,489553,0.8108318
3,16459931,11301515,5158416,1832174,579291,2388882,22583,0.009364847,1801171,596351,0.7512636
