pid,execution_cycles,compute_cycles,idle_cycles,loads,stores,hit_count,miss_count,miss_rate,private,shared,private_rate
0,15448954,11337782,4111172,1832392,744111,2568908,7595,0.002947794,1853706,720557,0.7200919
1,15018286,11290799,3727487,1821846,585998,2400776,7068,0.002935406,1754139,651820,0.729081
2,15644058,11337671,4306387,1838008,766181,2596408,7781,0.002987878,1869216,731735,0.7186664
3,15147215,11301515,3845700,1832174,579291,2404314,7151,0.002965417,1660878,747862,0.6895215
