pid,execution_cycles,compute_cycles,idle_cycles,loads,stores,hit_count,miss_count,miss_rate,private,shared,private_rate
0,16188729,11337782,4850947,1832392,744111,2553055,23448,0.009100707,2057760,508480,0.801858
1,16001734,11290799,4710935,1821846,585998,2383275,24569,0.01020373,1901388,496184,0.7930473
2,16244600,11337671,4906929,1838008,766181,2579905,24284,0.009324976,2075596,515377,0.8010875
3,16013119,11301515,4711604,1832174,579291,2386776,24689,0.01023817,1873155,527001,0.7804305
