pid,execution_cycles,compute_cycles,idle_cycles,loads,stores,hit_count,miss_count,miss_rate,private,shared,private_rate
0,60759699,11337782,49421917,1832392,744111,2103317,473186,0.1836544,2159737,286216,0.8829839
1,45918787,11290799,34627988,1821846,585998,2082388,325456,0.1351649,2042045,278036,0.8801611
2,61371077,11337671,50033406,1838008,766181,2125106,479083,0.1839663,2201716,269803,0.8908352
3,45298930,11301515,33997415,1832174,579291,2092415,319050,0.1323055,2028370,297370,0.8721396
