pid,execution_cycles,compute_cycles,idle_cycles,loads,stores,hit_count,miss_count,miss_rate,private,shared,private_rate
0,72932739,11337782,61594957,1832392,744111,1980357,596146,0.231378,2165138,278369,0.8860781
1,65098651,11290799,53807852,1821846,585998,1888652,519192,0.2156253,2010452,289197,0.874243
2,73219100,11337671,61881429,1838008,766181,2005429,598760,0.2299219,2201881,266192,0.8921458
3,64298515,11301515,52997000,1832174,579291,1900500,510965,0.2118899,2012857,294519,0.8723576
