pid,execution_cycles,compute_cycles,idle_cycles,loads,stores,hit_count,miss_count,miss_rate,private,shared,private_rate
0,17464425,11337782,6126643,1832392,744111,2540643,35860,0.01391809,1988477,579469,0.7743453
1,17102956,11290799,5812157,1821846,585998,2373457,34387,0.01428124,1914565,484977,0.7978877
2,17554766,11337671,6217095,1838008,766181,2567695,36494,0.01401358,2002851,588522,0.7728918
3,17185405,11301515,5883890,1832174,579291,2376390,35075,0.0145451,1873049,527979,0.7801029
