pid,execution_cycles,compute_cycles,idle_cycles,loads,stores,hit_count,miss_count,miss_rate,private,shared,private_rate
0,21346837,11337782,10009055,1832392,744111,2506860,69643,0.02703005,1999522,533413,0.7894091
1,20537923,11290799,9247124,1821846,585998,2342711,65133,0.02705034,1858245,509803,0.7847159
2,21296892,11337671,9959221,1838008,766181,2535297,68892,0.0264543,2051767,508547,0.8013732
3,20565907,11301515,9264392,1832174,579291,2345145,66320,0.02750195,1821941,547588,0.7689043
