pid,execution_cycles,compute_cycles,idle_cycles,loads,stores,hit_count,miss_count,miss_rate,private,shared,private_rate
0,22910118,11337782,11572336,1832392,744111,2485636,90867,0.03526757,2042179,477813,0.8103911
1,21861490,11290799,10570691,1821846,585998,2325391,82453,0.0342435,1919664,439775,0.8136104
2,22663661,11337671,11325990,1838008,766181,2516090,88099,0.03382973,2101744,446974,0.8246279
3,21923941,11301515,10622426,1832174,579291,2328526,82939,0.03439362,1880778,476679,0.7977995
