pid,execution_cycles,compute_cycles,idle_cycles,loads,stores,hit_count,miss_count,miss_rate,private,shared,private_rate
0,31587783,11337782,20250001,1832392,744111,2397893,178610,0.06932264,2087256,420283,0.8323922
1,29055226,11290799,17764427,1821846,585998,2252427,155417,0.06454613,1935309,413155,0.8240744
2,30971417,11337671,19633746,1838008,766181,2432042,172147,0.06610388,2130904,402993,0.8409592
3,29451514,11301515,18149999,1832174,579291,2252167,159298,0.0660586,1921572,429438,0.8173389
