pid,execution_cycles,compute_cycles,idle_cycles,loads,stores,hit_count,miss_count,miss_rate,private,shared,private_rate
0,14769546,11337782,3431764,1832392,744111,2567864,8639,0.003352994,2048917,525839,0.7957713
1,14630332,11290799,3339533,1821846,585998,2398433,9411,0.003908476,1888081,518438,0.7845693
2,14787716,11337671,3450045,1838008,766181,2595645,8544,0.003280868,2060669,541384,0.7919397
3,14639818,11301515,3338303,1832174,579291,2402103,9362,0.003882287,1888055,521874,0.7834484
