pid,execution_cycles,compute_cycles,idle_cycles,loads,stores,hit_count,miss_count,miss_rate,private,shared,private_rate
0,15503664,11337782,4165882,1832392,744111,2560766,15737,0.006107891,2064125,504374,0.8036308
1,15424247,11290799,4133448,1821846,585998,2391360,16484,0.006845958,1913132,488511,0.796593
2,15579680,11337671,4242009,1838008,766181,2588017,16172,0.006209995,2089003,506141,0.8049661
3,15469772,11301515,4168257,1832174,579291,2394817,16648,0.006903687,1877646,526085,0.7811382
