pid,execution_cycles,compute_cycles,idle_cycles,loads,stores,hit_count,miss_count,miss_rate,private,shared,private_rate
0,17343024,11337782,6005242,1832392,744111,2539718,36785,0.0142771,1967935,598305,0.7668554
1,16906493,11290799,5615694,1821846,585998,2372898,34946,0.0145134,1907603,491234,0.7952199
2,17279538,11337671,5941867,1838008,766181,2567435,36754,0.01411341,2018379,574586,0.7784058
3,16947383,11301515,5645868,1832174,579291,2375952,35513,0.01472673,1877202,524516,0.781608
