pid,execution_cycles,compute_cycles,idle_cycles,loads,stores,hit_count,miss_count,miss_rate,private,shared,private_rate
0,17638267,11337782,6300485,1832392,744111,2537753,38750,0.01503977,2042264,513972,0.7989341
1,17201393,11290799,5910594,1821846,585998,2370830,37014,0.01537226,1905168,483791,0.7974888
2,17596601,11337671,6258930,1838008,766181,2565286,38903,0.01493862,2093195,489500,0.8104693
3,17235201,11301515,5933686,1832174,579291,2373790,37675,0.01562328,1875065,516500,0.7840326
