pid,execution_cycles,compute_cycles,idle_cycles,loads,stores,hit_count,miss_count,miss_rate,private,shared,private_rate
0,25133218,11337782,13795436,1832392,744111,2457456,119047,0.04620488,1991932,550476,0.7834824
1,24100997,11290799,12810198,1821846,585998,2296970,110874,0.046047,1953049,427992,0.8202501
2,24847025,11337671,13509354,1838008,766181,2487002,117187,0.04499942,2048385,523395,0.7964853
3,24361696,11301515,13060181,1832174,579291,2297925,113540,0.04708341,1913284,468501,0.8032984
