pid,execution_cycles,compute_cycles,idle_cycles,loads,stores,hit_count,miss_count,miss_rate,private,shared,private_rate
0,25225152,11337782,13887370,1832392,744111,2462346,114157,0.04430695,2114962,423112,0.8332941
1,21876476,11290799,10585677,1821846,585998,2325609,82235,0.03415296,1953771,422796,0.822098
2,25524183,11337671,14186512,1838008,766181,2487292,116897,0.04488806,2149708,414164,0.8384615
3,21525712,11301515,10224197,1832174,579291,2332893,78572,0.03258268,1951147,430250,0.8193287
