pid,execution_cycles,compute_cycles,idle_cycles,loads,stores,hit_count,miss_count,miss_rate,private,shared,private_rate
0,20827059,11337782,9489277,1832392,744111,2506677,69826,0.02710107,2080344,465385,0.8171899
1,19287094,11290799,7996295,1821846,585998,2351395,56449,0.02344379,1918431,463431,0.8054333
2,21887105,11337671,10549434,1838008,766181,2523934,80255,0.03081766,2150124,420431,0.8364435
3,19599025,11301515,8297510,1832174,579291,2352010,59455,0.02465514,1890765,492352,0.7934
