pid,execution_cycles,compute_cycles,idle_cycles,loads,stores,hit_count,miss_count,miss_rate,private,shared,private_rate
0,20420862,11337782,9083080,1832392,744111,2510780,65723,0.02550861,1987566,572238,0.7764524
1,19790707,11290799,8499908,1821846,585998,2346308,61536,0.02555647,1934551,458583,0.8083755
2,20441012,11337671,9103341,1838008,766181,2538541,65648,0.02520862,2015548,567117,0.780414
3,19956019,11301515,8654504,1832174,579291,2348404,63061,0.02615049,1896779,496197,0.7926444
