pid,execution_cycles,compute_cycles,idle_cycles,loads,stores,hit_count,miss_count,miss_rate,private,shared,private_rate
0,44590865,11337782,33253083,1832392,744111,2266987,309516,0.1201303,2140860,348656,0.8599503
1,33435901,11290799,22145102,1821846,585998,2208762,199082,0.08268061,1991712,351296,0.8500662
2,44808739,11337671,33471068,1838008,766181,2292716,311473,0.1196046,2181468,335343,0.8667588
3,32983511,11301515,21681996,1832174,579291,2217068,194397,0.08061365,1972144,375329,0.8401136
