pid,execution_cycles,compute_cycles,idle_cycles,loads,stores,hit_count,miss_count,miss_rate,private,shared,private_rate
0,15894489,11337782,4556707,1832392,744111,2565592,10911,0.00423481,2049905,520695,0.7974422
1,15436307,11290799,4145508,1821846,585998,2397874,9970,0.004140634,1890960,512064,0.7869085
2,16078026,11337671,4740355,1838008,766181,2592234,11955,0.004590681,2064192,533523,0.7946183
3,15527930,11301515,4226415,1832174,579291,2401193,10272,0.004259651,1824390,581783,0.7582123
