pid,execution_cycles,compute_cycles,idle_cycles,loads,stores,hit_count,miss_count,miss_rate,private,shared,private_rate
0,17909181,11337782,6571399,1832392,744111,2541826,34677,0.01345894,1800257,765011,0.7017813
1,17361767,11290799,6070968,1821846,585998,2374927,32917,0.01367074,1738805,658833,0.7252158
2,17928093,11337671,6590422,1838008,766181,2568806,35383,0.01358696,1937278,654756,0.7473968
3,17386703,11301515,6085188,1832174,579291,2377854,33611,0.013938,1702317,697997,0.709206
