pid,execution_cycles,compute_cycles,idle_cycles,loads,stores,hit_count,miss_count,miss_rate,private,shared,private_rate
0,20515011,11337782,9177229,1832392,744111,2509829,66674,0.02587771,2105723,449969,0.8239346
1,17456980,11290799,6166181,1821846,585998,2369881,37963,0.01576639,1954120,442846,0.8152473
2,20363495,11337671,9025824,1838008,766181,2539324,64865,0.02490795,2135134,449071,0.8262247
3,17490721,11301515,6189206,1832174,579291,2373306,38159,0.01582399,1939300,460733,0.8080306
