pid,execution_cycles,compute_cycles,idle_cycles,loads,stores,hit_count,miss_count,miss_rate,private,shared,private_rate
0,17773701,11337782,6435919,1832392,744111,2537519,38984,0.01513059,2058129,497561,0.8053125
1,17354812,11290799,6064013,1821846,585998,2370913,36931,0.01533779,1913320,474767,0.8011936
2,17812760,11337671,6475089,1838008,766181,2565089,39100,0.01501427,2079627,499899,0.8062051
3,17436667,11301515,6135152,1832174,579291,2373852,37613,0.01559757,1867641,521327,0.7817773
