pid,execution_cycles,compute_cycles,idle_cycles,loads,stores,hit_count,miss_count,miss_rate,private,shared,private_rate
0,16420250,11337782,5082468,1832392,744111,2558998,17505,0.006794093,2073304,493330,0.8077911
1,15886629,11290799,4595830,1821846,585998,2391948,15896,0.006601757,1898218,501442,0.7910362
2,16627489,11337671,5289818,1838008,766181,2585086,19103,0.007335489,2100240,493119,0.8098532
3,15924989,11301515,4623474,1832174,579291,2395363,16102,0.006677269,1840590,562198,0.7660226
