pid,execution_cycles,compute_cycles,idle_cycles,loads,stores,hit_count,miss_count,miss_rate,private,shared,private_rate
0,135566259,11337782,124228477,1832392,744111,1410566,1165937,0.4525269,2354776,5212,0.9977915
1,129293336,11290799,118002537,1821846,585998,1301481,1106363,0.4594828,2211263,6196,0.9972058
2,136304983,11337671,124967312,1838008,766181,1433598,1170591,0.4495031,2379554,5812,0.9975635
3,129723101,11301515,118421586,1832174,579291,1296605,1114860,0.4623165,2212418,6163,0.9972221
