pid,execution_cycles,compute_cycles,idle_cycles,loads,stores,hit_count,miss_count,miss_rate,private,shared,private_rate
0,17664801,11337782,6327019,1832392,744111,2538619,37884,0.01470365,2091456,463153,0.8186991
1,17443417,11290799,6152618,1821846,585998,2370018,37826,0.01570949,1918240,470165,0.8031469
2,18040559,11337671,6702888,1838008,766181,2562788,41401,0.01589785,2119101,461743,0.8210884
3,17335885,11301515,6034370,1832174,579291,2374870,36595,0.01517542,1911555,480673,0.7990689
