pid,execution_cycles,compute_cycles,idle_cycles,loads,stores,hit_count,miss_count,miss_rate,private,shared,private_rate
0,15022590,11337782,3684808,1832392,744111,2565308,11195,0.004345037,2045001,528252,0.7947143
1,14910898,11290799,3620099,1821846,585998,2395599,12245,0.005085462,1906344,498567,0.792688
2,15051848,11337671,3714177,1838008,766181,2592977,11212,0.004305371,2061934,537934,0.7930918
3,14934640,11301515,3633125,1832174,579291,2399125,12340,0.005117221,1880871,526837,0.7811873
