pid,execution_cycles,compute_cycles,idle_cycles,loads,stores,hit_count,miss_count,miss_rate,private,shared,private_rate
0,46569370,11337782,35231588,1832392,744111,2262537,313966,0.1218574,2135374,345476,0.8607429
1,34616673,11290799,23325874,1821846,585998,2207451,200393,0.08322508,1991584,349579,0.8506815
2,46707334,11337671,35369663,1838008,766181,2288801,315388,0.121108,2175946,333146,0.8672245
3,34068129,11301515,22766614,1832174,579291,2216407,195058,0.08088776,1972755,373027,0.8409797
