pid,execution_cycles,compute_cycles,idle_cycles,loads,stores,hit_count,miss_count,miss_rate,private,shared,private_rate
0,21040100,11337782,9702318,1832392,744111,2509295,67208,0.02608497,1862202,680945,0.7322432
1,20279753,11290799,8988954,1821846,585998,2344987,62857,0.0261051,1816971,560914,0.7641122
2,20957035,11337671,9619364,1838008,766181,2537365,66824,0.0256602,1969941,600931,0.766254
3,20280958,11301515,8979443,1832174,579291,2347410,64055,0.02656269,1775740,604609,0.7459999
