pid,execution_cycles,compute_cycles,idle_cycles,loads,stores,hit_count,miss_count,miss_rate,private,shared,private_rate
0,14705196,11337782,3367414,1832392,744111,2568514,7989,0.003100714,2037784,538018,0.791126
1,14520442,11290799,3229643,1821846,585998,2399543,8301,0.003447482,1888143,519130,0.7843493
2,14701388,11337671,3363717,1838008,766181,2596517,7672,0.002946023,2045902,557174,0.7859555
3,14539234,11301515,3237719,1832174,579291,2403119,8346,0.003460967,1874018,536500,0.7774337
