pid,execution_cycles,compute_cycles,idle_cycles,loads,stores,hit_count,miss_count,miss_rate,private,shared,private_rate
0,21173412,11337782,9835630,1832392,744111,2502190,74313,0.02884258,2050059,476650,0.8113554
1,20341501,11290799,9050702,1821846,585998,2339414,68430,0.02841962,1915355,449857,0.8098027
2,21168461,11337671,9830790,1838008,766181,2529894,74295,0.02852904,2090699,462940,0.8187136
3,20439973,11301515,9138458,1832174,579291,2341570,69895,0.02898446,1872483,492633,0.7917087
