pid,execution_cycles,compute_cycles,idle_cycles,loads,stores,hit_count,miss_count,miss_rate,private,shared,private_rate
0,20436537,11337782,9098755,1832392,744111,2508279,68224,0.0264793,1964262,579320,0.7722425
1,19783129,11290799,8492330,1821846,585998,2343974,63870,0.0265258,1910416,468267,0.8031402
2,20297993,11337671,8960322,1838008,766181,2536282,67907,0.02607606,2017008,554962,0.7842269
3,19860811,11301515,8559296,1832174,579291,2346088,65377,0.02711091,1882960,497887,0.7908782
