pid,execution_cycles,compute_cycles,idle_cycles,loads,stores,hit_count,miss_count,miss_rate,private,shared,private_rate
0,15491337,11337782,4153555,1832392,744111,2568479,8024,0.003114299,1933036,639682,0.7513595
1,15067583,11290799,3776784,1821846,585998,2400309,7535,0.003129356,1845492,558903,0.7675494
2,15643139,11337671,4305468,1838008,766181,2595980,8209,0.003152229,1890772,708523,0.7274172
3,15170220,11301515,3868705,1832174,579291,2403821,7644,0.003169857,1733875,673236,0.7203137
