pid,execution_cycles,compute_cycles,idle_cycles,loads,stores,hit_count,miss_count,miss_rate,private,shared,private_rate
0,34500119,11337782,23162337,1832392,744111,2370664,205839,0.07989084,2111388,365263,0.8525174
1,31382898,11290799,20092099,1821846,585998,2230989,176855,0.07344953,1958386,364985,0.8429071
2,35402718,11337671,24065047,1838008,766181,2389974,214215,0.08225785,2170935,327572,0.8688929
3,31253676,11301515,19952161,1832174,579291,2236233,175232,0.0726662,1965239,363354,0.8439599
