pid,execution_cycles,compute_cycles,idle_cycles,loads,stores,hit_count,miss_count,miss_rate,private,shared,private_rate
0,51993964,11337782,40656182,1832392,744111,2412422,164081,0.06368361,2161283,373850,0.8525324
1,30147638,11290799,18856839,1821846,585998,2335901,71943,0.0298786,2007084,378420,0.8413669
2,52298102,11337671,40960431,1838008,766181,2436620,167569,0.06434594,2201401,360809,0.8591806
3,29260845,11301515,17959330,1832174,579291,2342311,69154,0.02867717,1986836,402422,0.8315703
