pid,execution_cycles,compute_cycles,idle_cycles,loads,stores,hit_count,miss_count,miss_rate,private,shared,private_rate
0,21557481,11337782,10219699,1832392,744111,2499299,77204,0.02996465,2115381,426646,0.8321631
1,18923071,11290799,7632272,1821846,585998,2355072,52772,0.0219167,1957083,423742,0.8220188
2,21914330,11337671,10576659,1838008,766181,2523659,80530,0.03092325,2167068,400828,0.843908
3,18833458,11301515,7531943,1832174,579291,2359743,51722,0.02144837,1950233,434702,0.81773
