pid,execution_cycles,compute_cycles,idle_cycles,loads,stores,hit_count,miss_count,miss_rate,private,shared,private_rate
0,14709750,11337782,3371968,1832392,744111,2568468,8035,0.003118568,2047812,527233,0.7952529
1,14549944,11290799,3259145,1821846,585998,2399245,8599,0.003571245,1893901,512840,0.7869152
2,14723267,11337671,3385596,1838008,766181,2596296,7893,0.003030886,2058361,543871,0.7909983
3,14579824,11301515,3278309,1832174,579291,2402709,8756,0.003630988,1875177,534804,0.7780879
