pid,execution_cycles,compute_cycles,idle_cycles,loads,stores,hit_count,miss_count,miss_rate,private,shared,private_rate
0,40870434,11337782,29532652,1832392,744111,2291210,285293,0.1107288,2127989,349315,0.8589939
1,33630545,11290799,22339746,1821846,585998,2196961,210883,0.08758167,1989057,345850,0.8518785
2,41436343,11337671,30098672,1838008,766181,2314462,289727,0.1112542,2167063,333935,0.8664793
3,33140526,11301515,21839011,1832174,579291,2206874,204591,0.08484096,1980769,360093,0.8461708
