pid,execution_cycles,compute_cycles,idle_cycles,loads,stores,hit_count,miss_count,miss_rate,private,shared,private_rate
0,16209636,11337782,4871854,1832392,744111,2552890,23613,0.009164748,2058144,507139,0.8023068
1,16023613,11290799,4732814,1821846,585998,2382978,24866,0.01032708,1900942,495756,0.7931504
2,16266875,11337671,4929204,1838008,766181,2579856,24333,0.009343792,2074813,515196,0.8010833
3,16037941,11301515,4736426,1832174,579291,2386482,24983,0.01036009,1872176,526998,0.7803419
