pid,execution_cycles,compute_cycles,idle_cycles,loads,stores,hit_count,miss_count,miss_rate,private,shared,private_rate
0,22665707,11337782,11327925,1832392,744111,2510441,66062,0.02564018,2127787,427684,0.8326399
1,18111544,11290799,6820745,1821846,585998,2374055,33789,0.01403289,1971155,423734,0.8230674
2,23072929,11337671,11735258,1838008,766181,2534915,69274,0.02660099,2179090,402869,0.8439677
3,18076491,11301515,6774976,1832174,579291,2377782,33683,0.01396786,1956453,442036,0.8157023
