pid,execution_cycles,compute_cycles,idle_cycles,loads,stores,hit_count,miss_count,miss_rate,private,shared,private_rate
0,15451020,11337782,4113238,1832392,744111,2569982,6521,0.00253095,2060077,514609,0.8001275
1,15359741,11290799,4068942,1821846,585998,2401282,6562,0.00272526,1914739,491477,0.7957469
2,15556881,11337671,4219210,1838008,766181,2597618,6571,0.002523242,2060131,541515,0.7918568
3,15478007,11301515,4176492,1832174,579291,2404852,6613,0.002742316,1875750,533493,0.7785641
