pid,execution_cycles,compute_cycles,idle_cycles,loads,stores,hit_count,miss_count,miss_rate,private,shared,private_rate
0,16077902,11337782,4740120,1832392,744111,2562192,14311,0.005554428,2024199,544111,0.7881443
1,15566172,11290799,4275373,1821846,585998,2394939,12905,0.005359566,1887121,514435,0.785791
2,16207939,11337671,4870268,1838008,766181,2589183,15006,0.005762255,2028845,566154,0.7818288
3,15615144,11301515,4313629,1832174,579291,2398365,13100,0.005432382,1778613,625059,0.7399566
