pid,execution_cycles,compute_cycles,idle_cycles,loads,stores,hit_count,miss_count,miss_rate,private,shared,private_rate
0,26036241,11337782,14698459,1832392,744111,2454059,122444,0.04752333,1971742,545495,0.7832961
1,24998305,11290799,13707506,1821846,585998,2293706,114138,0.04740257,1938075,417033,0.822924
2,25898288,11337671,14560617,1838008,766181,2483417,120772,0.04637605,2015217,526891,0.7927346
3,25282615,11301515,13981100,1832174,579291,2294600,116865,0.04846224,1890257,462270,0.8035007
