pid,execution_cycles,compute_cycles,idle_cycles,loads,stores,hit_count,miss_count,miss_rate,private,shared,private_rate
0,25696128,11337782,14358346,1832392,744111,2457430,119073,0.04621497,2083029,411494,0.835041
1,24658303,11290799,13367504,1821846,585998,2296980,110864,0.04604285,1928532,403953,0.8268143
2,26510189,11337671,15172518,1838008,766181,2477170,127019,0.04877488,2141858,374725,0.8510977
3,24450838,11301515,13149323,1832174,579291,2302827,108638,0.04505062,1934539,402739,0.8276889
