pid,execution_cycles,compute_cycles,idle_cycles,loads,stores,hit_count,miss_count,miss_rate,private,shared,private_rate
0,16733922,11337782,5396140,1832392,744111,2548228,28275,0.01097418,2087505,474162,0.814901
1,16639851,11290799,5349052,1821846,585998,2378804,29040,0.01206058,1925421,468945,0.8041465
2,17038839,11337671,5701168,1838008,766181,2573112,31077,0.01193347,2118384,469648,0.8185308
3,16588864,11301515,5287349,1832174,579291,2383069,28396,0.01177541,1918622,479417,0.8000796
