pid,execution_cycles,compute_cycles,idle_cycles,loads,stores,hit_count,miss_count,miss_rate,private,shared,private_rate
0,15159873,11337782,3822091,1832392,744111,2566723,9780,0.003795843,2058853,514411,0.800094
1,15120268,11290799,3829469,1821846,585998,2397641,10203,0.004237401,1915699,489252,0.7965647
2,15286766,11337671,3949095,1838008,766181,2594159,10030,0.003851487,2063690,536153,0.7937749
3,15206689,11301515,3905174,1832174,579291,2401150,10315,0.004277483,1879153,528520,0.7804851
