pid,execution_cycles,compute_cycles,idle_cycles,loads,stores,hit_count,miss_count,miss_rate,private,shared,private_rate
0,26050398,11337782,14712616,1832392,744111,2453916,122587,0.04757883,1971639,545512,0.783282
1,25008997,11290799,13718198,1821846,585998,2293598,114246,0.04744743,1938153,417062,0.8229198
2,25903238,11337671,14565567,1838008,766181,2483367,120822,0.04639525,2015380,526841,0.7927635
3,25292713,11301515,13991198,1832174,579291,2294498,116967,0.04850454,1890388,462248,0.8035191
