pid,execution_cycles,compute_cycles,idle_cycles,loads,stores,hit_count,miss_count,miss_rate,private,shared,private_rate
0,84012720,11337782,72674938,1832392,744111,1868438,708065,0.2748163,2029920,250469,0.8901639
1,66073999,11290799,54783200,1821846,585998,1878800,529044,0.2197169,1922127,267853,0.8776916
2,84587864,11337671,73250193,1838008,766181,1890593,713596,0.2740185,2060288,235975,0.8972352
3,65409295,11301515,54107780,1832174,579291,1889280,522185,0.2165426,1920999,277124,0.873927
