pid,execution_cycles,compute_cycles,idle_cycles,loads,stores,hit_count,miss_count,miss_rate,private,shared,private_rate
0,26643964,11337782,15306182,1832392,744111,2453376,123127,0.04778842,2081875,411507,0.8349603
1,25186238,11290799,13895439,1821846,585998,2295549,112295,0.04663716,1926094,406226,0.8258275
2,27495471,11337671,16157800,1838008,766181,2472962,131227,0.05039074,2138500,376973,0.8501383
3,24959892,11301515,13658377,1832174,579291,2301665,109800,0.04553249,1932447,404577,0.8268837
