pid,execution_cycles,compute_cycles,idle_cycles,loads,stores,hit_count,miss_count,miss_rate,private,shared,private_rate
0,17472741,11337782,6134959,1832392,744111,2540559,35944,0.01395069,1988481,579443,0.7743535
1,17101273,11290799,5810474,1821846,585998,2373474,34370,0.01427418,1914545,484922,0.7979043
2,17558231,11337671,6220560,1838008,766181,2567660,36529,0.01402702,2002869,588514,0.7728958
3,17187187,11301515,5885672,1832174,579291,2376372,35093,0.01455256,1873158,527716,0.7801984
