pid,execution_cycles,compute_cycles,idle_cycles,loads,stores,hit_count,miss_count,miss_rate,private,shared,private_rate
0,26610837,11337782,15273055,1832392,744111,2448255,128248,0.04977599,2027971,455406,0.8166183
1,25420738,11290799,14129939,1821846,585998,2289439,118405,0.0491747,1917534,409409,0.8240571
2,26429621,11337671,15091950,1838008,766181,2478050,126139,0.04843696,2088184,426897,0.8302651
3,25712671,11301515,14411156,1832174,579291,2290256,121209,0.05026364,1867399,457906,0.803077
