pid,execution_cycles,compute_cycles,idle_cycles,loads,stores,hit_count,miss_count,miss_rate,private,shared,private_rate
0,26405115,11337782,15067333,1832392,744111,2450333,126170,0.04896948,2036509,458266,0.8163097
1,25335895,11290799,14045096,1821846,585998,2290296,117548,0.04881878,1922571,411863,0.8235705
2,26220236,11337671,14882565,1838008,766181,2480165,124024,0.04762481,2086762,434949,0.8275183
3,25622581,11301515,14321066,1832174,579291,2291166,120299,0.04988627,1869678,461038,0.8021904
