pid,execution_cycles,compute_cycles,idle_cycles,loads,stores,hit_count,miss_count,miss_rate,private,shared,private_rate
0,41777852,11337782,30440070,1832392,744111,2287267,289236,0.1122591,2076390,367626,0.8495812
1,38291403,11290799,27000604,1821846,585998,2148732,259112,0.1076116,1924864,369472,0.8389634
2,42546942,11337671,31209271,1838008,766181,2306071,298118,0.1144763,2130243,337837,0.8631175
3,37832293,11301515,26530778,1832174,579291,2157588,253877,0.1052792,1929645,370798,0.8388145
