pid,execution_cycles,compute_cycles,idle_cycles,loads,stores,hit_count,miss_count,miss_rate,private,shared,private_rate
0,17507081,11337782,6169299,1832392,744111,2538383,38120,0.01479525,1996032,563597,0.779813
1,17082038,11290799,5791239,1821846,585998,2371539,36305,0.0150778,1902258,489959,0.7951862
2,17471514,11337671,6133843,1838008,766181,2565875,38314,0.01471245,2052624,533707,0.7936432
3,17109480,11301515,5807965,1832174,579291,2374553,36912,0.01530688,1872907,522293,0.7819418
