pid,execution_cycles,compute_cycles,idle_cycles,loads,stores,hit_count,miss_count,miss_rate,private,shared,private_rate
0,14802414,11337782,3464632,1832392,744111,2567532,8971,0.003481851,2043210,531943,0.7934325
1,14637559,11290799,3346760,1821846,585998,2398360,9484,0.003938793,1901238,505483,0.7899703
2,14820485,11337671,3482814,1838008,766181,2595314,8875,0.003407971,2057335,544842,0.7906207
3,14658529,11301515,3357014,1832174,579291,2401914,9551,0.003960663,1875083,534708,0.7781102
