pid,execution_cycles,compute_cycles,idle_cycles,loads,stores,hit_count,miss_count,miss_rate,private,shared,private_rate
0,26371527,11337782,15033745,1832392,744111,2453192,123311,0.04785983,1896362,616825,0.7545646
1,25429987,11290799,14139188,1821846,585998,2290994,116850,0.04852889,1488431,859199,0.6340143
2,26332979,11337671,14995308,1838008,766181,2480757,123432,0.04739748,2018545,517766,0.7958586
3,25401680,11301515,14100165,1832174,579291,2293381,118084,0.04896774,1090850,1260885,0.463849
