pid,execution_cycles,compute_cycles,idle_cycles,loads,stores,hit_count,miss_count,miss_rate,private,shared,private_rate
0,17941159,11337782,6603377,1832392,744111,2541430,35073,0.01361264,1798615,767089,0.701022
1,17378075,11290799,6087276,1821846,585998,2374752,33092,0.01374342,1755279,642558,0.732026
2,17934096,11337671,6596425,1838008,766181,2568908,35281,0.01354779,1945605,646183,0.7506806
3,17375156,11301515,6073641,1832174,579291,2377978,33487,0.01388658,1696829,704157,0.7067217
