pid,execution_cycles,compute_cycles,idle_cycles,loads,stores,hit_count,miss_count,miss_rate,private,shared,private_rate
0,16211211,11337782,4873429,1832392,744111,2552881,23622,0.009168241,2058021,507280,0.8022532
1,16032361,11290799,4741562,1821846,585998,2382982,24862,0.01032542,1900904,495815,0.7931276
2,16269206,11337671,4931535,1838008,766181,2579855,24334,0.009344176,2074813,515215,0.8010774
3,16046212,11301515,4744697,1832174,579291,2386513,24952,0.01034724,1872249,526926,0.780372
