pid,execution_cycles,compute_cycles,idle_cycles,loads,stores,hit_count,miss_count,miss_rate,private,shared,private_rate
0,18389062,11337782,7051280,1832392,744111,2537980,38523,0.01495166,2012226,541742,0.7878822
1,17729712,11290799,6438913,1821846,585998,2371929,35915,0.01491583,1876410,510156,0.7862385
2,18377939,11337671,7040268,1838008,766181,2565535,38654,0.01484301,2023992,554630,0.7849123
3,17728470,11301515,6426955,1832174,579291,2375086,36379,0.01508585,1809260,579340,0.7574563
