pid,execution_cycles,compute_cycles,idle_cycles,loads,stores,hit_count,miss_count,miss_rate,private,shared,private_rate
0,25703502,11337782,14365720,1832392,744111,2457420,119083,0.04621885,1998175,547222,0.7850151
1,24685861,11290799,13395062,1821846,585998,2296862,110982,0.04609186,1962459,419807,0.8237783
2,25567628,11337671,14229957,1838008,766181,2486757,117432,0.0450935,2040839,528183,0.7944031
3,24956410,11301515,13654895,1832174,579291,2297895,113570,0.04709585,1916737,463830,0.8051599
