pid,execution_cycles,compute_cycles,idle_cycles,loads,stores,hit_count,miss_count,miss_rate,private,shared,private_rate
0,16165818,11337782,4828036,1832392,744111,2561395,15108,0.005863762,1987638,581381,0.7736953
1,15641894,11290799,4351095,1821846,585998,2394255,13589,0.005643638,1874497,526790,0.7806218
2,16296314,11337671,4958643,1838008,766181,2588517,15672,0.006017996,1962065,632985,0.7560798
3,15756819,11301515,4455304,1832174,579291,2397037,14428,0.005983085,1786859,616517,0.7434788
