pid,execution_cycles,compute_cycles,idle_cycles,loads,stores,hit_count,miss_count,miss_rate,private,shared,private_rate
0,26403927,11337782,15066145,1832392,744111,2450345,126158,0.04896482,2036435,458420,0.8162539
1,25335796,11290799,14044997,1821846,585998,2290297,117547,0.04881836,1922584,411899,0.8235588
2,26221622,11337671,14883951,1838008,766181,2480151,124038,0.04763018,2086693,434999,0.8274972
3,25623472,11301515,14321957,1832174,579291,2291157,120308,0.04989,1869748,460955,0.8022249
