pid,execution_cycles,compute_cycles,idle_cycles,loads,stores,hit_count,miss_count,miss_rate,private,shared,private_rate
0,16783046,11337782,5445264,1832392,744111,2558545,17958,0.006969912,2047518,520520,0.7973083
1,16172609,11290799,4881810,1821846,585998,2392657,15187,0.006307302,1901005,499991,0.7917568
2,17568656,11337671,6230985,1838008,766181,2580988,23201,0.008909108,2088186,505614,0.8050682
3,16301745,11301515,5000230,1832174,579291,2395402,16063,0.006661096,1841467,562453,0.7660267
