pid,execution_cycles,compute_cycles,idle_cycles,loads,stores,hit_count,miss_count,miss_rate,private,shared,private_rate
0,14792613,11337782,3454831,1832392,744111,2567631,8872,0.003443427,2043558,531598,0.7935667
1,14636668,11290799,3345869,1821846,585998,2398369,9475,0.003935056,1901374,505357,0.7900235
2,14813159,11337671,3475488,1838008,766181,2595388,8801,0.003379555,2057364,544813,0.7906318
3,14659618,11301515,3358103,1832174,579291,2401903,9562,0.003965224,1875117,534677,0.7781234
