pid,execution_cycles,compute_cycles,idle_cycles,loads,stores,hit_count,miss_count,miss_rate,private,shared,private_rate
0,15076347,11337782,3738565,1832392,744111,2564765,11738,0.004555787,2072351,498602,0.8060634
1,15075634,11290799,3784835,1821846,585998,2393935,13909,0.005776537,1899297,504080,0.7902618
2,15232424,11337671,3894753,1838008,766181,2591153,13036,0.005005781,2092263,505716,0.8053425
3,15070963,11301515,3769448,1832174,579291,2397748,13717,0.005688243,1898845,507917,0.7889625
