pid,execution_cycles,compute_cycles,idle_cycles,loads,stores,hit_count,miss_count,miss_rate,private,shared,private_rate
0,16178226,11337782,4840444,1832392,744111,2553124,23379,0.009073927,2057618,508621,0.8018029
1,15992770,11290799,4701971,1821846,585998,2383215,24629,0.01022865,1901405,496168,0.7930541
2,16235069,11337671,4897398,1838008,766181,2579946,24243,0.009309232,2075632,515324,0.8011066
3,16005055,11301515,4703540,1832174,579291,2386736,24729,0.01025476,1873010,527120,0.7803786
