pid,execution_cycles,compute_cycles,idle_cycles,loads,stores,hit_count,miss_count,miss_rate,private,shared,private_rate
0,19403835,11337782,8066053,1832392,744111,2521053,55450,0.02152142,2103055,443095,0.8259745
1,18611419,11290799,7320620,1821846,585998,2358220,49624,0.02060931,1941745,439887,0.8153002
2,19929974,11337671,8592303,1838008,766181,2543703,60486,0.02322642,2136136,435848,0.8305402
3,18480523,11301515,7179008,1832174,579291,2363308,48157,0.01997002,1935327,450429,0.8112007
