pid,execution_cycles,compute_cycles,idle_cycles,loads,stores,hit_count,miss_count,miss_rate,private,shared,private_rate
0,17620586,11337782,6282804,1832392,744111,2537696,38807,0.01506189,2042348,513872,0.7989719
1,17186509,11290799,5895710,1821846,585998,2370742,37102,0.01540881,1905117,483866,0.7974594
2,17584840,11337671,6247169,1838008,766181,2565253,38936,0.0149513,2093016,489678,0.8104003
3,17218480,11301515,5916965,1832174,579291,2373713,37752,0.01565521,1874861,516687,0.7839529
