pid,execution_cycles,compute_cycles,idle_cycles,loads,stores,hit_count,miss_count,miss_rate,private,shared,private_rate
0,122348633,11337782,111010851,1832392,744111,1609384,967119,0.3753611,2351383,31592,0.9867426
1,115164714,11290799,103873915,1821846,585998,1527929,879915,0.3654369,2219329,35117,0.9844232
2,122980315,11337671,111642644,1838008,766181,1632690,971499,0.3730524,2379528,28739,0.9880665
3,115219424,11301515,103917909,1832174,579291,1535291,876174,0.3633368,2225515,36205,0.9839923
