pid,execution_cycles,compute_cycles,idle_cycles,loads,stores,hit_count,miss_count,miss_rate,private,shared,private_rate
0,22345566,11337782,11007784,1832392,744111,2491252,85251,0.03308787,2104717,421869,0.833028
1,20687181,11290799,9396382,1821846,585998,2336934,70910,0.02944958,1949873,415465,0.8243528
2,22893784,11337671,11556113,1838008,766181,2513657,90532,0.03476399,2151852,399349,0.8434663
3,20520856,11301515,9219341,1832174,579291,2342373,69092,0.02865146,1957061,412693,0.8258499
