pid,execution_cycles,compute_cycles,idle_cycles,loads,stores,hit_count,miss_count,miss_rate,private,shared,private_rate
0,16042290,11337782,4704508,1832392,744111,2555008,21495,0.008342703,2006803,564670,0.7804099
1,15945547,11290799,4654748,1821846,585998,2385148,22696,0.00942586,1906733,496030,0.7935585
2,16159955,11337671,4822284,1838008,766181,2581784,22405,0.008603446,2022306,574047,0.7789026
3,15972556,11301515,4671041,1832174,579291,2388641,22824,0.009464786,1865087,540022,0.7754688
