pid,execution_cycles,compute_cycles,idle_cycles,loads,stores,hit_count,miss_count,miss_rate,private,shared,private_rate
0,15417506,11337782,4079724,1832392,744111,2570204,6299,0.002444787,2057362,517776,0.7989327
1,15294612,11290799,4003813,1821846,585998,2401557,6287,0.00261105,1914885,491692,0.7956882
2,15592854,11337671,4255183,1838008,766181,2597779,6410,0.002461419,2061859,540235,0.7923845
3,15487232,11301515,4185717,1832174,579291,2405021,6444,0.002672235,1869858,539841,0.7759716
