pid,execution_cycles,compute_cycles,idle_cycles,loads,stores,hit_count,miss_count,miss_rate,private,shared,private_rate
0,15963098,11337782,4625316,1832392,744111,2563344,13159,0.00510731,1958919,611612,0.7620678
1,15514069,11290799,4223270,1821846,585998,2395456,12388,0.005144852,1852737,549608,0.7712202
2,16063031,11337671,4725360,1838008,766181,2590807,13382,0.005138644,1929003,667382,0.7429572
3,15566272,11301515,4264757,1832174,579291,2398882,12583,0.00521799,1769745,634690,0.7360336
