pid,execution_cycles,compute_cycles,idle_cycles,loads,stores,hit_count,miss_count,miss_rate,private,shared,private_rate
0,15033084,11337782,3695302,1832392,744111,2565202,11301,0.004386178,2044393,528400,0.7946201
1,14917135,11290799,3626336,1821846,585998,2395536,12308,0.005111627,1906456,497984,0.7928898
2,15062441,11337671,3724770,1838008,766181,2592870,11319,0.004346459,2061625,537765,0.7931188
3,14945530,11301515,3644015,1832174,579291,2399015,12450,0.005162837,1881380,525854,0.7815526
