pid,execution_cycles,compute_cycles,idle_cycles,loads,stores,hit_count,miss_count,miss_rate,private,shared,private_rate
0,21491943,11337782,10154161,1832392,744111,2499961,76542,0.02970771,2074782,480094,0.8120872
1,19287094,11290799,7996295,1821846,585998,2351395,56449,0.02344379,1934471,459341,0.8081132
2,22822952,11337671,11485281,1838008,766181,2514481,89708,0.03444758,2099062,483411,0.8128108
3,19929586,11301515,8628071,1832174,579291,2348671,62794,0.02603977,1922118,473674,0.8022892
