pid,execution_cycles,compute_cycles,idle_cycles,loads,stores,hit_count,miss_count,miss_rate,private,shared,private_rate
0,20089554,11337782,8751772,1832392,744111,2510540,65963,0.02560176,1976025,581119,0.7727469
1,19435219,11290799,8144420,1821846,585998,2346168,61676,0.02561462,1923978,468172,0.8042882
2,19961972,11337671,8624301,1838008,766181,2538809,65380,0.0251057,2029052,556018,0.7849118
3,19553869,11301515,8252354,1832174,579291,2348362,63103,0.02616791,1894030,500243,0.7910668
