pid,execution_cycles,compute_cycles,idle_cycles,loads,stores,hit_count,miss_count,miss_rate,private,shared,private_rate
0,15014769,11337782,3676987,1832392,744111,2565387,11116,0.004314375,2039008,535292,0.7920631
1,14880406,11290799,3589607,1821846,585998,2395907,11937,0.004957547,1903052,502920,0.7909701
2,15036404,11337671,3698733,1838008,766181,2593133,11056,0.004245468,2055560,545442,0.7902954
3,14903653,11301515,3602138,1832174,579291,2399438,12027,0.004987425,1868193,540628,0.7755632
