pid,execution_cycles,compute_cycles,idle_cycles,loads,stores,hit_count,miss_count,miss_rate,private,shared,private_rate
0,15930383,11337782,4592601,1832392,744111,2563651,12852,0.004988156,1926467,645035,0.7491602
1,15490534,11290799,4199735,1821846,585998,2395680,12164,0.005051822,1827376,575886,0.7603732
2,16042214,11337671,4704543,1838008,766181,2591050,13139,0.005045333,1926159,671182,0.7415888
3,15545151,11301515,4243636,1832174,579291,2399110,12355,0.005123442,1723541,681817,0.7165424
