pid,execution_cycles,compute_cycles,idle_cycles,loads,stores,hit_count,miss_count,miss_rate,private,shared,private_rate
0,16958719,11337782,5620937,1832392,744111,2552933,23570,0.009148058,1997931,566488,0.7790969
1,16409374,11290799,5118575,1821846,585998,2386048,21796,0.009052081,1870852,526088,0.7805168
2,17004312,11337671,5666641,1838008,766181,2580189,24000,0.009215921,1986272,603054,0.7671
3,16444393,11301515,5142878,1832174,579291,2388847,22618,0.009379361,1784147,613873,0.7440084
