pid,execution_cycles,compute_cycles,idle_cycles,loads,stores,hit_count,miss_count,miss_rate,private,shared,private_rate
0,18388358,11337782,7050576,1832392,744111,2538014,38489,0.01493847,2011499,542440,0.7876065
1,17732533,11290799,6441734,1821846,585998,2371930,35914,0.01491542,1876078,510467,0.7861063
2,18379738,11337671,7042067,1838008,766181,2565563,38626,0.01483226,2024171,554539,0.7849549
3,17721499,11301515,6419984,1832174,579291,2375085,36380,0.01508626,1809253,579358,0.7574498
