pid,execution_cycles,compute_cycles,idle_cycles,loads,stores,hit_count,miss_count,miss_rate,private,shared,private_rate
0,16334922,11337782,4997140,1832392,744111,2559767,16736,0.006495626,2072828,493825,0.8075996
1,15818211,11290799,4527412,1821846,585998,2392573,15271,0.006342188,1900457,499154,0.7919855
2,16550362,11337671,5212691,1838008,766181,2585806,18383,0.007059011,2099772,493658,0.8096505
3,15873482,11301515,4571967,1832174,579291,2395796,15669,0.00649771,1851904,550851,0.7707419
