pid,execution_cycles,compute_cycles,idle_cycles,loads,stores,hit_count,miss_count,miss_rate,private,shared,private_rate
0,20748804,11337782,9411022,1832392,744111,2506014,70489,0.0273584,2040298,492586,0.8055237
1,20074447,11290799,8783648,1821846,585998,2341868,65976,0.02740045,1905328,462933,0.8045262
2,20654315,11337671,9316644,1838008,766181,2534496,69693,0.02676188,2092206,468346,0.8170918
3,20135254,11301515,8833739,1832174,579291,2343987,67478,0.02798216,1875215,494579,0.7912987
