pid,execution_cycles,compute_cycles,idle_cycles,loads,stores,hit_count,miss_count,miss_rate,private,shared,private_rate
0,18234582,11337782,6896800,1832392,744111,2539189,37314,0.01448242,1966718,589474,0.7693937
1,17646659,11290799,6355860,1821846,585998,2372645,35199,0.01461847,1834318,554658,0.767826
2,18229014,11337671,6891343,1838008,766181,2566740,37449,0.01438029,2033883,548723,0.7875313
3,17642363,11301515,6340848,1832174,579291,2375789,35676,0.01479433,1784893,606464,0.7463934
