pid,execution_cycles,compute_cycles,idle_cycles,loads,stores,hit_count,miss_count,miss_rate,private,shared,private_rate
0,17814300,11337782,6476518,1832392,744111,2536318,40185,0.01559672,2035173,522901,0.795588
1,17077846,11290799,5787047,1821846,585998,2372699,35145,0.01459605,1897842,493161,0.793743
2,17642867,11337671,6305196,1838008,766181,2565800,38389,0.01474125,2097340,487740,0.811325
3,16843981,11301515,5542466,1832174,579291,2378922,32543,0.01349512,1898375,498114,0.7921484
