pid,execution_cycles,compute_cycles,idle_cycles,loads,stores,hit_count,miss_count,miss_rate,private,shared,private_rate
0,66182820,11337782,54845038,1832392,744111,2048538,527965,0.2049153,2155595,289059,0.8817587
1,59038267,11290799,47747468,1821846,585998,1949868,457976,0.1902017,2023167,283356,0.8771502
2,67565606,11337671,56227935,1838008,766181,2062535,541654,0.2079934,2191980,276384,0.8880295
3,59595817,11301515,48294302,1832174,579291,1948002,463463,0.1921915,2015274,291971,0.8734547
