pid,execution_cycles,compute_cycles,idle_cycles,loads,stores,hit_count,miss_count,miss_rate,private,shared,private_rate
0,15482376,11337782,4144594,1832392,744111,2568527,7976,0.003095669,1935712,637044,0.7523885
1,15069182,11290799,3778383,1821846,585998,2400296,7548,0.003134755,1847707,556687,0.768471
2,15643006,11337671,4305335,1838008,766181,2596016,8173,0.003138405,1890587,708732,0.7273394
3,15175024,11301515,3873509,1832174,579291,2403826,7639,0.003167784,1737889,669225,0.7219803
