pid,execution_cycles,compute_cycles,idle_cycles,loads,stores,hit_count,miss_count,miss_rate,private,shared,private_rate
0,35709156,11337782,24371374,1832392,744111,2357418,219085,0.08503192,2145805,366897,0.8539831
1,26612827,11290799,15322028,1821846,585998,2278964,128880,0.05352506,1982346,379595,0.8392868
2,36140453,11337671,24802782,1838008,766181,2380922,223267,0.08573379,2179614,359462,0.858428
3,26217796,11301515,14916281,1832174,579291,2286553,124912,0.05179922,1970447,395664,0.8327788
