pid,execution_cycles,compute_cycles,idle_cycles,loads,stores,hit_count,miss_count,miss_rate,private,shared,private_rate
0,15866007,11337782,4528225,1832392,744111,2564361,12142,0.004712589,1828692,744508,0.7106684
1,15420448,11290799,4129649,1821846,585998,2396407,11437,0.004749892,1755399,649420,0.7299506
2,15975221,11337671,4637550,1838008,766181,2591851,12338,0.004737751,1866156,733261,0.7179133
3,15476483,11301515,4174968,1832174,579291,2399893,11572,0.004798743,1664586,742656,0.6914909
