pid,execution_cycles,compute_cycles,idle_cycles,loads,stores,hit_count,miss_count,miss_rate,private,shared,private_rate
0,16911642,11337782,5573860,1832392,744111,2553450,23053,0.008947399,2007160,557122,0.7827376
1,16360835,11290799,5070036,1821846,585998,2386444,21400,0.008887619,1872610,523615,0.7814834
2,16951934,11337671,5614263,1838008,766181,2580787,23402,0.008986291,1989608,599529,0.7684445
3,16367485,11301515,5065970,1832174,579291,2389793,21672,0.008987068,1795583,602968,0.7486116
