pid,execution_cycles,compute_cycles,idle_cycles,loads,stores,hit_count,miss_count,miss_rate,private,shared,private_rate
0,16046953,11337782,4709171,1832392,744111,2562431,14072,0.005461666,2072945,498353,0.8061862
1,15899444,11290799,4608645,1821846,585998,2396205,11639,0.004833785,1917346,487073,0.7974259
2,16065302,11337671,4727631,1838008,766181,2589819,14370,0.005518033,2100623,498300,0.8082667
3,15921543,11301515,4620028,1832174,579291,2399964,11501,0.0047693,1917305,490537,0.7962753
