pid,execution_cycles,compute_cycles,idle_cycles,loads,stores,hit_count,miss_count,miss_rate,private,shared,private_rate
0,17345072,11337782,6007290,1832392,744111,2539698,36805,0.01428487,1967886,598354,0.7668363
1,16907432,11290799,5616633,1821846,585998,2372905,34939,0.01451049,1907563,491264,0.7952066
2,17278135,11337671,5940464,1838008,766181,2567432,36757,0.01411457,2018580,574387,0.7784827
3,16948835,11301515,5647320,1832174,579291,2375960,35505,0.01472342,1877236,524481,0.7816225
