pid,execution_cycles,compute_cycles,idle_cycles,loads,stores,hit_count,miss_count,miss_rate,private,shared,private_rate
0,19871333,11337782,8533551,1832392,744111,2515295,61208,0.02375623,2046415,497088,0.8045656
1,18849460,11290799,7558661,1821846,585998,2355049,52795,0.02192625,1917437,462478,0.8056746
2,19542588,11337671,8204917,1838008,766181,2546721,57468,0.02206752,2103976,467628,0.8181571
3,18800295,11301515,7498780,1832174,579291,2358560,52905,0.02193895,1881073,499340,0.7902297
