pid,execution_cycles,compute_cycles,idle_cycles,loads,stores,hit_count,miss_count,miss_rate,private,shared,private_rate
0,15452548,11337782,4114766,1832392,744111,2568723,7780,0.003019597,1910239,662993,0.7423501
1,15040093,11290799,3749294,1821846,585998,2400508,7336,0.003046709,1822886,581984,0.7579977
2,15634014,11337671,4296343,1838008,766181,2596192,7997,0.003070822,1887675,712127,0.7260841
3,15144226,11301515,3842711,1832174,579291,2404027,7438,0.003084432,1714756,692830,0.7122304
