pid,execution_cycles,compute_cycles,idle_cycles,loads,stores,hit_count,miss_count,miss_rate,private,shared,private_rate
0,25598880,11337782,14261098,1832392,744111,2459391,117112,0.04545386,1818511,719912,0.716394
1,24581075,11290799,13290276,1821846,585998,2298304,109540,0.04549298,1516270,857230,0.6388329
2,25545565,11337671,14207894,1838008,766181,2487250,116939,0.04490419,1981207,586049,0.7717216
3,24794528,11301515,13493013,1832174,579291,2298692,112773,0.04676535,1742789,632341,0.7337657
