pid,execution_cycles,compute_cycles,idle_cycles,loads,stores,hit_count,miss_count,miss_rate,private,shared,private_rate
0,25127237,11337782,13789455,1832392,744111,2457443,119060,0.04620992,1992009,550442,0.7834995
1,24103906,11290799,12813107,1821846,585998,2296975,110869,0.04604493,1952943,428116,0.8201993
2,24841085,11337671,13503414,1838008,766181,2486970,117219,0.04501171,2048350,523416,0.796476
3,24358385,11301515,13056870,1832174,579291,2297938,113527,0.04707802,1913304,468494,0.8033024
