pid,execution_cycles,compute_cycles,idle_cycles,loads,stores,hit_count,miss_count,miss_rate,private,shared,private_rate
0,16814417,11337782,5476635,1832392,744111,2554419,22084,0.008571308,1961142,604793,0.7642992
1,16311440,11290799,5020641,1821846,585998,2386922,20922,0.008689101,1833180,564380,0.7646023
2,16832608,11337671,5494937,1838008,766181,2581866,22323,0.008571958,1976479,614637,0.7627906
3,16319201,11301515,5017686,1832174,579291,2390286,21179,0.008782628,1768564,631391,0.7369155
