pid,execution_cycles,compute_cycles,idle_cycles,loads,stores,hit_count,miss_count,miss_rate,private,shared,private_rate
0,30062769,11337782,18724987,1832392,744111,2413387,163116,0.06330907,2026181,438649,0.8220368
1,28482511,11290799,17191712,1821846,585998,2258512,149332,0.06201897,1913848,395246,0.8288307
2,29975900,11337671,18638229,1838008,766181,2442229,161960,0.06219211,2075852,418953,0.8320698
3,28877899,11301515,17576384,1832174,579291,2258284,153181,0.06352197,1859179,445703,0.8066265
