pid,execution_cycles,compute_cycles,idle_cycles,loads,stores,hit_count,miss_count,miss_rate,private,shared,private_rate
0,20811804,11337782,9474022,1832392,744111,2506666,69837,0.02710534,2079316,466330,0.8168127
1,19255963,11290799,7965164,1821846,585998,2351400,56444,0.02344172,1918272,463573,0.8053723
2,21843257,11337671,10505586,1838008,766181,2523922,80267,0.03082226,2149707,420823,0.8362894
3,19569586,11301515,8268071,1832174,579291,2351979,59486,0.02466799,1890614,492486,0.7933423
