pid,execution_cycles,compute_cycles,idle_cycles,loads,stores,hit_count,miss_count,miss_rate,private,shared,private_rate
0,16737732,11337782,5399950,1832392,744111,2571326,5177,0.002009313,2024550,550510,0.7862147
1,16194136,11290799,4903337,1821846,585998,2403161,4683,0.001944893,1907766,498924,0.7926929
2,16644164,11337671,5306493,1838008,766181,2598985,5204,0.001998319,2079026,523834,0.7987468
3,15866593,11301515,4565078,1832174,579291,2407090,4375,0.00181425,1910366,499896,0.7925968
