pid,execution_cycles,compute_cycles,idle_cycles,loads,stores,hit_count,miss_count,miss_rate,private,shared,private_rate
0,17397861,11337782,6060079,1832392,744111,2541171,35332,0.01371316,2089910,465923,0.8177021
1,17164786,11290799,5873987,1821846,585998,2372079,35765,0.01485354,1914814,474353,0.8014567
2,17818376,11337671,6480705,1838008,766181,2564821,39368,0.01511718,2120056,461386,0.8212681
3,17073751,11301515,5772236,1832174,579291,2376780,34685,0.01438337,1905992,486962,0.7965017
