pid,execution_cycles,compute_cycles,idle_cycles,loads,stores,hit_count,miss_count,miss_rate,private,shared,private_rate
0,20010451,11337782,8672669,1832392,744111,2521204,55299,0.02146281,2099227,446734,0.8245323
1,18974225,11290799,7683426,1821846,585998,2359158,48686,0.02021975,1934006,447559,0.8120736
2,20539234,11337671,9201563,1838008,766181,2543872,60317,0.02316153,2136174,435802,0.8305575
3,18847717,11301515,7546202,1832174,579291,2364226,47239,0.01958934,1926928,458761,0.8077029
