pid,execution_cycles,compute_cycles,idle_cycles,loads,stores,hit_count,miss_count,miss_rate,private,shared,private_rate
0,18540357,11337782,7202575,1832392,744111,2529775,46728,0.01813621,2101034,454188,0.8222511
1,17143942,11290799,5853143,1821846,585998,2373043,34801,0.01445318,1939884,451724,0.8111212
2,18882653,11337671,7544982,1838008,766181,2554282,49907,0.01916412,2141209,440464,0.8293882
3,17106403,11301515,5804888,1832174,579291,2377188,34277,0.01421418,1933394,461830,0.8071871
