pid,execution_cycles,compute_cycles,idle_cycles,loads,stores,hit_count,miss_count,miss_rate,private,shared,private_rate
0,14677971,11337782,3340189,1832392,744111,2568789,7714,0.002993981,2038499,537301,0.7914042
1,14520145,11290799,3229346,1821846,585998,2399546,8298,0.003446237,1886561,520665,0.7837075
2,14666540,11337671,3328869,1838008,766181,2596869,7320,0.002810856,2047752,555327,0.7866653
3,14540125,11301515,3238610,1832174,579291,2403110,8355,0.003464699,1871612,538909,0.7764346
