pid,execution_cycles,compute_cycles,idle_cycles,loads,stores,hit_count,miss_count,miss_rate,private,shared,private_rate
0,26236067,11337782,14898285,1832392,744111,2457538,118965,0.04617305,2081455,413067,0.8344104
1,25032509,11290799,13741710,1821846,585998,2297081,110763,0.0460009,1925866,406594,0.8256802
2,27083977,11337671,15746306,1838008,766181,2477184,127005,0.0487695,2137176,379321,0.8492663
3,24835612,11301515,13534097,1832174,579291,2302889,108576,0.04502491,1933566,403610,0.8273087
