pid,execution_cycles,compute_cycles,idle_cycles,loads,stores,hit_count,miss_count,miss_rate,private,shared,private_rate
0,14823402,11337782,3485620,1832392,744111,2567320,9183,0.003564133,2042888,531511,0.7935398
1,14650231,11290799,3359432,1821846,585998,2398232,9612,0.003991953,1901926,504065,0.7904959
2,14842661,11337671,3504990,1838008,766181,2595090,9099,0.003493986,2056602,544776,0.7905818
3,14669023,11301515,3367508,1832174,579291,2401808,9657,0.00400462,1877876,531181,0.7795067
