pid,execution_cycles,compute_cycles,idle_cycles,loads,stores,hit_count,miss_count,miss_rate,private,shared,private_rate
0,16772497,11337782,5434715,1832392,744111,2554805,21698,0.008421492,1918595,649155,0.7471892
1,16265960,11290799,4975161,1821846,585998,2387370,20474,0.008503043,1795281,604124,0.7482192
2,16788475,11337671,5450804,1838008,766181,2582234,21955,0.008430648,1957951,635150,0.7550616
3,16272178,11301515,4970663,1832174,579291,2390700,20765,0.008610948,1734427,667425,0.7221207
