pid,execution_cycles,compute_cycles,idle_cycles,loads,stores,hit_count,miss_count,miss_rate,private,shared,private_rate
0,18227212,11337782,6889430,1832392,744111,2539240,37263,0.01446263,1969665,586592,0.770527
1,17655119,11290799,6364320,1821846,585998,2372657,35187,0.01461349,1835769,553209,0.7684328
2,18227426,11337671,6889755,1838008,766181,2566752,37437,0.01437568,2037182,545392,0.7888184
3,17651453,11301515,6349938,1832174,579291,2375803,35662,0.01478852,1783066,608293,0.7456287
