pid,execution_cycles,compute_cycles,idle_cycles,loads,stores,hit_count,miss_count,miss_rate,private,shared,private_rate
0,50414991,11337782,39077209,1832392,744111,2226261,350242,0.135937,2133608,361586,0.855087
1,44191105,11290799,32900306,1821846,585998,2113550,294294,0.122223,1990779,359718,0.8469609
2,53048411,11337671,41710740,1838008,766181,2226524,377665,0.1450221,2167773,355985,0.8589465
3,41764201,11301515,30462686,1832174,579291,2141298,270167,0.1120344,1983312,371800,0.8421307
