pid,execution_cycles,compute_cycles,idle_cycles,loads,stores,hit_count,miss_count,miss_rate,private,shared,private_rate
0,19164251,11337782,7826469,1832392,744111,2529945,46558,0.01807023,2060513,485881,0.8091886
1,18311191,11290799,7020392,1821846,585998,2365620,42224,0.01753602,1900038,483208,0.797248
2,19324127,11337671,7986456,1838008,766181,2556387,47802,0.01835581,2093363,479609,0.8135973
3,18312736,11301515,7011221,1832174,579291,2368751,42714,0.01771288,1825403,559428,0.7654224
