pid,execution_cycles,compute_cycles,idle_cycles,loads,stores,hit_count,miss_count,miss_rate,private,shared,private_rate
0,89923383,11337782,78585601,1832392,744111,1813877,762626,0.2959927,2304259,131818,0.9458892
1,81146386,11290799,69855587,1821846,585998,1732667,675177,0.2804073,2177354,133199,0.9423519
2,90312968,11337671,78975297,1838008,766181,1837477,766712,0.2944149,2341553,120514,0.9510517
3,81060700,11301515,69759185,1832174,579291,1738045,673420,0.2792576,2177715,137037,0.9407984
