pid,execution_cycles,compute_cycles,idle_cycles,loads,stores,hit_count,miss_count,miss_rate,private,shared,private_rate
0,43066339,11337782,31728557,1832392,744111,2282009,294494,0.1142999,2069966,344927,0.8571668
1,39650279,11290799,28359480,1821846,585998,2145644,262200,0.1088941,1926256,337523,0.8509028
2,44518140,11337671,33180469,1838008,766181,2295281,308908,0.1186197,2119968,311990,0.8717124
3,39315451,11301515,28013936,1832174,579291,2152804,258661,0.107263,1920901,349750,0.8459693
