pid,execution_cycles,compute_cycles,idle_cycles,loads,stores,hit_count,miss_count,miss_rate,private,shared,private_rate
0,26405511,11337782,15067729,1832392,744111,2450329,126174,0.04897103,2036466,458394,0.8162646
1,25335103,11290799,14044304,1821846,585998,2290304,117540,0.04881545,1924138,410434,0.824193
2,26221919,11337671,14884248,1838008,766181,2480148,124041,0.04763134,2086681,435009,0.8274931
3,25623769,11301515,14322254,1832174,579291,2291154,120311,0.04989125,1869752,460984,0.8022153
