pid,execution_cycles,compute_cycles,idle_cycles,loads,stores,hit_count,miss_count,miss_rate,private,shared,private_rate
0,20825376,11337782,9487594,1832392,744111,2506694,69809,0.02709448,2051406,487294,0.8080537
1,20154235,11290799,8863436,1821846,585998,2342636,65208,0.02708149,1919867,453532,0.8089103
2,20803055,11337671,9465384,1838008,766181,2534884,69305,0.02661289,2085115,477093,0.8137961
3,20314993,11301515,9013478,1832174,579291,2344778,66687,0.02765414,1879321,492613,0.7923159
