pid,execution_cycles,compute_cycles,idle_cycles,loads,stores,hit_count,miss_count,miss_rate,private,shared,private_rate
0,15400824,11337782,4063042,1832392,744111,2564026,12477,0.00484261,2065133,505891,0.8032337
1,15249742,11290799,3958943,1821846,585998,2395903,11941,0.004959208,1921361,481996,0.7994489
2,15594221,11337671,4256550,1838008,766181,2590598,13591,0.005218899,2080684,517120,0.8009396
3,15382657,11301515,4081142,1832174,579291,2398706,12759,0.005290975,1889128,516812,0.7851933
