pid,execution_cycles,compute_cycles,idle_cycles,loads,stores,hit_count,miss_count,miss_rate,private,shared,private_rate
0,17259792,11337782,5922010,1832392,744111,2542710,33793,0.01311584,2091861,468167,0.8171243
1,16771009,11290799,5480210,1821846,585998,2376810,31034,0.01288871,1917545,476570,0.8009411
2,17703365,11337671,6365694,1838008,766181,2566194,37995,0.01458995,2120101,465940,0.819825
3,16739113,11301515,5437598,1832174,579291,2380898,30567,0.0126757,1920129,477370,0.8008883
