pid,execution_cycles,compute_cycles,idle_cycles,loads,stores,hit_count,miss_count,miss_rate,private,shared,private_rate
0,33716317,11337782,22378535,1832392,744111,2381506,194997,0.07568282,2045724,387600,0.8407117
1,32331121,11290799,21040322,1821846,585998,2222827,185017,0.07683928,1879729,393020,0.8270729
2,35127991,11337671,23790320,1838008,766181,2395363,208826,0.0801885,2095430,354960,0.8551414
3,32019449,11301515,20717934,1832174,579291,2229774,181691,0.07534466,1881471,397592,0.8255458
