pid,execution_cycles,compute_cycles,idle_cycles,loads,stores,hit_count,miss_count,miss_rate,private,shared,private_rate
0,32998317,11337782,21660535,1832392,744111,2383735,192768,0.07481769,2137558,375456,0.8505953
1,26090671,11290799,14799872,1821846,585998,2282672,125172,0.0519851,1971198,391242,0.8343907
2,33972332,11337671,22634661,1838008,766181,2401861,202328,0.07769329,2187622,349608,0.8622088
3,25770982,11301515,14469467,1832174,579291,2289667,121798,0.05050789,1965133,401829,0.8302343
