pid,execution_cycles,compute_cycles,idle_cycles,loads,stores,hit_count,miss_count,miss_rate,private,shared,private_rate
0,44557557,11337782,33219775,1832392,744111,2266975,309528,0.1201349,2141579,348016,0.8602118
1,33405583,11290799,22114784,1821846,585998,2208784,199060,0.08267147,1992461,350642,0.8503514
2,44778776,11337671,33441105,1838008,766181,2292705,311484,0.1196088,2181800,335223,0.8668177
3,32956006,11301515,21654491,1832174,579291,2217091,194374,0.08060411,1971431,376144,0.8397734
