pid,execution_cycles,compute_cycles,idle_cycles,loads,stores,hit_count,miss_count,miss_rate,private,shared,private_rate
0,17512541,11337782,6174759,1832392,744111,2538435,38068,0.01477507,1964340,595400,0.7673983
1,17076989,11290799,5786190,1821846,585998,2371658,36186,0.01502838,1901471,490964,0.7947848
2,17470336,11337671,6132665,1838008,766181,2565981,38208,0.01467175,2013720,572693,0.7785764
3,17113278,11301515,5811763,1832174,579291,2374595,36870,0.01528946,1872236,522975,0.7816581
