pid,execution_cycles,compute_cycles,idle_cycles,loads,stores,hit_count,miss_count,miss_rate,private,shared,private_rate
0,51311238,11337782,39973456,1832392,744111,2198756,377747,0.1466123,2087405,335198,0.8616373
1,41273212,11290799,29982413,1821846,585998,2129313,278531,0.1156765,1964047,331395,0.8556291
2,52241594,11337671,40903923,1838008,766181,2217323,386866,0.1485553,2136029,307969,0.8739897
3,40988272,11301515,29686757,1832174,579291,2135957,275508,0.1142492,1964847,336627,0.8537342
