pid,execution_cycles,compute_cycles,idle_cycles,loads,stores,hit_count,miss_count,miss_rate,private,shared,private_rate
0,21400665,11337782,10062883,1832392,744111,2500883,75620,0.02934986,2046852,509500,0.8006925
1,18414013,11290799,7123214,1821846,585998,2360214,47630,0.01978118,1921274,474863,0.8018214
2,18946607,11337671,7608936,1838008,766181,2553636,50553,0.01941219,2078580,509134,0.8032495
3,17741092,11301515,6439577,1832174,579291,2370777,40688,0.01687273,1929252,472397,0.8033031
