pid,execution_cycles,compute_cycles,idle_cycles,loads,stores,hit_count,miss_count,miss_rate,private,shared,private_rate
0,32612379,11337782,21274597,1832392,744111,2390511,185992,0.07218777,2045782,424429,0.8281811
1,30546972,11290799,19256173,1821846,585998,2238065,169779,0.0705108,1889000,423259,0.81695
2,32502507,11337671,21164836,1838008,766181,2420130,184059,0.07067805,2101932,394272,0.8420514
3,30525917,11301515,19224402,1832174,579291,2243558,167907,0.06962863,1887225,429328,0.8146695
