pid,execution_cycles,compute_cycles,idle_cycles,loads,stores,hit_count,miss_count,miss_rate,private,shared,private_rate
0,52988235,11337782,41650453,1832392,744111,2181757,394746,0.15321,2132161,333009,0.8649144
1,40993951,11290799,29703152,1821846,585998,2131980,275864,0.1145689,1997838,320701,0.8616797
2,53652776,11337671,42315105,1838008,766181,2203005,401184,0.1540533,2179145,310978,0.8751154
3,40695520,11301515,29394005,1832174,579291,2138841,272624,0.1130533,1978501,344486,0.8517056
