pid,execution_cycles,compute_cycles,idle_cycles,loads,stores,hit_count,miss_count,miss_rate,private,shared,private_rate
0,18234318,11337782,6896536,1832392,744111,2539212,37291,0.01447349,1966616,589573,0.7693547
1,17649815,11290799,6359016,1821846,585998,2372635,35209,0.01462263,1834359,554646,0.7678339
2,18228777,11337671,6891106,1838008,766181,2566737,37452,0.01438144,2038251,544378,0.7892156
3,17642517,11301515,6341002,1832174,579291,2375793,35672,0.01479267,1778483,612861,0.7437169
