pid,execution_cycles,compute_cycles,idle_cycles,loads,stores,hit_count,miss_count,miss_rate,private,shared,private_rate
0,24645588,11337782,13307806,1832392,744111,2468106,108397,0.04207137,2067364,432855,0.8268732
1,23958805,11290799,12668006,1821846,585998,2304206,103638,0.04304182,1911667,424699,0.8182224
2,25407941,11337671,14070270,1838008,766181,2488370,115819,0.04447411,2121249,401255,0.8409299
3,23787814,11301515,12486299,1832174,579291,2309699,101766,0.0422009,1912126,429031,0.816744
