pid,execution_cycles,compute_cycles,idle_cycles,loads,stores,hit_count,miss_count,miss_rate,private,shared,private_rate
0,16165617,11337782,4827835,1832392,744111,2553183,23320,0.009051028,2048621,519474,0.7977201
1,15957274,11290799,4666475,1821846,585998,2383531,24313,0.01009741,1899195,500298,0.7914985
2,16213325,11337671,4875654,1838008,766181,2580018,24171,0.009281584,2060262,532649,0.7945749
3,15965401,11301515,4663886,1832174,579291,2387038,24427,0.01012953,1863768,538329,0.7758921
