pid,execution_cycles,compute_cycles,idle_cycles,loads,stores,hit_count,miss_count,miss_rate,private,shared,private_rate
0,15462020,11337782,4124238,1832392,744111,2561474,15029,0.0058331,2056748,514771,0.7998183
1,15353196,11290799,4062397,1821846,585998,2392145,15699,0.006519941,1911520,491816,0.7953611
2,15525693,11337671,4188022,1838008,766181,2589014,15175,0.00582715,2073360,524042,0.7982438
3,15400370,11301515,4098855,1832174,579291,2395619,15846,0.006571109,1875492,529938,0.7796909
