pid,execution_cycles,compute_cycles,idle_cycles,loads,stores,hit_count,miss_count,miss_rate,private,shared,private_rate
0,16164060,11337782,4826278,1832392,744111,2553778,22725,0.008820095,2056435,511669,0.80076
1,16032667,11290799,4741868,1821846,585998,2384268,23576,0.009791332,1906427,493508,0.7943661
2,16259054,11337671,4921383,1838008,766181,2580783,23406,0.008987827,2063696,529219,0.7958981
3,16067299,11301515,4765784,1832174,579291,2387684,23781,0.00986164,1861193,540488,0.7749543
