pid,execution_cycles,compute_cycles,idle_cycles,loads,stores,hit_count,miss_count,miss_rate,private,shared,private_rate
0,15497480,11337782,4159698,1832392,744111,2568439,8064,0.003129824,1935561,637143,0.752345
1,15068631,11290799,3777832,1821846,585998,2400300,7544,0.003133093,1842729,561676,0.7663971
2,15648973,11337671,4311302,1838008,766181,2595951,8238,0.003163365,1895857,703446,0.7293713
3,15165561,11301515,3864046,1832174,579291,2403816,7649,0.003171931,1756478,650638,0.7297023
