pid,execution_cycles,compute_cycles,idle_cycles,loads,stores,hit_count,miss_count,miss_rate,private,shared,private_rate
0,154403997,11337782,143066215,1832392,744111,1157415,1419088,0.5507807,2101896,45985,0.9785905
1,138310339,11290799,127019540,1821846,585998,1149140,1258704,0.5227515,2005891,43329,0.9788559
2,154947164,11337671,143609493,1838008,766181,1179893,1424296,0.546925,2116869,44329,0.9794887
3,139682857,11301515,128381342,1832174,579291,1139042,1272423,0.5276556,2005890,48055,0.9766036
