pid,execution_cycles,compute_cycles,idle_cycles,loads,stores,hit_count,miss_count,miss_rate,private,shared,private_rate
0,15153255,11337782,3815473,1832392,744111,2566897,9606,0.003728309,2059978,513285,0.8005315
1,15159196,11290799,3868397,1821846,585998,2397637,10207,0.004239062,1915528,489394,0.7965032
2,15291530,11337671,3953859,1838008,766181,2594311,9878,0.003793119,2063844,535994,0.7938356
3,15244513,11301515,3942998,1832174,579291,2401154,10311,0.004275824,1879184,528458,0.7805081
