pid,execution_cycles,compute_cycles,idle_cycles,loads,stores,hit_count,miss_count,miss_rate,private,shared,private_rate
0,63447747,11337782,52109965,1832392,744111,2076165,500338,0.1941927,2171153,282256,0.8849535
1,52609900,11290799,41319101,1821846,585998,2014801,393043,0.1632344,2043252,281741,0.8788207
2,63913397,11337671,52575726,1838008,766181,2099426,504763,0.1938273,2204187,274044,0.8894195
3,51931138,11301515,40629623,1832174,579291,2025423,386042,0.1600861,2042903,287281,0.8767132
