pid,execution_cycles,compute_cycles,idle_cycles,loads,stores,hit_count,miss_count,miss_rate,private,shared,private_rate
0,26477781,11337782,15139999,1832392,744111,2449599,126904,0.04925436,2032807,457219,0.8163798
1,25383910,11290799,14093111,1821846,585998,2289811,118033,0.0490202,1921159,409801,0.8241922
2,26295080,11337671,14957409,1838008,766181,2479409,124780,0.04791511,2083731,433981,0.8276288
3,25673467,11301515,14371952,1832174,579291,2290652,120813,0.05009942,1866484,460620,0.802063
