pid,execution_cycles,compute_cycles,idle_cycles,loads,stores,hit_count,miss_count,miss_rate,private,shared,private_rate
0,15404730,11337782,4066948,1832392,744111,2561448,15055,0.005843191,2064270,507104,0.8027887
1,15064942,11290799,3774143,1821846,585998,2394043,13801,0.005731684,1916646,487885,0.7970976
2,15451412,11337671,4113741,1838008,766181,2588941,15248,0.005855182,2096435,502597,0.8066215
3,15066310,11301515,3764795,1832174,579291,2397795,13670,0.005668753,1903317,504512,0.7904702
