pid,execution_cycles,compute_cycles,idle_cycles,loads,stores,hit_count,miss_count,miss_rate,private,shared,private_rate
0,26457882,11337782,15120100,1832392,744111,2449800,126703,0.04917634,2032780,457312,0.8163473
1,25379356,11290799,14088557,1821846,585998,2289857,117987,0.0490011,1921158,409883,0.8241631
2,26275973,11337671,14938302,1838008,766181,2479602,124587,0.047841,2083184,434620,0.8273813
3,25669012,11301515,14367497,1832174,579291,2290697,120768,0.05008076,1866332,460833,0.8019767
