pid,execution_cycles,compute_cycles,idle_cycles,loads,stores,hit_count,miss_count,miss_rate,private,shared,private_rate
0,17758554,11337782,6420772,1832392,744111,2537672,38831,0.0150712,2058231,497518,0.8053338
1,17351941,11290799,6061142,1821846,585998,2370942,36902,0.01532574,1913417,474731,0.8012137
2,17801276,11337671,6463605,1838008,766181,2565205,38984,0.01496973,2079453,500085,0.8061339
3,17434093,11301515,6132578,1832174,579291,2373878,37587,0.01558679,1867671,521323,0.7817814
