pid,execution_cycles,compute_cycles,idle_cycles,loads,stores,hit_count,miss_count,miss_rate,private,shared,private_rate
0,16004878,11337782,4667096,1832392,744111,2562938,13565,0.005264888,1973105,596825,0.767766
1,15532703,11290799,4241904,1821846,585998,2395275,12569,0.005220023,1868841,533052,0.77807
2,16098256,11337671,4760585,1838008,766181,2590422,13767,0.005286483,1935293,660496,0.745551
3,15584524,11301515,4283009,1832174,579291,2398692,12773,0.00529678,1771956,632018,0.7370945
