pid,execution_cycles,compute_cycles,idle_cycles,loads,stores,hit_count,miss_count,miss_rate,private,shared,private_rate
0,27091671,11337782,15753889,1832392,744111,2448761,127742,0.0495796,2007105,476758,0.8080579
1,25723547,11290799,14432748,1821846,585998,2290096,117748,0.04890184,1883395,443190,0.8095105
2,27029959,11337671,15692288,1838008,766181,2477575,126614,0.04861936,2071106,441916,0.8241496
3,25918795,11301515,14617280,1832174,579291,2290994,120471,0.0499576,1832398,493533,0.7878127
