pid,execution_cycles,compute_cycles,idle_cycles,loads,stores,hit_count,miss_count,miss_rate,private,shared,private_rate
0,17464623,11337782,6126841,1832392,744111,2540641,35862,0.01391887,1988458,579496,0.7743355
1,17102857,11290799,5812058,1821846,585998,2373458,34386,0.01428083,1914499,485046,0.7978592
2,17554370,11337671,6216699,1838008,766181,2567699,36490,0.01401204,2002824,588537,0.772885
3,17183920,11301515,5882405,1832174,579291,2376405,35060,0.01453888,1873060,527980,0.7801036
