pid,execution_cycles,compute_cycles,idle_cycles,loads,stores,hit_count,miss_count,miss_rate,private,shared,private_rate
0,14682129,11337782,3344347,1832392,744111,2568747,7756,0.003010282,2037810,537747,0.7912114
1,14517076,11290799,3226277,1821846,585998,2399577,8267,0.003433362,1890189,516829,0.7852825
2,14673272,11337671,3335601,1838008,766181,2596801,7388,0.002836968,2047434,555390,0.7866202
3,14537155,11301515,3235640,1832174,579291,2403140,8325,0.003452258,1873652,536610,0.7773645
