pid,execution_cycles,compute_cycles,idle_cycles,loads,stores,hit_count,miss_count,miss_rate,private,shared,private_rate
0,22060896,11337782,10723114,1832392,744111,2494214,82289,0.03193825,2107494,429937,0.8305621
1,20807734,11290799,9516935,1821846,585998,2336035,71809,0.02982295,1945698,428683,0.8194548
2,22742663,11337671,11404992,1838008,766181,2515292,88897,0.03413616,2137793,424890,0.8342011
3,20858107,11301515,9556592,1832174,579291,2339292,72173,0.02992911,1936206,441764,0.8142264
