pid,execution_cycles,compute_cycles,idle_cycles,loads,stores,hit_count,miss_count,miss_rate,private,shared,private_rate
0,25703601,11337782,14365819,1832392,744111,2457419,119084,0.04621924,1998179,547214,0.7850179
1,24686257,11290799,13395458,1821846,585998,2296858,110986,0.04609352,1962460,419805,0.8237791
2,25567331,11337671,14229660,1838008,766181,2486760,117429,0.04509235,2040848,528185,0.7944032
3,24956707,11301515,13655192,1832174,579291,2297892,113573,0.0470971,1916735,463822,0.8051624
