pid,execution_cycles,compute_cycles,idle_cycles,loads,stores,hit_count,miss_count,miss_rate,private,shared,private_rate
0,21151330,11337782,9813548,1832392,744111,2509658,66845,0.02594408,2092859,440305,0.8261838
1,20442833,11290799,9152034,1821846,585998,2344062,63782,0.02648926,1924828,442609,0.813043
2,21687060,11337671,10349389,1838008,766181,2532329,71860,0.027594,2121181,436538,0.8293253
3,20343794,11301515,9042279,1832174,579291,2348788,62677,0.02599125,1921911,449984,0.810285
