pid,execution_cycles,compute_cycles,idle_cycles,loads,stores,hit_count,miss_count,miss_rate,private,shared,private_rate
0,16183410,11337782,4845628,1832392,744111,2553120,23383,0.009075479,2057726,508525,0.8018413
1,16000168,11290799,4709369,1821846,585998,2383229,24615,0.01022284,1901253,496333,0.7929864
2,16241135,11337671,4903464,1838008,766181,2579964,24225,0.00930232,2075623,515350,0.8010979
3,16014352,11301515,4712837,1832174,579291,2386713,24752,0.0102643,1873015,527123,0.780378
