pid,execution_cycles,compute_cycles,idle_cycles,loads,stores,hit_count,miss_count,miss_rate,private,shared,private_rate
0,21028292,11337782,9690510,1832392,744111,2509344,67159,0.02606595,1859220,683921,0.7310723
1,20271621,11290799,8980822,1821846,585998,2345003,62841,0.02609845,1816696,561281,0.763967
2,20956511,11337671,9618840,1838008,766181,2537372,66817,0.02565751,1969581,601308,0.7661089
3,20286424,11301515,8984909,1832174,579291,2347421,64044,0.02655813,1776108,604223,0.7461601
