pid,execution_cycles,compute_cycles,idle_cycles,loads,stores,hit_count,miss_count,miss_rate,private,shared,private_rate
0,34203134,11337782,22865352,1832392,744111,2374420,202083,0.07843305,2167244,360526,0.8573739
1,25981930,11290799,14691131,1821846,585998,2293571,114273,0.04745864,1998041,378636,0.8406868
2,35012739,11337671,23675068,1838008,766181,2394240,209949,0.08061972,2188500,364386,0.8572651
3,25538703,11301515,14237188,1832174,579291,2301560,109905,0.04557603,1983385,396889,0.8332591
