pid,execution_cycles,compute_cycles,idle_cycles,loads,stores,hit_count,miss_count,miss_rate,private,shared,private_rate
0,17692719,11337782,6354937,1832392,744111,2538337,38166,0.0148131,2060632,497190,0.8056198
1,17305708,11290799,6014909,1821846,585998,2371409,36435,0.01513179,1913384,476447,0.8006357
2,17757221,11337671,6419550,1838008,766181,2565650,38539,0.01479885,2075657,505444,0.804175
3,17393404,11301515,6091889,1832174,579291,2374289,37176,0.01541635,1868930,521715,0.7817681
