pid,execution_cycles,compute_cycles,idle_cycles,loads,stores,hit_count,miss_count,miss_rate,private,shared,private_rate
0,56526383,11337782,45188601,1832392,744111,2134455,442048,0.171569,2030074,330808,0.8598795
1,50122196,11290799,38831397,1821846,585998,2031548,376296,0.1562792,1899839,330104,0.8519675
2,58528783,11337671,47191112,1838008,766181,2142603,461586,0.1772475,2078463,297644,0.8747346
3,49651927,11301515,38350412,1832174,579291,2040365,371100,0.1538899,1893113,343929,0.8462572
