pid,execution_cycles,compute_cycles,idle_cycles,loads,stores,hit_count,miss_count,miss_rate,private,shared,private_rate
0,123268992,11337782,111931210,1832392,744111,1471910,1104593,0.4287179,2316175,35627,0.9848512
1,116743189,11290799,105452390,1821846,585998,1366990,1040854,0.4322763,2180581,36189,0.9836749
2,124386161,11337671,113048490,1838008,766181,1488590,1115599,0.4283863,2342682,32657,0.9862516
3,116870485,11301515,105568970,1832174,579291,1369470,1041995,0.4321004,2183586,36856,0.9834015
