pid,execution_cycles,compute_cycles,idle_cycles,loads,stores,hit_count,miss_count,miss_rate,private,shared,private_rate
0,16185345,11337782,4847563,1832392,744111,2553563,22940,0.008903541,2063400,502868,0.804047
1,16081771,11290799,4790972,1821846,585998,2383772,24072,0.009997325,1906402,491496,0.7950305
2,16286180,11337671,4948509,1838008,766181,2580509,23680,0.009093042,2075048,515930,0.8008744
3,16111057,11301515,4809542,1832174,579291,2387242,24223,0.01004493,1870749,529071,0.7795372
