pid,execution_cycles,compute_cycles,idle_cycles,loads,stores,hit_count,miss_count,miss_rate,private,shared,private_rate
0,15447198,11337782,4109416,1832392,744111,2568891,7612,0.002954392,1861524,712725,0.7231328
1,15016933,11290799,3726134,1821846,585998,2400785,7059,0.002931668,1759705,646265,0.7313911
2,15641351,11337671,4303680,1838008,766181,2596418,7771,0.002984038,1878624,722332,0.7222821
3,15148155,11301515,3846640,1832174,579291,2404325,7140,0.002960856,1663138,745603,0.6904595
