pid,execution_cycles,compute_cycles,idle_cycles,loads,stores,hit_count,miss_count,miss_rate,private,shared,private_rate
0,26524579,11337782,15186797,1832392,744111,2452875,123628,0.04798287,1941192,559087,0.7763902
1,25387365,11290799,14096566,1821846,585998,2292619,115225,0.04785401,1847326,491765,0.7897623
2,26281763,11337671,14944092,1838008,766181,2482196,121993,0.04684491,2038308,492115,0.8055207
3,25483197,11301515,14181682,1832174,579291,2293490,117975,0.04892254,1809698,530403,0.7733418
