pid,execution_cycles,compute_cycles,idle_cycles,loads,stores,hit_count,miss_count,miss_rate,private,shared,private_rate
0,16565820,11337782,5228038,1832392,744111,2549430,27073,0.01050765,2068008,493643,0.807295
1,16207807,11290799,4917008,1821846,585998,2381500,26344,0.01094091,1913447,482233,0.7987073
2,16745378,11337671,5407707,1838008,766181,2575319,28870,0.01108598,2093337,494134,0.8090282
3,16248856,11301515,4947341,1832174,579291,2384597,26868,0.01114177,1871058,525829,0.78062
