pid,execution_cycles,compute_cycles,idle_cycles,loads,stores,hit_count,miss_count,miss_rate,private,shared,private_rate
0,16108767,11337782,4770985,1832392,744111,2564585,11918,0.00462565,1847980,725143,0.7181856
1,15074452,11290799,3783653,1821846,585998,2400408,7436,0.00308824,1743827,661462,0.7249969
2,15774158,11337671,4436487,1838008,766181,2595292,8897,0.003416419,1901313,698768,0.7312514
3,15280171,11301515,3978656,1832174,579291,2403264,8201,0.003400837,887911,1520235,0.3687114
