pid,execution_cycles,compute_cycles,idle_cycles,loads,stores,hit_count,miss_count,miss_rate,private,shared,private_rate
0,17825379,11337782,6487597,1832392,744111,2536997,39506,0.01533319,2040622,519416,0.7971061
1,17527369,11290799,6236570,1821846,585998,2369170,38674,0.01606167,1909968,481171,0.7987691
2,17928095,11337671,6590424,1838008,766181,2563924,40265,0.01546163,2058029,524747,0.7968283
3,17503591,11301515,6202076,1832174,579291,2373176,38289,0.0158779,1871436,521521,0.78206
