pid,execution_cycles,compute_cycles,idle_cycles,loads,stores,hit_count,miss_count,miss_rate,private,shared,private_rate
0,26855763,11337782,15517981,1832392,744111,2445781,130722,0.05073621,2129060,402902,0.8408736
1,22019296,11290799,10728497,1821846,585998,2323797,84047,0.0349055,1966001,410908,0.8271251
2,27283100,11337671,15945429,1838008,766181,2469429,134760,0.0517474,2168793,389333,0.8478054
3,21802963,11301515,10501448,1832174,579291,2329748,81717,0.03388687,1947285,433874,0.8177887
