pid,execution_cycles,compute_cycles,idle_cycles,loads,stores,hit_count,miss_count,miss_rate,private,shared,private_rate
0,17177766,11337782,5839984,1832392,744111,2544588,31915,0.01238694,2100662,462206,0.8196528
1,16446538,11290799,5155739,1821846,585998,2382875,24969,0.01036986,1945863,451879,0.8115398
2,17497691,11337671,6160020,1838008,766181,2569280,34909,0.01340494,2123130,466436,0.8198787
3,16430086,11301515,5128571,1832174,579291,2387067,24398,0.0101175,1934412,466935,0.8055529
