pid,execution_cycles,compute_cycles,idle_cycles,loads,stores,hit_count,miss_count,miss_rate,private,shared,private_rate
0,26385447,11337782,15047665,1832392,744111,2456046,120457,0.04675213,2082267,411971,0.8348309
1,25077482,11290799,13786683,1821846,585998,2296528,111316,0.04623057,1925860,406585,0.8256829
2,27252027,11337671,15914356,1838008,766181,2475491,128698,0.04941961,2137467,378753,0.8494754
3,24873039,11301515,13571524,1832174,579291,2302517,108948,0.04517918,1931980,405173,0.8266382
