pid,execution_cycles,compute_cycles,idle_cycles,loads,stores,hit_count,miss_count,miss_rate,private,shared,private_rate
0,24626358,11337782,13288576,1832392,744111,2468212,108291,0.04203022,2069986,430511,0.8278298
1,23934034,11290799,12643235,1821846,585998,2304071,103773,0.04309789,1912881,423654,0.8186828
2,25420658,11337671,14082987,1838008,766181,2488155,116034,0.04455667,2123993,398445,0.8420397
3,23739058,11301515,12437543,1832174,579291,2309791,101674,0.04216275,1910177,431301,0.8157997
