pid,execution_cycles,compute_cycles,idle_cycles,loads,stores,hit_count,miss_count,miss_rate,private,shared,private_rate
0,83526430,11337782,72188648,1832392,744111,2227399,349104,0.1354953,2169083,326293,0.8692409
1,81030159,11290799,69739360,1821846,585998,2114199,293645,0.1219535,2005631,344741,0.8533249
2,87800909,11337671,76463238,1838008,766181,2227702,376487,0.1445698,2189958,334064,0.8676462
3,67813851,11301515,56512336,1832174,579291,2141883,269582,0.1117918,2012924,342094,0.8547383
