pid,execution_cycles,compute_cycles,idle_cycles,loads,stores,hit_count,miss_count,miss_rate,private,shared,private_rate
0,15026550,11337782,3688768,1832392,744111,2565268,11235,0.004360562,2044949,528304,0.7946941
1,14909809,11290799,3619010,1821846,585998,2395610,12234,0.005080894,1906672,498215,0.7928323
2,15055808,11337671,3718137,1838008,766181,2592937,11252,0.004320731,2061978,537878,0.7931124
3,14937907,11301515,3636392,1832174,579291,2399092,12373,0.005130906,1880669,527007,0.7811138
