pid,execution_cycles,compute_cycles,idle_cycles,loads,stores,hit_count,miss_count,miss_rate,private,shared,private_rate
0,68344485,11337782,57006703,1832392,744111,2026703,549800,0.21339,2246715,211969,0.9137876
1,59875213,11290799,48584414,1821846,585998,1941414,466430,0.1937127,2103600,224720,0.9034841
2,69191384,11337671,57853713,1838008,766181,2046113,558076,0.2142993,2286164,198804,0.9199974
3,60090619,11301515,48789104,1832174,579291,1943004,468461,0.1942641,2095792,237741,0.8981197
