pid,execution_cycles,compute_cycles,idle_cycles,loads,stores,hit_count,miss_count,miss_rate,private,shared,private_rate
0,123725212,11337782,112387430,1832392,744111,1467298,1109205,0.4305079,2075974,125504,0.942991
1,104973835,11290799,93683036,1821846,585998,1485864,921980,0.3829069,2001959,119106,0.9438461
2,125458338,11337671,114120667,1838008,766181,1477759,1126430,0.4325454,2112403,106819,0.9518665
3,105662065,11301515,94360550,1832174,579291,1482678,928787,0.3851547,1997238,131609,0.9381783
