pid,execution_cycles,compute_cycles,idle_cycles,loads,stores,hit_count,miss_count,miss_rate,private,shared,private_rate
0,15231825,11337782,3894043,1832392,744111,2566387,10116,0.003926252,2059110,513561,0.8003783
1,15141499,11290799,3850700,1821846,585998,2397592,10252,0.004257751,1916732,487669,0.7971765
2,15353393,11337671,4015722,1838008,766181,2593850,10339,0.003970142,2064727,534548,0.7943473
3,15242635,11301515,3941120,1832174,579291,2401028,10437,0.004328074,1878605,528505,0.78044
