pid,execution_cycles,compute_cycles,idle_cycles,loads,stores,hit_count,miss_count,miss_rate,private,shared,private_rate
0,68789317,11337782,57451535,1832392,744111,2196056,380447,0.1476602,2165781,302681,0.8773807
1,49058894,11290799,37768095,1821846,585998,2156197,251647,0.1045113,2055988,283265,0.8789079
2,69434872,11337671,58097201,1838008,766181,2217992,386197,0.1482984,2199719,294735,0.8818439
3,48474495,11301515,37172980,1832174,579291,2164950,246515,0.1022262,2038982,305598,0.8696577
