pid,execution_cycles,compute_cycles,idle_cycles,loads,stores,hit_count,miss_count,miss_rate,private,shared,private_rate
0,20427297,11337782,9089515,1832392,744111,2510715,65788,0.02553383,1987522,572279,0.7764361
1,19791598,11290799,8500799,1821846,585998,2346299,61545,0.02556021,1934597,458698,0.8083404
2,20436755,11337671,9099084,1838008,766181,2538584,65605,0.0251921,2016196,566503,0.7806547
3,19952059,11301515,8650544,1832174,579291,2348444,63021,0.02613391,1896957,496135,0.7926803
