pid,execution_cycles,compute_cycles,idle_cycles,loads,stores,hit_count,miss_count,miss_rate,private,shared,private_rate
0,20085417,11337782,8747635,1832392,744111,2510519,65984,0.02560991,1976008,581163,0.7727321
1,19450549,11290799,8159750,1821846,585998,2346210,61634,0.02559717,1923215,468708,0.8040455
2,19972427,11337671,8634756,1838008,766181,2538672,65517,0.02515831,2028756,556095,0.7848638
3,19544536,11301515,8243021,1832174,579291,2348469,62996,0.02612354,1894086,499926,0.7911765
