pid,execution_cycles,compute_cycles,idle_cycles,loads,stores,hit_count,miss_count,miss_rate,private,shared,private_rate
0,20230269,11337782,8892487,1832392,744111,2509055,67448,0.02617812,2007833,545643,0.7863136
1,19612930,11290799,8322131,1821846,585998,2344927,62917,0.02613002,1914956,471527,0.8024176
2,20241053,11337671,8903382,1838008,766181,2536074,68115,0.02615594,2069220,507320,0.8031003
3,19646527,11301515,8345012,1832174,579291,2347068,64397,0.02670451,1888617,502694,0.7897831
