pid,execution_cycles,compute_cycles,idle_cycles,loads,stores,hit_count,miss_count,miss_rate,private,shared,private_rate
0,21348598,11337782,10010816,1832392,744111,2506866,69637,0.02702772,1998195,534727,0.7888893
1,20538853,11290799,9248054,1821846,585998,2342716,65128,0.02704826,1858388,509708,0.7847604
2,21295002,11337671,9957331,1838008,766181,2535300,68889,0.02645315,2051565,508746,0.8012952
3,20567239,11301515,9265724,1832174,579291,2345134,66331,0.02750652,1810414,559067,0.7640551
