pid,execution_cycles,compute_cycles,idle_cycles,loads,stores,hit_count,miss_count,miss_rate,private,shared,private_rate
0,20101890,11337782,8764108,1832392,744111,2510300,66203,0.02569491,1988337,566660,0.778215
1,19535557,11290799,8244758,1821846,585998,2345426,62418,0.02592278,1914869,472817,0.8019769
2,20121866,11337671,8784195,1838008,766181,2537059,67130,0.0257777,2042732,535163,0.7924031
3,19555915,11301515,8254400,1832174,579291,2348052,63413,0.02629646,1889943,502001,0.7901284
