pid,execution_cycles,compute_cycles,idle_cycles,loads,stores,hit_count,miss_count,miss_rate,private,shared,private_rate
0,15392058,11337782,4054276,1832392,744111,2561576,14927,0.005793512,2028008,545432,0.7880533
1,15258388,11290799,3967589,1821846,585998,2392089,15755,0.006543198,1905243,499803,0.7921857
2,15428741,11337671,4091070,1838008,766181,2589170,15019,0.005767247,2046541,552980,0.7872762
3,15290446,11301515,3988931,1832174,579291,2395531,15934,0.006607602,1866812,540617,0.775438
