pid,execution_cycles,compute_cycles,idle_cycles,loads,stores,hit_count,miss_count,miss_rate,private,shared,private_rate
0,15499105,11337782,4161323,1832392,744111,2569875,6628,0.002572479,2056088,518596,0.7985788
1,15324763,11290799,4033964,1821846,585998,2401344,6500,0.00269951,1914837,491402,0.7957801
2,15579767,11337671,4242096,1838008,766181,2597520,6669,0.002560874,2059865,541783,0.7917539
3,15442965,11301515,4141450,1832174,579291,2404898,6567,0.002723241,1876142,533124,0.7787193
