pid,execution_cycles,compute_cycles,idle_cycles,loads,stores,hit_count,miss_count,miss_rate,private,shared,private_rate
0,25673336,11337782,14335554,1832392,744111,2458627,117876,0.04575038,1839749,701515,0.7239504
1,24605978,11290799,13315179,1821846,585998,2297906,109938,0.04565827,1798638,579024,0.7564734
2,25530117,11337671,14192446,1838008,766181,2487528,116661,0.04479744,1995073,571659,0.7772814
3,24781044,11301515,13479529,1832174,579291,2298782,112683,0.04672803,1753836,625205,0.7372029
