pid,execution_cycles,compute_cycles,idle_cycles,loads,stores,hit_count,miss_count,miss_rate,private,shared,private_rate
0,18260187,11337782,6922405,1832392,744111,2532605,43898,0.01703782,2077849,483519,0.8112263
1,16658347,11290799,5367548,1821846,585998,2377948,29896,0.01241609,1936163,460592,0.8078268
2,18328847,11337671,6991176,1838008,766181,2559876,44313,0.01701605,2118551,469799,0.8184948
3,16481515,11301515,5180000,1832174,579291,2383500,27965,0.01159669,1921970,478461,0.800677
