pid,execution_cycles,compute_cycles,idle_cycles,loads,stores,hit_count,miss_count,miss_rate,private,shared,private_rate
0,15860092,11337782,4522310,1832392,744111,2564412,12091,0.004692795,1837864,735332,0.714234
1,15415379,11290799,4124580,1821846,585998,2396454,11390,0.004730373,1735885,668961,0.7218279
2,15975907,11337671,4638236,1838008,766181,2591846,12343,0.004739671,1872010,727411,0.7201642
3,15474953,11301515,4173438,1832174,579291,2399901,11564,0.004795425,1678639,728682,0.6973058
