pid,execution_cycles,compute_cycles,idle_cycles,loads,stores,hit_count,miss_count,miss_rate,private,shared,private_rate
0,68412714,11337782,57074932,1832392,744111,2026704,549799,0.2133896,2246611,211963,0.9137862
1,59972461,11290799,48681662,1821846,585998,1941426,466418,0.1937077,2103769,224257,0.9036707
2,69253619,11337671,57915948,1838008,766181,2046132,558057,0.2142921,2282860,201837,0.918768
3,60193480,11301515,48891965,1832174,579291,1943005,468460,0.1942637,2094140,239082,0.8975314
