pid,execution_cycles,compute_cycles,idle_cycles,loads,stores,hit_count,miss_count,miss_rate,private,shared,private_rate
0,15433326,11337782,4095544,1832392,744111,2569032,7471,0.002899667,1842180,732086,0.7156137
1,15014516,11290799,3723717,1821846,585998,2400810,7034,0.002921286,1740244,665634,0.7233301
2,15635377,11337671,4297706,1838008,766181,2596463,7726,0.002966759,1867208,733720,0.7179007
3,15140204,11301515,3838689,1832174,579291,2404335,7130,0.002956709,1671542,737133,0.6939674
