pid,execution_cycles,compute_cycles,idle_cycles,loads,stores,hit_count,miss_count,miss_rate,private,shared,private_rate
0,26171618,11337782,14833836,1832392,744111,2450320,126183,0.04897452,2033574,459458,0.8157031
1,25068689,11290799,13777890,1821846,585998,2290354,117490,0.04879469,1906133,425987,0.8173392
2,25882600,11337671,14544929,1838008,766181,2480217,123972,0.04760484,2091729,431465,0.8290005
3,25232330,11301515,13930815,1832174,579291,2291243,120222,0.04985434,1868235,464715,0.8008037
