pid,execution_cycles,compute_cycles,idle_cycles,loads,stores,hit_count,miss_count,miss_rate,private,shared,private_rate
0,27682215,11337782,16344433,1832392,744111,2437433,139070,0.05397626,2118266,419385,0.834735
1,22527760,11290799,11236961,1821846,585998,2318661,89183,0.03703853,1971234,411160,0.8274173
2,27235184,11337671,15897513,1838008,766181,2469913,134276,0.05156154,2157550,408095,0.8409386
3,22330534,11301515,11029019,1832174,579291,2324419,87046,0.03609673,1955049,430882,0.8194072
