pid,execution_cycles,compute_cycles,idle_cycles,loads,stores,hit_count,miss_count,miss_rate,private,shared,private_rate
0,105853268,11337782,94515486,1832392,744111,1775013,801490,0.3110767,2278490,126226,0.947509
1,99093831,11290799,87803032,1821846,585998,1680265,727579,0.3021703,2141914,132044,0.9419321
2,106252589,11337671,94914918,1838008,766181,1798937,805252,0.3092141,2310205,120644,0.9503696
3,98933737,11301515,87632222,1832174,579291,1685527,725938,0.3010361,2142930,135226,0.9406423
