pid,execution_cycles,compute_cycles,idle_cycles,loads,stores,hit_count,miss_count,miss_rate,private,shared,private_rate
0,21441220,11337782,10103438,1832392,744111,2506180,70323,0.02729397,2006810,524592,0.7927662
1,20593256,11290799,9302457,1821846,585998,2342401,65443,0.02717909,1868685,497945,0.7895974
2,21415301,11337671,10077630,1838008,766181,2534303,69886,0.02683599,2046176,511080,0.8001452
3,20632184,11301515,9330669,1832174,579291,2344759,66706,0.02766202,1826014,541305,0.7713426
