pid,execution_cycles,compute_cycles,idle_cycles,loads,stores,hit_count,miss_count,miss_rate,private,shared,private_rate
0,20636036,11337782,9298254,1832392,744111,2512263,64240,0.02493302,1800216,755131,0.7044898
1,19932656,11290799,8641857,1821846,585998,2347477,60367,0.02507098,1757848,631108,0.7358227
2,20647320,11337671,9309649,1838008,766181,2539547,64642,0.02482232,1958468,624408,0.7582509
3,20011037,11301515,8709522,1832174,579291,2349543,61922,0.02567817,1725875,665292,0.721771
