pid,execution_cycles,compute_cycles,idle_cycles,loads,stores,hit_count,miss_count,miss_rate,private,shared,private_rate
0,88180001,11337782,76842219,1832392,744111,1792381,784122,0.3043358,2198057,176379,0.9257175
1,79736597,11290799,68445798,1821846,585998,1705478,702366,0.2916991,2080568,163535,0.9271268
2,88579069,11337671,77241398,1838008,766181,1816661,787528,0.3024082,2231998,165768,0.9308656
3,79438867,11301515,68137352,1832174,579291,1711543,699922,0.2902476,2070455,178158,0.9207698
