pid,execution_cycles,compute_cycles,idle_cycles,loads,stores,hit_count,miss_count,miss_rate,private,shared,private_rate
0,43806985,11337782,32469203,1832392,744111,2276975,299528,0.1162537,2062134,349797,0.8549722
1,40015443,11290799,28724644,1821846,585998,2144016,263828,0.1095702,1918413,343526,0.8481276
2,45352120,11337671,34014449,1838008,766181,2289623,314566,0.1207923,2113677,314946,0.8703191
3,39706819,11301515,28405304,1832174,579291,2151221,260244,0.1079195,1916286,352332,0.8446931
