pid,execution_cycles,compute_cycles,idle_cycles,loads,stores,hit_count,miss_count,miss_rate,private,shared,private_rate
0,14681733,11337782,3343951,1832392,744111,2568751,7752,0.003008729,2037714,538098,0.7910958
1,14515789,11290799,3224990,1821846,585998,2399590,8254,0.003427963,1889396,517878,0.7848695
2,14674856,11337671,3337185,1838008,766181,2596785,7404,0.002843112,2047631,555445,0.7866198
3,14536660,11301515,3235145,1832174,579291,2403145,8320,0.003450185,1872549,537956,0.7768285
