pid,execution_cycles,compute_cycles,idle_cycles,loads,stores,hit_count,miss_count,miss_rate,private,shared,private_rate
0,20982786,11337782,9645004,1832392,744111,2505104,71399,0.02771159,2043561,488256,0.8071519
1,20264224,11290799,8973425,1821846,585998,2341525,66319,0.0275429,1918581,449300,0.8102523
2,20924726,11337671,9587055,1838008,766181,2533655,70534,0.02708482,2085761,471198,0.8157194
3,20421319,11301515,9119804,1832174,579291,2343704,67761,0.02809952,1874397,491999,0.7920893
