pid,execution_cycles,compute_cycles,idle_cycles,loads,stores,hit_count,miss_count,miss_rate,private,shared,private_rate
0,14820135,11337782,3482353,1832392,744111,2567353,9150,0.003551325,2043877,530512,0.793927
1,14649736,11290799,3358937,1821846,585998,2398237,9607,0.003989876,1902397,503594,0.7906917
2,14836226,11337671,3498555,1838008,766181,2595155,9034,0.003469026,2056577,544812,0.7905688
3,14674270,11301515,3372755,1832174,579291,2401755,9710,0.004026598,1877023,532023,0.7791561
