pid,execution_cycles,compute_cycles,idle_cycles,loads,stores,hit_count,miss_count,miss_rate,private,shared,private_rate
0,25703015,11337782,14365233,1832392,744111,2454125,122378,0.04749771,1965965,548593,0.7818332
1,24655262,11290799,13364463,1821846,585998,2293755,114089,0.04738222,1923327,429713,0.8173796
2,25338700,11337671,14001029,1838008,766181,2483305,120884,0.04641906,2022991,522174,0.7948369
3,24818344,11301515,13516829,1832174,579291,2294461,117004,0.04851988,1888863,465997,0.8021127
