pid,execution_cycles,compute_cycles,idle_cycles,loads,stores,hit_count,miss_count,miss_rate,private,shared,private_rate
0,15001602,11337782,3663820,1832392,744111,2565520,10983,0.004262755,2041718,532489,0.7931445
1,14855755,11290799,3564956,1821846,585998,2396156,11688,0.004854135,1906168,499446,0.7923832
2,15037394,11337671,3699723,1838008,766181,2593123,11066,0.004249308,2061336,539342,0.7926148
3,14883754,11301515,3582239,1832174,579291,2399639,11826,0.004904073,1873216,535350,0.7777308
