pid,execution_cycles,compute_cycles,idle_cycles,loads,stores,hit_count,miss_count,miss_rate,private,shared,private_rate
0,25705964,11337782,14368182,1832392,744111,2458466,118037,0.04581287,1835805,705399,0.7224154
1,24603023,11290799,13312224,1821846,585998,2297841,110003,0.04568527,1793061,584501,0.7541595
2,25532134,11337671,14194463,1838008,766181,2487498,116691,0.04480896,1993955,572508,0.7769272
3,24792424,11301515,13490909,1832174,579291,2298773,112692,0.04673176,1749125,629989,0.7352002
