pid,execution_cycles,compute_cycles,idle_cycles,loads,stores,hit_count,miss_count,miss_rate,private,shared,private_rate
0,18222139,11337782,6884357,1832392,744111,2539518,36985,0.01435473,2087515,467480,0.8170329
1,17716878,11290799,6426079,1821846,585998,2371894,35950,0.01493037,1900402,488113,0.7956416
2,18631848,11337671,7294177,1838008,766181,2563397,40792,0.01566399,2117228,463673,0.8203445
3,17608625,11301515,6307110,1832174,579291,2376726,34739,0.01440577,1881824,510551,0.7865924
