pid,execution_cycles,compute_cycles,idle_cycles,loads,stores,hit_count,miss_count,miss_rate,private,shared,private_rate
0,20994411,11337782,9656629,1832392,744111,2503993,72510,0.0281428,2047523,479837,0.810143
1,20207503,11290799,8916704,1821846,585998,2340972,66872,0.02777256,1912841,452492,0.8086984
2,20983172,11337671,9645501,1838008,766181,2531937,72252,0.02774453,2088943,465953,0.8176235
3,20315074,11301515,9013559,1832174,579291,2343115,68350,0.02834377,1870562,495499,0.7905806
