pid,execution_cycles,compute_cycles,idle_cycles,loads,stores,hit_count,miss_count,miss_rate,private,shared,private_rate
0,15218808,11337782,3881026,1832392,744111,2566394,10109,0.003923535,2056052,516735,0.7991536
1,15114280,11290799,3823481,1821846,585998,2397577,10267,0.004263981,1915660,488821,0.7967042
2,15320855,11337671,3983184,1838008,766181,2593884,10305,0.003957086,2062967,536389,0.7936454
3,15206278,11301515,3904763,1832174,579291,2401047,10418,0.004320195,1878510,528674,0.7803766
