pid,execution_cycles,compute_cycles,idle_cycles,loads,stores,hit_count,miss_count,miss_rate,private,shared,private_rate
0,30401169,11337782,19063387,1832392,744111,2409895,166608,0.06466439,2094239,390612,0.8428026
1,27151066,11290799,15860267,1821846,585998,2271871,135973,0.05647085,1949557,379234,0.8371541
2,31316828,11337671,19979157,1838008,766181,2428613,175576,0.06742061,2154288,352297,0.8594514
3,26997526,11301515,15696011,1832174,579291,2277203,134262,0.05567653,1958170,375792,0.8389897
