pid,execution_cycles,compute_cycles,idle_cycles,loads,stores,hit_count,miss_count,miss_rate,private,shared,private_rate
0,20684301,11337782,9346519,1832392,744111,2508119,68384,0.0265414,2016519,529072,0.7921614
1,20035039,11290799,8744240,1821846,585998,2343840,64004,0.02658146,1924840,454774,0.8088875
2,20673068,11337671,9335397,1838008,766181,2536197,67992,0.0261087,2037120,532064,0.7929055
3,20199064,11301515,8897549,1832174,579291,2345949,65516,0.02716855,1885051,493547,0.7925051
