pid,execution_cycles,compute_cycles,idle_cycles,loads,stores,hit_count,miss_count,miss_rate,private,shared,private_rate
0,80180376,11337782,68842594,1832392,744111,2129968,446535,0.1733105,2157567,323603,0.8695764
1,64730643,11290799,53439844,1821846,585998,2066477,341367,0.1417729,2010918,325692,0.8606135
2,75509220,11337671,64171549,1838008,766181,2182981,421208,0.1617425,2189240,319045,0.8728035
3,62522974,11301515,51221459,1832174,579291,2066631,344834,0.1429977,1999871,340080,0.8546636
