pid,execution_cycles,compute_cycles,idle_cycles,loads,stores,hit_count,miss_count,miss_rate,private,shared,private_rate
0,16656684,11337782,5318902,1832392,744111,2548802,27701,0.01075139,2081259,478793,0.8129753
1,16396690,11290799,5105891,1821846,585998,2380591,27253,0.01131842,1914871,479986,0.7995763
2,16824047,11337671,5486376,1838008,766181,2575076,29113,0.0111793,2106979,480336,0.8143496
3,16425976,11301515,5124461,1832174,579291,2384061,27404,0.01136405,1876308,520325,0.7828933
