pid,execution_cycles,compute_cycles,idle_cycles,loads,stores,hit_count,miss_count,miss_rate,private,shared,private_rate
0,27322845,11337782,15985063,1832392,744111,2441063,135440,0.05256738,2042933,435277,0.8243583
1,25759318,11290799,14468519,1821846,585998,2286019,121825,0.05059506,1921780,402036,0.8269932
2,27564161,11337671,16226490,1838008,766181,2466590,137599,0.05283756,2083444,420935,0.8319204
3,26084416,11301515,14782901,1832174,579291,2286501,124964,0.05182078,1872449,449837,0.8062956
