pid,execution_cycles,compute_cycles,idle_cycles,loads,stores,hit_count,miss_count,miss_rate,private,shared,private_rate
0,27312562,11337782,15974780,1832392,744111,2440416,136087,0.05281849,2041686,436077,0.8240037
1,25622565,11290799,14331766,1821846,585998,2286406,121438,0.05043433,1921194,402802,0.826677
2,27402137,11337671,16064466,1838008,766181,2467538,136651,0.05247353,2081381,424571,0.830575
3,25921610,11301515,14620095,1832174,579291,2286759,124706,0.05171379,1872284,450045,0.8062096
