pid,execution_cycles,compute_cycles,idle_cycles,loads,stores,hit_count,miss_count,miss_rate,private,shared,private_rate
0,15698859,11337782,4361077,1832392,744111,2558477,18026,0.006996305,2089012,480586,0.8129723
1,15504502,11290799,4213703,1821846,585998,2389603,18241,0.007575657,1924853,477551,0.8012195
2,15948293,11337671,4610622,1838008,766181,2583922,20267,0.007782461,2115169,481323,0.8146257
3,15485773,11301515,4184258,1832174,579291,2393558,17907,0.007425776,1926509,479508,0.8007047
