pid,execution_cycles,compute_cycles,idle_cycles,loads,stores,hit_count,miss_count,miss_rate,private,shared,private_rate
0,48402676,11337782,37064894,1832392,744111,2222727,353776,0.1373086,2040348,352383,0.8527277
1,43252930,11290799,31962131,1821846,585998,2104362,303482,0.1260389,1906952,340795,0.8483837
2,49992696,11337671,38655025,1838008,766181,2234410,369779,0.1419939,2093482,315620,0.8689885
3,42943738,11301515,31642223,1832174,579291,2110824,300641,0.1246715,1903489,350893,0.8443507
