pid,execution_cycles,compute_cycles,idle_cycles,loads,stores,hit_count,miss_count,miss_rate,private,shared,private_rate
0,16184850,11337782,4847068,1832392,744111,2553568,22935,0.0089016,2063397,502872,0.8040455
1,16084345,11290799,4793546,1821846,585998,2383746,24098,0.01000812,1906052,491760,0.794913
2,16285091,11337671,4947420,1838008,766181,2580520,23669,0.009088818,2075036,515947,0.8008682
3,16111255,11301515,4809740,1832174,579291,2387240,24225,0.01004576,1871386,528526,0.7797728
