pid,execution_cycles,compute_cycles,idle_cycles,loads,stores,hit_count,miss_count,miss_rate,private,shared,private_rate
0,46162644,11337782,34824862,1832392,744111,2250762,325741,0.1264276,2132267,368176,0.8527557
1,36542893,11290799,25252094,1821846,585998,2177094,230750,0.09583262,1972283,374691,0.8403514
2,44508110,11337671,33170439,1838008,766181,2295439,308750,0.118559,2169379,359295,0.8579117
3,37126678,11301515,25825163,1832174,579291,2174963,236502,0.09807399,1961640,387576,0.835019
