pid,execution_cycles,compute_cycles,idle_cycles,loads,stores,hit_count,miss_count,miss_rate,private,shared,private_rate
0,26495093,11337782,15157311,1832392,744111,2447967,128536,0.04988777,2027578,455879,0.8164337
1,25298654,11290799,14007855,1821846,585998,2289531,118313,0.04913649,1912245,414418,0.8218831
2,26339981,11337671,15002310,1838008,766181,2478094,126095,0.04842006,2087990,427240,0.8301388
3,25516839,11301515,14215324,1832174,579291,2290356,121109,0.05022217,1868699,457606,0.8032906
