pid,execution_cycles,compute_cycles,idle_cycles,loads,stores,hit_count,miss_count,miss_rate,private,shared,private_rate
0,21013872,11337782,9676090,1832392,744111,2504790,71713,0.02783346,2044488,488704,0.8070798
1,20266105,11290799,8975306,1821846,585998,2341506,66338,0.02755079,1924673,445017,0.8122045
2,20933735,11337671,9596064,1838008,766181,2533564,70625,0.02711977,2087268,471689,0.8156714
3,20470918,11301515,9169403,1832174,579291,2343203,68262,0.02830727,1876044,491304,0.7924665
