pid,execution_cycles,compute_cycles,idle_cycles,loads,stores,hit_count,miss_count,miss_rate,private,shared,private_rate
0,16153890,11337782,4816108,1832392,744111,2553184,23319,0.00905064,2046625,521290,0.7969987
1,15938221,11290799,4647422,1821846,585998,2383598,24246,0.01006959,1900284,498875,0.7920626
2,16197467,11337671,4859796,1838008,766181,2580008,24181,0.009285424,2049639,543216,0.790495
3,15952288,11301515,4650773,1832174,579291,2387025,24440,0.01013492,1869506,532245,0.7783929
