pid,execution_cycles,compute_cycles,idle_cycles,loads,stores,hit_count,miss_count,miss_rate,private,shared,private_rate
0,26756694,11337782,15418912,1832392,744111,2450991,125512,0.04871409,1996112,496951,0.8006665
1,25564799,11290799,14274000,1821846,585998,2291013,116831,0.048521,1861795,470019,0.798432
2,26525283,11337671,15187612,1838008,766181,2480835,123354,0.04736753,2063447,459631,0.8178293
3,25664939,11301515,14363424,1832174,579291,2291958,119507,0.04955784,1814263,518455,0.7777464
