pid,execution_cycles,compute_cycles,idle_cycles,loads,stores,hit_count,miss_count,miss_rate,private,shared,private_rate
0,157550538,11337782,146212756,1832392,744111,1741756,834747,0.3239845,2249225,152899,0.9363484
1,137459556,11290799,126168757,1821846,585998,1664275,743569,0.3088111,2108790,157487,0.9305085
2,159448396,11337671,148110725,1838008,766181,1764489,839700,0.322442,2272181,155395,0.9359876
3,136698194,11301515,125396679,1832174,579291,1669970,741495,0.3074874,2109298,161172,0.9290138
