pid,execution_cycles,compute_cycles,idle_cycles,loads,stores,hit_count,miss_count,miss_rate,private,shared,private_rate
0,16261989,11337782,4924207,1832392,744111,2552455,24048,0.009333581,2061441,502962,0.8038678
1,16041262,11290799,4750463,1821846,585998,2382871,24973,0.01037152,1900855,495360,0.793274
2,16323890,11337671,4986219,1838008,766181,2579415,24774,0.009513134,2077691,511586,0.8024213
3,16054384,11301515,4752869,1832174,579291,2386389,25076,0.01039866,1872127,526549,0.7804835
