pid,execution_cycles,compute_cycles,idle_cycles,loads,stores,hit_count,miss_count,miss_rate,private,shared,private_rate
0,16109139,11337782,4771357,1832392,744111,2568247,8256,0.003204343,2067429,505273,0.8036022
1,16006684,11290799,4715885,1821846,585998,2399529,8315,0.003453297,1873758,531038,0.7791754
2,16607668,11337671,5269997,1838008,766181,2594015,10174,0.003906782,2090588,509322,0.8041001
3,15751396,11301515,4449881,1832174,579291,2403717,7748,0.003212985,1847363,560897,0.7670945
