pid,execution_cycles,compute_cycles,idle_cycles,loads,stores,hit_count,miss_count,miss_rate,private,shared,private_rate
0,37592907,11337782,26255125,1832392,744111,2337325,239178,0.09283048,2111674,384279,0.8460392
1,35599027,11290799,24308228,1821846,585998,2186628,221216,0.09187306,1955068,383380,0.8360537
2,38616620,11337671,27278949,1838008,766181,2354949,249240,0.09570734,2156088,364495,0.8553926
3,35557132,11301515,24255617,1832174,579291,2190817,220648,0.09149957,1949275,393028,0.8322045
