pid,execution_cycles,compute_cycles,idle_cycles,loads,stores,hit_count,miss_count,miss_rate,private,shared,private_rate
0,193165594,11337782,181827812,1832392,744111,767216,1809287,0.7022258,2112981,2110,0.9990024
1,187568569,11290799,176277770,1821846,585998,651885,1755959,0.7292661,2011923,2252,0.9988819
2,194660463,11337671,183322792,1838008,766181,780294,1823895,0.7003697,2128208,2243,0.9989472
3,188100208,11301515,176798693,1832174,579291,650326,1761139,0.7303191,2016408,2087,0.9989661
