pid,execution_cycles,compute_cycles,idle_cycles,loads,stores,hit_count,miss_count,miss_rate,private,shared,private_rate
0,15526203,11337782,4188421,1832392,744111,2560221,16282,0.006319418,2052836,517205,0.7987561
1,15360061,11290799,4069262,1821846,585998,2391062,16782,0.006969721,1908545,493395,0.7945848
2,15553976,11337671,4216305,1838008,766181,2587905,16284,0.006253002,2072323,523589,0.7983025
3,15387664,11301515,4086149,1832174,579291,2394549,16916,0.007014823,1876431,527643,0.7805213
