pid,execution_cycles,compute_cycles,idle_cycles,loads,stores,hit_count,miss_count,miss_rate,private,shared,private_rate
0,43436605,11337782,32098823,1832392,744111,2278255,298248,0.1157569,2072232,341027,0.8586861
1,39694836,11290799,28404037,1821846,585998,2145193,262651,0.1090814,1920994,342240,0.8487828
2,44952326,11337671,33614655,1838008,766181,2290899,313290,0.1203023,2116900,313208,0.8711135
3,39326518,11301515,28025003,1832174,579291,2152695,258770,0.1073082,1920438,349707,0.8459539
