pid,execution_cycles,compute_cycles,idle_cycles,loads,stores,hit_count,miss_count,miss_rate,private,shared,private_rate
0,26554495,11337782,15216713,1832392,744111,2452773,123730,0.04802246,1941029,559360,0.7762908
1,25384889,11290799,14094090,1821846,585998,2292582,115262,0.04786938,1849852,489279,0.7908287
2,26294608,11337671,14956937,1838008,766181,2482220,121969,0.04683569,2036449,493937,0.8047978
3,25479265,11301515,14177750,1832174,579291,2293524,117941,0.04890844,1806657,533509,0.7720209
