pid,execution_cycles,compute_cycles,idle_cycles,loads,stores,hit_count,miss_count,miss_rate,private,shared,private_rate
0,15382257,11337782,4044475,1832392,744111,2561675,14828,0.005755087,2062409,507901,0.802397
1,15146617,11290799,3855818,1821846,585998,2393218,14626,0.006074314,1914017,489113,0.7964684
2,15429533,11337671,4091862,1838008,766181,2589162,15027,0.005770319,2089284,508195,0.8043507
3,15171844,11301515,3870329,1832174,579291,2396729,14736,0.006110808,1891340,514773,0.7860562
