pid,execution_cycles,compute_cycles,idle_cycles,loads,stores,hit_count,miss_count,miss_rate,private,shared,private_rate
0,15247572,11337782,3909790,1832392,744111,2564950,11553,0.004483985,2073375,497523,0.8064789
1,15390943,11290799,4100144,1821846,585998,2395304,12540,0.005207979,1915394,488087,0.796925
2,15413333,11337671,4075662,1838008,766181,2591330,12859,0.004937814,2093657,504300,0.8058859
3,15455800,11301515,4154285,1832174,579291,2399045,12420,0.005150396,1888252,518240,0.7846492
