pid,execution_cycles,compute_cycles,idle_cycles,loads,stores,hit_count,miss_count,miss_rate,private,shared,private_rate
0,15392454,11337782,4054672,1832392,744111,2561572,14931,0.005795064,2021940,551541,0.7856829
1,15266011,11290799,3975212,1821846,585998,2392012,15832,0.006575177,1905224,499759,0.7921985
2,15429929,11337671,4092258,1838008,766181,2589158,15031,0.005771855,2046346,553167,0.7872036
3,15292129,11301515,3990614,1832174,579291,2395514,15951,0.006614651,1866963,540435,0.7755107
