pid,execution_cycles,compute_cycles,idle_cycles,loads,stores,hit_count,miss_count,miss_rate,private,shared,private_rate
0,15513940,11337782,4176158,1832392,744111,2560682,15821,0.006140494,2065902,502662,0.8043023
1,15398055,11290799,4107256,1821846,585998,2391568,16276,0.006759574,1912932,488656,0.796528
2,15593690,11337671,4256019,1838008,766181,2587895,16294,0.006256842,2088351,506800,0.8047127
3,15449327,11301515,4147812,1832174,579291,2394976,16489,0.006837752,1877676,526034,0.7811575
