pid,execution_cycles,compute_cycles,idle_cycles,loads,stores,hit_count,miss_count,miss_rate,private,shared,private_rate
0,17491920,11337782,6154138,1832392,744111,2548686,27817,0.01079642,2081811,479878,0.8126712
1,17040538,11290799,5749739,1821846,585998,2380886,26958,0.01119591,1907444,486759,0.7966927
2,17841765,11337671,6504094,1838008,766181,2573362,30827,0.01183747,2117545,470363,0.8182459
3,16992322,11301515,5690807,1832174,579291,2385039,26426,0.01095848,1895007,502859,0.7902889
