pid,execution_cycles,compute_cycles,idle_cycles,loads,stores,hit_count,miss_count,miss_rate,private,shared,private_rate
0,18584575,11337782,7246793,1832392,744111,2536378,40125,0.01557343,2057268,492408,0.8068743
1,17795630,11290799,6504831,1821846,585998,2371370,36474,0.01514799,1893615,492530,0.7935876
2,18670485,11337671,7332814,1838008,766181,2563382,40807,0.01566975,2083741,492809,0.808733
3,17811382,11301515,6509867,1832174,579291,2374384,37081,0.01537696,1810447,577122,0.7582805
