pid,execution_cycles,compute_cycles,idle_cycles,loads,stores,hit_count,miss_count,miss_rate,private,shared,private_rate
0,16235241,11337782,4897459,1832392,744111,2553059,23444,0.009099155,2060596,505395,0.803041
1,16005343,11290799,4714544,1821846,585998,2384544,23300,0.009676707,1914114,483956,0.7981894
2,16319642,11337671,4981971,1838008,766181,2580171,24018,0.009222833,2074857,515952,0.8008529
3,16087594,11301515,4786079,1832174,579291,2387479,23986,0.009946651,1865993,533082,0.7777969
