pid,execution_cycles,compute_cycles,idle_cycles,loads,stores,hit_count,miss_count,miss_rate,private,shared,private_rate
0,15464229,11337782,4126447,1832392,744111,2560847,15656,0.006076453,2052841,518693,0.7982943
1,15333925,11290799,4043126,1821846,585998,2391326,16518,0.006860079,1907847,495448,0.7938464
2,15502001,11337671,4164330,1838008,766181,2588430,15759,0.006051404,2070543,526885,0.7971513
3,15361825,11301515,4060310,1832174,579291,2394810,16655,0.00690659,1873189,532285,0.7787193
