pid,execution_cycles,compute_cycles,idle_cycles,loads,stores,hit_count,miss_count,miss_rate,private,shared,private_rate
0,14825877,11337782,3488095,1832392,744111,2567295,9208,0.003573836,2043067,531327,0.7936108
1,14652706,11290799,3361907,1821846,585998,2398207,9637,0.004002336,1901787,504211,0.7904358
2,14844146,11337671,3506475,1838008,766181,2595075,9114,0.003499746,2056420,544963,0.7905103
3,14677240,11301515,3375725,1832174,579291,2401725,9740,0.004039039,1877407,531643,0.7793143
