pid,execution_cycles,compute_cycles,idle_cycles,loads,stores,hit_count,miss_count,miss_rate,private,shared,private_rate
0,26283071,11337782,14945289,1832392,744111,2449749,126754,0.04919614,2032011,458059,0.8160457
1,25195049,11290799,13904250,1821846,585998,2289914,117930,0.04897743,1906894,422172,0.8187376
2,26097903,11337671,14760232,1838008,766181,2479596,124593,0.0478433,2084844,433585,0.8278351
3,25355306,11301515,14053791,1832174,579291,2290695,120770,0.05008159,1864576,464600,0.8005303
