pid,execution_cycles,compute_cycles,idle_cycles,loads,stores,hit_count,miss_count,miss_rate,private,shared,private_rate
0,26199350,11337782,14861568,1832392,744111,2455349,121154,0.04702265,1891914,622064,0.7525579
1,25102086,11290799,13811287,1821846,585998,2294490,113354,0.04707697,1829548,522058,0.7779994
2,26003511,11337671,14665840,1838008,766181,2484076,120113,0.046123,2004765,538484,0.7882693
3,25222017,11301515,13920502,1832174,579291,2295288,116177,0.04817694,1781184,571563,0.7570657
