pid,execution_cycles,compute_cycles,idle_cycles,loads,stores,hit_count,miss_count,miss_rate,private,shared,private_rate
0,21758649,11337782,10420867,1832392,744111,2497267,79236,0.03075331,2062341,458649,0.8180679
1,20839810,11290799,9549011,1821846,585998,2335711,72133,0.02995751,1913376,446966,0.8106351
2,22191530,11337671,10853859,1838008,766181,2520859,83330,0.03199845,2108815,436722,0.8284362
3,20881570,11301515,9580055,1832174,579291,2339055,72410,0.03002739,1886345,477506,0.7979966
