pid,execution_cycles,compute_cycles,idle_cycles,loads,stores,hit_count,miss_count,miss_rate,private,shared,private_rate
0,16048419,11337782,4710637,1832392,744111,2554029,22474,0.008722676,2001603,569785,0.7784134
1,15839428,11290799,4548629,1821846,585998,2384525,23319,0.009684598,1901446,501045,0.7914477
2,16103138,11337671,4765467,1838008,766181,2580711,23478,0.009015475,2023473,573022,0.7793094
3,15846844,11301515,4545329,1832174,579291,2388041,23424,0.009713597,1866652,538711,0.7760375
