pid,execution_cycles,compute_cycles,idle_cycles,loads,stores,hit_count,miss_count,miss_rate,private,shared,private_rate
0,20825277,11337782,9487495,1832392,744111,2506695,69808,0.02709409,2050300,488392,0.8076206
1,20157007,11290799,8866208,1821846,585998,2342608,65236,0.02709312,1919652,453691,0.8088388
2,20803550,11337671,9465879,1838008,766181,2534879,69310,0.02661481,2084842,477363,0.8136906
3,20316082,11301515,9014567,1832174,579291,2344767,66698,0.02765871,1879261,492644,0.7923003
