pid,execution_cycles,compute_cycles,idle_cycles,loads,stores,hit_count,miss_count,miss_rate,private,shared,private_rate
0,15497617,11337782,4159835,1832392,744111,2568446,8057,0.003127107,1910606,662467,0.7425386
1,15059614,11290799,3768815,1821846,585998,2400396,7448,0.003093224,1798361,606436,0.7478224
2,15672538,11337671,4334867,1838008,766181,2595831,8358,0.003209444,1900238,699441,0.730951
3,15178517,11301515,3877002,1832174,579291,2403824,7641,0.003168613,1712406,695137,0.711267
