pid,execution_cycles,compute_cycles,idle_cycles,loads,stores,hit_count,miss_count,miss_rate,private,shared,private_rate
0,94032897,11337782,82695115,1832392,744111,1768803,807700,0.3134869,2310606,93922,0.9609395
1,85451728,11290799,74160929,1821846,585998,1684701,723143,0.300328,2175279,98830,0.9565412
2,94698077,11337671,83360406,1838008,766181,1789590,814599,0.3128033,2341720,87288,0.9640643
3,85510270,11301515,74208755,1832174,579291,1688219,723246,0.2999198,2175961,102319,0.9550894
