pid,execution_cycles,compute_cycles,idle_cycles,loads,stores,hit_count,miss_count,miss_rate,private,shared,private_rate
0,16055268,11337782,4717486,1832392,744111,2553986,22517,0.008739365,2001463,569906,0.7783648
1,15846007,11290799,4555208,1821846,585998,2384484,23360,0.009701625,1901312,501147,0.7914025
2,16111301,11337671,4773630,1838008,766181,2580666,23523,0.009032755,2023407,573040,0.7792984
3,15848383,11301515,4546868,1832174,579291,2388044,23421,0.009712353,1866729,538661,0.7760608
