pid,execution_cycles,compute_cycles,idle_cycles,loads,stores,hit_count,miss_count,miss_rate,private,shared,private_rate
0,16400985,11337782,5063203,1832392,744111,2550715,25788,0.01000892,2046768,520151,0.7973637
1,16233673,11290799,4942874,1821846,585998,2380830,27014,0.01121917,1894935,502594,0.79037
2,16461680,11337671,5124009,1838008,766181,2577365,26824,0.01030033,2065036,526433,0.7968592
3,16129030,11301515,4827515,1832174,579291,2385499,25966,0.01076773,1877454,523412,0.7819903
