pid,execution_cycles,compute_cycles,idle_cycles,loads,stores,hit_count,miss_count,miss_rate,private,shared,private_rate
0,21142328,11337782,9804546,1832392,744111,2509733,66770,0.02591497,2091273,441932,0.8255443
1,20432637,11290799,9141838,1821846,585998,2344229,63615,0.0264199,1925525,442019,0.8133006
2,21682877,11337671,10345206,1838008,766181,2532385,71804,0.0275725,2122253,435434,0.8297548
3,20346830,11301515,9045315,1832174,579291,2348805,62660,0.0259842,1921871,449960,0.81029
