pid,execution_cycles,compute_cycles,idle_cycles,loads,stores,hit_count,miss_count,miss_rate,private,shared,private_rate
0,16758258,11337782,5420476,1832392,744111,2547776,28727,0.01114961,2087230,474376,0.8148131
1,16515886,11290799,5225087,1821846,585998,2379387,28457,0.01181846,1925160,469566,0.8039166
2,17068676,11337671,5731005,1838008,766181,2572605,31584,0.01212815,2121018,467108,0.8195188
3,16507156,11301515,5205641,1832174,579291,2383241,28224,0.01170409,1913974,484136,0.7981177
