pid,execution_cycles,compute_cycles,idle_cycles,loads,stores,hit_count,miss_count,miss_rate,private,shared,private_rate
0,25690484,11337782,14352702,1832392,744111,2454062,122441,0.04752216,1981636,532947,0.7880575
1,24660701,11290799,13369902,1821846,585998,2293530,114314,0.04747567,1923096,429846,0.8173155
2,25331192,11337671,13993521,1838008,766181,2483313,120876,0.04641599,2041353,503548,0.8021345
3,24811576,11301515,13510061,1832174,579291,2294521,116944,0.048495,1889041,466143,0.8020779
