pid,execution_cycles,compute_cycles,idle_cycles,loads,stores,hit_count,miss_count,miss_rate,private,shared,private_rate
0,16164258,11337782,4826476,1832392,744111,2553776,22727,0.008820871,2056648,511455,0.8008433
1,16032667,11290799,4741868,1821846,585998,2384268,23576,0.009791332,1906415,493520,0.7943611
2,16259252,11337671,4921581,1838008,766181,2580781,23408,0.008988595,2063212,529701,0.795712
3,16067299,11301515,4765784,1832174,579291,2387684,23781,0.00986164,1861196,540488,0.7749546
