pid,execution_cycles,compute_cycles,idle_cycles,loads,stores,hit_count,miss_count,miss_rate,private,shared,private_rate
0,15536400,11337782,4198618,1832392,744111,2560118,16385,0.006359395,2052717,517329,0.7987083
1,15360358,11290799,4069559,1821846,585998,2391059,16785,0.006970967,1908571,493355,0.7946002
2,15565262,11337671,4227591,1838008,766181,2587791,16398,0.006296778,2072140,523770,0.7982326
3,15386476,11301515,4084961,1832174,579291,2394561,16904,0.007009847,1876523,527547,0.7805609
