pid,execution_cycles,compute_cycles,idle_cycles,loads,stores,hit_count,miss_count,miss_rate,private,shared,private_rate
0,90719126,11337782,79381344,1832392,744111,1802228,774275,0.3005139,2308684,122441,0.9496361
1,82468642,11290799,71177843,1821846,585998,1715295,692549,0.287622,2178033,126853,0.9449634
2,91122136,11337671,79784465,1838008,766181,1825897,778292,0.2988616,2340948,116093,0.9527509
3,82244066,11301515,70942551,1832174,579291,1721271,690194,0.2862136,2179177,129985,0.943709
