pid,execution_cycles,compute_cycles,idle_cycles,loads,stores,hit_count,miss_count,miss_rate,private,shared,private_rate
0,17346566,11337782,6008784,1832392,744111,2539720,36783,0.01427633,1967439,598792,0.7666648
1,16906461,11290799,5615662,1821846,585998,2372910,34934,0.01450841,1907623,491211,0.7952293
2,17278729,11337671,5941058,1838008,766181,2567426,36763,0.01411687,2018970,574000,0.7786322
3,16950140,11301515,5648625,1832174,579291,2375953,35512,0.01472632,1877279,524429,0.7816433
