pid,execution_cycles,compute_cycles,idle_cycles,loads,stores,hit_count,miss_count,miss_rate,private,shared,private_rate
0,15535014,11337782,4197232,1832392,744111,2560132,16371,0.006353961,2052234,517766,0.7985346
1,15353626,11290799,4062827,1821846,585998,2391127,16717,0.006942726,1908953,492972,0.7947596
2,15564272,11337671,4226601,1838008,766181,2587801,16388,0.006292938,2072196,523681,0.7982643
3,15381922,11301515,4080407,1832174,579291,2394607,16858,0.006990771,1876587,527459,0.7805953
