pid,execution_cycles,compute_cycles,idle_cycles,loads,stores,hit_count,miss_count,miss_rate,private,shared,private_rate
0,18277809,11337782,6940027,1832392,744111,2532427,44076,0.01710691,2043803,510635,0.8000989
1,17728636,11290799,6437837,1821846,585998,2367137,40707,0.016906,1909341,478577,0.799584
2,18201335,11337671,6863664,1838008,766181,2561164,43025,0.01652146,2071506,508684,0.8028502
3,17706145,11301515,6404630,1832174,579291,2371130,40335,0.01672635,1874097,515021,0.7844305
