pid,execution_cycles,compute_cycles,idle_cycles,loads,stores,hit_count,miss_count,miss_rate,private,shared,private_rate
0,23119800,11337782,11782018,1832392,744111,2483518,92985,0.03608961,2062702,451114,0.8205461
1,22135522,11290799,10844723,1821846,585998,2322623,85221,0.03539307,1911516,442610,0.8119854
2,23320031,11337671,11982360,1838008,766181,2509460,94729,0.03637562,2109511,430855,0.8303965
3,22177282,11301515,10875767,1832174,579291,2325967,85498,0.0354548,1891079,465084,0.8026096
