pid,execution_cycles,compute_cycles,idle_cycles,loads,stores,hit_count,miss_count,miss_rate,private,shared,private_rate
0,117139803,11337782,105802021,1832392,744111,1533821,1042682,0.4046888,2071079,147156,0.9336608
1,94865575,11290799,83574776,1821846,585998,1587976,819868,0.3404988,1997642,146342,0.931743
2,119182721,11337671,107845050,1838008,766181,1541150,1063039,0.4082035,2117788,115937,0.948097
3,93937135,11301515,82635620,1832174,579291,1601120,810345,0.3360385,1997331,155774,0.9276515
