pid,execution_cycles,compute_cycles,idle_cycles,loads,stores,hit_count,miss_count,miss_rate,private,shared,private_rate
0,19754438,11337782,8416656,1832392,744111,2526785,49718,0.0192967,1990006,567983,0.7779572
1,18088517,11290799,6797718,1821846,585998,2370485,37359,0.01551554,1882178,510985,0.7864813
2,19193463,11337671,7855792,1838008,766181,2560099,44090,0.01693041,2049060,535484,0.792813
3,18180074,11301515,6878559,1832174,579291,2373300,38165,0.01582648,1841893,553298,0.7689963
