pid,execution_cycles,compute_cycles,idle_cycles,loads,stores,hit_count,miss_count,miss_rate,private,shared,private_rate
0,26050398,11337782,14712616,1832392,744111,2453916,122587,0.04757883,1971665,545496,0.7832892
1,25009591,11290799,13718792,1821846,585998,2293592,114252,0.04744992,1938146,417067,0.8229175
2,25903733,11337671,14566062,1838008,766181,2483362,120827,0.04639717,2015410,526822,0.7927719
3,25291723,11301515,13990208,1832174,579291,2294508,116957,0.04850039,1890403,462264,0.8035149
