pid,execution_cycles,compute_cycles,idle_cycles,loads,stores,hit_count,miss_count,miss_rate,private,shared,private_rate
0,16890324,11337782,5552542,1832392,744111,2546442,30061,0.01166736,2094025,469317,0.8169121
1,16138498,11290799,4847699,1821846,585998,2383199,24645,0.0102353,1932000,466115,0.8056328
2,17216780,11337671,5879109,1838008,766181,2571109,33080,0.01270261,2121242,468903,0.8189665
3,16110562,11301515,4809047,1832174,579291,2387247,24218,0.01004286,1932678,468975,0.8047282
