pid,execution_cycles,compute_cycles,idle_cycles,loads,stores,hit_count,miss_count,miss_rate,private,shared,private_rate
0,25129198,11337782,13791416,1832392,744111,2457452,119051,0.04620643,1991926,550484,0.7834795
1,24093729,11290799,12802930,1821846,585998,2296970,110874,0.046047,1953175,427871,0.8203012
2,24834464,11337671,13496793,1838008,766181,2487009,117180,0.04499673,2048402,523378,0.7964919
3,24361576,11301515,13060061,1832174,579291,2297929,113536,0.04708175,1913266,468498,0.8032979
