pid,execution_cycles,compute_cycles,idle_cycles,loads,stores,hit_count,miss_count,miss_rate,private,shared,private_rate
0,37786155,11337782,26448373,1832392,744111,2335373,241130,0.09358809,2103675,404420,0.8387541
1,31455184,11290799,20164385,1821846,585998,2228485,179359,0.07448946,1943236,407960,0.8264883
2,36073013,11337671,24735342,1838008,766181,2380642,223547,0.08584131,2143349,391447,0.8455706
3,31534267,11301515,20232752,1832174,579291,2231452,180013,0.07464881,1938710,416266,0.8232398
