pid,execution_cycles,compute_cycles,idle_cycles,loads,stores,hit_count,miss_count,miss_rate,private,shared,private_rate
0,131304030,11337782,119966248,1832392,744111,1390748,1185755,0.4602188,2349050,5823,0.9975273
1,126562108,11290799,115271309,1821846,585998,1267809,1140035,0.4734671,2206737,5921,0.997324
2,131825120,11337671,120487449,1838008,766181,1413449,1190740,0.4572402,2374029,6042,0.9974614
3,127287562,11301515,115986047,1832174,579291,1264247,1147218,0.4757349,2207803,6062,0.9972618
