pid,execution_cycles,compute_cycles,idle_cycles,loads,stores,hit_count,miss_count,miss_rate,private,shared,private_rate
0,99269881,11337782,87932099,1832392,744111,1980686,595817,0.2312503,2189112,254301,0.8959239
1,85715662,11290799,74424863,1821846,585998,1889649,518195,0.2152112,2037535,261839,0.886126
2,99057352,11337671,87719681,1838008,766181,2005713,598476,0.2298128,2216589,251254,0.8981888
3,84326646,11301515,73025131,1832174,579291,1901549,509916,0.2114549,2043264,263923,0.8856083
