pid,execution_cycles,compute_cycles,idle_cycles,loads,stores,hit_count,miss_count,miss_rate,private,shared,private_rate
0,20838315,11337782,9500533,1832392,744111,2505305,71198,0.02763358,2040728,490746,0.8061422
1,20115295,11290799,8824496,1821846,585998,2341564,66280,0.0275267,1906440,460228,0.8055376
2,20768333,11337671,9430662,1838008,766181,2533822,70367,0.0270207,2088050,469749,0.8163464
3,20193799,11301515,8892284,1832174,579291,2343724,67741,0.02809122,1872692,495051,0.7909186
