pid,execution_cycles,compute_cycles,idle_cycles,loads,stores,hit_count,miss_count,miss_rate,private,shared,private_rate
0,26615985,11337782,15278203,1832392,744111,2448203,128300,0.04979618,2027593,455734,0.8164825
1,25414303,11290799,14123504,1821846,585998,2289504,118340,0.0491477,1917321,409523,0.8240007
2,26430215,11337671,15092544,1838008,766181,2478044,126145,0.04843926,2087947,427164,0.830161
3,25703365,11301515,14401850,1832174,579291,2290350,121115,0.05022466,1867322,458091,0.8030066
