pid,execution_cycles,compute_cycles,idle_cycles,loads,stores,hit_count,miss_count,miss_rate,private,shared,private_rate
0,44501424,11337782,33163642,1832392,744111,2267542,308961,0.1199149,2069971,341023,0.858555
1,40549027,11290799,29258228,1821846,585998,2136628,271216,0.1126385,1923084,338262,0.8504156
2,45980636,11337671,34642965,1838008,766181,2280565,323624,0.1242706,2120219,307362,0.8733875
3,40138258,11301515,28836743,1832174,579291,2144543,266922,0.1106887,1915997,352355,0.8446648
