pid,execution_cycles,compute_cycles,idle_cycles,loads,stores,hit_count,miss_count,miss_rate,private,shared,private_rate
0,18129174,11337782,6791392,1832392,744111,2538372,38131,0.01479952,2046823,516496,0.798505
1,16977706,11290799,5686907,1821846,585998,2379243,28601,0.01187826,1912274,485794,0.7974228
2,17894387,11337671,6556716,1838008,766181,2569184,35005,0.0134418,2080826,509365,0.8033485
3,16537138,11301515,5235623,1832174,579291,2387251,24214,0.0100412,1916055,486977,0.7973489
