pid,execution_cycles,compute_cycles,idle_cycles,loads,stores,hit_count,miss_count,miss_rate,private,shared,private_rate
0,81904617,11337782,70566835,1832392,744111,1889715,686788,0.2665582,2131895,224678,0.904659
1,70548271,11290799,59257472,1821846,585998,1833596,574248,0.2384905,2022012,215115,0.9038432
2,82371731,11337671,71034060,1838008,766181,1912968,691221,0.2654266,2164703,213168,0.9103534
3,70281067,11301515,58979552,1832174,579291,1840060,571405,0.2369535,2010756,231646,0.8966974
