pid,execution_cycles,compute_cycles,idle_cycles,loads,stores,hit_count,miss_count,miss_rate,private,shared,private_rate
0,101462262,11337782,90124480,1832392,744111,1692180,884323,0.3432261,2234545,119807,0.9491125
1,92838055,11290799,81547256,1821846,585998,1608456,799388,0.3319933,2117557,107999,0.9514732
2,101945930,11337671,90608259,1838008,766181,1715259,888930,0.3413462,2264367,113345,0.9523302
3,93538660,11301515,82237145,1832174,579291,1605145,806320,0.3343694,2127635,110370,0.9506838
