pid,execution_cycles,compute_cycles,idle_cycles,loads,stores,hit_count,miss_count,miss_rate,private,shared,private_rate
0,15291399,11337782,3953617,1832392,744111,2570221,6282,0.002438189,2057345,517828,0.7989153
1,15297127,11290799,4006328,1821846,585998,2401336,6508,0.002702833,1914507,492241,0.7954746
2,15428434,11337671,4090763,1838008,766181,2597771,6418,0.002464491,2060290,541874,0.7917602
3,15412589,11301515,4111074,1832174,579291,2404926,6539,0.00271163,1871044,538720,0.7764428
