pid,execution_cycles,compute_cycles,idle_cycles,loads,stores,hit_count,miss_count,miss_rate,private,shared,private_rate
0,129344028,11337782,118006246,1832392,744111,1410546,1165957,0.4525347,2354235,5771,0.9975547
1,123230560,11290799,111939761,1821846,585998,1301461,1106383,0.4594911,2211705,5750,0.9974069
2,129832745,11337671,118495074,1838008,766181,1433574,1170615,0.4495123,2379366,6002,0.9974838
3,124089367,11301515,112787852,1832174,579291,1296552,1114913,0.4623385,2211776,6821,0.9969255
