pid,execution_cycles,compute_cycles,idle_cycles,loads,stores,hit_count,miss_count,miss_rate,private,shared,private_rate
0,20733357,11337782,9395575,1832392,744111,2505851,70652,0.02742166,2040209,492501,0.8055439
1,20040487,11290799,8749688,1821846,585998,2341780,66064,0.02743699,1906426,461776,0.8050099
2,20635508,11337671,9297837,1838008,766181,2534361,69828,0.02681372,2092477,468051,0.8172053
3,20119780,11301515,8818265,1832174,579291,2343977,67488,0.02798631,1874564,495009,0.7910978
