pid,execution_cycles,compute_cycles,idle_cycles,loads,stores,hit_count,miss_count,miss_rate,private,shared,private_rate
0,27120243,11337782,15782461,1832392,744111,2448323,128180,0.0497496,2012692,471031,0.8103528
1,25753904,11290799,14463105,1821846,585998,2289633,118211,0.04909413,1888256,438089,0.8116836
2,27064337,11337671,15726666,1838008,766181,2477118,127071,0.04879485,2072052,440824,0.8245739
3,25954338,11301515,14652823,1832174,579291,2290444,121021,0.05018568,1833086,492561,0.7882047
