pid,execution_cycles,compute_cycles,idle_cycles,loads,stores,hit_count,miss_count,miss_rate,private,shared,private_rate
0,15149898,11337782,3812116,1832392,744111,2572314,4189,0.001625847,1827855,747285,0.709808
1,14744038,11290799,3453239,1821846,585998,2403905,3939,0.001635903,1704883,701713,0.7084209
2,15424334,11337671,4086663,1838008,766181,2599826,4363,0.001675378,1834181,768037,0.7048529
3,14946572,11301515,3645057,1832174,579291,2407434,4031,0.001671598,1631560,778162,0.677074
