pid,execution_cycles,compute_cycles,idle_cycles,loads,stores,hit_count,miss_count,miss_rate,private,shared,private_rate
0,17925369,11337782,6587587,1832392,744111,2535987,40516,0.01572519,2042969,515318,0.7985691
1,17179681,11290799,5888882,1821846,585998,2372682,35162,0.01460311,1897525,493542,0.7935892
2,17772665,11337671,6434994,1838008,766181,2565494,38695,0.01485875,2087977,496958,0.8077484
3,16938004,11301515,5636489,1832174,579291,2378889,32576,0.0135088,1898068,498412,0.7920233
