pid,execution_cycles,compute_cycles,idle_cycles,loads,stores,hit_count,miss_count,miss_rate,private,shared,private_rate
0,15471951,11337782,4134169,1832392,744111,2560769,15734,0.006106727,2053469,517124,0.7988309
1,15345409,11290799,4054610,1821846,585998,2391210,16634,0.006908255,1908251,494138,0.7943139
2,15510515,11337671,4172844,1838008,766181,2588344,15845,0.006084428,2072070,524398,0.7980341
3,15376180,11301515,4074665,1832174,579291,2394665,16800,0.006966719,1876631,527918,0.7804503
