pid,execution_cycles,compute_cycles,idle_cycles,loads,stores,hit_count,miss_count,miss_rate,private,shared,private_rate
0,93868962,11337782,82531180,1832392,744111,1768880,807623,0.313457,2188462,152305,0.9349337
1,85303759,11290799,74012960,1821846,585998,1684560,723284,0.3003866,2070855,146222,0.9340474
2,94733780,11337671,83396109,1838008,766181,1788109,816080,0.313372,2213205,137637,0.941452
3,85083862,11301515,73782347,1832174,579291,1690547,720918,0.2989544,2072605,149168,0.9328608
