pid,execution_cycles,compute_cycles,idle_cycles,loads,stores,hit_count,miss_count,miss_rate,private,shared,private_rate
0,33038751,11337782,21700969,1832392,744111,2387744,188759,0.0732617,2027949,413571,0.8306092
1,31428532,11290799,20137733,1821846,585998,2230723,177121,0.07356,1872251,411291,0.819889
2,34039632,11337671,22701961,1838008,766181,2405704,198485,0.07621759,2071053,391204,0.8411198
3,31321508,11301515,20019993,1832174,579291,2235820,175645,0.07283747,1873270,414932,0.8186646
