pid,execution_cycles,compute_cycles,idle_cycles,loads,stores,hit_count,miss_count,miss_rate,private,shared,private_rate
0,14931609,11337782,3593827,1832392,744111,2566227,10276,0.003988352,2051244,522835,0.7968846
1,14648845,11290799,3358046,1821846,585998,2398246,9598,0.003986139,1901760,504482,0.7903444
2,14832662,11337671,3494991,1838008,766181,2595191,8998,0.003455202,2056335,545311,0.7903977
3,14694466,11301515,3392951,1832174,579291,2401551,9914,0.004111194,1879519,529700,0.7801362
