pid,execution_cycles,compute_cycles,idle_cycles,loads,stores,hit_count,miss_count,miss_rate,private,shared,private_rate
0,54287282,11337782,42949500,1832392,744111,2149522,426981,0.1657211,2076460,329302,0.8631195
1,43960865,11290799,32670066,1821846,585998,2087689,320155,0.1329633,1949434,331338,0.8547255
2,55421770,11337671,44084099,1838008,766181,2166430,437759,0.168098,2122206,304693,0.8744517
3,43626879,11301515,32325364,1832174,579291,2094490,316975,0.131445,1943148,343592,0.8497459
