pid,execution_cycles,compute_cycles,idle_cycles,loads,stores,hit_count,miss_count,miss_rate,private,shared,private_rate
0,18229828,11337782,6892046,1832392,744111,2539250,37253,0.01445875,1969371,586930,0.7703987
1,17654915,11290799,6364116,1821846,585998,2372657,35187,0.01461349,1835870,553133,0.768467
2,18229497,11337671,6891826,1838008,766181,2566751,37438,0.01437607,2035878,546665,0.788323
3,17649116,11301515,6347601,1832174,579291,2375806,35659,0.01478728,1782245,609100,0.7452898
