pid,execution_cycles,compute_cycles,idle_cycles,loads,stores,hit_count,miss_count,miss_rate,private,shared,private_rate
0,105174012,11337782,93836230,1832392,744111,1611049,965454,0.3747149,2171605,129409,0.94376
1,96215902,11290799,84925103,1821846,585998,1530296,877548,0.3644538,2057948,121112,0.9444201
2,105906794,11337671,94569123,1838008,766181,1631767,972422,0.3734068,2212442,109319,0.9529155
3,95932950,11301515,84631435,1832174,579291,1536501,874964,0.362835,2053483,130534,0.9402322
