pid,execution_cycles,compute_cycles,idle_cycles,loads,stores,hit_count,miss_count,miss_rate,private,shared,private_rate
0,17692542,11337782,6354760,1832392,744111,2537292,39211,0.01521869,2045288,509569,0.8005489
1,17238950,11290799,5948151,1821846,585998,2370463,37381,0.01552468,1904317,482991,0.7976838
2,17662482,11337671,6324811,1838008,766181,2565067,39122,0.01502272,2088770,491709,0.8094505
3,17270627,11301515,5969112,1832174,579291,2373472,37993,0.01575515,1872605,517289,0.7835515
