pid,execution_cycles,compute_cycles,idle_cycles,loads,stores,hit_count,miss_count,miss_rate,private,shared,private_rate
0,17609330,11337782,6271548,1832392,744111,2537752,38751,0.01504015,2041188,514961,0.7985403
1,17174323,11290799,5883524,1821846,585998,2370760,37084,0.01540133,1903753,485174,0.7969071
2,17572576,11337671,6234905,1838008,766181,2565313,38876,0.01492826,2089756,492986,0.809123
3,17208941,11301515,5907426,1832174,579291,2373718,37747,0.01565314,1874712,516828,0.7838932
