pid,execution_cycles,compute_cycles,idle_cycles,loads,stores,hit_count,miss_count,miss_rate,private,shared,private_rate
0,15440303,11337782,4102521,1832392,744111,2568996,7507,0.002913639,1851079,723219,0.7190617
1,15016302,11290799,3725503,1821846,585998,2400779,7065,0.00293416,1757942,647967,0.7306768
2,15642975,11337671,4305304,1838008,766181,2596457,7732,0.002969063,1873496,727462,0.72031
3,15141765,11301515,3840250,1832174,579291,2404300,7165,0.002971223,1668931,739735,0.692886
