pid,execution_cycles,compute_cycles,idle_cycles,loads,stores,hit_count,miss_count,miss_rate,private,shared,private_rate
0,26757505,11337782,15419723,1832392,744111,2450994,125509,0.04871293,1993350,499678,0.7995698
1,25567810,11290799,14277011,1821846,585998,2291017,116827,0.04851934,1860606,471199,0.7979252
2,26523719,11337671,15186048,1838008,766181,2480834,123355,0.04736791,2063684,459440,0.8179083
3,25663092,11301515,14361577,1832174,579291,2291945,119520,0.04956323,1813387,519335,0.7773695
