pid,execution_cycles,compute_cycles,idle_cycles,loads,stores,hit_count,miss_count,miss_rate,private,shared,private_rate
0,15400019,11337782,4062237,1832392,744111,2562197,14306,0.005552487,2024733,548709,0.7867801
1,15267067,11290799,3976268,1821846,585998,2393028,14816,0.006153223,1909963,495063,0.7941548
2,15457043,11337671,4119372,1838008,766181,2589820,14369,0.005517649,2046730,552793,0.7873483
3,15317074,11301515,4015559,1832174,579291,2396511,14954,0.00620121,1865446,541888,0.7749012
