pid,execution_cycles,compute_cycles,idle_cycles,loads,stores,hit_count,miss_count,miss_rate,private,shared,private_rate
0,18673431,11337782,7335649,1832392,744111,2528381,48122,0.01867725,2101144,447050,0.824562
1,18121162,11290799,6830363,1821846,585998,2362783,45061,0.01871425,1934417,448375,0.8118279
2,19057343,11337671,7719672,1838008,766181,2552420,51769,0.01987913,2135890,438377,0.829708
3,18044194,11301515,6742679,1832174,579291,2367311,44154,0.01831003,1932206,454421,0.809597
