pid,execution_cycles,compute_cycles,idle_cycles,loads,stores,hit_count,miss_count,miss_rate,private,shared,private_rate
0,46272037,11337782,34934255,1832392,744111,2249543,326960,0.1269007,2122491,343696,0.8606367
1,37462944,11290799,26172145,1821846,585998,2167725,240119,0.09972365,1981084,343134,0.8523658
2,47026776,11337671,35689105,1838008,766181,2269921,334268,0.1283578,2169629,321308,0.8710092
3,37212549,11301515,25911034,1832174,579291,2174018,237447,0.09846587,1968484,359867,0.8454413
