pid,execution_cycles,compute_cycles,idle_cycles,loads,stores,hit_count,miss_count,miss_rate,private,shared,private_rate
0,20904378,11337782,9566596,1832392,744111,2505896,70607,0.0274042,2044951,489254,0.8069398
1,20229277,11290799,8938478,1821846,585998,2341878,65966,0.02739629,1919924,449871,0.8101646
2,20845427,11337671,9507756,1838008,766181,2534456,69733,0.02677724,2086156,473155,0.8151241
3,20387263,11301515,9085748,1832174,579291,2344048,67417,0.02795686,1876006,492259,0.7921436
