pid,execution_cycles,compute_cycles,idle_cycles,loads,stores,hit_count,miss_count,miss_rate,private,shared,private_rate
0,18660422,11337782,7322640,1832392,744111,2528328,48175,0.01869782,2085366,459772,0.8193528
1,18112674,11290799,6821875,1821846,585998,2362187,45657,0.01896178,1905666,474923,0.8005019
2,19023557,11337671,7685886,1838008,766181,2552630,51559,0.01979849,2120363,450138,0.8248832
3,18070268,11301515,6768753,1832174,579291,2366489,44976,0.0186509,1905476,479118,0.7990777
