pid,execution_cycles,compute_cycles,idle_cycles,loads,stores,hit_count,miss_count,miss_rate,private,shared,private_rate
0,15654385,11337782,4316603,1832392,744111,2566995,9508,0.003690273,2042364,528454,0.7944413
1,15154709,11290799,3863910,1821846,585998,2399539,8305,0.003449144,1891547,511811,0.7870434
2,15789756,11337671,4452085,1838008,766181,2594063,10126,0.003888351,2057219,540915,0.7918064
3,15238842,11301515,3937327,1832174,579291,2402900,8565,0.003551783,1815086,591431,0.7542378
