pid,execution_cycles,compute_cycles,idle_cycles,loads,stores,hit_count,miss_count,miss_rate,private,shared,private_rate
0,30876132,11337782,19538350,1832392,744111,2409908,166595,0.06465935,2091818,392553,0.841991
1,27442998,11290799,16152199,1821846,585998,2272651,135193,0.05614691,1945755,383216,0.8354569
2,31820430,11337671,20482759,1838008,766181,2428486,175703,0.06746937,2153171,352881,0.8591885
3,27330237,11301515,16028722,1832174,579291,2277566,133899,0.055526,1957290,376762,0.8385803
