pid,execution_cycles,compute_cycles,idle_cycles,loads,stores,hit_count,miss_count,miss_rate,private,shared,private_rate
0,21888963,11337782,10551181,1832392,744111,2494325,82178,0.03189517,2041175,485353,0.8078972
1,21073561,11290799,9782762,1821846,585998,2331350,76494,0.03176867,1895052,465809,0.8026953
2,21637220,11337671,10299549,1838008,766181,2524829,79360,0.03047398,2097942,457467,0.8209809
3,20854255,11301515,9552740,1832174,579291,2337208,74257,0.03079331,1888166,479338,0.7975344
