pid,execution_cycles,compute_cycles,idle_cycles,loads,stores,hit_count,miss_count,miss_rate,private,shared,private_rate
0,16651714,11337782,5313932,1832392,744111,2555935,20568,0.007982913,1818534,752064,0.7074362
1,16157765,11290799,4866966,1821846,585998,2388367,19477,0.008088979,1749592,652442,0.7283794
2,16666122,11337671,5328451,1838008,766181,2583267,20922,0.008033979,1898393,697904,0.7311925
3,16155709,11301515,4854194,1832174,579291,2391777,19688,0.008164332,1691010,713973,0.7031276
