pid,execution_cycles,compute_cycles,idle_cycles,loads,stores,hit_count,miss_count,miss_rate,private,shared,private_rate
0,16214748,11337782,4876966,1832392,744111,2553266,23237,0.009018813,2062449,502866,0.803975
1,16117114,11290799,4826315,1821846,585998,2383415,24429,0.01014559,1905280,491606,0.794898
2,16307960,11337671,4970289,1838008,766181,2580289,23900,0.009177521,2074337,515701,0.8008906
3,16140064,11301515,4838549,1832174,579291,2386949,24516,0.01016643,1871043,527967,0.779923
