pid,execution_cycles,compute_cycles,idle_cycles,loads,stores,hit_count,miss_count,miss_rate,private,shared,private_rate
0,16843634,11337782,5505852,1832392,744111,2554129,22374,0.008683863,1988420,576700,0.7751762
1,16340177,11290799,5049378,1821846,585998,2386653,21191,0.008800819,1869791,526878,0.7801624
2,16869065,11337671,5531394,1838008,766181,2581659,22530,0.008651446,1974451,615628,0.762313
3,16348774,11301515,5047259,1832174,579291,2390010,21455,0.008897081,1793647,605354,0.7476641
