pid,execution_cycles,compute_cycles,idle_cycles,loads,stores,hit_count,miss_count,miss_rate,private,shared,private_rate
0,20825574,11337782,9487792,1832392,744111,2506692,69811,0.02709525,2049594,489110,0.8073387
1,20155324,11290799,8864525,1821846,585998,2342625,65219,0.02708606,1919940,453410,0.8089578
2,20803055,11337671,9465384,1838008,766181,2534884,69305,0.02661289,2082434,479784,0.8127466
3,20316973,11301515,9015458,1832174,579291,2344758,66707,0.02766244,1879307,492589,0.7923227
