pid,execution_cycles,compute_cycles,idle_cycles,loads,stores,hit_count,miss_count,miss_rate,private,shared,private_rate
0,26203031,11337782,14865249,1832392,744111,2450301,126202,0.0489819,2032927,460067,0.815456
1,25119979,11290799,13829180,1821846,585998,2290308,117536,0.04881379,1904948,426945,0.8169106
2,25893238,11337671,14555567,1838008,766181,2480235,123954,0.04759793,2092381,431089,0.8291682
3,25255734,11301515,13954219,1832174,579291,2291159,120306,0.04988918,1869022,464208,0.8010449
