pid,execution_cycles,compute_cycles,idle_cycles,loads,stores,hit_count,miss_count,miss_rate,private,shared,private_rate
0,16190961,11337782,4853179,1832392,744111,2552907,23596,0.00915815,2056431,509750,0.8013585
1,15987568,11290799,4696769,1821846,585998,2383205,24639,0.01023281,1901403,496151,0.7930595
2,16241009,11337671,4903338,1838008,766181,2579742,24447,0.009387567,2075602,515357,0.8010941
3,15999655,11301515,4698140,1832174,579291,2386740,24725,0.0102531,1873040,527061,0.7804005
