pid,execution_cycles,compute_cycles,idle_cycles,loads,stores,hit_count,miss_count,miss_rate,private,shared,private_rate
0,54393837,11337782,43056055,1832392,744111,2167547,408956,0.1587252,2144441,315681,0.8716808
1,43347424,11290799,32056625,1821846,585998,2108245,299599,0.1244263,2000368,319880,0.8621354
2,54426947,11337671,43089276,1838008,766181,2195192,408997,0.1570535,2183839,301290,0.8787628
3,42884590,11301515,31583075,1832174,579291,2116687,294778,0.1222402,1997163,327432,0.8591445
