pid,execution_cycles,compute_cycles,idle_cycles,loads,stores,hit_count,miss_count,miss_rate,private,shared,private_rate
0,15544878,11337782,4207096,1832392,744111,2567971,8532,0.003311465,1979963,592224,0.7697586
1,15094128,11290799,3803329,1821846,585998,2400107,7737,0.003213248,1879020,525157,0.7815648
2,15714783,11337671,4377112,1838008,766181,2595360,8829,0.003390307,1937167,661665,0.7453991
3,15200182,11301515,3898667,1832174,579291,2403611,7854,0.003256941,1764375,642517,0.7330512
