pid,execution_cycles,compute_cycles,idle_cycles,loads,stores,hit_count,miss_count,miss_rate,private,shared,private_rate
0,18387454,11337782,7049672,1832392,744111,2538041,38462,0.01492799,2011795,542157,0.7877184
1,17736242,11290799,6445443,1821846,585998,2371920,35924,0.01491957,1874693,511863,0.7855223
2,18379057,11337671,7041386,1838008,766181,2565585,38604,0.01482381,2023938,554771,0.7848648
3,17721710,11301515,6420195,1832174,579291,2375087,36378,0.01508544,1809164,579438,0.7574154
