pid,execution_cycles,compute_cycles,idle_cycles,loads,stores,hit_count,miss_count,miss_rate,private,shared,private_rate
0,16268802,11337782,4931020,1832392,744111,2552720,23783,0.009230729,2063302,501128,0.804585
1,16112857,11290799,4822058,1821846,585998,2383458,24386,0.01012773,1907374,489208,0.7958726
2,16355777,11337671,5018106,1838008,766181,2579806,24383,0.009362992,2076929,512457,0.8020932
3,16143727,11301515,4842212,1832174,579291,2386912,24553,0.01018178,1868702,529651,0.7791605
