pid,execution_cycles,compute_cycles,idle_cycles,loads,stores,hit_count,miss_count,miss_rate,private,shared,private_rate
0,24691326,11337782,13353544,1832392,744111,2467644,108859,0.04225068,2068013,432347,0.8270861
1,23999395,11290799,12708596,1821846,585998,2303796,104048,0.0432121,1913111,423393,0.8187921
2,25477736,11337671,14140065,1838008,766181,2487665,116524,0.04474483,2129546,392818,0.8442659
3,23817613,11301515,12516098,1832174,579291,2309398,102067,0.04232572,1910601,430710,0.816039
