pid,execution_cycles,compute_cycles,idle_cycles,loads,stores,hit_count,miss_count,miss_rate,private,shared,private_rate
0,18703608,11337782,7365826,1832392,744111,2528126,48377,0.01877622,2097981,450303,0.8232917
1,18157405,11290799,6866606,1821846,585998,2362806,45038,0.0187047,1934996,447896,0.8120368
2,19103918,11337671,7766247,1838008,766181,2552047,52142,0.02002236,2127390,446757,0.8264446
3,18084919,11301515,6783404,1832174,579291,2367304,44161,0.01831293,1929063,457650,0.8082509
