pid,execution_cycles,compute_cycles,idle_cycles,loads,stores,hit_count,miss_count,miss_rate,private,shared,private_rate
0,20431293,11337782,9093511,1832392,744111,2508287,68216,0.0264762,1964165,579414,0.7722052
1,19778683,11290799,8487884,1821846,585998,2343996,63848,0.02651667,1910284,468384,0.8030898
2,20297414,11337671,8959743,1838008,766181,2536287,67902,0.02607414,2017551,554391,0.7844465
3,19852495,11301515,8550980,1832174,579291,2346088,65377,0.02711091,1882977,497854,0.7908907
