pid,execution_cycles,compute_cycles,idle_cycles,loads,stores,hit_count,miss_count,miss_rate,private,shared,private_rate
0,21133365,11337782,9795583,1832392,744111,2503583,72920,0.02830193,2048655,478586,0.8106291
1,20327089,11290799,9036290,1821846,585998,2340890,66954,0.02780662,1918472,447071,0.811007
2,21134012,11337671,9796341,1838008,766181,2531541,72648,0.02789659,2088586,465945,0.8176006
3,20488342,11301515,9186827,1832174,579291,2343027,68438,0.02838026,1876432,488876,0.793314
