pid,execution_cycles,compute_cycles,idle_cycles,loads,stores,hit_count,miss_count,miss_rate,private,shared,private_rate
0,15863079,11337782,4525297,1832392,744111,2564376,12127,0.004706767,1865165,707811,0.7249057
1,15429028,11290799,4138229,1821846,585998,2396326,11518,0.004783532,1743771,660588,0.725254
2,15999271,11337671,4661600,1838008,766181,2591556,12633,0.00485103,1895335,703374,0.7293371
3,15487994,11301515,4186479,1832174,579291,2399770,11695,0.004849749,1011558,1395557,0.4202367
