pid,execution_cycles,compute_cycles,idle_cycles,loads,stores,hit_count,miss_count,miss_rate,private,shared,private_rate
0,15402064,11337782,4064282,1832392,744111,2562154,14349,0.005569177,2023822,549663,0.786413
1,15264201,11290799,3973402,1821846,585998,2393010,14834,0.006160698,1909744,495288,0.7940618
2,15459090,11337671,4121419,1838008,766181,2589747,14442,0.00554568,2046639,552863,0.7873196
3,15315809,11301515,4014294,1832174,579291,2396474,14991,0.006216553,1865490,541873,0.7749101
