pid,execution_cycles,compute_cycles,idle_cycles,loads,stores,hit_count,miss_count,miss_rate,private,shared,private_rate
0,23119785,11337782,11782003,1832392,744111,2484399,92104,0.03574768,2100101,447109,0.8244711
1,20815309,11290799,9524510,1821846,585998,2337810,70034,0.02908577,1940022,446181,0.8130163
2,25696880,11337671,14359209,1838008,766181,2487585,116604,0.04477555,2160144,412422,0.8396846
3,20988706,11301515,9687191,1832174,579291,2339859,71606,0.02969398,1923676,464157,0.8056158
