pid,execution_cycles,compute_cycles,idle_cycles,loads,stores,hit_count,miss_count,miss_rate,private,shared,private_rate
0,15456408,11337782,4118626,1832392,744111,2560926,15577,0.006045792,2046833,524730,0.795949
1,15330064,11290799,4039265,1821846,585998,2391365,16479,0.006843882,1908641,494664,0.7941734
2,15497645,11337671,4159974,1838008,766181,2588474,15715,0.006034508,2071647,525785,0.7975751
3,15362221,11301515,4060706,1832174,579291,2394806,16659,0.006908249,1875613,529837,0.7797348
