pid,execution_cycles,compute_cycles,idle_cycles,loads,stores,hit_count,miss_count,miss_rate,private,shared,private_rate
0,26260080,11337782,14922298,1832392,744111,2451798,124705,0.04840088,2007202,495787,0.801922
1,25199077,11290799,13908278,1821846,585998,2291678,116166,0.04824482,1925893,415915,0.8223958
2,26103317,11337671,14765646,1838008,766181,2481346,122843,0.04717131,2056678,471701,0.8134374
3,25480615,11301515,14179100,1832174,579291,2292600,118865,0.04929161,1876696,461575,0.8025999
