pid,execution_cycles,compute_cycles,idle_cycles,loads,stores,hit_count,miss_count,miss_rate,private,shared,private_rate
0,14809938,11337782,3472156,1832392,744111,2567456,9047,0.003511349,2052575,521481,0.7974088
1,14668150,11290799,3377351,1821846,585998,2398051,9793,0.004067124,1903860,501929,0.7913662
2,14852957,11337671,3515286,1838008,766181,2594986,9203,0.003533922,2060096,540781,0.7920774
3,14694961,11301515,3393446,1832174,579291,2401546,9919,0.004113267,1878414,530425,0.7798006
