pid,execution_cycles,compute_cycles,idle_cycles,loads,stores,hit_count,miss_count,miss_rate,private,shared,private_rate
0,14705889,11337782,3368107,1832392,744111,2568507,7996,0.003103431,2037842,537950,0.7911516
1,14518066,11290799,3227267,1821846,585998,2399567,8277,0.003437515,1888007,519263,0.7842938
2,14701586,11337671,3363915,1838008,766181,2596515,7674,0.002946791,2046801,556278,0.7863
3,14536957,11301515,3235442,1832174,579291,2403142,8323,0.003451429,1874117,536405,0.7774735
