pid,execution_cycles,compute_cycles,idle_cycles,loads,stores,hit_count,miss_count,miss_rate,private,shared,private_rate
0,15306624,11337782,3968842,1832392,744111,2565726,10777,0.004182801,2055567,516746,0.7991123
1,15132919,11290799,3842120,1821846,585998,2397384,10460,0.004344135,1915688,488555,0.7967947
2,15376979,11337671,4039308,1838008,766181,2593284,10905,0.004187484,2063971,534902,0.7941792
3,15226210,11301515,3924695,1832174,579291,2400863,10602,0.004396498,1878534,528389,0.7804712
