pid,execution_cycles,compute_cycles,idle_cycles,loads,stores,hit_count,miss_count,miss_rate,private,shared,private_rate
0,17226945,11337782,5889163,1832392,744111,2550126,26377,0.01023752,2030510,531015,0.7926958
1,16607693,11290799,5316894,1821846,585998,2383906,23938,0.009941674,1875602,519873,0.7829771
2,17402003,11337671,6064332,1838008,766181,2576271,27918,0.01072042,2045620,541638,0.7906517
3,16632141,11301515,5330626,1832174,579291,2386899,24566,0.01018717,1799049,597726,0.7506124
