pid,execution_cycles,compute_cycles,idle_cycles,loads,stores,hit_count,miss_count,miss_rate,private,shared,private_rate
0,25703997,11337782,14366215,1832392,744111,2457415,119088,0.04622079,1998216,547178,0.7850321
1,24685465,11290799,13394666,1821846,585998,2296866,110978,0.0460902,1962516,419771,0.8237949
2,25568420,11337671,14230749,1838008,766181,2486749,117440,0.04509657,2040868,528181,0.794406
3,24955816,11301515,13654301,1832174,579291,2297901,113564,0.04709336,1916766,463809,0.8051693
