pid,execution_cycles,compute_cycles,idle_cycles,loads,stores,hit_count,miss_count,miss_rate,private,shared,private_rate
0,16417995,11337782,5080213,1832392,744111,2551213,25290,0.00981563,2076884,483964,0.8110142
1,16149091,11290799,4858292,1821846,585998,2383092,24752,0.01027974,1914067,481457,0.7990181
2,16561202,11337671,5223531,1838008,766181,2577731,26458,0.01015978,2106667,481548,0.8139459
3,16203622,11301515,4902107,1832174,579291,2386307,25158,0.01043266,1870584,526936,0.7802162
