pid,execution_cycles,compute_cycles,idle_cycles,loads,stores,hit_count,miss_count,miss_rate,private,shared,private_rate
0,17339703,11337782,6001921,1832392,744111,2539733,36770,0.01427128,1968006,598239,0.7668816
1,16907907,11290799,5617108,1821846,585998,2372916,34928,0.01450592,1907582,491278,0.7952036
2,17278529,11337671,5940858,1838008,766181,2567450,36739,0.01410766,2018382,574593,0.778404
3,16947544,11301515,5646029,1832174,579291,2375949,35516,0.01472798,1877221,524504,0.7816136
