pid,execution_cycles,compute_cycles,idle_cycles,loads,stores,hit_count,miss_count,miss_rate,private,shared,private_rate
0,34301157,11337782,22963375,1832392,744111,2388467,188036,0.07298109,2136955,390543,0.8454824
1,25135651,11290799,13844852,1821846,585998,2306384,101460,0.04213728,1987930,390090,0.8359602
2,34465814,11337671,23128143,1838008,766181,2412519,191670,0.07360065,2175907,378944,0.8516767
3,25166587,11301515,13865072,1832174,579291,2311676,99789,0.04138107,1973749,408027,0.8286879
