pid,execution_cycles,compute_cycles,idle_cycles,loads,stores,hit_count,miss_count,miss_rate,private,shared,private_rate
0,17460203,11337782,6122421,1832392,744111,2538329,38174,0.01481621,2005748,558583,0.782172
1,17001969,11290799,5711170,1821846,585998,2372242,35602,0.01478584,1905351,491130,0.795062
2,17465656,11337671,6127985,1838008,766181,2565373,38816,0.01490522,2066720,522122,0.7983183
3,17025896,11301515,5724381,1832174,579291,2374889,36576,0.01516754,1874378,525725,0.7809573
