pid,execution_cycles,compute_cycles,idle_cycles,loads,stores,hit_count,miss_count,miss_rate,private,shared,private_rate
0,17464029,11337782,6126247,1832392,744111,2540647,35856,0.01391654,1988483,579475,0.7743441
1,17103055,11290799,5812256,1821846,585998,2373456,34388,0.01428166,1914508,485035,0.7978636
2,17554370,11337671,6216699,1838008,766181,2567699,36490,0.01401204,2002847,588515,0.7728936
3,17184910,11301515,5883395,1832174,579291,2376395,35070,0.01454303,1873093,527944,0.7801183
