pid,execution_cycles,compute_cycles,idle_cycles,loads,stores,hit_count,miss_count,miss_rate,private,shared,private_rate
0,42361026,11337782,31023244,1832392,744111,2289020,287483,0.1115788,2009153,389532,0.837606
1,40367605,11290799,29076806,1821846,585998,2138126,269718,0.1120164,1869911,373824,0.8333921
2,44432506,11337671,33094835,1838008,766181,2296067,308122,0.1183178,2061763,353542,0.8536243
3,40124968,11301515,28823453,1832174,579291,2144365,267100,0.1107625,1874282,376897,0.832578
