pid,execution_cycles,compute_cycles,idle_cycles,loads,stores,hit_count,miss_count,miss_rate,private,shared,private_rate
0,26403729,11337782,15065947,1832392,744111,2450347,126156,0.04896404,2036406,458409,0.8162553
1,25336291,11290799,14045492,1821846,585998,2290292,117552,0.04882044,1922547,411932,0.8235444
2,26220137,11337671,14882466,1838008,766181,2480166,124023,0.04762442,2086742,434965,0.8275117
3,25623175,11301515,14321660,1832174,579291,2291160,120305,0.04988876,1869765,460945,0.8022298
