pid,execution_cycles,compute_cycles,idle_cycles,loads,stores,hit_count,miss_count,miss_rate,private,shared,private_rate
0,26011350,11337782,14673568,1832392,744111,2451924,124579,0.04835197,2001805,498721,0.8005536
1,24962277,11290799,13671478,1821846,585998,2291690,116154,0.04823984,1908574,430652,0.8158998
2,25686048,11337671,14348377,1838008,766181,2481353,122836,0.04716862,2063394,467409,0.815312
3,25083495,11301515,13781980,1832174,579291,2292528,118937,0.04932147,1875661,464945,0.801357
