pid,execution_cycles,compute_cycles,idle_cycles,loads,stores,hit_count,miss_count,miss_rate,private,shared,private_rate
0,55825935,11337782,44488153,1832392,744111,2153153,423350,0.1643119,2136414,309660,0.8734053
1,48666037,11290799,37375238,1821846,585998,2054638,353206,0.1466897,1994151,312349,0.8645788
2,56831927,11337671,45494256,1838008,766181,2170956,433233,0.16636,2173954,296512,0.8799773
3,49012816,11301515,37711301,1832174,579291,2054901,356564,0.147862,1986683,323956,0.8597981
