pid,execution_cycles,compute_cycles,idle_cycles,loads,stores,hit_count,miss_count,miss_rate,private,shared,private_rate
0,117138975,11337782,105801193,1832392,744111,1533821,1042682,0.4046888,2070521,147711,0.9334105
1,94864365,11290799,83573566,1821846,585998,1587978,819866,0.340498,1998100,145883,0.931957
2,119181143,11337671,107843472,1838008,766181,1541152,1063037,0.4082027,2117865,115864,0.9481298
3,93936590,11301515,82635075,1832174,579291,1601119,810346,0.3360389,1997182,155937,0.9275762
