pid,execution_cycles,compute_cycles,idle_cycles,loads,stores,hit_count,miss_count,miss_rate,private,shared,private_rate
0,22894679,11337782,11556897,1832392,744111,2491500,85003,0.03299162,2104882,421592,0.8331303
1,21155820,11290799,9865021,1821846,585998,2336748,71096,0.02952683,1949248,416001,0.8241196
2,23497247,11337671,12159576,1838008,766181,2513699,90490,0.03474786,2145013,406141,0.8408011
3,20975860,11301515,9674345,1832174,579291,2342354,69111,0.02865934,1955536,414199,0.8252129
