pid,execution_cycles,compute_cycles,idle_cycles,loads,stores,hit_count,miss_count,miss_rate,private,shared,private_rate
0,30388866,11337782,19051084,1832392,744111,2410060,166443,0.06460035,2093637,390898,0.8426675
1,27072838,11290799,15782039,1821846,585998,2272679,135165,0.05613528,1946835,382201,0.8358973
2,31310459,11337671,19972788,1838008,766181,2428696,175493,0.06738873,2154427,351832,0.8596187
3,26960491,11301515,15658976,1832174,579291,2277572,133893,0.05552351,1958007,376087,0.8388724
