pid,execution_cycles,compute_cycles,idle_cycles,loads,stores,hit_count,miss_count,miss_rate,private,shared,private_rate
0,23629565,11337782,12291783,1832392,744111,2483514,92989,0.03609117,2058161,455281,0.8188615
1,22394945,11290799,11104146,1821846,585998,2322797,85047,0.03532081,1895376,458249,0.8053008
2,23911798,11337671,12574127,1838008,766181,2508911,95278,0.03658644,2104752,434638,0.8288416
3,22395055,11301515,11093540,1832174,579291,2326342,85123,0.03529929,1869667,486381,0.7935607
