pid,execution_cycles,compute_cycles,idle_cycles,loads,stores,hit_count,miss_count,miss_rate,private,shared,private_rate
0,31557195,11337782,20219413,1832392,744111,2398197,178306,0.06920465,2032711,411531,0.8316325
1,30610836,11290799,19320037,1821846,585998,2236577,171267,0.07112878,1876597,405422,0.8223407
2,32882821,11337671,21545150,1838008,766181,2412750,191439,0.07351195,2079961,381204,0.8451124
3,30167614,11301515,18866099,1832174,579291,2244975,166490,0.06904102,1874864,414826,0.8188287
