pid,execution_cycles,compute_cycles,idle_cycles,loads,stores,hit_count,miss_count,miss_rate,private,shared,private_rate
0,16490173,11337782,5152391,1832392,744111,2561660,14843,0.005760909,1905408,666273,0.7409193
1,15666620,11290799,4375821,1821846,585998,2396068,11776,0.004890682,1791937,611374,0.7456118
2,16317106,11337671,4979435,1838008,766181,2590547,13642,0.005238483,1916470,681990,0.7375407
3,15612147,11301515,4310632,1832174,579291,2400621,10844,0.004496851,1749654,656931,0.7270277
