pid,execution_cycles,compute_cycles,idle_cycles,loads,stores,hit_count,miss_count,miss_rate,private,shared,private_rate
0,15486568,11337782,4148786,1832392,744111,2567230,9273,0.003599064,2070295,502534,0.8046765
1,15550642,11290799,4259843,1821846,585998,2398563,9281,0.003854486,1905981,498997,0.7925149
2,15585134,11337671,4247463,1838008,766181,2593995,10194,0.003914462,2092453,507677,0.8047494
3,15606061,11301515,4304546,1832174,579291,2402206,9259,0.003839575,1901524,506868,0.7895409
