pid,execution_cycles,compute_cycles,idle_cycles,loads,stores,hit_count,miss_count,miss_rate,private,shared,private_rate
0,18389049,11337782,7051267,1832392,744111,2538040,38463,0.01492837,2011409,542563,0.7875611
1,17735767,11290799,6444968,1821846,585998,2371920,35924,0.01491957,1873909,512629,0.7851997
2,18380399,11337671,7042728,1838008,766181,2565579,38610,0.01482611,2023814,554908,0.7848128
3,17719187,11301515,6417672,1832174,579291,2375085,36380,0.01508626,1809559,579066,0.7575735
