pid,execution_cycles,compute_cycles,idle_cycles,loads,stores,hit_count,miss_count,miss_rate,private,shared,private_rate
0,15139410,11337782,3801628,1832392,744111,2564128,12375,0.004803022,2045018,527265,0.7950206
1,14828629,11290799,3537830,1821846,585998,2396430,11414,0.00474034,1916415,487767,0.7971173
2,15158570,11337671,3820899,1838008,766181,2591899,12290,0.00471932,2064427,534549,0.7943232
3,14930779,11301515,3629264,1832174,579291,2399164,12301,0.005101049,1878739,527936,0.7806368
