pid,execution_cycles,compute_cycles,idle_cycles,loads,stores,hit_count,miss_count,miss_rate,private,shared,private_rate
0,17633972,11337782,6296190,1832392,744111,2537806,38697,0.01501919,2042145,514064,0.7988959
1,17206885,11290799,5916086,1821846,585998,2370802,37042,0.01538389,1905201,483805,0.7974869
2,17592206,11337671,6254535,1838008,766181,2565351,38838,0.01491366,2093388,489356,0.8105286
3,17240231,11301515,5938716,1832174,579291,2373744,37721,0.01564236,1874981,516540,0.7840119
