pid,execution_cycles,compute_cycles,idle_cycles,loads,stores,hit_count,miss_count,miss_rate,private,shared,private_rate
0,18387621,11337782,7049839,1832392,744111,2538040,38463,0.01492837,2011256,542716,0.7875012
1,17736992,11290799,6446193,1821846,585998,2371920,35924,0.01491957,1873800,512747,0.7851511
2,18379243,11337671,7041572,1838008,766181,2565579,38610,0.01482611,2023762,554961,0.7847923
3,17721054,11301515,6419539,1832174,579291,2375084,36381,0.01508668,1809377,579241,0.7574995
