pid,execution_cycles,compute_cycles,idle_cycles,loads,stores,hit_count,miss_count,miss_rate,private,shared,private_rate
0,39774174,11337782,28436392,1832392,744111,2321060,255443,0.0991433,2163855,357364,0.8582575
1,31370135,11290799,20079336,1821846,585998,2238612,169232,0.07028362,2002353,363503,0.8463546
2,40059084,11337671,28721413,1838008,766181,2345589,258600,0.09930155,2194060,351944,0.8617661
3,30873717,11301515,19572202,1832174,579291,2246822,164643,0.06827509,1995283,374955,0.841807
