pid,execution_cycles,compute_cycles,idle_cycles,loads,stores,hit_count,miss_count,miss_rate,private,shared,private_rate
0,18125287,11337782,6787505,1832392,744111,2540059,36444,0.01414475,1851826,707627,0.7235241
1,17550936,11290799,6260137,1821846,585998,2373474,34370,0.01427418,1803056,589181,0.7537113
2,18109877,11337671,6772206,1838008,766181,2567566,36623,0.01406311,1946669,639408,0.7527498
3,17538077,11301515,6236562,1832174,579291,2376649,34816,0.0144377,1751145,643719,0.7312085
