pid,execution_cycles,compute_cycles,idle_cycles,loads,stores,hit_count,miss_count,miss_rate,private,shared,private_rate
0,17807460,11337782,6469678,1832392,744111,2537178,39325,0.01526294,2060073,494578,0.806401
1,17366692,11290799,6075893,1821846,585998,2370793,37051,0.01538762,1913124,474155,0.8013827
2,17857805,11337671,6520134,1838008,766181,2564634,39555,0.01518899,2080804,497437,0.8070634
3,17449636,11301515,6148121,1832174,579291,2373721,37744,0.0156519,1867000,521101,0.7817927
