pid,execution_cycles,compute_cycles,idle_cycles,loads,stores,hit_count,miss_count,miss_rate,private,shared,private_rate
0,15462086,11337782,4124304,1832392,744111,2561492,15011,0.005826114,2057602,513927,0.8001473
1,15351215,11290799,4060416,1821846,585998,2392180,15664,0.006505405,1911445,491895,0.7953286
2,15533756,11337671,4196085,1838008,766181,2588973,15216,0.005842894,2070741,526667,0.7972336
3,15398511,11301515,4096996,1832174,579291,2395644,15821,0.006560742,1872608,532815,0.7784943
