pid,execution_cycles,compute_cycles,idle_cycles,loads,stores,hit_count,miss_count,miss_rate,private,shared,private_rate
0,20965263,11337782,9627481,1832392,744111,2505281,71222,0.02764289,2043701,488403,0.8071157
1,20259175,11290799,8968376,1821846,585998,2341576,66268,0.02752172,1918799,449179,0.8103112
2,20910074,11337671,9572403,1838008,766181,2533803,70386,0.02702799,2084441,472701,0.8151448
3,20419438,11301515,9117923,1832174,579291,2343723,67742,0.02809164,1874436,492004,0.7920911
