pid,execution_cycles,compute_cycles,idle_cycles,loads,stores,hit_count,miss_count,miss_rate,private,shared,private_rate
0,25700473,11337782,14362691,1832392,744111,2458462,118041,0.04581442,1836649,704510,0.7227604
1,24604134,11290799,13313335,1821846,585998,2297840,110004,0.04568568,1793490,584067,0.7543415
2,25529545,11337671,14191874,1838008,766181,2487500,116689,0.04480819,1994070,572451,0.7769545
3,24784346,11301515,13482831,1832174,579291,2298770,112695,0.046733,1748323,630775,0.734868
