pid,execution_cycles,compute_cycles,idle_cycles,loads,stores,hit_count,miss_count,miss_rate,private,shared,private_rate
0,15831420,11337782,4493638,1832392,744111,2558542,17961,0.006971077,2082795,485651,0.8109164
1,16020160,11290799,4729361,1821846,585998,2388589,19255,0.007996781,1925403,475264,0.8020284
2,16088015,11337671,4750344,1838008,766181,2584036,20153,0.007738686,2103591,491706,0.8105396
3,15928303,11301515,4626788,1832174,579291,2393092,18373,0.00761902,1918347,486079,0.7978399
