pid,execution_cycles,compute_cycles,idle_cycles,loads,stores,hit_count,miss_count,miss_rate,private,shared,private_rate
0,46428837,11337782,35091055,1832392,744111,2250867,325636,0.1263868,2129456,370819,0.8516887
1,36890191,11290799,25599392,1821846,585998,2177248,230596,0.09576866,1970306,376462,0.8395828
2,44790716,11337671,33453045,1838008,766181,2295561,308628,0.1185121,2167331,361132,0.8571733
3,37528375,11301515,26226860,1832174,579291,2175108,236357,0.09801386,1960182,388923,0.8344378
