pid,execution_cycles,compute_cycles,idle_cycles,loads,stores,hit_count,miss_count,miss_rate,private,shared,private_rate
0,26489145,11337782,15151363,1832392,744111,2448015,128488,0.04986914,2027791,455643,0.816527
1,25294496,11290799,14003697,1821846,585998,2289481,118363,0.04915725,1912469,414123,0.8220045
2,26329440,11337671,14991769,1838008,766181,2478141,126048,0.04840202,2088089,427068,0.8302022
3,25517533,11301515,14216018,1832174,579291,2290270,121195,0.05025783,1868707,457491,0.803331
