pid,execution_cycles,compute_cycles,idle_cycles,loads,stores,hit_count,miss_count,miss_rate,private,shared,private_rate
0,26312080,11337782,14974298,1832392,744111,2449298,127205,0.04937118,2029849,462820,0.8143275
1,25138279,11290799,13847480,1821846,585998,2290020,117824,0.0489334,1909131,422911,0.8186521
2,25957685,11337671,14620014,1838008,766181,2479466,124723,0.04789322,2087914,434444,0.8277628
3,25285951,11301515,13984436,1832174,579291,2290772,120693,0.05004966,1867670,464650,0.8007778
