pid,execution_cycles,compute_cycles,idle_cycles,loads,stores,hit_count,miss_count,miss_rate,private,shared,private_rate
0,55392414,11337782,44054632,1832392,744111,2157532,418971,0.1626123,2079461,330540,0.8628465
1,45231529,11290799,33940730,1821846,585998,2089330,318514,0.1322818,1954682,326953,0.8567023
2,56478299,11337671,45140628,1838008,766181,2174528,429661,0.1649884,2128723,302158,0.8757002
3,44968765,11301515,33667250,1832174,579291,2095750,315715,0.1309225,1944013,343407,0.8498715
