pid,execution_cycles,compute_cycles,idle_cycles,loads,stores,hit_count,miss_count,miss_rate,private,shared,private_rate
0,37979502,11337782,26641720,1832392,744111,2333420,243083,0.0943461,2066994,355687,0.8531846
1,34365784,11290799,23074985,1821846,585998,2199085,208759,0.08669955,1906324,363040,0.8400257
2,39426737,11337671,28089066,1838008,766181,2346766,257423,0.09884958,2115548,324503,0.8670097
3,33973231,11301515,22671716,1832174,579291,2206816,204649,0.08486501,1904546,371453,0.8367956
