pid,execution_cycles,compute_cycles,idle_cycles,loads,stores,hit_count,miss_count,miss_rate,private,shared,private_rate
0,18528684,11337782,7190902,1832392,744111,2532890,43613,0.01692721,2077773,483444,0.8112444
1,16951618,11290799,5660819,1821846,585998,2378279,29565,0.01227862,1936457,460256,0.8079637
2,18563726,11337671,7226055,1838008,766181,2560135,44054,0.01691659,2118829,469359,0.8186534
3,16781701,11301515,5480186,1832174,579291,2383810,27655,0.01146813,1920662,479633,0.8001775
