pid,execution_cycles,compute_cycles,idle_cycles,loads,stores,hit_count,miss_count,miss_rate,private,shared,private_rate
0,26403729,11337782,15065947,1832392,744111,2450347,126156,0.04896404,2036446,458397,0.8162622
1,25336093,11290799,14045294,1821846,585998,2290294,117550,0.04881961,1922560,411922,0.8235489
2,26220533,11337671,14882862,1838008,766181,2480162,124027,0.04762596,2086707,434991,0.8275008
3,25622977,11301515,14321462,1832174,579291,2291162,120303,0.04988793,1869764,460953,0.802227
