pid,execution_cycles,compute_cycles,idle_cycles,loads,stores,hit_count,miss_count,miss_rate,private,shared,private_rate
0,27383433,11337782,16045651,1832392,744111,2440451,136052,0.05280491,2045624,450554,0.8195025
1,25535182,11290799,14244383,1821846,585998,2288283,119561,0.04965479,1913167,422943,0.8189542
2,27277259,11337671,15939588,1838008,766181,2469488,134701,0.05172474,2093887,428605,0.8300867
3,25884436,11301515,14582921,1832174,579291,2288521,122944,0.05098312,1889692,448011,0.8083542
