pid,execution_cycles,compute_cycles,idle_cycles,loads,stores,hit_count,miss_count,miss_rate,private,shared,private_rate
0,39174381,11337782,27836599,1832392,744111,2336074,240429,0.09331602,2102506,405502,0.8383171
1,32340510,11290799,21049711,1821846,585998,2230062,177782,0.07383452,1940439,410749,0.8253015
2,37407631,11337671,26069960,1838008,766181,2381345,222844,0.08557136,2143402,391337,0.8456105
3,32311512,11301515,21009997,1832174,579291,2233083,178382,0.07397246,1934008,420924,0.8212585
