pid,execution_cycles,compute_cycles,idle_cycles,loads,stores,hit_count,miss_count,miss_rate,private,shared,private_rate
0,25727747,11337782,14389965,1832392,744111,2454101,122402,0.04750703,1965610,548600,0.7818002
1,24682103,11290799,13391304,1821846,585998,2293732,114112,0.04739177,1923188,429799,0.817339
2,25334935,11337671,13997264,1838008,766181,2483396,120793,0.04638411,2023073,522006,0.794896
3,24843746,11301515,13542231,1832174,579291,2294499,116966,0.04850413,1888973,465849,0.8021723
