pid,execution_cycles,compute_cycles,idle_cycles,loads,stores,hit_count,miss_count,miss_rate,private,shared,private_rate
0,31562824,11337782,20225042,1832392,744111,2398142,178361,0.069226,2032257,411901,0.8314753
1,30627378,11290799,19336579,1821846,585998,2236435,171409,0.07118775,1876485,405509,0.8223006
2,32898231,11337671,21560560,1838008,766181,2412612,191577,0.07356494,2079435,381679,0.8449162
3,30182892,11301515,18881377,1832174,579291,2244777,166688,0.06912313,1875683,413773,0.8192702
