pid,execution_cycles,compute_cycles,idle_cycles,loads,stores,hit_count,miss_count,miss_rate,private,shared,private_rate
0,33859401,11337782,22521619,1832392,744111,2374971,201532,0.0782192,2112419,365889,0.8523634
1,30844783,11290799,19553984,1821846,585998,2234548,173296,0.07197144,1968941,355263,0.8471464
2,34780055,11337671,23442384,1838008,766181,2393636,210553,0.08085166,2173377,326754,0.8693052
3,30717058,11301515,19415543,1832174,579291,2239615,171850,0.07126373,1964673,364782,0.8434046
