pid,execution_cycles,compute_cycles,idle_cycles,loads,stores,hit_count,miss_count,miss_rate,private,shared,private_rate
0,15697473,11337782,4359691,1832392,744111,2558491,18012,0.006990871,2080889,487590,0.8101639
1,15683890,11290799,4393091,1821846,585998,2387791,20053,0.008328197,1919770,480985,0.7996526
2,15940175,11337671,4602504,1838008,766181,2584004,20185,0.007750974,2103412,491922,0.8104591
3,15608335,11301515,4306820,1832174,579291,2392320,19145,0.007939157,1915885,488608,0.7967938
