pid,execution_cycles,compute_cycles,idle_cycles,loads,stores,hit_count,miss_count,miss_rate,private,shared,private_rate
0,38072557,11337782,26734775,1832392,744111,2332415,244088,0.09473616,2065813,356700,0.8527562
1,34332431,11290799,23041632,1821846,585998,2199276,208568,0.08662023,1906451,362952,0.8400672
2,39520471,11337671,28182800,1838008,766181,2345756,258433,0.09923742,2114048,325747,0.8664859
3,33994417,11301515,22692902,1832174,579291,2206510,204955,0.0849919,1904874,371179,0.8369199
