pid,execution_cycles,compute_cycles,idle_cycles,loads,stores,hit_count,miss_count,miss_rate,private,shared,private_rate
0,15512838,11337782,4175056,1832392,744111,2560356,16147,0.006267022,2064477,504163,0.8037238
1,15353923,11290799,4063124,1821846,585998,2391124,16720,0.006943971,1912492,489044,0.796362
2,15596645,11337671,4258974,1838008,766181,2587474,16715,0.006418505,2086637,508465,0.8040674
3,15395089,11301515,4093574,1832174,579291,2394474,16991,0.007045924,1880335,523330,0.7822783
