pid,execution_cycles,compute_cycles,idle_cycles,loads,stores,hit_count,miss_count,miss_rate,private,shared,private_rate
0,18408905,11337782,7071123,1832392,744111,2565416,11087,0.004303119,1818285,755549,0.70645
1,14836632,11290799,3545833,1821846,585998,2404765,3079,0.001278737,1787238,619462,0.7426094
2,15887495,11337671,4549824,1838008,766181,2599874,4315,0.001656946,1859819,742393,0.7147069
3,15381770,11301515,4080255,1832174,579291,2406524,4941,0.002048962,1579123,829649,0.6555718
