pid,execution_cycles,compute_cycles,idle_cycles,loads,stores,hit_count,miss_count,miss_rate,private,shared,private_rate
0,86690153,11337782,75352371,1832392,744111,1841383,735120,0.285317,2013118,250184,0.8894606
1,68270992,11290799,56980193,1821846,585998,1856597,551247,0.228938,1929569,256230,0.8827751
2,88573935,11337671,77236264,1838008,766181,1850312,753877,0.2894863,2055838,222748,0.9022429
3,67412142,11301515,56110627,1832174,579291,1869039,542426,0.2249363,1924202,271047,0.8765302
