pid,execution_cycles,compute_cycles,idle_cycles,loads,stores,hit_count,miss_count,miss_rate,private,shared,private_rate
0,15085356,11337782,3747574,1832392,744111,2564674,11829,0.004591107,2063014,507995,0.8024141
1,14947528,11290799,3656729,1821846,585998,2395229,12615,0.005239127,1913637,490040,0.796129
2,15172133,11337671,3834462,1838008,766181,2591762,12427,0.004771927,2088882,509317,0.8039731
3,14989585,11301515,3688070,1832174,579291,2398570,12895,0.005347372,1884651,521924,0.7831258
