pid,execution_cycles,compute_cycles,idle_cycles,loads,stores,hit_count,miss_count,miss_rate,private,shared,private_rate
0,89844315,11337782,78506533,1832392,744111,1809533,766970,0.2976787,2236005,148922,0.937557
1,79120318,11290799,67829519,1821846,585998,1747019,660825,0.2744468,2124971,135505,0.9400547
2,90120974,11337671,78783303,1838008,766181,1834703,769486,0.2954801,2257985,150347,0.9375721
3,80033872,11301515,68732357,1832174,579291,1741557,669908,0.2778013,2118486,143720,0.9364691
