pid,execution_cycles,compute_cycles,idle_cycles,loads,stores,hit_count,miss_count,miss_rate,private,shared,private_rate
0,18309650,11337782,6971868,1832392,744111,2538657,37846,0.0146889,2001735,553224,0.7834705
1,17698658,11290799,6407859,1821846,585998,2372173,35671,0.0148145,1849131,538132,0.774582
2,18300196,11337671,6962525,1838008,766181,2566373,37816,0.01452122,2025537,554729,0.7850109
3,17687982,11301515,6386467,1832174,579291,2375343,36122,0.01497928,1800035,589675,0.7532441
