pid,execution_cycles,compute_cycles,idle_cycles,loads,stores,hit_count,miss_count,miss_rate,private,shared,private_rate
0,17932683,11337782,6594901,1832392,744111,2541520,34983,0.01357771,1802353,763423,0.7024592
1,17377401,11290799,6086602,1821846,585998,2374765,33079,0.01373802,1756364,641522,0.7324635
2,17931500,11337671,6593829,1838008,766181,2568891,35298,0.01355432,1944402,647426,0.7502049
3,17375714,11301515,6074199,1832174,579291,2377973,33492,0.01388865,1700052,700898,0.7080747
