pid,execution_cycles,compute_cycles,idle_cycles,loads,stores,hit_count,miss_count,miss_rate,private,shared,private_rate
0,15460071,11337782,4122289,1832392,744111,2560889,15614,0.006060152,2051594,519974,0.7977989
1,15329173,11290799,4038374,1821846,585998,2391374,16470,0.006840144,1906963,496285,0.7934941
2,15498338,11337671,4160667,1838008,766181,2588467,15722,0.006037196,2069265,528180,0.796654
3,15356578,11301515,4055063,1832174,579291,2394863,16602,0.006884612,1877273,528203,0.7804164
