pid,execution_cycles,compute_cycles,idle_cycles,loads,stores,hit_count,miss_count,miss_rate,private,shared,private_rate
0,31826256,11337782,20488474,1832392,744111,2395574,180929,0.0702227,2031043,412555,0.831169
1,30718723,11290799,19427924,1821846,585998,2235924,171920,0.07139997,1882457,401430,0.8242339
2,33033119,11337671,21695448,1838008,766181,2411348,192841,0.07405031,2075735,386326,0.8430884
3,30469027,11301515,19167512,1832174,579291,2242212,169253,0.0701868,1875941,412880,0.8196102
