pid,execution_cycles,compute_cycles,idle_cycles,loads,stores,hit_count,miss_count,miss_rate,private,shared,private_rate
0,16054197,11337782,4716415,1832392,744111,2553967,22536,0.008746739,2001259,570086,0.7782927
1,15832615,11290799,4541816,1821846,585998,2384544,23300,0.009676707,1901404,501042,0.7914451
2,16092779,11337671,4755108,1838008,766181,2580728,23461,0.009008947,2022937,573587,0.7790943
3,15843028,11301515,4541513,1832174,579291,2388037,23428,0.009715256,1866507,538796,0.7759966
