pid,execution_cycles,compute_cycles,idle_cycles,loads,stores,hit_count,miss_count,miss_rate,private,shared,private_rate
0,16399779,11337782,5061997,1832392,744111,2551397,25106,0.009744215,2031896,537202,0.7908986
1,15367684,11290799,4076885,1821846,585998,2390985,16859,0.007001699,1903092,499940,0.7919545
2,15999971,11337671,4662300,1838008,766181,2583400,20789,0.007982908,2074803,523087,0.7986493
3,15265597,11301515,3964082,1832174,579291,2395782,15683,0.006503515,1914398,492761,0.7952935
