pid,execution_cycles,compute_cycles,idle_cycles,loads,stores,hit_count,miss_count,miss_rate,private,shared,private_rate
0,16161783,11337782,4824001,1832392,744111,2553801,22702,0.008811168,2054052,514060,0.7998296
1,16031776,11290799,4740977,1821846,585998,2384277,23567,0.009787594,1906416,493521,0.7943609
2,16258064,11337671,4920393,1838008,766181,2580793,23396,0.008983987,2060316,532616,0.7945893
3,16066408,11301515,4764893,1832174,579291,2387693,23772,0.009857908,1861187,540501,0.7749495
