pid,execution_cycles,compute_cycles,idle_cycles,loads,stores,hit_count,miss_count,miss_rate,private,shared,private_rate
0,15012789,11337782,3675007,1832392,744111,2565407,11096,0.004306612,2039192,535113,0.792133
1,14880208,11290799,3589409,1821846,585998,2395909,11935,0.004956716,1903048,502924,0.7909685
2,15037097,11337671,3699426,1838008,766181,2593126,11063,0.004248156,2056076,544919,0.7904959
3,14903455,11301515,3601940,1832174,579291,2399440,12025,0.004986595,1868187,540633,0.7755611
