pid,execution_cycles,compute_cycles,idle_cycles,loads,stores,hit_count,miss_count,miss_rate,private,shared,private_rate
0,15545514,11337782,4207732,1832392,744111,2567963,8540,0.00331457,1975210,597026,0.7678961
1,15087967,11290799,3797168,1821846,585998,2400144,7700,0.003197882,1878470,525726,0.7813298
2,15706341,11337671,4368670,1838008,766181,2595439,8750,0.003359971,1934737,664109,0.74446
3,15195492,11301515,3893977,1832174,579291,2403641,7824,0.003244501,1763223,643678,0.7325698
