pid,execution_cycles,compute_cycles,idle_cycles,loads,stores,hit_count,miss_count,miss_rate,private,shared,private_rate
0,14690148,11337782,3352366,1832392,744111,2568666,7837,0.00304172,2037510,538048,0.7910946
1,14523808,11290799,3233009,1821846,585998,2399509,8335,0.003461603,1889122,517895,0.7848395
2,14681489,11337671,3343818,1838008,766181,2596718,7471,0.002868839,2047539,555287,0.78666
3,14541115,11301515,3239600,1832174,579291,2403100,8365,0.003468846,1874274,535994,0.7776206
