pid,execution_cycles,compute_cycles,idle_cycles,loads,stores,hit_count,miss_count,miss_rate,private,shared,private_rate
0,17511099,11337782,6173317,1832392,744111,2548506,27997,0.01086628,2081951,479658,0.8127513
1,17032250,11290799,5741451,1821846,585998,2380920,26924,0.01118179,1910802,483432,0.7980849
2,17842521,11337671,6504850,1838008,766181,2573335,30854,0.01184783,2117769,470183,0.8183185
3,16981544,11301515,5680029,1832174,579291,2385067,26398,0.01094687,1895073,502825,0.7903059
