pid,execution_cycles,compute_cycles,idle_cycles,loads,stores,hit_count,miss_count,miss_rate,private,shared,private_rate
0,15382811,11337782,4045029,1832392,744111,2569281,7222,0.002803024,2061292,512566,0.8008569
1,15295092,11290799,4004293,1821846,585998,2400853,6991,0.002903427,1916392,489379,0.7965812
2,15456927,11337671,4119256,1838008,766181,2596680,7509,0.002883431,2074078,526795,0.7974545
3,15404744,11301515,4103229,1832174,579291,2404381,7084,0.002937633,1878036,530769,0.7796546
