pid,execution_cycles,compute_cycles,idle_cycles,loads,stores,hit_count,miss_count,miss_rate,private,shared,private_rate
0,14805780,11337782,3467998,1832392,744111,2567498,9005,0.003495047,2043085,531597,0.7935291
1,14630926,11290799,3340127,1821846,585998,2398427,9417,0.003910968,1902612,503626,0.7906998
2,14823752,11337671,3486081,1838008,766181,2595281,8908,0.003420643,2056582,545098,0.7904823
3,14657737,11301515,3356222,1832174,579291,2401922,9543,0.003957345,1877252,532035,0.7791733
