pid,execution_cycles,compute_cycles,idle_cycles,loads,stores,hit_count,miss_count,miss_rate,private,shared,private_rate
0,14716779,11337782,3378997,1832392,744111,2568397,8106,0.003146125,2041546,533869,0.7927056
1,14537173,11290799,3246374,1821846,585998,2399374,8470,0.00351767,1884984,521880,0.7831701
2,14714159,11337671,3376488,1838008,766181,2596388,7801,0.002995558,2045525,557061,0.7859587
3,14558143,11301515,3256628,1832174,579291,2402928,8537,0.003540172,1875379,534785,0.7781126
