pid,execution_cycles,compute_cycles,idle_cycles,loads,stores,hit_count,miss_count,miss_rate,private,shared,private_rate
0,17631749,11337782,6293967,1832392,744111,2537711,38792,0.01505607,2042247,513989,0.7989274
1,17197716,11290799,5906917,1821846,585998,2370817,37027,0.01537766,1905041,483886,0.7974463
2,17594685,11337671,6257014,1838008,766181,2565282,38907,0.01494016,2093018,489669,0.8104033
3,17229231,11301515,5927716,1832174,579291,2373772,37693,0.01563075,1875191,516420,0.7840702
