pid,execution_cycles,compute_cycles,idle_cycles,loads,stores,hit_count,miss_count,miss_rate,private,shared,private_rate
0,45122262,11337782,33784480,1832392,744111,2261556,314947,0.1222382,2139053,351411,0.8588974
1,33080783,11290799,21789984,1821846,585998,2212480,195364,0.08113649,1984777,358625,0.8469639
2,45648230,11337671,34310559,1838008,766181,2284223,319966,0.1228659,2179613,336648,0.866211
3,32630885,11301515,21329370,1832174,579291,2220758,190707,0.07908346,1975909,371810,0.8416293
