pid,execution_cycles,compute_cycles,idle_cycles,loads,stores,hit_count,miss_count,miss_rate,private,shared,private_rate
0,17646263,11337782,6308481,1832392,744111,2537313,39190,0.01521054,2037501,518542,0.797131
1,17198558,11290799,5907759,1821846,585998,2370667,37177,0.01543995,1906767,482437,0.7980763
2,17612313,11337671,6274642,1838008,766181,2565038,39151,0.01503386,2086314,496169,0.8078713
3,17259254,11301515,5957739,1832174,579291,2373047,38418,0.01593139,1871600,519229,0.7828247
