pid,execution_cycles,compute_cycles,idle_cycles,loads,stores,hit_count,miss_count,miss_rate,private,shared,private_rate
0,17900475,11337782,6562693,1832392,744111,2564229,12274,0.004763821,2031497,540023,0.7899985
1,17020470,11290799,5729671,1821846,585998,2399632,8212,0.00341052,1814046,590878,0.7543049
2,19361299,11337671,8023628,1838008,766181,2589010,15179,0.005828686,2013718,585134,0.774849
3,17233833,11301515,5932318,1832174,579291,2402227,9238,0.003830866,1772186,635651,0.7360075
