pid,execution_cycles,compute_cycles,idle_cycles,loads,stores,hit_count,miss_count,miss_rate,private,shared,private_rate
0,16458140,11337782,5120358,1832392,744111,2560966,15537,0.006030267,2052994,519531,0.7980463
1,16028575,11290799,4737776,1821846,585998,2395708,12136,0.005040194,1904770,499591,0.7922146
2,16352354,11337671,5014683,1838008,766181,2590615,13574,0.005212371,2069594,530367,0.7960096
3,16107486,11301515,4805971,1832174,579291,2399971,11494,0.004766397,1892783,515198,0.7860457
