pid,execution_cycles,compute_cycles,idle_cycles,loads,stores,hit_count,miss_count,miss_rate,private,shared,private_rate
0,15022689,11337782,3684907,1832392,744111,2565307,11196,0.004345425,2045028,528225,0.7947248
1,14910700,11290799,3619901,1821846,585998,2395601,12243,0.005084632,1906383,498523,0.7927058
2,15051947,11337671,3714276,1838008,766181,2592976,11213,0.004305755,2061932,537936,0.793091
3,14934442,11301515,3632927,1832174,579291,2399127,12338,0.005116392,1880863,526843,0.7811847
