pid,execution_cycles,compute_cycles,idle_cycles,loads,stores,hit_count,miss_count,miss_rate,private,shared,private_rate
0,17622990,11337782,6285208,1832392,744111,2557316,19187,0.007446915,2076537,493804,0.8078839
1,16742761,11290799,5451962,1821846,585998,2394278,13566,0.005634086,1941585,462295,0.807688
2,17495102,11337671,6157431,1838008,766181,2584715,19474,0.007477952,2110188,487502,0.8123325
3,16372681,11301515,5071166,1832174,579291,2398282,13183,0.005466801,1952259,454935,0.8110102
