pid,execution_cycles,compute_cycles,idle_cycles,loads,stores,hit_count,miss_count,miss_rate,private,shared,private_rate
0,54827091,11337782,43489309,1832392,744111,2171409,405094,0.1572263,2161691,318108,0.8717202
1,43999441,11290799,32708642,1821846,585998,2110110,297734,0.1236517,2028548,318533,0.8642855
2,55137047,11337671,43799376,1838008,766181,2195188,409001,0.157055,2186999,318143,0.873004
3,43365493,11301515,32063978,1832174,579291,2121810,289655,0.1201158,2013593,338849,0.8559586
