pid,execution_cycles,compute_cycles,idle_cycles,loads,stores,hit_count,miss_count,miss_rate,private,shared,private_rate
0,32683554,11337782,21345772,1832392,744111,2391384,185119,0.07184894,2154764,372820,0.8524995
1,23582707,11290799,12291908,1821846,585998,2314160,93684,0.03890784,1988586,388790,0.8364626
2,33030417,11337671,21692746,1838008,766181,2415462,188727,0.07247055,2188953,365293,0.856986
3,23275956,11301515,11974441,1832174,579291,2320733,90732,0.03762526,1980457,400793,0.831688
