pid,execution_cycles,compute_cycles,idle_cycles,loads,stores,hit_count,miss_count,miss_rate,private,shared,private_rate
0,15469692,11337782,4131910,1832392,744111,2561446,15057,0.005843968,2049924,521626,0.797155
1,15331206,11290799,4040407,1821846,585998,2392351,15493,0.006434387,1911966,491367,0.7955477
2,15530838,11337671,4193167,1838008,766181,2589007,15182,0.005829838,2071997,525419,0.7977147
3,15383182,11301515,4081667,1832174,579291,2395783,15682,0.006503101,1875080,530337,0.7795239
