pid,execution_cycles,compute_cycles,idle_cycles,loads,stores,hit_count,miss_count,miss_rate,private,shared,private_rate
0,15484457,11337782,4146675,1832392,744111,2568517,7986,0.00309955,1932886,639866,0.7512912
1,15072059,11290799,3781260,1821846,585998,2400289,7555,0.003137662,1845178,559217,0.7674188
2,15650319,11337671,4312648,1838008,766181,2596002,8187,0.003143781,1890628,708678,0.7273588
3,15166326,11301515,3864811,1832174,579291,2403813,7652,0.003173175,1734982,672128,0.7207739
