pid,execution_cycles,compute_cycles,idle_cycles,loads,stores,hit_count,miss_count,miss_rate,private,shared,private_rate
0,15929056,11337782,4591274,1832392,744111,2563677,12826,0.004978065,1933149,638371,0.7517534
1,15485878,11290799,4195079,1821846,585998,2395732,12112,0.005030226,1816945,586354,0.7560212
2,16040111,11337671,4702440,1838008,766181,2591085,13104,0.005031893,1925510,671864,0.7413295
3,15541296,11301515,4239781,1832174,579291,2399153,12312,0.00510561,1728583,676796,0.7186323
