pid,execution_cycles,compute_cycles,idle_cycles,loads,stores,hit_count,miss_count,miss_rate,private,shared,private_rate
0,16842609,11337782,5504827,1832392,744111,2554139,22364,0.008679982,1989317,575846,0.7755129
1,16340738,11290799,5049939,1821846,585998,2386655,21189,0.008799989,1850692,545960,0.7721989
2,16870709,11337671,5533038,1838008,766181,2581666,22523,0.008648758,1973876,616181,0.7620975
3,16347395,11301515,5045880,1832174,579291,2390009,21456,0.008897496,1794077,604921,0.7478443
