pid,execution_cycles,compute_cycles,idle_cycles,loads,stores,hit_count,miss_count,miss_rate,private,shared,private_rate
0,25674389,11337782,14336607,1832392,744111,2458675,117828,0.04573175,1830845,710631,0.7203865
1,24609863,11290799,13319064,1821846,585998,2297903,109941,0.04565952,1794507,583271,0.7546991
2,25529698,11337671,14192027,1838008,766181,2487507,116682,0.0448055,1995002,571739,0.777251
3,24784584,11301515,13483069,1832174,579291,2298788,112677,0.04672554,1755161,623928,0.737745
