pid,execution_cycles,compute_cycles,idle_cycles,loads,stores,hit_count,miss_count,miss_rate,private,shared,private_rate
0,22256852,11337782,10919070,1832392,744111,2501966,74537,0.02892952,2060336,488887,0.8082212
1,20130424,11290799,8839625,1821846,585998,2350527,57317,0.02380428,1910611,475150,0.8008392
2,23364058,11337671,12026387,1838008,766181,2519993,84196,0.03233099,2102679,470824,0.8170494
3,20727747,11301515,9426232,1832174,579291,2348140,63325,0.02625997,1874471,512787,0.7851983
