pid,execution_cycles,compute_cycles,idle_cycles,loads,stores,hit_count,miss_count,miss_rate,private,shared,private_rate
0,38444059,11337782,27106277,1832392,744111,2333359,243144,0.09436977,2064738,357820,0.8522966
1,34681280,11290799,23390481,1821846,585998,2198913,208931,0.08677099,1904453,364710,0.8392755
2,39931884,11337671,28594213,1838008,766181,2346647,257542,0.09889528,2110787,329117,0.8651107
3,34306816,11301515,23005301,1832174,579291,2206565,204900,0.0849691,1904007,371635,0.83669
