pid,execution_cycles,compute_cycles,idle_cycles,loads,stores,hit_count,miss_count,miss_rate,private,shared,private_rate
0,15632523,11337782,4294741,1832392,744111,2567335,9168,0.003558311,1990386,581443,0.7739185
1,15157116,11290799,3866317,1821846,585998,2399664,8180,0.00339723,1864317,539547,0.7755501
2,15765571,11337671,4427900,1838008,766181,2594810,9379,0.003601505,1964017,634588,0.7557967
3,15273853,11301515,3972338,1832174,579291,2403005,8460,0.003508241,1781298,625408,0.7401394
