pid,execution_cycles,compute_cycles,idle_cycles,loads,stores,hit_count,miss_count,miss_rate,private,shared,private_rate
0,124815966,11337782,113478184,1832392,744111,1456284,1120219,0.4347827,2058354,138918,0.9367771
1,107570839,11290799,96280040,1821846,585998,1459640,948204,0.3937979,1968057,136304,0.9352278
2,126329531,11337671,114991860,1838008,766181,1468960,1135229,0.4359242,2079447,132943,0.9399098
3,108677938,11301515,97376423,1832174,579291,1452223,959242,0.3977839,1969669,140190,0.9335548
