pid,execution_cycles,compute_cycles,idle_cycles,loads,stores,hit_count,miss_count,miss_rate,private,shared,private_rate
0,16807838,11337782,5470056,1832392,744111,2563998,12505,0.004853478,2070588,500572,0.8053128
1,16281772,11290799,4990973,1821846,585998,2398213,9631,0.003999844,1881072,523219,0.7823812
2,17130568,11337671,5792897,1838008,766181,2591028,13161,0.005053781,2091550,507258,0.8048113
3,16188266,11301515,4886751,1832174,579291,2402103,9362,0.003882287,1850965,556753,0.7687632
