pid,execution_cycles,compute_cycles,idle_cycles,loads,stores,hit_count,miss_count,miss_rate,private,shared,private_rate
0,33503514,11337782,22165732,1832392,744111,2378632,197871,0.07679828,2120441,376556,0.8491965
1,28574284,11290799,17283485,1821846,585998,2257585,150259,0.06240396,1966722,377364,0.8390144
2,34407932,11337671,23070261,1838008,766181,2397461,206728,0.07938287,2169785,350945,0.8607764
3,28470910,11301515,17169395,1832174,579291,2262395,149070,0.06181719,1962873,385821,0.8357296
