pid,execution_cycles,compute_cycles,idle_cycles,loads,stores,hit_count,miss_count,miss_rate,private,shared,private_rate
0,16272861,11337782,4935079,1832392,744111,2552679,23824,0.009246642,2065697,498391,0.8056264
1,16132954,11290799,4842155,1821846,585998,2383255,24589,0.01021204,1905655,490787,0.7952018
2,16374686,11337671,5037015,1838008,766181,2579615,24574,0.009436335,2079188,510102,0.8029954
3,16159468,11301515,4857953,1832174,579291,2386753,24712,0.01024771,1870817,527650,0.7800053
