pid,execution_cycles,compute_cycles,idle_cycles,loads,stores,hit_count,miss_count,miss_rate,private,shared,private_rate
0,32475842,11337782,21138060,1832392,744111,2389753,186750,0.07248196,2131361,380366,0.848564
1,25765630,11290799,14474831,1821846,585998,2286434,121410,0.0504227,1969493,393413,0.8335046
2,32682310,11337671,21344639,1838008,766181,2416114,188075,0.07222018,2173104,364249,0.8564453
3,25568745,11301515,14267230,1832174,579291,2292118,119347,0.04949149,1959130,408491,0.8274677
