pid,execution_cycles,compute_cycles,idle_cycles,loads,stores,hit_count,miss_count,miss_rate,private,shared,private_rate
0,19117707,11337782,7779925,1832392,744111,2523837,52666,0.02044088,2088256,460375,0.8193638
1,18429817,11290799,7139018,1821846,585998,2359502,48342,0.02007688,1914062,470318,0.8027504
2,19234625,11337671,7896954,1838008,766181,2550578,53611,0.02058645,2116893,458980,0.8218157
3,18451498,11301515,7149983,1832174,579291,2363019,48446,0.02008986,1909198,478201,0.7996979
