pid,execution_cycles,compute_cycles,idle_cycles,loads,stores,hit_count,miss_count,miss_rate,private,shared,private_rate
0,16165239,11337782,4827457,1832392,744111,2553213,23290,0.009039384,2051616,516471,0.7988888
1,15961810,11290799,4671011,1821846,585998,2383511,24333,0.01010572,1899350,500149,0.7915611
2,16212812,11337671,4875141,1838008,766181,2580069,24120,0.009262001,2063407,529498,0.7957897
3,15972367,11301515,4670852,1832174,579291,2386992,24473,0.0101486,1863706,538386,0.7758679
