pid,execution_cycles,compute_cycles,idle_cycles,loads,stores,hit_count,miss_count,miss_rate,private,shared,private_rate
0,20069649,11337782,8731867,1832392,744111,2510635,65868,0.02556488,1976109,581190,0.7727329
1,19452145,11290799,8161346,1821846,585998,2346154,61690,0.02562043,1922975,468904,0.80396
2,19969346,11337671,8631675,1838008,766181,2538715,65474,0.0251418,2028753,556263,0.7848126
3,19548151,11301515,8246636,1832174,579291,2348396,63069,0.02615381,1894121,499882,0.7911941
