pid,execution_cycles,compute_cycles,idle_cycles,loads,stores,hit_count,miss_count,miss_rate,private,shared,private_rate
0,31989606,11337782,20651824,1832392,744111,2393924,182579,0.0708631,2104456,422217,0.8328961
1,26147893,11290799,14857094,1821846,585998,2282094,125750,0.05222514,1954115,418104,0.8237498
2,32656820,11337671,21319149,1838008,766181,2415149,189040,0.07259074,2126686,427065,0.8327695
3,25781773,11301515,14480258,1832174,579291,2289558,121907,0.05055309,1951167,423484,0.8216647
