pid,execution_cycles,compute_cycles,idle_cycles,loads,stores,hit_count,miss_count,miss_rate,private,shared,private_rate
0,168276966,11337782,156939184,1832392,744111,1017284,1559219,0.6051687,2218967,2982,0.9986579
1,168333079,11290799,157042280,1821846,585998,845880,1561964,0.6486982,2078995,2914,0.9986003
2,169151585,11337671,157813914,1838008,766181,1036414,1567775,0.6020204,2239164,2955,0.9986821
3,169085857,11301515,157784342,1832174,579291,842042,1569423,0.6508172,2080233,2909,0.9986036
