pid,execution_cycles,compute_cycles,idle_cycles,loads,stores,hit_count,miss_count,miss_rate,private,shared,private_rate
0,16216233,11337782,4878451,1832392,744111,2553251,23252,0.009024635,2062417,502892,0.8039644
1,16112758,11290799,4821959,1821846,585998,2383459,24385,0.01012732,1905445,491459,0.7949609
2,16306871,11337671,4969200,1838008,766181,2580300,23889,0.009173297,2074357,515683,0.8008977
3,16136896,11301515,4835381,1832174,579291,2386981,24484,0.01015316,1870818,528176,0.7798344
