pid,execution_cycles,compute_cycles,idle_cycles,loads,stores,hit_count,miss_count,miss_rate,private,shared,private_rate
0,21029013,11337782,9691231,1832392,744111,2509379,67124,0.02605237,1861246,681955,0.7318517
1,20268198,11290799,8977399,1821846,585998,2345030,62814,0.02608724,1814401,563693,0.7629644
2,20962934,11337671,9625263,1838008,766181,2537357,66832,0.02566327,1970040,600870,0.7662812
3,20286945,11301515,8985430,1832174,579291,2347437,64028,0.02655149,1772099,608227,0.7444774
