pid,execution_cycles,compute_cycles,idle_cycles,loads,stores,hit_count,miss_count,miss_rate,private,shared,private_rate
0,22034130,11337782,10696348,1832392,744111,2494212,82291,0.03193903,2064477,454648,0.8195215
1,21102736,11290799,9811937,1821846,585998,2332037,75807,0.03148335,1912362,446708,0.8106423
2,22350221,11337671,11012550,1838008,766181,2518982,85207,0.03271921,2111610,433383,0.8297115
3,21126862,11301515,9825347,1832174,579291,2335487,75978,0.03150699,1890573,470576,0.8007004
