pid,execution_cycles,compute_cycles,idle_cycles,loads,stores,hit_count,miss_count,miss_rate,private,shared,private_rate
0,23400002,11337782,12062220,1832392,744111,2543102,33401,0.0129637,2089461,475882,0.8144958
1,21856059,11290799,10565260,1821846,585998,2383400,24444,0.01015182,1908870,491173,0.7953483
2,27079632,11337671,15741961,1838008,766181,2560988,43201,0.01658904,2101975,487176,0.8118395
3,21847938,11301515,10546423,1832174,579291,2386968,24497,0.01015856,1859392,543429,0.7738371
