pid,execution_cycles,compute_cycles,idle_cycles,loads,stores,hit_count,miss_count,miss_rate,private,shared,private_rate
0,28359834,11337782,17022052,1832392,744111,2430500,146003,0.05666712,2121518,399638,0.8414862
1,24153376,11290799,12862577,1821846,585998,2302069,105775,0.04392934,1964813,400175,0.830792
2,29242247,11337671,17904576,1838008,766181,2449536,154653,0.05938624,2172132,375333,0.8526641
3,24131524,11301515,12830009,1832174,579291,2306061,105404,0.04370953,1949666,418400,0.8233157
