pid,execution_cycles,compute_cycles,idle_cycles,loads,stores,hit_count,miss_count,miss_rate,private,shared,private_rate
0,15954149,11337782,4616367,1832392,744111,2563430,13073,0.005073932,1944532,626028,0.7564624
1,15510129,11290799,4219330,1821846,585998,2395495,12349,0.005128655,1847064,555292,0.7688552
2,16054698,11337671,4717027,1838008,766181,2590898,13291,0.0051037,1927171,669217,0.7422508
3,15560774,11301515,4259259,1832174,579291,2398930,12535,0.005198085,1743262,661189,0.7250146
