pid,execution_cycles,compute_cycles,idle_cycles,loads,stores,hit_count,miss_count,miss_rate,private,shared,private_rate
0,52995228,11337782,41657446,1832392,744111,2181746,394757,0.1532143,2133133,332020,0.8653146
1,41009971,11290799,29719172,1821846,585998,2131972,275872,0.1145722,1997184,321463,0.8613575
2,53658977,11337671,42321306,1838008,766181,2203006,401183,0.154053,2179670,310504,0.8753083
3,40702063,11301515,29400548,1832174,579291,2138848,272617,0.1130504,1979098,343810,0.8519916
