pid,execution_cycles,compute_cycles,idle_cycles,loads,stores,hit_count,miss_count,miss_rate,private,shared,private_rate
0,21028964,11337782,9691182,1832392,744111,2509332,67171,0.02607061,1863017,680115,0.732568
1,20273407,11290799,8982608,1821846,585998,2344990,62854,0.02610385,1818085,559865,0.7645598
2,20958621,11337671,9620950,1838008,766181,2537371,66818,0.02565789,1969761,601120,0.7661813
3,20282631,11301515,8981116,1832174,579291,2347416,64049,0.0265602,1777209,603134,0.7466189
