pid,execution_cycles,compute_cycles,idle_cycles,loads,stores,hit_count,miss_count,miss_rate,private,shared,private_rate
0,18439080,11337782,7101298,1832392,744111,2530798,45705,0.01773916,2105163,450031,0.823876
1,17091274,11290799,5800475,1821846,585998,2373575,34269,0.01423223,1941140,450581,0.811608
2,18821966,11337671,7484295,1838008,766181,2554895,49294,0.01892873,2145292,436216,0.8310228
3,17056705,11301515,5755190,1832174,579291,2377690,33775,0.01400601,1937910,457448,0.8090273
