pid,execution_cycles,compute_cycles,idle_cycles,loads,stores,hit_count,miss_count,miss_rate,private,shared,private_rate
0,30808889,11337782,19471107,1832392,744111,2409859,166644,0.06467836,2094656,390067,0.8430139
1,27483267,11290799,16192468,1821846,585998,2271846,135998,0.05648123,1950520,378303,0.8375561
2,31750637,11337671,20412966,1838008,766181,2428538,175651,0.06744941,2151358,355108,0.8583232
3,27360766,11301515,16059251,1832174,579291,2277173,134292,0.05568897,1956266,377537,0.838231
