pid,execution_cycles,compute_cycles,idle_cycles,loads,stores,hit_count,miss_count,miss_rate,private,shared,private_rate
0,16975507,11337782,5637725,1832392,744111,2552785,23718,0.009205501,2021806,541784,0.788662
1,16400750,11290799,5109951,1821846,585998,2386019,21825,0.009064125,1876742,519419,0.7832287
2,17025338,11337671,5687667,1838008,766181,2580084,24105,0.009256241,2009424,579387,0.7761957
3,16409948,11301515,5108433,1832174,579291,2389330,22135,0.009179067,1796381,601913,0.7490245
