pid,execution_cycles,compute_cycles,idle_cycles,loads,stores,hit_count,miss_count,miss_rate,private,shared,private_rate
0,17767632,11337782,6429850,1832392,744111,2536346,40157,0.01558585,2052095,501814,0.8035114
1,17258934,11290799,5968135,1821846,585998,2370211,37633,0.01562933,1904373,482148,0.7979704
2,17747858,11337671,6410187,1838008,766181,2564059,40130,0.01540979,2084177,494718,0.8081667
3,17291065,11301515,5989550,1832174,579291,2373190,38275,0.01587209,1871556,517275,0.783461
