pid,execution_cycles,compute_cycles,idle_cycles,loads,stores,hit_count,miss_count,miss_rate,private,shared,private_rate
0,22511095,11337782,11173313,1832392,744111,2494301,82202,0.03190448,2103400,433794,0.8290261
1,21087992,11290799,9797193,1821846,585998,2336552,71292,0.02960823,1939317,434927,0.8168145
2,23186607,11337671,11848936,1838008,766181,2515480,88709,0.03406396,2135556,426962,0.8333819
3,21131572,11301515,9830057,1832174,579291,2339837,71628,0.02970311,1932927,444894,0.8128984
