pid,execution_cycles,compute_cycles,idle_cycles,loads,stores,hit_count,miss_count,miss_rate,private,shared,private_rate
0,20687859,11337782,9350077,1832392,744111,2511751,64752,0.02513174,1812779,743678,0.7090982
1,19950057,11290799,8659258,1821846,585998,2347205,60639,0.02518394,1766229,623826,0.7389909
2,20643816,11337671,9306145,1838008,766181,2539678,64511,0.02477201,1966863,615462,0.7616636
3,20000186,11301515,8698671,1832174,579291,2349674,61791,0.02562384,1723024,669750,0.7200948
