pid,execution_cycles,compute_cycles,idle_cycles,loads,stores,hit_count,miss_count,miss_rate,private,shared,private_rate
0,16400931,11337782,5063149,1832392,744111,2551237,25266,0.009806315,2076347,484475,0.8108127
1,16084300,11290799,4793501,1821846,585998,2382901,24943,0.01035906,1912819,482762,0.7984781
2,16545875,11337671,5208204,1838008,766181,2577664,26525,0.01018551,2106689,481449,0.8139786
3,16125106,11301515,4823591,1832174,579291,2386131,25334,0.01050565,1871234,526265,0.7804942
