pid,execution_cycles,compute_cycles,idle_cycles,loads,stores,hit_count,miss_count,miss_rate,private,shared,private_rate
0,16804194,11337782,5466412,1832392,744111,2571616,4887,0.001896757,2049259,526574,0.7955714
1,16521067,11290799,5230268,1821846,585998,2403228,4616,0.001917068,1898285,508808,0.7886214
2,16732109,11337671,5394438,1838008,766181,2599506,4683,0.001798257,2049498,553535,0.78735
3,16243684,11301515,4942169,1832174,579291,2407145,4320,0.001791442,1899209,511428,0.7878453
