pid,execution_cycles,compute_cycles,idle_cycles,loads,stores,hit_count,miss_count,miss_rate,private,shared,private_rate
0,16042191,11337782,4704409,1832392,744111,2555009,21494,0.008342315,2006785,564687,0.7804032
1,15946636,11290799,4655837,1821846,585998,2385137,22707,0.009430428,1906727,496022,0.7935606
2,16160648,11337671,4822977,1838008,766181,2581777,22412,0.008606134,2022277,574070,0.7788932
3,15972457,11301515,4670942,1832174,579291,2388642,22823,0.009464371,1865088,540020,0.7754695
