pid,execution_cycles,compute_cycles,idle_cycles,loads,stores,hit_count,miss_count,miss_rate,private,shared,private_rate
0,15125529,11337782,3787747,1832392,744111,2567259,9244,0.003587809,2044128,530240,0.794031
1,15098131,11290799,3807332,1821846,585998,2398112,9732,0.00404179,1912936,493042,0.7950763
2,15278762,11337671,3941091,1838008,766181,2594659,9530,0.003659489,2058651,542348,0.7914847
3,15199897,11301515,3898382,1832174,579291,2401622,9843,0.004081751,1868905,539804,0.7758949
