pid,execution_cycles,compute_cycles,idle_cycles,loads,stores,hit_count,miss_count,miss_rate,private,shared,private_rate
0,19246667,11337782,7908885,1832392,744111,2529100,47403,0.01839819,2080205,464765,0.817379
1,18502415,11290799,7211616,1821846,585998,2363386,44458,0.01846382,1885432,495102,0.7920206
2,19696054,11337671,8358383,1838008,766181,2552773,51416,0.01974357,2116962,452878,0.8237719
3,18486200,11301515,7184685,1832174,579291,2367609,43856,0.01818646,1865802,518366,0.7825799
