pid,execution_cycles,compute_cycles,idle_cycles,loads,stores,hit_count,miss_count,miss_rate,private,shared,private_rate
0,17609856,11337782,6272074,1832392,744111,2539174,37329,0.01448824,1983199,578214,0.7742598
1,17229379,11290799,5938580,1821846,585998,2372180,35664,0.01481159,1910350,483069,0.7981678
2,17680694,11337671,6343023,1838008,766181,2566423,37766,0.01450202,1997049,587677,0.7726347
3,17315689,11301515,6014174,1832174,579291,2375074,36391,0.01509083,1866814,527464,0.7796981
