pid,execution_cycles,compute_cycles,idle_cycles,loads,stores,hit_count,miss_count,miss_rate,private,shared,private_rate
0,23842591,11337782,12504809,1832392,744111,2478893,97610,0.03788468,2140293,410825,0.8389628
1,19446925,11290799,8156126,1821846,585998,2359294,48550,0.02016327,1972673,421066,0.8240969
2,24506792,11337671,13169121,1838008,766181,2500369,103820,0.03986654,2159339,417136,0.8380982
3,19275019,11301515,7973504,1832174,579291,2364584,46881,0.01944088,1961959,435297,0.8184186
