pid,execution_cycles,compute_cycles,idle_cycles,loads,stores,hit_count,miss_count,miss_rate,private,shared,private_rate
0,17423043,11337782,6085261,1832392,744111,2541061,35442,0.01375585,2063472,497880,0.8056183
1,16419658,11290799,5128859,1821846,585998,2380359,27485,0.01141478,1923625,472213,0.8029028
2,17302613,11337671,5964942,1838008,766181,2570242,33947,0.01303554,2109997,478227,0.8152297
3,16391227,11301515,5089712,1832174,579291,2384412,27053,0.01121849,1899722,499175,0.7919148
