pid,execution_cycles,compute_cycles,idle_cycles,loads,stores,hit_count,miss_count,miss_rate,private,shared,private_rate
0,14978436,11337782,3640654,1832392,744111,2565754,10749,0.004171934,2075165,497408,0.8066496
1,14975149,11290799,3684350,1821846,585998,2394950,12894,0.005354998,1905867,498941,0.7925236
2,15162134,11337671,3824463,1838008,766181,2591863,12326,0.004733143,2096771,503063,0.8065019
3,14947708,11301515,3646193,1832174,579291,2398993,12472,0.00517196,1906396,501880,0.791602
