pid,execution_cycles,compute_cycles,idle_cycles,loads,stores,hit_count,miss_count,miss_rate,private,shared,private_rate
0,16639260,11337782,5301478,1832392,744111,2560328,16175,0.006277889,2076563,492333,0.8083484
1,16349201,11290799,5058402,1821846,585998,2391891,15953,0.006625429,1889795,511230,0.7870784
2,17011552,11337671,5673881,1838008,766181,2585556,18633,0.007155011,2102477,492990,0.8100573
3,16285332,11301515,4983817,1832174,579291,2396047,15418,0.006393624,1867523,537222,0.7765992
