pid,execution_cycles,compute_cycles,idle_cycles,loads,stores,hit_count,miss_count,miss_rate,private,shared,private_rate
0,47648945,11337782,36311163,1832392,744111,2253816,322687,0.1252422,2123889,354928,0.8568156
1,34475992,11290799,23185193,1821846,585998,2210158,197686,0.08210083,1983999,357527,0.8473103
2,48229905,11337671,36892234,1838008,766181,2276303,327886,0.1259071,2167196,337475,0.8652617
3,33963459,11301515,22661944,1832174,579291,2218737,192728,0.07992154,1969065,377226,0.8392245
