pid,execution_cycles,compute_cycles,idle_cycles,loads,stores,hit_count,miss_count,miss_rate,private,shared,private_rate
0,16228032,11337782,4890250,1832392,744111,2552610,23893,0.009273422,2057524,507622,0.802108
1,16003876,11290799,4713077,1821846,585998,2383105,24739,0.01027434,1903352,493395,0.7941397
2,16279610,11337671,4941939,1838008,766181,2579507,24682,0.009477807,2075281,514645,0.8012897
3,16024801,11301515,4723286,1832174,579291,2386526,24939,0.01034185,1869927,529116,0.7794471
