pid,execution_cycles,compute_cycles,idle_cycles,loads,stores,hit_count,miss_count,miss_rate,private,shared,private_rate
0,123725481,11337782,112387699,1832392,744111,1467299,1109204,0.4305076,2076038,125443,0.9430188
1,104974663,11290799,93683864,1821846,585998,1485864,921980,0.3829069,2001168,119899,0.9434723
2,125458529,11337671,114120858,1838008,766181,1477758,1126431,0.4325458,2112571,106658,0.9519392
3,105662695,11301515,94361180,1832174,579291,1482680,928785,0.3851538,1997396,131459,0.938249
