pid,execution_cycles,compute_cycles,idle_cycles,loads,stores,hit_count,miss_count,miss_rate,private,shared,private_rate
0,26811114,11337782,15473332,1832392,744111,2446232,130271,0.05056117,2030228,452548,0.817725
1,25576069,11290799,14285270,1821846,585998,2287870,119974,0.04982632,1918753,408118,0.8246065
2,26648114,11337671,15310443,1838008,766181,2475843,128346,0.04928444,2088108,426084,0.8305285
3,25854934,11301515,14553419,1832174,579291,2288819,122646,0.05085954,1867366,457133,0.8033413
