pid,execution_cycles,compute_cycles,idle_cycles,loads,stores,hit_count,miss_count,miss_rate,private,shared,private_rate
0,20691134,11337782,9353352,1832392,744111,2511745,64758,0.02513407,1815077,741348,0.710006
1,19951731,11290799,8660932,1821846,585998,2347211,60633,0.02518145,1767962,622078,0.7397207
2,20639256,11337671,9301585,1838008,766181,2539691,64498,0.02476702,1966981,615406,0.761691
3,19991518,11301515,8690003,1832174,579291,2349692,61773,0.02561638,1724829,667945,0.7208491
