pid,execution_cycles,compute_cycles,idle_cycles,loads,stores,hit_count,miss_count,miss_rate,private,shared,private_rate
0,38244458,11337782,26906676,1832392,744111,2330700,245803,0.09540179,2061649,360963,0.8510026
1,34652387,11290799,23361588,1821846,585998,2196072,211772,0.08795088,1907456,361227,0.8407768
2,39721638,11337671,28383967,1838008,766181,2343711,260478,0.1000227,2114470,325455,0.8666127
3,34272961,11301515,22971446,1832174,579291,2203702,207763,0.08615634,1907107,368268,0.8381506
