pid,execution_cycles,compute_cycles,idle_cycles,loads,stores,hit_count,miss_count,miss_rate,private,shared,private_rate
0,25707759,11337782,14369977,1832392,744111,2457377,119126,0.04623554,1997904,547332,0.7849583
1,24678238,11290799,13387439,1821846,585998,2296939,110905,0.04605988,1962324,419736,0.8237929
2,25577528,11337671,14239857,1838008,766181,2486657,117532,0.0451319,2040662,528129,0.7944056
3,24943342,11301515,13641827,1832174,579291,2298027,113438,0.04704111,1916490,463819,0.8051434
