pid,execution_cycles,compute_cycles,idle_cycles,loads,stores,hit_count,miss_count,miss_rate,private,shared,private_rate
0,16256715,11337782,4918933,1832392,744111,2552529,23974,0.00930486,2061184,503294,0.8037441
1,16036978,11290799,4746179,1821846,585998,2382943,24901,0.01034162,1901041,495199,0.7933433
2,16316600,11337671,4978929,1838008,766181,2579497,24692,0.009481647,2077540,511764,0.8023546
3,16049533,11301515,4748018,1832174,579291,2386466,24999,0.01036673,1872050,526615,0.780455
