pid,execution_cycles,compute_cycles,idle_cycles,loads,stores,hit_count,miss_count,miss_rate,private,shared,private_rate
0,26050398,11337782,14712616,1832392,744111,2453916,122587,0.04757883,1971634,545514,0.7832809
1,25009492,11290799,13718693,1821846,585998,2293593,114251,0.0474495,1938130,417077,0.8229128
2,25904822,11337671,14567151,1838008,766181,2483351,120838,0.04640139,2015344,526846,0.792759
3,25292911,11301515,13991396,1832174,579291,2294496,116969,0.04850537,1890395,462248,0.8035197
