pid,execution_cycles,compute_cycles,idle_cycles,loads,stores,hit_count,miss_count,miss_rate,private,shared,private_rate
0,16906163,11337782,5568381,1832392,744111,2553497,23006,0.008929157,2005529,558765,0.7820979
1,16361628,11290799,5070829,1821846,585998,2386444,21400,0.008887619,1872205,524024,0.7813131
2,16947349,11337671,5609678,1838008,766181,2580850,23339,0.008962099,1987977,601183,0.7678077
3,16364418,11301515,5062903,1832174,579291,2389828,21637,0.008972554,1796187,602389,0.7488556
