pid,execution_cycles,compute_cycles,idle_cycles,loads,stores,hit_count,miss_count,miss_rate,private,shared,private_rate
0,17464029,11337782,6126247,1832392,744111,2540647,35856,0.01391654,1988453,579502,0.7743333
1,17102362,11290799,5811563,1821846,585998,2373463,34381,0.01427875,1914508,485043,0.7978609
2,17554766,11337671,6217095,1838008,766181,2567695,36494,0.01401358,2002835,588523,0.7728901
3,17183821,11301515,5882306,1832174,579291,2376406,35059,0.01453847,1873084,527955,0.7801139
