pid,execution_cycles,compute_cycles,idle_cycles,loads,stores,hit_count,miss_count,miss_rate,private,shared,private_rate
0,15317211,11337782,3979429,1832392,744111,2565701,10802,0.004192504,2056368,515947,0.7994231
1,15131902,11290799,3841103,1821846,585998,2397399,10445,0.004337906,1915560,488670,0.7967457
2,15381554,11337671,4043883,1838008,766181,2593263,10926,0.004195548,2064423,534444,0.794355
3,15215683,11301515,3914168,1832174,579291,2400900,10565,0.004381154,1879040,527886,0.7806804
