pid,execution_cycles,compute_cycles,idle_cycles,loads,stores,hit_count,miss_count,miss_rate,private,shared,private_rate
0,16189908,11337782,4852126,1832392,744111,2553026,23477,0.009111963,2057391,508847,0.8017148
1,15996973,11290799,4706174,1821846,585998,2383250,24594,0.01021412,1901237,496347,0.7929804
2,16243952,11337671,4906281,1838008,766181,2579873,24316,0.009337264,2075582,515383,0.8010845
3,16009276,11301515,4707761,1832174,579291,2386757,24708,0.01024605,1873168,526970,0.7804418
