pid,execution_cycles,compute_cycles,idle_cycles,loads,stores,hit_count,miss_count,miss_rate,private,shared,private_rate
0,17767662,11337782,6429880,1832392,744111,2537580,38923,0.01510691,2041498,521735,0.7964543
1,16579840,11290799,5289041,1821846,585998,2378741,29103,0.01208675,1909932,488162,0.7964375
2,17486060,11337671,6148389,1838008,766181,2568389,35800,0.01374708,2079937,510467,0.8029392
3,16159666,11301515,4858151,1832174,579291,2386751,24714,0.01024854,1918091,485039,0.7981636
