pid,execution_cycles,compute_cycles,idle_cycles,loads,stores,hit_count,miss_count,miss_rate,private,shared,private_rate
0,15396571,11337782,4058789,1832392,744111,2562201,14302,0.005550935,2023904,549578,0.7864458
1,15264061,11290799,3973262,1821846,585998,2393010,14834,0.006160698,1909775,495253,0.794076
2,15455581,11337671,4117910,1838008,766181,2589770,14419,0.005536849,2046705,552796,0.7873453
3,15315694,11301515,4014179,1832174,579291,2396463,15002,0.006221115,1865463,541898,0.7748996
