pid,execution_cycles,compute_cycles,idle_cycles,loads,stores,hit_count,miss_count,miss_rate,private,shared,private_rate
0,24636183,11337782,13298401,1832392,744111,2468201,108302,0.04203449,2067363,432952,0.826841
1,23963953,11290799,12673154,1821846,585998,2304154,103690,0.04306342,1912435,423955,0.8185427
2,25412792,11337671,14075121,1838008,766181,2488321,115868,0.04449293,2121249,401256,0.8409296
3,23784646,11301515,12483131,1832174,579291,2309731,101734,0.04218763,1914235,426907,0.8176501
