pid,execution_cycles,compute_cycles,idle_cycles,loads,stores,hit_count,miss_count,miss_rate,private,shared,private_rate
0,83397105,11337782,72059323,1832392,744111,1901662,674841,0.2619213,2202698,225066,0.9072949
1,72674878,11290799,61384079,1821846,585998,1837362,570482,0.2369265,2077071,224559,0.9024348
2,84380934,11337671,73043263,1838008,766181,1920130,684059,0.2626764,2230727,222155,0.909431
3,72709385,11301515,61407870,1832174,579291,1840325,571140,0.2368436,2072660,231350,0.8995881
