pid,execution_cycles,compute_cycles,idle_cycles,loads,stores,hit_count,miss_count,miss_rate,private,shared,private_rate
0,15628963,11337782,4291181,1832392,744111,2559941,16562,0.006428093,2052963,516879,0.7988674
1,15380478,11290799,4089679,1821846,585998,2391827,16017,0.006652009,1912255,489653,0.79614
2,15650773,11337671,4313102,1838008,766181,2587806,16383,0.006291018,2073373,522399,0.79875
3,15433745,11301515,4132230,1832174,579291,2395214,16251,0.006739057,1876680,527295,0.780657
