pid,execution_cycles,compute_cycles,idle_cycles,loads,stores,hit_count,miss_count,miss_rate,private,shared,private_rate
0,17610549,11337782,6272767,1832392,744111,2539167,37336,0.01449096,1983202,578205,0.7742627
1,17230369,11290799,5939570,1821846,585998,2372170,35674,0.01481574,1910339,483071,0.7981662
2,17680496,11337671,6342825,1838008,766181,2566425,37764,0.01450125,1997049,587671,0.7726365
3,17316085,11301515,6014570,1832174,579291,2375070,36395,0.01509249,1866831,527443,0.7797065
