pid,execution_cycles,compute_cycles,idle_cycles,loads,stores,hit_count,miss_count,miss_rate,private,shared,private_rate
0,20430762,11337782,9092980,1832392,744111,2510680,65823,0.02554742,1987190,572524,0.7763328
1,19786846,11290799,8496047,1821846,585998,2346347,61497,0.02554028,1934657,458442,0.8084317
2,20442893,11337671,9105222,1838008,766181,2538522,65667,0.02521591,2016072,566509,0.7806423
3,19948396,11301515,8646881,1832174,579291,2348481,62984,0.02611856,1896714,496081,0.7926772
