pid,execution_cycles,compute_cycles,idle_cycles,loads,stores,hit_count,miss_count,miss_rate,private,shared,private_rate
0,144769020,11337782,133431238,1832392,744111,1254738,1321765,0.5130074,2210942,34338,0.9847066
1,143123818,11290799,131833019,1821846,585998,1100519,1307325,0.5429442,2072072,35018,0.9833809
2,145907276,11337671,134569605,1838008,766181,1271205,1332984,0.5118615,2229444,31972,0.985862
3,144047965,11301515,132746450,1832174,579291,1094950,1316515,0.5459399,2071153,32881,0.9843724
