pid,execution_cycles,compute_cycles,idle_cycles,loads,stores,hit_count,miss_count,miss_rate,private,shared,private_rate
0,17358618,11337782,6020836,1832392,744111,2539272,37231,0.01445021,1986607,578724,0.7744057
1,16946521,11290799,5655722,1821846,585998,2372482,35362,0.01468617,1902466,494579,0.7936714
2,17372729,11337671,6035058,1838008,766181,2566278,37911,0.0145577,2040459,549173,0.787934
3,16953046,11301515,5651531,1832174,579291,2375675,35790,0.0148416,1877170,523671,0.7818802
