pid,execution_cycles,compute_cycles,idle_cycles,loads,stores,hit_count,miss_count,miss_rate,private,shared,private_rate
0,20677793,11337782,9340011,1832392,744111,2512027,64476,0.02502462,1732014,822783,0.6779458
1,19973259,11290799,8682460,1821846,585998,2347041,60803,0.02525205,1205617,1181866,0.5049741
2,20764561,11337671,9426890,1838008,766181,2538226,65963,0.02532957,1975425,601738,0.7665115
3,19998067,11301515,8696552,1832174,579291,2349489,61976,0.02570056,1006352,1385062,0.4208188
