pid,execution_cycles,compute_cycles,idle_cycles,loads,stores,hit_count,miss_count,miss_rate,private,shared,private_rate
0,26191627,11337782,14853845,1832392,744111,2450353,126150,0.04896171,2033878,459231,0.8157999
1,25117517,11290799,13826718,1821846,585998,2290318,117526,0.04880964,1905056,426909,0.8169316
2,25898296,11337671,14560625,1838008,766181,2480209,123980,0.04760791,2092002,431335,0.8290617
3,25250228,11301515,13948713,1832174,579291,2291157,120308,0.04989,1868885,464264,0.801014
