pid,execution_cycles,compute_cycles,idle_cycles,loads,stores,hit_count,miss_count,miss_rate,private,shared,private_rate
0,15393147,11337782,4055365,1832392,744111,2561565,14938,0.005797781,2022756,550683,0.7860128
1,15263437,11290799,3972638,1821846,585998,2392038,15806,0.006564379,1905506,499491,0.7923112
2,15427652,11337671,4089981,1838008,766181,2589181,15008,0.005763023,2046460,553082,0.7872387
3,15289555,11301515,3988040,1832174,579291,2395540,15925,0.006603869,1865795,541570,0.7750362
