pid,execution_cycles,compute_cycles,idle_cycles,loads,stores,hit_count,miss_count,miss_rate,private,shared,private_rate
0,18707852,11337782,7370070,1832392,744111,2540864,35639,0.01383231,1991884,571396,0.777084
1,17587928,11290799,6297129,1821846,585998,2381598,26246,0.01090021,1842965,555209,0.7684868
2,18461697,11337671,7124026,1838008,766181,2571742,32447,0.01245954,1996460,593620,0.7708102
3,17077005,11301515,5775490,1832174,579291,2389468,21997,0.009121841,1841659,561320,0.7664066
