pid,execution_cycles,compute_cycles,idle_cycles,loads,stores,hit_count,miss_count,miss_rate,private,shared,private_rate
0,43007554,11337782,31669772,1832392,744111,2282600,293903,0.1140705,2065552,349377,0.8553262
1,39841908,11290799,28551109,1821846,585998,2143713,264131,0.1096961,1924776,338874,0.8502975
2,44459165,11337671,33121494,1838008,766181,2295886,308303,0.1183873,2120212,311777,0.8718016
3,39352662,11301515,28051147,1832174,579291,2152443,259022,0.1074127,1925182,345568,0.8478177
