pid,execution_cycles,compute_cycles,idle_cycles,loads,stores,hit_count,miss_count,miss_rate,private,shared,private_rate
0,15174349,11337782,3836567,1832392,744111,2572259,4244,0.001647194,1842654,732441,0.7155674
1,14760629,11290799,3469830,1821846,585998,2403879,3965,0.001646701,1722399,684152,0.7157127
2,15426730,11337671,4089059,1838008,766181,2599777,4412,0.001694193,1827940,774143,0.702491
3,14963121,11301515,3661606,1832174,579291,2407346,4119,0.00170809,1629281,780418,0.6761347
