pid,execution_cycles,compute_cycles,idle_cycles,loads,stores,hit_count,miss_count,miss_rate,private,shared,private_rate
0,28138840,11337782,16801058,1832392,744111,2434203,142300,0.0552299,2131018,382768,0.8477325
1,24280044,11290799,12989245,1821846,585998,2302221,105623,0.04386621,1966834,391325,0.8340549
2,28706257,11337671,17368586,1838008,766181,2456557,147632,0.0566902,2176663,361490,0.8575775
3,24041510,11301515,12739995,1832174,579291,2309072,102393,0.04246091,1967435,395301,0.8326935
