pid,execution_cycles,compute_cycles,idle_cycles,loads,stores,hit_count,miss_count,miss_rate,private,shared,private_rate
0,17754099,11337782,6416317,1832392,744111,2537717,38786,0.01505374,2057978,497821,0.805219
1,17354515,11290799,6063716,1821846,585998,2370916,36928,0.01533654,1913304,474873,0.8011567
2,17798108,11337671,6460437,1838008,766181,2565237,38952,0.01495744,2079467,500131,0.8061206
3,17436172,11301515,6134657,1832174,579291,2373857,37608,0.0155955,1867682,521345,0.7817752
