pid,execution_cycles,compute_cycles,idle_cycles,loads,stores,hit_count,miss_count,miss_rate,private,shared,private_rate
0,82350443,11337782,71012661,1832392,744111,1841930,734573,0.2851047,2009674,250825,0.88904
1,64837211,11290799,53546412,1821846,585998,1855247,552597,0.2294987,1930341,253349,0.8839812
2,84347655,11337671,73009984,1838008,766181,1850749,753440,0.2893185,2060067,215665,0.9052327
3,63950667,11301515,52649152,1832174,579291,1867739,543726,0.2254754,1924388,268835,0.8774247
