pid,execution_cycles,compute_cycles,idle_cycles,loads,stores,hit_count,miss_count,miss_rate,private,shared,private_rate
0,17531848,11337782,6194066,1832392,744111,2538490,38013,0.01475372,1964493,595273,0.7674502
1,17101210,11290799,5810411,1821846,585998,2371787,36057,0.01497481,1900719,491603,0.794508
2,17481626,11337671,6143955,1838008,766181,2566095,38094,0.01462797,2010412,575943,0.7773148
3,17126852,11301515,5825337,1832174,579291,2374745,36720,0.01522726,1873377,521975,0.7820884
