pid,execution_cycles,compute_cycles,idle_cycles,loads,stores,hit_count,miss_count,miss_rate,private,shared,private_rate
0,15325911,11337782,3988129,1832392,744111,2565621,10882,0.004223554,2052795,519515,0.7980356
1,15210406,11290799,3919607,1821846,585998,2397063,10781,0.00447745,1914205,490044,0.7961759
2,15369560,11337671,4031889,1838008,766181,2593329,10860,0.004170204,2063653,535270,0.7940416
3,15286168,11301515,3984653,1832174,579291,2400593,10872,0.004508463,1879166,527778,0.7807269
