pid,execution_cycles,compute_cycles,idle_cycles,loads,stores,hit_count,miss_count,miss_rate,private,shared,private_rate
0,30470892,11337782,19133110,1832392,744111,2409206,167297,0.06493181,2092141,392376,0.8420715
1,26975725,11290799,15684926,1821846,585998,2273654,134190,0.05573035,1948420,380661,0.8365617
2,31354382,11337671,20016711,1838008,766181,2428243,175946,0.06756268,2154407,351922,0.8595867
3,26913535,11301515,15612020,1832174,579291,2278048,133417,0.05532612,1958062,376062,0.8388852
