pid,execution_cycles,compute_cycles,idle_cycles,loads,stores,hit_count,miss_count,miss_rate,private,shared,private_rate
0,20427297,11337782,9089515,1832392,744111,2510715,65788,0.02553383,1987450,572359,0.7764056
1,19793182,11290799,8502383,1821846,585998,2346283,61561,0.02556686,1934501,458798,0.8082989
2,20438735,11337671,9101064,1838008,766181,2538564,65625,0.02519978,2016094,566579,0.780623
3,19951960,11301515,8650445,1832174,579291,2348445,63020,0.02613349,1896953,496167,0.7926694
