pid,execution_cycles,compute_cycles,idle_cycles,loads,stores,hit_count,miss_count,miss_rate,private,shared,private_rate
0,17521317,11337782,6183535,1832392,744111,2561983,14520,0.005635546,2059617,512096,0.8008736
1,16818694,11290799,5527895,1821846,585998,2397683,10161,0.004219958,1905192,499659,0.7922287
2,17548265,11337671,6210594,1838008,766181,2587258,16931,0.006501448,2076488,522425,0.7989833
3,16988230,11301515,5686715,1832174,579291,2400259,11206,0.004646968,1899131,508914,0.7886609
