pid,execution_cycles,compute_cycles,idle_cycles,loads,stores,hit_count,miss_count,miss_rate,private,shared,private_rate
0,16039815,11337782,4702033,1832392,744111,2555033,21470,0.008333,2006784,564711,0.7803958
1,15943171,11290799,4652372,1821846,585998,2385172,22672,0.009415892,1906757,496005,0.7935688
2,16158767,11337671,4821096,1838008,766181,2581796,22393,0.008598838,2022291,574089,0.7788887
3,15970081,11301515,4668566,1832174,579291,2388666,22799,0.009454419,1865107,540007,0.7754755
