pid,execution_cycles,compute_cycles,idle_cycles,loads,stores,hit_count,miss_count,miss_rate,private,shared,private_rate
0,15080431,11337782,3742649,1832392,744111,2574029,2474,0.0009602162,1820635,755073,0.7068484
1,14650364,11290799,3359565,1821846,585998,2405575,2269,0.0009423368,1743018,664126,0.7241021
2,15420559,11337671,4082888,1838008,766181,2601655,2534,0.0009730477,1777799,825167,0.6829897
3,14963394,11301515,3661879,1832174,579291,2409032,2433,0.00100893,1578744,831657,0.6549715
