pid,execution_cycles,compute_cycles,idle_cycles,loads,stores,hit_count,miss_count,miss_rate,private,shared,private_rate
0,26015644,11337782,14677862,1832392,744111,2451902,124601,0.04836051,2001712,498835,0.8005096
1,24954329,11290799,13663530,1821846,585998,2291682,116162,0.04824316,1909426,429918,0.8162228
2,25695093,11337671,14357422,1838008,766181,2481362,122827,0.04716516,2063232,467524,0.8152631
3,25090493,11301515,13788978,1832174,579291,2292514,118951,0.04932728,1875591,464938,0.8013535
