pid,execution_cycles,compute_cycles,idle_cycles,loads,stores,hit_count,miss_count,miss_rate,private,shared,private_rate
0,15123963,11337782,3786181,1832392,744111,2567133,9370,0.003636712,2049059,525255,0.7959631
1,15093541,11290799,3802742,1821846,585998,2398078,9766,0.004055911,1912781,493240,0.7949976
2,15250493,11337671,3912822,1838008,766181,2594642,9547,0.003666017,2056964,544045,0.7908331
3,15193735,11301515,3892220,1832174,579291,2401596,9869,0.004092533,1868895,539902,0.7758624
