pid,execution_cycles,compute_cycles,idle_cycles,loads,stores,hit_count,miss_count,miss_rate,private,shared,private_rate
0,15371505,11337782,4033723,1832392,744111,2565203,11300,0.00438579,2057567,514380,0.8000037
1,15123481,11290799,3832682,1821846,585998,2397306,10538,0.004376529,1918033,485938,0.7978603
2,15434069,11337671,4096398,1838008,766181,2592846,11343,0.004355675,2072965,525687,0.7977078
3,15226873,11301515,3925358,1832174,579291,2400642,10823,0.004488143,1884248,522503,0.7829011
