pid,execution_cycles,compute_cycles,idle_cycles,loads,stores,hit_count,miss_count,miss_rate,private,shared,private_rate
0,58535478,11337782,47197696,1832392,744111,2125756,450747,0.1749453,2043813,321104,0.8642219
1,51279952,11290799,39989153,1821846,585998,2028193,379651,0.1576726,1900767,331469,0.8515081
2,60219556,11337671,48881885,1838008,766181,2136705,467484,0.1795123,2095904,285335,0.8801737
3,50693768,11301515,39392253,1832174,579291,2037865,373600,0.1549266,1906677,333096,0.8512814
