pid,execution_cycles,compute_cycles,idle_cycles,loads,stores,hit_count,miss_count,miss_rate,private,shared,private_rate
0,21262461,11337782,9924679,1832392,744111,2502279,74224,0.02880804,2051982,475008,0.8120262
1,20460343,11290799,9169544,1821846,585998,2339544,68300,0.02836563,1921091,444316,0.8121609
2,21299243,11337671,9961572,1838008,766181,2529872,74317,0.02853748,2089544,463788,0.8183597
3,20618230,11301515,9316715,1832174,579291,2341715,69750,0.02892433,1878161,486247,0.7943473
