pid,execution_cycles,compute_cycles,idle_cycles,loads,stores,hit_count,miss_count,miss_rate,private,shared,private_rate
0,51101655,11337782,39763873,1832392,744111,2200873,375630,0.1457906,2196387,296369,0.8811079
1,43703365,11290799,32412566,1821846,585998,2104766,303078,0.1258711,2057143,295591,0.8743628
2,51566612,11337671,40228941,1838008,766181,2224141,380048,0.1459372,2240991,278345,0.8895165
3,43050541,11301515,31749026,1832174,579291,2115126,296339,0.1228875,2040805,316823,0.8656179
