pid,execution_cycles,compute_cycles,idle_cycles,loads,stores,hit_count,miss_count,miss_rate,private,shared,private_rate
0,15714739,11337782,4376957,1832392,744111,2558501,18002,0.00698699,2082346,484332,0.8113001
1,15657607,11290799,4366808,1821846,585998,2388916,18928,0.007860974,1915127,484923,0.797953
2,15897526,11337671,4559855,1838008,766181,2584639,19550,0.007507136,2103038,490649,0.8108295
3,15695276,11301515,4393761,1832174,579291,2392361,19104,0.007922155,1889136,513793,0.7861805
