pid,execution_cycles,compute_cycles,idle_cycles,loads,stores,hit_count,miss_count,miss_rate,private,shared,private_rate
0,20745453,11337782,9407671,1832392,744111,2505991,70512,0.02736733,2040407,492455,0.8055737
1,20064169,11290799,8773370,1821846,585998,2341870,65974,0.02739962,1905797,462453,0.804728
2,20648582,11337671,9310911,1838008,766181,2534503,69686,0.02675919,2092342,468277,0.8171235
3,20131804,11301515,8830289,1832174,579291,2343993,67472,0.02797967,1875037,494742,0.7912286
