pid,execution_cycles,compute_cycles,idle_cycles,loads,stores,hit_count,miss_count,miss_rate,private,shared,private_rate
0,16779434,11337782,5441652,1832392,744111,2554749,21754,0.008443227,1942647,625047,0.7565726
1,16265308,11290799,4974509,1821846,585998,2387398,20446,0.008491414,1800414,599046,0.7503413
2,16788069,11337671,5450398,1838008,766181,2582217,21972,0.008437176,1977115,616053,0.7624323
3,16267325,11301515,4965810,1832174,579291,2390740,20725,0.008594361,1736682,665270,0.7230294
