pid,execution_cycles,compute_cycles,idle_cycles,loads,stores,hit_count,miss_count,miss_rate,private,shared,private_rate
0,20748387,11337782,9410605,1832392,744111,2505997,70506,0.027365,2040297,492552,0.8055344
1,20070658,11290799,8779859,1821846,585998,2341863,65981,0.02740252,1905605,462643,0.8046476
2,20651879,11337671,9314208,1838008,766181,2534496,69693,0.02676188,2092383,468230,0.8171414
3,20138323,11301515,8836808,1832174,579291,2343984,67481,0.0279834,1875160,494651,0.7912699
