pid,execution_cycles,compute_cycles,idle_cycles,loads,stores,hit_count,miss_count,miss_rate,private,shared,private_rate
0,18568973,11337782,7231191,1832392,744111,2536530,39973,0.01551444,2054600,495118,0.8058146
1,17800543,11290799,6509744,1821846,585998,2371314,36530,0.01517125,1894067,492056,0.7937843
2,18673544,11337671,7335873,1838008,766181,2563422,40767,0.01565439,2088539,488020,0.8105923
3,17818818,11301515,6517303,1832174,579291,2374385,37080,0.01537654,1809833,577731,0.7580249
