pid,execution_cycles,compute_cycles,idle_cycles,loads,stores,hit_count,miss_count,miss_rate,private,shared,private_rate
0,26549778,11337782,15211996,1832392,744111,2452804,123699,0.04801042,1944014,556414,0.7774725
1,25387459,11290799,14096660,1821846,585998,2292624,115220,0.04785194,1849353,489735,0.7906299
2,26291130,11337671,14953459,1838008,766181,2482244,121945,0.04682648,2037854,492551,0.805347
3,25474937,11301515,14173422,1832174,579291,2293564,117901,0.04889186,1807123,533127,0.7721923
