pid,execution_cycles,compute_cycles,idle_cycles,loads,stores,hit_count,miss_count,miss_rate,private,shared,private_rate
0,27154114,11337782,15816332,1832392,744111,2441392,135111,0.05243968,2033246,447481,0.819617
1,25823472,11290799,14532673,1821846,585998,2283833,124011,0.05150292,1910294,413221,0.8221569
2,27084744,11337671,15747073,1838008,766181,2470113,134076,0.05148474,2081589,427955,0.829469
3,26002259,11301515,14700744,1832174,579291,2285108,126357,0.05239844,1868931,454248,0.8044714
