pid,execution_cycles,compute_cycles,idle_cycles,loads,stores,hit_count,miss_count,miss_rate,private,shared,private_rate
0,17023017,11337782,5685235,1832392,744111,2564795,11708,0.004544144,2062441,510778,0.8015023
1,16386625,11290799,5095826,1821846,585998,2396550,11294,0.004690503,1931977,472922,0.8033506
2,16940537,11337671,5602866,1838008,766181,2591222,12967,0.004979285,2094836,505732,0.8055302
3,16002850,11301515,4701335,1832174,579291,2400963,10502,0.004355029,1945207,463207,0.8076714
