pid,execution_cycles,compute_cycles,idle_cycles,loads,stores,hit_count,miss_count,miss_rate,private,shared,private_rate
0,90569490,11337782,79231708,1832392,744111,1802208,774295,0.3005217,2309338,121930,0.9498492
1,82261588,11290799,70970789,1821846,585998,1715289,692555,0.2876245,2178480,126594,0.9450803
2,90993956,11337671,79656285,1838008,766181,1825885,778304,0.2988662,2342395,114892,0.9532444
3,82047235,11301515,70745720,1832174,579291,1721220,690245,0.2862347,2178616,130639,0.9434281
