pid,execution_cycles,compute_cycles,idle_cycles,loads,stores,hit_count,miss_count,miss_rate,private,shared,private_rate
0,20680719,11337782,9342937,1832392,744111,2511735,64768,0.02513795,1814426,742018,0.709746
1,19958322,11290799,8667523,1821846,585998,2347237,60607,0.02517065,1767362,622563,0.7395052
2,20643582,11337671,9305911,1838008,766181,2539711,64478,0.02475934,1967092,615394,0.7617048
3,19987902,11301515,8686387,1832174,579291,2349709,61756,0.02560933,1721502,671265,0.7194608
