pid,execution_cycles,compute_cycles,idle_cycles,loads,stores,hit_count,miss_count,miss_rate,private,shared,private_rate
0,21798744,11337782,10460962,1832392,744111,2496862,79641,0.0309105,2062700,458219,0.8182334
1,20879311,11290799,9588512,1821846,585998,2335312,72532,0.03012321,1916442,444533,0.8117163
2,22214300,11337671,10876629,1838008,766181,2520629,83560,0.03208676,2109499,436222,0.828645
3,20962057,11301515,9660542,1832174,579291,2338242,73223,0.03036453,1890599,472514,0.800046
