pid,execution_cycles,compute_cycles,idle_cycles,loads,stores,hit_count,miss_count,miss_rate,private,shared,private_rate
0,16037736,11337782,4699954,1832392,744111,2555054,21449,0.00832485,2006857,564663,0.7804166
1,15940696,11290799,4649897,1821846,585998,2385197,22647,0.00940551,1906631,496106,0.7935246
2,16156292,11337671,4818621,1838008,766181,2581821,22368,0.008589238,2022284,574137,0.7788737
3,15970774,11301515,4669259,1832174,579291,2388659,22806,0.009457322,1865075,539998,0.7754754
