pid,execution_cycles,compute_cycles,idle_cycles,loads,stores,hit_count,miss_count,miss_rate,private,shared,private_rate
0,17714049,11337782,6376267,1832392,744111,2536199,40304,0.01564291,2028473,530400,0.7927212
1,17388365,11290799,6097566,1821846,585998,2368214,39630,0.01645871,1890758,499527,0.7910178
2,17724629,11337671,6386958,1838008,766181,2563286,40903,0.01570662,2063400,520329,0.7986132
3,17314832,11301515,6013317,1832174,579291,2372193,39272,0.01628554,1883737,510161,0.7868911
