pid,execution_cycles,compute_cycles,idle_cycles,loads,stores,hit_count,miss_count,miss_rate,private,shared,private_rate
0,114681174,11337782,103343392,1832392,744111,1558644,1017859,0.3950545,2248673,83152,0.9643404
1,107361004,11290799,96070205,1821846,585998,1461729,946115,0.3929304,2107823,85530,0.9610049
2,115236248,11337671,103898577,1838008,766181,1581001,1023188,0.3929008,2277329,78775,0.9665656
3,107342914,11301515,96041399,1832174,579291,1465675,945790,0.3922056,2107502,88804,0.9595667
