pid,execution_cycles,compute_cycles,idle_cycles,loads,stores,hit_count,miss_count,miss_rate,private,shared,private_rate
0,21439504,11337782,10101722,1832392,744111,2506177,70326,0.02729514,2006922,524460,0.7928167
1,20592959,11290799,9302160,1821846,585998,2342393,65451,0.02718241,1880812,485804,0.7947263
2,21416529,11337671,10078858,1838008,766181,2534318,69871,0.02683023,2046217,511048,0.8001584
3,20636012,11301515,9334497,1832174,579291,2344756,66709,0.02766327,1826094,541212,0.7713806
