pid,execution_cycles,compute_cycles,idle_cycles,loads,stores,hit_count,miss_count,miss_rate,private,shared,private_rate
0,84008427,11337782,72670645,1832392,744111,1868473,708030,0.2748027,2023206,255023,0.8880609
1,66489819,11290799,55199020,1821846,585998,1874584,533260,0.2214678,1928930,261142,0.880761
2,85814968,11337671,74477297,1838008,766181,1878185,726004,0.2787831,2066987,226921,0.9010767
3,65854830,11301515,54553315,1832174,579291,1884775,526690,0.2184108,1924019,274296,0.8752244
