pid,execution_cycles,compute_cycles,idle_cycles,loads,stores,hit_count,miss_count,miss_rate,private,shared,private_rate
0,17330743,11337782,5992961,1832392,744111,2539761,36742,0.01426041,1968064,598178,0.7669051
1,16902925,11290799,5612126,1821846,585998,2372910,34934,0.01450841,1907485,491352,0.7951707
2,17278112,11337671,5940441,1838008,766181,2567413,36776,0.01412186,2018235,574674,0.7783671
3,16945642,11301515,5644127,1832174,579291,2375927,35538,0.0147371,1877246,524488,0.7816211
