pid,execution_cycles,compute_cycles,idle_cycles,loads,stores,hit_count,miss_count,miss_rate,private,shared,private_rate
0,16184949,11337782,4847167,1832392,744111,2553567,22936,0.008901988,2063359,502911,0.8040304
1,16084147,11290799,4793348,1821846,585998,2383748,24096,0.01000729,1905986,491869,0.7948712
2,16284695,11337671,4947024,1838008,766181,2580524,23665,0.009087282,2075075,515900,0.8008858
3,16110661,11301515,4809146,1832174,579291,2387246,24219,0.01004327,1871224,528646,0.7797189
