pid,execution_cycles,compute_cycles,idle_cycles,loads,stores,hit_count,miss_count,miss_rate,private,shared,private_rate
0,22353936,11337782,11016154,1832392,744111,2491254,85249,0.0330871,2103887,422720,0.8326926
1,20712892,11290799,9422093,1821846,585998,2336993,70851,0.02942508,1949652,415763,0.8242325
2,22902350,11337671,11564679,1838008,766181,2513679,90510,0.03475554,2151266,399963,0.8432273
3,20546455,11301515,9244940,1832174,579291,2342440,69025,0.02862368,1957107,412670,0.8258613
