pid,execution_cycles,compute_cycles,idle_cycles,loads,stores,hit_count,miss_count,miss_rate,private,shared,private_rate
0,18123377,11337782,6785595,1832392,744111,2540068,36435,0.01414126,1852810,706671,0.7239007
1,17553130,11290799,6262331,1821846,585998,2373458,34386,0.01428083,1803688,588542,0.7539777
2,18112679,11337671,6775008,1838008,766181,2567570,36619,0.01406158,1946216,639870,0.752572
3,17538228,11301515,6236713,1832174,579291,2376653,34812,0.01443604,1751853,643020,0.7315014
