pid,execution_cycles,compute_cycles,idle_cycles,loads,stores,hit_count,miss_count,miss_rate,private,shared,private_rate
0,15427302,11337782,4089520,1832392,744111,2561220,15283,0.005931683,2032277,540870,0.7898021
1,14801800,11290799,3511001,1821846,585998,2396701,11143,0.004627792,1914393,490910,0.7959051
2,15170054,11337671,3832383,1838008,766181,2591783,12406,0.004763863,2067423,532686,0.7951294
3,14885338,11301515,3583823,1832174,579291,2399623,11842,0.004910708,1873845,534311,0.7781244
