pid,execution_cycles,compute_cycles,idle_cycles,loads,stores,hit_count,miss_count,miss_rate,private,shared,private_rate
0,21032052,11337782,9694270,1832392,744111,2509449,67054,0.0260252,1863025,680185,0.7325486
1,20269962,11290799,8979163,1821846,585998,2344981,62863,0.02610759,1811348,566845,0.7616489
2,20960996,11337671,9623325,1838008,766181,2537340,66849,0.0256698,1992084,578876,0.7748405
3,20295005,11301515,8993490,1832174,579291,2347409,64056,0.02656311,1777883,602489,0.7468929
