pid,execution_cycles,compute_cycles,idle_cycles,loads,stores,hit_count,miss_count,miss_rate,private,shared,private_rate
0,16727073,11337782,5389291,1832392,744111,2548091,28412,0.01102735,2086282,475394,0.8144207
1,16549645,11290799,5258846,1821846,585998,2379046,28798,0.01196008,1920090,474432,0.8018678
2,17023433,11337671,5685762,1838008,766181,2573062,31127,0.01195267,2118589,469614,0.818556
3,16519729,11301515,5218214,1832174,579291,2383114,28351,0.01175675,1919391,478664,0.8003949
