pid,execution_cycles,compute_cycles,idle_cycles,loads,stores,hit_count,miss_count,miss_rate,private,shared,private_rate
0,54400632,11337782,43062850,1832392,744111,2167550,408953,0.1587241,2144360,315766,0.8716464
1,43361914,11290799,32071115,1821846,585998,2108215,299629,0.1244387,1999348,320845,0.8617162
2,54432068,11337671,43094397,1838008,766181,2195197,408992,0.1570516,2183871,301301,0.8787605
3,42895408,11301515,31593893,1832174,579291,2116693,294772,0.1222377,1996386,328270,0.8587877
