pid,execution_cycles,compute_cycles,idle_cycles,loads,stores,hit_count,miss_count,miss_rate,private,shared,private_rate
0,16775962,11337782,5438180,1832392,744111,2554771,21732,0.008434688,1926366,641379,0.750217
1,16263623,11290799,4972824,1821846,585998,2387395,20449,0.00849266,1795747,603721,0.7483938
2,16786646,11337671,5448975,1838008,766181,2582231,21958,0.0084318,1968792,624355,0.7592288
3,16266764,11301515,4965249,1832174,579291,2390742,20723,0.008593531,1734736,667179,0.7222304
