pid,execution_cycles,compute_cycles,idle_cycles,loads,stores,hit_count,miss_count,miss_rate,private,shared,private_rate
0,25198006,11337782,13860224,1832392,744111,2468473,108030,0.04192892,2067229,433025,0.8268076
1,24315580,11290799,13024781,1821846,585998,2304621,103223,0.04286947,1906706,429724,0.8160767
2,25951886,11337671,14614215,1838008,766181,2489024,115165,0.04422298,2119152,403522,0.840042
3,24158515,11301515,12857000,1832174,579291,2309940,101525,0.04210096,1901116,439977,0.8120634
