pid,execution_cycles,compute_cycles,idle_cycles,loads,stores,hit_count,miss_count,miss_rate,private,shared,private_rate
0,26048418,11337782,14710636,1832392,744111,2453936,122567,0.04757107,1971736,545482,0.7832997
1,25008997,11290799,13718198,1821846,585998,2293598,114246,0.04744743,1938017,417152,0.8228781
2,25901555,11337671,14563884,1838008,766181,2483384,120805,0.04638872,2015428,526820,0.792774
3,25288357,11301515,13986842,1832174,579291,2294542,116923,0.04848629,1890450,462252,0.8035229
