pid,execution_cycles,compute_cycles,idle_cycles,loads,stores,hit_count,miss_count,miss_rate,private,shared,private_rate
0,21661371,11337782,10323589,1832392,744111,2502596,73907,0.028685,2054905,482064,0.8099843
1,20455708,11290799,9164909,1821846,585998,2343044,64800,0.02691204,1915092,457535,0.807161
2,21625227,11337671,10287556,1838008,766181,2530772,73417,0.02819189,2074770,487181,0.8098398
3,20657839,11301515,9356324,1832174,579291,2344518,66947,0.02776196,1858923,514744,0.783144
