pid,execution_cycles,compute_cycles,idle_cycles,loads,stores,hit_count,miss_count,miss_rate,private,shared,private_rate
0,15466011,11337782,4128229,1832392,744111,2560829,15674,0.006083439,2053755,517775,0.798651
1,15337192,11290799,4046393,1821846,585998,2391293,16551,0.006873784,1908207,495091,0.7939952
2,15503189,11337671,4165518,1838008,766181,2588418,15771,0.006056012,2073136,524281,0.7981529
3,15363310,11301515,4061795,1832174,579291,2394795,16670,0.00691281,1877979,527490,0.7807122
