pid,execution_cycles,compute_cycles,idle_cycles,loads,stores,hit_count,miss_count,miss_rate,private,shared,private_rate
0,20598864,11337782,9261082,1832392,744111,2508982,67521,0.02620645,2017118,537639,0.7895538
1,19906636,11290799,8615837,1821846,585998,2345137,62707,0.0260428,1929184,458107,0.8081059
2,20684453,11337671,9346782,1838008,766181,2536082,68107,0.02615286,2058921,516492,0.7994527
3,20066602,11301515,8765087,1832174,579291,2347287,64178,0.0266137,1891761,498476,0.7914533
