pid,execution_cycles,compute_cycles,idle_cycles,loads,stores,hit_count,miss_count,miss_rate,private,shared,private_rate
0,168276966,11337782,156939184,1832392,744111,1017284,1559219,0.6051687,2219031,2918,0.9986867
1,168333079,11290799,157042280,1821846,585998,845880,1561964,0.6486982,2078935,2975,0.998571
2,169151585,11337671,157813914,1838008,766181,1036414,1567775,0.6020204,2239241,2878,0.9987164
3,169085803,11301515,157784288,1832174,579291,842040,1569425,0.6508181,2080417,2724,0.9986924
