pid,execution_cycles,compute_cycles,idle_cycles,loads,stores,hit_count,miss_count,miss_rate,private,shared,private_rate
0,25168406,11337782,13830624,1832392,744111,2468714,107789,0.04183539,2069701,430954,0.8276636
1,24303938,11290799,13013139,1821846,585998,2304712,103132,0.04283168,1907940,428739,0.8165178
2,25967334,11337671,14629663,1838008,766181,2488806,115383,0.04430669,2122612,400088,0.8414048
3,24132761,11301515,12831246,1832174,579291,2310283,101182,0.04195873,1902223,439374,0.8123614
