pid,execution_cycles,compute_cycles,idle_cycles,loads,stores,hit_count,miss_count,miss_rate,private,shared,private_rate
0,18906226,11337782,7568444,1832392,744111,2524900,51603,0.02002831,2041385,507044,0.8010366
1,18197904,11290799,6907105,1821846,585998,2360949,46895,0.01947593,1894091,487403,0.7953373
2,18686964,11337671,7349293,1838008,766181,2555001,49188,0.01888803,2100598,475704,0.8153539
3,17982899,11301515,6681384,1832174,579291,2366912,44553,0.01847549,1897158,490233,0.7946574
