pid,execution_cycles,compute_cycles,idle_cycles,loads,stores,hit_count,miss_count,miss_rate,private,shared,private_rate
0,15022330,11337782,3684548,1832392,744111,2574046,2457,0.0009536181,1881724,693831,0.7306091
1,14624026,11290799,3333227,1821846,585998,2405542,2302,0.000956042,1804677,602334,0.7497585
2,15336838,11337671,3999167,1838008,766181,2601651,2538,0.0009745836,1788027,814699,0.6869824
3,14894589,11301515,3593074,1832174,579291,2409111,2354,0.0009761701,1623091,787112,0.673425
