pid,execution_cycles,compute_cycles,idle_cycles,loads,stores,hit_count,miss_count,miss_rate,private,shared,private_rate
0,26479139,11337782,15141357,1832392,744111,2448025,128478,0.04986526,2027775,455646,0.8165249
1,25298634,11290799,14007835,1821846,585998,2289455,118389,0.04916805,1912639,413961,0.8220747
2,26336585,11337671,14998914,1838008,766181,2478106,126083,0.04841546,2088033,427224,0.830147
3,25523514,11301515,14221999,1832174,579291,2290283,121182,0.05025244,1868719,457504,0.8033275
