pid,execution_cycles,compute_cycles,idle_cycles,loads,stores,hit_count,miss_count,miss_rate,private,shared,private_rate
0,21039673,11337782,9701891,1832392,744111,2509364,67139,0.02605819,1857944,685242,0.7305577
1,20264228,11290799,8973429,1821846,585998,2344998,62846,0.02610053,1814478,563648,0.7629865
2,20953582,11337671,9615911,1838008,766181,2537415,66774,0.025641,1974322,596708,0.7679109
3,20290498,11301515,8988983,1832174,579291,2347430,64035,0.0265544,1774702,605652,0.7455622
