pid,execution_cycles,compute_cycles,idle_cycles,loads,stores,hit_count,miss_count,miss_rate,private,shared,private_rate
0,83334372,11337782,71996590,1832392,744111,1855324,721179,0.2799061,2198270,197052,0.9177347
1,73399021,11290799,62108222,1821846,585998,1784839,623005,0.2587398,2058135,202970,0.9102342
2,84340694,11337671,73003023,1838008,766181,1873356,730833,0.2806375,2238706,182146,0.9247595
3,73295070,11301515,61993555,1832174,579291,1789068,622397,0.2580991,2056179,209168,0.9076662
