pid,execution_cycles,compute_cycles,idle_cycles,loads,stores,hit_count,miss_count,miss_rate,private,shared,private_rate
0,91031919,11337782,79694137,1832392,744111,1797537,778966,0.3023346,2226049,183520,0.923837
1,81895684,11290799,70604885,1821846,585998,1718985,688859,0.2860895,2096319,182686,0.9198396
2,91357286,11337671,80019615,1838008,766181,1822215,781974,0.3002754,2252877,179197,0.9263193
3,81877945,11301515,70576430,1832174,579291,1722930,688535,0.2855256,2094538,186933,0.9180647
