pid,execution_cycles,compute_cycles,idle_cycles,loads,stores,hit_count,miss_count,miss_rate,private,shared,private_rate
0,16041696,11337782,4703914,1832392,744111,2555014,21489,0.008340375,2006806,564677,0.780408
1,15945547,11290799,4654748,1821846,585998,2385148,22696,0.00942586,1906735,496030,0.7935587
2,16159856,11337671,4822185,1838008,766181,2581785,22404,0.008603062,2022300,574054,0.7788999
3,15972556,11301515,4671041,1832174,579291,2388641,22824,0.009464786,1865084,540025,0.7754676
