pid,execution_cycles,compute_cycles,idle_cycles,loads,stores,hit_count,miss_count,miss_rate,private,shared,private_rate
0,26558074,11337782,15220292,1832392,744111,2452764,123739,0.04802595,1962400,538358,0.7847221
1,25394194,11290799,14103395,1821846,585998,2292785,115059,0.04778507,1847567,491531,0.789863
2,26245066,11337671,14907395,1838008,766181,2482478,121711,0.04673662,2052282,478619,0.8108899
3,25461773,11301515,14160258,1832174,579291,2293741,117724,0.04881846,1807188,533356,0.7721231
