pid,execution_cycles,compute_cycles,idle_cycles,loads,stores,hit_count,miss_count,miss_rate,private,shared,private_rate
0,25095513,11337782,13757731,1832392,744111,2457559,118944,0.0461649,1992081,550472,0.7834964
1,24120087,11290799,12829288,1821846,585998,2297016,110828,0.0460279,1951702,429119,0.8197601
2,24856577,11337671,13518906,1838008,766181,2486978,117211,0.04500864,2048366,523419,0.7964764
3,24342611,11301515,13041096,1832174,579291,2297944,113521,0.04707553,1913328,468507,0.8033
