pid,execution_cycles,compute_cycles,idle_cycles,loads,stores,hit_count,miss_count,miss_rate,private,shared,private_rate
0,115667696,11337782,104329914,1832392,744111,1607072,969431,0.3762584,2332638,47192,0.98017
1,109052576,11290799,97761777,1821846,585998,1509566,898278,0.3730632,2196053,52760,0.9765387
2,116344857,11337671,105007186,1838008,766181,1626846,977343,0.3752965,2358950,45233,0.9811857
3,109193451,11301515,97891936,1832174,579291,1511518,899947,0.3731951,2197069,53580,0.9761935
