pid,execution_cycles,compute_cycles,idle_cycles,loads,stores,hit_count,miss_count,miss_rate,private,shared,private_rate
0,20544916,11337782,9207134,1832392,744111,2509450,67053,0.02602481,2093076,440062,0.8262779
1,20009614,11290799,8718815,1821846,585998,2343831,64013,0.02658519,1930818,436813,0.8155063
2,21067102,11337671,9729431,1838008,766181,2532131,72058,0.02767003,2132683,424984,0.8338392
3,19928014,11301515,8626499,1832174,579291,2348351,63114,0.02617247,1928683,443020,0.813206
