pid,execution_cycles,compute_cycles,idle_cycles,loads,stores,hit_count,miss_count,miss_rate,private,shared,private_rate
0,15144441,11337782,3806659,1832392,744111,2567027,9476,0.003677853,2047623,526687,0.7954065
1,15085204,11290799,3794405,1821846,585998,2398085,9759,0.004053003,1912902,493119,0.7950479
2,15258218,11337671,3920547,1838008,766181,2594575,9614,0.003691744,2056832,544176,0.7907827
3,15185017,11301515,3883502,1832174,579291,2401610,9855,0.004086727,1868941,539842,0.775886
