pid,execution_cycles,compute_cycles,idle_cycles,loads,stores,hit_count,miss_count,miss_rate,private,shared,private_rate
0,73920686,11337782,62582904,1832392,744111,1941028,635475,0.2466424,2122301,223486,0.9047288
1,61098960,11290799,49808161,1821846,585998,1903698,504146,0.2093765,2012982,221140,0.901017
2,74922236,11337671,63584565,1838008,766181,1958603,645586,0.2479029,2154027,212893,0.9100548
3,60854310,11301515,49552795,1832174,579291,1910340,501125,0.2078094,2007784,231890,0.8964626
