pid,execution_cycles,compute_cycles,idle_cycles,loads,stores,hit_count,miss_count,miss_rate,private,shared,private_rate
0,35821968,11337782,24484186,1832392,744111,2396674,179829,0.06979577,2102371,424109,0.8321344
1,28997044,11290799,17706245,1821846,585998,2282895,124949,0.05189248,1949109,422981,0.8216843
2,36657971,11337671,25320300,1838008,766181,2417911,186278,0.07153014,2122356,431218,0.8311316
3,28052064,11301515,16750549,1832174,579291,2290425,121040,0.05019355,1937635,436942,0.8159916
