pid,execution_cycles,compute_cycles,idle_cycles,loads,stores,hit_count,miss_count,miss_rate,private,shared,private_rate
0,20834865,11337782,9497083,1832392,744111,2505311,71192,0.02763125,2040691,490767,0.8061327
1,20122132,11290799,8831333,1821846,585998,2341545,66299,0.02753459,1906484,460210,0.8055473
2,20753321,11337671,9415650,1838008,766181,2533854,70335,0.02700841,2088424,469441,0.8164715
3,20200282,11301515,8898767,1832174,579291,2343695,67770,0.02810325,1872576,495145,0.790877
