pid,execution_cycles,compute_cycles,idle_cycles,loads,stores,hit_count,miss_count,miss_rate,private,shared,private_rate
0,26260674,11337782,14922892,1832392,744111,2451792,124711,0.0484032,2006775,496194,0.8017578
1,25200859,11290799,13910060,1821846,585998,2291660,116184,0.0482523,1925844,415918,0.822391
2,26105297,11337671,14767626,1838008,766181,2481326,122863,0.04717899,2056410,471965,0.8133327
3,25481308,11301515,14179793,1832174,579291,2292593,118872,0.04929452,1876676,461579,0.8025968
