pid,execution_cycles,compute_cycles,idle_cycles,loads,stores,hit_count,miss_count,miss_rate,private,shared,private_rate
0,57678757,11337782,46340975,1832392,744111,2379563,196940,0.07643694,2147536,379118,0.8499525
1,53502017,11290799,42211218,1821846,585998,2251040,156804,0.06512216,1961302,411293,0.8266485
2,68897181,11337671,57559510,1838008,766181,2381629,222560,0.08546231,2165469,390472,0.8472297
3,45113428,11301515,33811913,1832174,579291,2269699,141766,0.05878833,1961798,415945,0.8250673
