pid,execution_cycles,compute_cycles,idle_cycles,loads,stores,hit_count,miss_count,miss_rate,private,shared,private_rate
0,26255922,11337782,14918140,1832392,744111,2451840,124663,0.04838457,2015097,488132,0.8049991
1,25182940,11290799,13892141,1821846,585998,2291841,116003,0.04817712,1925977,415953,0.8223888
2,26094110,11337671,14756439,1838008,766181,2481439,122750,0.0471356,2065723,462932,0.8169256
3,25464082,11301515,14162567,1832174,579291,2292767,118698,0.04922236,1876935,461575,0.80262
