pid,execution_cycles,compute_cycles,idle_cycles,loads,stores,hit_count,miss_count,miss_rate,private,shared,private_rate
0,69978183,11337782,58640401,1832392,744111,2010201,566302,0.2197948,2264521,193817,0.9211593
1,62828977,11290799,51538178,1821846,585998,1911578,496266,0.2061039,2116340,212094,0.9089113
2,69891512,11337671,58553841,1838008,766181,2039041,565148,0.217015,2302592,181895,0.9267877
3,61672639,11301515,50371124,1832174,579291,1927024,484441,0.2008907,2112517,221586,0.9050659
