pid,execution_cycles,compute_cycles,idle_cycles,loads,stores,hit_count,miss_count,miss_rate,private,shared,private_rate
0,99860334,11337782,88522552,1832392,744111,1708336,868167,0.3369556,2076854,181547,0.9196126
1,86158168,11290799,74867369,1821846,585998,1675885,731959,0.3039894,1961970,184656,0.9139785
2,101448864,11337671,90111193,1838008,766181,1720265,883924,0.3394239,2104300,167263,0.9263666
3,86941715,11301515,75640200,1832174,579291,1671752,739713,0.3067484,1969834,184086,0.9145344
