pid,execution_cycles,compute_cycles,idle_cycles,loads,stores,hit_count,miss_count,miss_rate,private,shared,private_rate
0,16385424,11337782,5047642,1832392,744111,2551542,24961,0.009687937,2033660,533545,0.7921689
1,15819322,11290799,4528523,1821846,585998,2386423,21421,0.00889634,1899468,500423,0.7914809
2,16288061,11337671,4950390,1838008,766181,2580490,23699,0.009100338,2080791,514226,0.801841
3,15692485,11301515,4390970,1832174,579291,2391470,19995,0.00829164,1896742,506703,0.7891764
