pid,execution_cycles,compute_cycles,idle_cycles,loads,stores,hit_count,miss_count,miss_rate,private,shared,private_rate
0,17645600,11337782,6307818,1832392,744111,2543990,32513,0.01261904,2101806,463430,0.8193422
1,16845874,11290799,5555075,1821846,585998,2384943,22901,0.009510998,1946484,454066,0.8108492
2,17920650,11337671,6582979,1838008,766181,2569247,34942,0.01341761,2122951,469196,0.8189933
3,16730750,11301515,5429235,1832174,579291,2389339,22126,0.009175335,1942038,462142,0.8077756
