pid,execution_cycles,compute_cycles,idle_cycles,loads,stores,hit_count,miss_count,miss_rate,private,shared,private_rate
0,15451114,11337782,4113332,1832392,744111,2569748,6755,0.002621771,2059478,514905,0.799989
1,15407138,11290799,4116339,1821846,585998,2401003,6841,0.002841131,1912893,493108,0.7950508
2,15551133,11337671,4213462,1838008,766181,2597314,6875,0.002639977,2061590,539768,0.7925053
3,15499167,11301515,4197652,1832174,579291,2404580,6885,0.002855111,1877494,531526,0.7793601
