pid,execution_cycles,compute_cycles,idle_cycles,loads,stores,hit_count,miss_count,miss_rate,private,shared,private_rate
0,37937922,11337782,26600140,1832392,744111,2333840,242663,0.09418308,2066768,356146,0.8530092
1,34409047,11290799,23118248,1821846,585998,2198648,209196,0.08688104,1907038,362217,0.8403807
2,39393968,11337671,28056297,1838008,766181,2347097,257092,0.09872248,2116370,323905,0.867267
3,33986398,11301515,22684883,1832174,579291,2206683,204782,0.08492016,1903721,372036,0.8365221
