pid,execution_cycles,compute_cycles,idle_cycles,loads,stores,hit_count,miss_count,miss_rate,private,shared,private_rate
0,20819535,11337782,9481753,1832392,744111,2506753,69750,0.02707158,2041416,497252,0.8041288
1,20152255,11290799,8861456,1821846,585998,2342656,65188,0.02707318,1920183,453163,0.8090616
2,20796224,11337671,9458553,1838008,766181,2534953,69236,0.0265864,2074891,487432,0.8097695
3,20318755,11301515,9017240,1832174,579291,2344740,66725,0.0276699,1878897,492907,0.7921806
