pid,execution_cycles,compute_cycles,idle_cycles,loads,stores,hit_count,miss_count,miss_rate,private,shared,private_rate
0,17859339,11337782,6521557,1832392,744111,2543328,33175,0.01287598,2087294,469556,0.8163537
1,17419814,11290799,6129015,1821846,585998,2375042,32802,0.01362298,1898000,491941,0.7941619
2,18316214,11337671,6978543,1838008,766181,2566819,37370,0.01434996,2116507,465666,0.8196612
3,17312082,11301515,6010567,1832174,579291,2379911,31554,0.01308499,1871115,522687,0.7816499
