pid,execution_cycles,compute_cycles,idle_cycles,loads,stores,hit_count,miss_count,miss_rate,private,shared,private_rate
0,20463432,11337782,9125650,1832392,744111,2510350,66153,0.0256755,1998007,558914,0.7814113
1,19864462,11290799,8573663,1821846,585998,2345563,62281,0.02586588,1927075,461601,0.8067545
2,20592284,11337671,9254613,1838008,766181,2537013,67176,0.02579536,2031904,544520,0.7886528
3,19983343,11301515,8681828,1832174,579291,2348128,63337,0.02626495,1892398,498657,0.791449
