pid,execution_cycles,compute_cycles,idle_cycles,loads,stores,hit_count,miss_count,miss_rate,private,shared,private_rate
0,32255622,11337782,20917840,1832392,744111,2396720,179783,0.06977791,2030087,414317,0.8305039
1,30941259,11290799,19650460,1821846,585998,2237176,170668,0.07088001,1869016,415382,0.8181657
2,33478556,11337671,22140885,1838008,766181,2412470,191719,0.07361946,2073550,389252,0.8419475
3,30687524,11301515,19386009,1832174,579291,2243279,168186,0.06974433,1868195,421274,0.8159949
