pid,execution_cycles,compute_cycles,idle_cycles,loads,stores,hit_count,miss_count,miss_rate,private,shared,private_rate
0,26477541,11337782,15139759,1832392,744111,2446663,129840,0.05039389,2018769,479322,0.8081247
1,25399463,11290799,14108664,1821846,585998,2286932,120912,0.05021588,1906111,429592,0.8160759
2,26213353,11337671,14875682,1838008,766181,2476798,127391,0.04891772,2069626,457759,0.8188804
3,25389696,11301515,14088181,1832174,579291,2289173,122292,0.05071274,1876425,461907,0.802463
