pid,execution_cycles,compute_cycles,idle_cycles,loads,stores,hit_count,miss_count,miss_rate,private,shared,private_rate
0,21353969,11337782,10016187,1832392,744111,2506866,69637,0.02702772,1997328,535537,0.7885647
1,20541594,11290799,9250795,1821846,585998,2342718,65126,0.02704743,1857515,510515,0.7844136
2,21292916,11337671,9955245,1838008,766181,2535299,68890,0.02645353,2052242,508113,0.8015459
3,20573499,11301515,9271984,1832174,579291,2345137,66328,0.02750527,1809488,560061,0.7636424
