pid,execution_cycles,compute_cycles,idle_cycles,loads,stores,hit_count,miss_count,miss_rate,private,shared,private_rate
0,20302818,11337782,8965036,1832392,744111,2512064,64439,0.02501026,2101812,447996,0.8243021
1,18281407,11290799,6990608,1821846,585998,2362004,45840,0.01903778,1952941,435321,0.8177248
2,20601832,11337671,9264161,1838008,766181,2537013,67176,0.02579536,2147973,428696,0.833624
3,18146097,11301515,6844582,1832174,579291,2367110,44355,0.01839338,1938848,453259,0.8105189
