pid,execution_cycles,compute_cycles,idle_cycles,loads,stores,hit_count,miss_count,miss_rate,private,shared,private_rate
0,15055359,11337782,3717577,1832392,744111,2564977,11526,0.004473505,2045218,527905,0.7948388
1,14869912,11290799,3579113,1821846,585998,2396013,11831,0.004913524,1909179,495634,0.7938992
2,15088379,11337671,3750708,1838008,766181,2592608,11581,0.004447066,2062204,537525,0.7932381
3,14910484,11301515,3608969,1832174,579291,2399369,12096,0.005016038,1878190,529391,0.780115
