pid,execution_cycles,compute_cycles,idle_cycles,loads,stores,hit_count,miss_count,miss_rate,private,shared,private_rate
0,124815322,11337782,113477540,1832392,744111,1456284,1120219,0.4347827,2057872,139398,0.9365585
1,107569926,11290799,96279127,1821846,585998,1459639,948205,0.3937984,1967918,136440,0.9351631
2,126328710,11337671,114991039,1838008,766181,1468959,1135230,0.4359246,2079918,132476,0.940121
3,108677202,11301515,97375687,1832174,579291,1452223,959242,0.3977839,1969751,140105,0.933595
