pid,execution_cycles,compute_cycles,idle_cycles,loads,stores,hit_count,miss_count,miss_rate,private,shared,private_rate
0,18128111,11337782,6790329,1832392,744111,2540058,36445,0.01414514,1856294,703164,0.7252684
1,17551309,11290799,6260510,1821846,585998,2373451,34393,0.01428373,1799270,593023,0.752111
2,18116412,11337671,6778741,1838008,766181,2567548,36641,0.01407002,1963101,623035,0.7590865
3,17541384,11301515,6239869,1832174,579291,2376652,34813,0.01443645,1755307,639547,0.7329495
