pid,execution_cycles,compute_cycles,idle_cycles,loads,stores,hit_count,miss_count,miss_rate,private,shared,private_rate
0,15325403,11337782,3987621,1832392,744111,2570173,6330,0.002456818,2057747,517430,0.7990701
1,15289449,11290799,3998650,1821846,585998,2401322,6522,0.002708647,1914705,492029,0.7955615
2,15437600,11337671,4099929,1838008,766181,2597745,6444,0.002474475,2060717,541440,0.7919265
3,15407910,11301515,4106395,1832174,579291,2404915,6550,0.002716191,1876180,533576,0.7785768
