pid,execution_cycles,compute_cycles,idle_cycles,loads,stores,hit_count,miss_count,miss_rate,private,shared,private_rate
0,22801416,11337782,11463634,1832392,744111,2486734,89769,0.03484141,2099734,447975,0.8241656
1,19716259,11290799,8425460,1821846,585998,2347060,60784,0.02524416,1953003,434374,0.8180539
2,22591094,11337671,11253423,1838008,766181,2516823,87366,0.03354826,2132428,442724,0.8280785
3,19639417,11301515,8337902,1832174,579291,2351602,59863,0.02482433,1941689,448897,0.812223
