pid,execution_cycles,compute_cycles,idle_cycles,loads,stores,hit_count,miss_count,miss_rate,private,shared,private_rate
0,25997954,11337782,14660172,1832392,744111,2451932,124571,0.04834887,2002768,497764,0.8009368
1,24945905,11290799,13655106,1821846,585998,2291742,116102,0.04821824,1909292,430082,0.8161551
2,25682860,11337671,14345189,1838008,766181,2481401,122788,0.04715019,2063050,467733,0.8151825
3,25079294,11301515,13777779,1832174,579291,2292563,118902,0.04930696,1875628,464976,0.8013436
