pid,execution_cycles,compute_cycles,idle_cycles,loads,stores,hit_count,miss_count,miss_rate,private,shared,private_rate
0,16451787,11337782,5114005,1832392,744111,2571741,4762,0.001848242,2020899,554327,0.7847463
1,16049200,11290799,4758401,1821846,585998,2403393,4451,0.001848542,1897222,509585,0.7882734
2,16357526,11337671,5019855,1838008,766181,2599379,4810,0.001847024,2081365,521770,0.7995609
3,15696412,11301515,4394897,1832174,579291,2407325,4140,0.001716799,1912708,497798,0.7934882
