pid,execution_cycles,compute_cycles,idle_cycles,loads,stores,hit_count,miss_count,miss_rate,private,shared,private_rate
0,20842491,11337782,9504709,1832392,744111,2505273,71230,0.027646,2040712,490717,0.8061502
1,20117377,11290799,8826578,1821846,585998,2341554,66290,0.02753085,1906324,460343,0.8054889
2,20762054,11337671,9424383,1838008,766181,2533815,70374,0.02702338,2088324,469512,0.8164417
3,20193766,11301515,8892251,1832174,579291,2343687,67778,0.02810657,1872584,495147,0.790877
