pid,execution_cycles,compute_cycles,idle_cycles,loads,stores,hit_count,miss_count,miss_rate,private,shared,private_rate
0,17693907,11337782,6356125,1832392,744111,2538325,38178,0.01481776,2061574,496311,0.8059682
1,17312638,11290799,6021839,1821846,585998,2371339,36505,0.01516087,1914931,474926,0.8012743
2,17757221,11337671,6419550,1838008,766181,2565650,38539,0.01479885,2079538,501541,0.8056855
3,17396572,11301515,6095057,1832174,579291,2374257,37208,0.01542962,1869135,521544,0.7818427
