pid,execution_cycles,compute_cycles,idle_cycles,loads,stores,hit_count,miss_count,miss_rate,private,shared,private_rate
0,15994293,11337782,4656511,1832392,744111,2563040,13463,0.0052253,1966069,603910,0.7650136
1,15529833,11290799,4239034,1821846,585998,2395302,12542,0.005208809,1881131,520761,0.7831872
2,16086618,11337671,4748947,1838008,766181,2590545,13644,0.005239251,1931884,663956,0.7442231
3,15580604,11301515,4279089,1832174,579291,2398733,12732,0.005279778,1771508,632454,0.7369118
