pid,execution_cycles,compute_cycles,idle_cycles,loads,stores,hit_count,miss_count,miss_rate,private,shared,private_rate
0,26406204,11337782,15068422,1832392,744111,2450322,126181,0.04897374,2036526,458226,0.816324
1,25336984,11290799,14046185,1821846,585998,2290285,117559,0.04882335,1922779,411616,0.8236734
2,26219840,11337671,14882169,1838008,766181,2480169,124020,0.04762327,2086757,434918,0.8275281
3,25623373,11301515,14321858,1832174,579291,2291158,120307,0.04988959,1869626,461087,0.8021691
