pid,execution_cycles,compute_cycles,idle_cycles,loads,stores,hit_count,miss_count,miss_rate,private,shared,private_rate
0,26619450,11337782,15281668,1832392,744111,2448168,128335,0.04980976,2027320,455956,0.8163893
1,25413511,11290799,14122712,1821846,585998,2289512,118332,0.04914438,1917411,409475,0.8240245
2,26432492,11337671,15094821,1838008,766181,2478021,126168,0.0484481,2088051,427033,0.8302112
3,25703464,11301515,14401949,1832174,579291,2290349,121116,0.05022507,1867253,458197,0.8029642
