pid,execution_cycles,compute_cycles,idle_cycles,loads,stores,hit_count,miss_count,miss_rate,private,shared,private_rate
0,21229209,11337782,9891427,1832392,744111,2507739,68764,0.02668889,1960691,575444,0.773102
1,20445400,11290799,9154601,1821846,585998,2343647,64197,0.02666161,1842707,528950,0.7769703
2,21168176,11337671,9830505,1838008,766181,2536047,68142,0.0261663,2047598,516879,0.7984466
3,20463376,11301515,9161861,1832174,579291,2346023,65442,0.02713786,1811401,561910,0.7632379
