pid,execution_cycles,compute_cycles,idle_cycles,loads,stores,hit_count,miss_count,miss_rate,private,shared,private_rate
0,68339436,11337782,57001654,1832392,744111,2026754,549749,0.2133702,2094200,294834,0.8765886
1,59411002,11290799,48120203,1821846,585998,1946103,461741,0.1917653,1948755,311951,0.8620117
2,67292564,11337671,55954893,1838008,766181,2065293,538896,0.2069343,2098579,309687,0.8714066
3,58870642,11301515,47569127,1832174,579291,1955327,456138,0.1891539,1945541,321402,0.8582223
