pid,execution_cycles,compute_cycles,idle_cycles,loads,stores,hit_count,miss_count,miss_rate,private,shared,private_rate
0,16148319,11337782,4810537,1832392,744111,2553937,22566,0.008758383,2047498,520672,0.7972595
1,16047319,11290799,4756520,1821846,585998,2384120,23724,0.009852798,1905559,494121,0.7940888
2,16255985,11337671,4918314,1838008,766181,2580814,23375,0.008975923,2053409,539527,0.7919243
3,16079971,11301515,4778456,1832174,579291,2387556,23909,0.00991472,1863927,537772,0.7760868
