pid,execution_cycles,compute_cycles,idle_cycles,loads,stores,hit_count,miss_count,miss_rate,private,shared,private_rate
0,70072998,11337782,58735216,1832392,744111,1976442,600061,0.2328975,2019419,305618,0.8685535
1,59613154,11290799,48322355,1821846,585998,1921505,486339,0.2019811,1895051,310064,0.8593887
2,70849524,11337671,59511853,1838008,766181,2004741,599448,0.2301861,2042174,297627,0.8727982
3,59979771,11301515,48678256,1832174,579291,1913860,497605,0.2063497,1895138,317560,0.8564829
