pid,execution_cycles,compute_cycles,idle_cycles,loads,stores,hit_count,miss_count,miss_rate,private,shared,private_rate
0,18123222,11337782,6785440,1832392,744111,2540113,36390,0.01412379,1906506,653060,0.7448552
1,17540219,11290799,6249420,1821846,585998,2373382,34462,0.01431239,1796915,595231,0.7511728
2,18127979,11337671,6790308,1838008,766181,2567431,36758,0.01411495,1979634,606162,0.7655801
3,17543993,11301515,6242478,1832174,579291,2376478,34987,0.01450861,1756325,638196,0.7334765
