pid,execution_cycles,compute_cycles,idle_cycles,loads,stores,hit_count,miss_count,miss_rate,private,shared,private_rate
0,18676086,11337782,7338304,1832392,744111,2533861,42642,0.01655034,1960019,593746,0.7675017
1,17965325,11290799,6674526,1821846,585998,2368368,39476,0.01639475,1804499,582554,0.7559526
2,18631012,11337671,7293341,1838008,766181,2562491,41698,0.01601189,2025814,555067,0.7849312
3,17920523,11301515,6619008,1832174,579291,2372605,38860,0.01611469,1802029,588008,0.7539754
