pid,execution_cycles,compute_cycles,idle_cycles,loads,stores,hit_count,miss_count,miss_rate,private,shared,private_rate
0,15932281,11337782,4594499,1832392,744111,2563638,12865,0.004993202,1926284,645213,0.7490905
1,15490376,11290799,4199577,1821846,585998,2395685,12159,0.005049746,1819734,583531,0.7571924
2,16041671,11337671,4704000,1838008,766181,2591064,13125,0.005039957,1925955,671397,0.7415071
3,15543962,11301515,4242447,1832174,579291,2399124,12341,0.005117636,1719712,685660,0.7149464
