pid,execution_cycles,compute_cycles,idle_cycles,loads,stores,hit_count,miss_count,miss_rate,private,shared,private_rate
0,21438595,11337782,10100813,1832392,744111,2506215,70288,0.02728039,2006397,524981,0.7926106
1,20592499,11290799,9301700,1821846,585998,2342401,65443,0.02717909,1868568,498057,0.7895497
2,21414091,11337671,10076420,1838008,766181,2534311,69878,0.02683292,2046548,510765,0.8002728
3,20629121,11301515,9327606,1832174,579291,2344756,66709,0.02766327,1826090,541236,0.7713724
