pid,execution_cycles,compute_cycles,idle_cycles,loads,stores,hit_count,miss_count,miss_rate,private,shared,private_rate
0,16208412,11337782,4870630,1832392,744111,2552910,23593,0.009156985,2058107,507195,0.8022864
1,16027186,11290799,4736387,1821846,585998,2382995,24849,0.01032002,1901037,495692,0.7931798
2,16267109,11337671,4929438,1838008,766181,2579878,24311,0.009335344,2074790,515234,0.8010698
3,16042576,11301515,4741061,1832174,579291,2386501,24964,0.01035221,1871983,527178,0.7802657
