pid,execution_cycles,compute_cycles,idle_cycles,loads,stores,hit_count,miss_count,miss_rate,private,shared,private_rate
0,16267416,11337782,4929634,1832392,744111,2552734,23769,0.009225295,2065177,499094,0.8053661
1,16129984,11290799,4839185,1821846,585998,2383285,24559,0.01019958,1905149,491300,0.7949883
2,16364093,11337671,5026422,1838008,766181,2579722,24467,0.009395247,2077587,511734,0.8023675
3,16152934,11301515,4851419,1832174,579291,2386819,24646,0.01022034,1870747,527728,0.7799735
