pid,execution_cycles,compute_cycles,idle_cycles,loads,stores,hit_count,miss_count,miss_rate,private,shared,private_rate
0,15122700,11337782,3784918,1832392,744111,2567078,9425,0.003658059,2048595,525712,0.795785
1,15075064,11290799,3784265,1821846,585998,2398085,9759,0.004053003,1912804,493214,0.7950082
2,15245465,11337671,3907794,1838008,766181,2594614,9575,0.003676768,2056626,544387,0.7907019
3,15174685,11301515,3873170,1832174,579291,2401634,9831,0.004076775,1868937,539847,0.775884
