pid,execution_cycles,compute_cycles,idle_cycles,loads,stores,hit_count,miss_count,miss_rate,private,shared,private_rate
0,48608936,11337782,37271154,1832392,744111,2225986,350517,0.1360437,2042524,353423,0.8524913
1,43617403,11290799,32326604,1821846,585998,2105520,302324,0.125558,1908556,340394,0.8486431
2,50205242,11337671,38867571,1838008,766181,2237803,366386,0.140691,2094908,317514,0.8683837
3,43315338,11301515,32013823,1832174,579291,2112363,299102,0.1240333,1907901,347985,0.8457435
