pid,execution_cycles,compute_cycles,idle_cycles,loads,stores,hit_count,miss_count,miss_rate,private,shared,private_rate
0,111943547,11337782,100605765,1832392,744111,1586301,990202,0.3843201,2073267,144605,0.9348001
1,89770483,11290799,78479684,1821846,585998,1639436,768408,0.319127,2005880,137718,0.9357538
2,113313371,11337671,101975700,1838008,766181,1600428,1003761,0.3854409,2106148,127316,0.9429962
3,89592208,11301515,78290693,1832174,579291,1644997,766468,0.3178433,1998393,154106,0.928406
