pid,execution_cycles,compute_cycles,idle_cycles,loads,stores,hit_count,miss_count,miss_rate,private,shared,private_rate
0,43493877,11337782,32156095,1832392,744111,2280877,295626,0.1147392,2065716,348036,0.8558112
1,40014266,11290799,28723467,1821846,585998,2144292,263552,0.1094556,1919212,343155,0.8483204
2,44958755,11337671,33621084,1838008,766181,2294196,309993,0.1190363,2118327,312425,0.8714698
3,39688001,11301515,28386486,1832174,579291,2151264,260201,0.1079016,1919214,349852,0.8458167
