pid,execution_cycles,compute_cycles,idle_cycles,loads,stores,hit_count,miss_count,miss_rate,private,shared,private_rate
0,58267077,11337782,46929295,1832392,744111,2128495,448008,0.1738822,2144203,337105,0.8641422
1,47715241,11290799,36424442,1821846,585998,2064242,343602,0.1427011,1990859,346098,0.8519023
2,55785695,11337671,44448024,1838008,766181,2181524,422665,0.162302,2180509,327874,0.8692887
3,48087166,11301515,36785651,1832174,579291,2064251,347214,0.1439847,1984031,356239,0.8477787
