pid,execution_cycles,compute_cycles,idle_cycles,loads,stores,hit_count,miss_count,miss_rate,private,shared,private_rate
0,16183707,11337782,4845925,1832392,744111,2553085,23418,0.009089064,2057752,508490,0.8018542
1,15995929,11290799,4705130,1821846,585998,2383222,24622,0.01022575,1901231,496350,0.7929788
2,16239254,11337671,4901583,1838008,766181,2579915,24274,0.009321136,2075646,515324,0.8011077
3,16008565,11301515,4707050,1832174,579291,2386710,24755,0.01026554,1873029,527102,0.7803862
