pid,execution_cycles,compute_cycles,idle_cycles,loads,stores,hit_count,miss_count,miss_rate,private,shared,private_rate
0,21094161,11337782,9756379,1832392,744111,2503979,72524,0.02814823,2047581,480016,0.81009
1,20311249,11290799,9020450,1821846,585998,2341050,66794,0.02774017,1917837,447699,0.810741
2,21098966,11337671,9761295,1838008,766181,2531895,72294,0.02776066,2088373,466228,0.8174948
3,20472403,11301515,9170888,1832174,579291,2343188,68277,0.02831349,1876604,488835,0.7933428
