pid,execution_cycles,compute_cycles,idle_cycles,loads,stores,hit_count,miss_count,miss_rate,private,shared,private_rate
0,21241920,11337782,9904138,1832392,744111,2502062,74441,0.02889226,2065697,471080,0.8142998
1,20105113,11290799,8814314,1821846,585998,2342582,65262,0.02710392,1922501,449959,0.8103407
2,21194063,11337671,9856392,1838008,766181,2530172,74017,0.02842228,2097820,464073,0.8188554
3,20313788,11301515,9012273,1832174,579291,2343889,67576,0.0280228,1893084,480580,0.7975366
