pid,execution_cycles,compute_cycles,idle_cycles,loads,stores,hit_count,miss_count,miss_rate,private,shared,private_rate
0,26286594,11337782,14948812,1832392,744111,2449732,126771,0.04920274,2032040,458055,0.8160492
1,25181483,11290799,13890684,1821846,585998,2289920,117924,0.04897493,1906398,422611,0.8185447
2,26097038,11337671,14759367,1838008,766181,2479575,124614,0.04785137,2084881,433598,0.8278334
3,25342858,11301515,14041343,1832174,579291,2290699,120766,0.05007993,1864647,464558,0.8005508
