pid,execution_cycles,compute_cycles,idle_cycles,loads,stores,hit_count,miss_count,miss_rate,private,shared,private_rate
0,26656674,11337782,15318892,1832392,744111,2447792,128711,0.0499557,2028887,454354,0.8170319
1,25446280,11290799,14155481,1821846,585998,2289181,118663,0.04928185,1917822,409152,0.8241699
2,26475854,11337671,15138183,1838008,766181,2477583,126606,0.04861629,2088702,426272,0.8305064
3,25734550,11301515,14433035,1832174,579291,2290035,121430,0.05035528,1867827,457382,0.8032942
