pid,execution_cycles,compute_cycles,idle_cycles,loads,stores,hit_count,miss_count,miss_rate,private,shared,private_rate
0,15390474,11337782,4052692,1832392,744111,2561592,14911,0.005787302,2022117,551392,0.7857431
1,15262249,11290799,3971450,1821846,585998,2392050,15794,0.006559395,1905504,499504,0.7923067
2,15428345,11337671,4090674,1838008,766181,2589174,15015,0.005765711,2046358,553186,0.7871988
3,15288565,11301515,3987050,1832174,579291,2395550,15915,0.006599723,1865807,541569,0.7750376
