pid,execution_cycles,compute_cycles,idle_cycles,loads,stores,hit_count,miss_count,miss_rate,private,shared,private_rate
0,151142532,11337782,139804750,1832392,744111,1190358,1386145,0.5379947,2302469,4916,0.9978694
1,151600351,11290799,140309552,1821846,585998,1014896,1392948,0.5785043,2150735,5109,0.9976302
2,151746323,11337671,140408652,1838008,766181,1212224,1391965,0.53451,2326307,4761,0.9979576
3,152448475,11301515,141146960,1832174,579291,1010096,1401369,0.5811277,2151674,4505,0.9979107
