pid,execution_cycles,compute_cycles,idle_cycles,loads,stores,hit_count,miss_count,miss_rate,private,shared,private_rate
0,16538973,11337782,5201191,1832392,744111,2571691,4812,0.001867648,2021772,553456,0.7850847
1,16073422,11290799,4782623,1821846,585998,2403419,4425,0.001837744,1897860,508943,0.7885398
2,16448342,11337671,5110671,1838008,766181,2599339,4850,0.001862384,2081128,521997,0.7994729
3,15714001,11301515,4412486,1832174,579291,2407362,4103,0.001701455,1913536,496963,0.793834
