pid,execution_cycles,compute_cycles,idle_cycles,loads,stores,hit_count,miss_count,miss_rate,private,shared,private_rate
0,45322907,11337782,33985125,1832392,744111,2245937,330566,0.1283003,2121009,341480,0.8613273
1,36560057,11290799,25269258,1821846,585998,2166356,241488,0.1002922,1980591,342225,0.8526681
2,46130553,11337671,34792882,1838008,766181,2265858,338331,0.129918,2161636,325347,0.86918
3,36386484,11301515,25084969,1832174,579291,2173091,238374,0.09885028,1963390,364074,0.8435748
