pid,execution_cycles,compute_cycles,idle_cycles,loads,stores,hit_count,miss_count,miss_rate,private,shared,private_rate
0,26472316,11337782,15134534,1832392,744111,2455097,121406,0.04712046,2082774,411281,0.8350955
1,25114235,11290799,13823436,1821846,585998,2296187,111657,0.04637219,1925505,406976,0.825518
2,27319369,11337671,15981698,1838008,766181,2474776,129413,0.04969417,2139928,376140,0.8505048
3,24896389,11301515,13594874,1832174,579291,2302238,109227,0.04529487,1932292,404867,0.8267696
