pid,execution_cycles,compute_cycles,idle_cycles,loads,stores,hit_count,miss_count,miss_rate,private,shared,private_rate
0,88539968,11337782,77202186,1832392,744111,1797551,778952,0.3023292,2220315,189240,0.9214627
1,79294118,11290799,68003319,1821846,585998,1719152,688692,0.2860202,2089452,189589,0.9168119
2,89147590,11337671,77809919,1838008,766181,1822239,781950,0.3002662,2246579,185485,0.9237335
3,79363718,11301515,68062203,1832174,579291,1723101,688364,0.2854547,2088580,192923,0.9154404
