pid,execution_cycles,compute_cycles,idle_cycles,loads,stores,hit_count,miss_count,miss_rate,private,shared,private_rate
0,135818443,11337782,124480661,1832392,744111,1352773,1223730,0.4749577,2341701,5007,0.9978664
1,129489704,11290799,118198905,1821846,585998,1244420,1163424,0.4831808,2199819,5123,0.9976766
2,136440608,11337671,125102937,1838008,766181,1374499,1229690,0.4721969,2365995,5232,0.9977935
3,130194815,11301515,118893300,1832174,579291,1241113,1170352,0.4853282,2200777,5279,0.997607
