pid,execution_cycles,compute_cycles,idle_cycles,loads,stores,hit_count,miss_count,miss_rate,private,shared,private_rate
0,16724994,11337782,5387212,1832392,744111,2548112,28391,0.0110192,2085878,475805,0.8142608
1,16558852,11290799,5268053,1821846,585998,2378953,28891,0.0119987,1925960,468461,0.8043531
2,17028878,11337671,5691207,1838008,766181,2573007,31182,0.01197379,2118751,469348,0.8186515
3,16516363,11301515,5214848,1832174,579291,2383148,28317,0.01174265,1918192,479797,0.7999169
