pid,execution_cycles,compute_cycles,idle_cycles,loads,stores,hit_count,miss_count,miss_rate,private,shared,private_rate
0,44498855,11337782,33161073,1832392,744111,2267541,308962,0.1199152,2070911,340088,0.8589431
1,40542120,11290799,29251321,1821846,585998,2136629,271215,0.1126381,1922663,338673,0.8502332
2,45974840,11337671,34637169,1838008,766181,2280565,323624,0.1242706,2120276,307296,0.8734143
3,40133948,11301515,28832433,1832174,579291,2144541,266924,0.1106896,1915562,352778,0.8444775
