pid,execution_cycles,compute_cycles,idle_cycles,loads,stores,hit_count,miss_count,miss_rate,private,shared,private_rate
0,62561724,11337782,51223942,1832392,744111,2101499,475004,0.18436,2157375,287305,0.8824775
1,47454382,11290799,36163583,1821846,585998,2080516,327328,0.1359424,2038987,279761,0.8793483
2,63192780,11337671,51855109,1838008,766181,2123339,480850,0.1846448,2198763,271427,0.890119
3,46885087,11301515,35583572,1832174,579291,2090467,320998,0.1331133,2025439,298924,0.8713953
