pid,execution_cycles,compute_cycles,idle_cycles,loads,stores,hit_count,miss_count,miss_rate,private,shared,private_rate
0,17946753,11337782,6608971,1832392,744111,2535771,40732,0.01580902,2067946,482048,0.8109611
1,17411341,11290799,6120542,1821846,585998,2370342,37502,0.01557493,1919104,467091,0.8042528
2,18019472,11337671,6681801,1838008,766181,2563001,41188,0.01581606,2094676,482211,0.8128707
3,17499136,11301515,6197621,1832174,579291,2373221,38244,0.01585924,1869058,518471,0.782842
