pid,execution_cycles,compute_cycles,idle_cycles,loads,stores,hit_count,miss_count,miss_rate,private,shared,private_rate
0,28367592,11337782,17029810,1832392,744111,2430510,145993,0.05666324,2122603,398618,0.8418949
1,24171259,11290799,12880460,1821846,585998,2302060,105784,0.04393308,1965135,399875,0.8309204
2,29250923,11337671,17913252,1838008,766181,2449552,154637,0.0593801,2171702,375821,0.8524759
3,24146689,11301515,12845174,1832174,579291,2306074,105391,0.04370414,1949768,418337,0.8233452
