pid,execution_cycles,compute_cycles,idle_cycles,loads,stores,hit_count,miss_count,miss_rate,private,shared,private_rate
0,20825871,11337782,9488089,1832392,744111,2506689,69814,0.02709642,2051177,487503,0.8079699
1,20157205,11290799,8866406,1821846,585998,2342606,65238,0.02709395,1919682,453683,0.808844
2,20803649,11337671,9465978,1838008,766181,2534878,69311,0.0266152,2084312,477894,0.8134834
3,20316181,11301515,9014666,1832174,579291,2344766,66699,0.02765912,1879267,492654,0.7922975
