pid,execution_cycles,compute_cycles,idle_cycles,loads,stores,hit_count,miss_count,miss_rate,private,shared,private_rate
0,26197405,11337782,14859623,1832392,744111,2450303,126200,0.04898112,2032923,460060,0.815458
1,25116965,11290799,13826166,1821846,585998,2290318,117526,0.04880964,1905002,426962,0.8169088
2,25892926,11337671,14555255,1838008,766181,2480227,123962,0.047601,2092311,431151,0.8291431
3,25252663,11301515,13951148,1832174,579291,2291164,120301,0.0498871,1868920,464240,0.8010252
