pid,execution_cycles,compute_cycles,idle_cycles,loads,stores,hit_count,miss_count,miss_rate,private,shared,private_rate
0,20638800,11337782,9301018,1832392,744111,2506874,69629,0.02702461,2040339,496029,0.8044333
1,19976794,11290799,8685995,1821846,585998,2342627,65217,0.02708523,1905911,465782,0.8036078
2,20531846,11337671,9194175,1838008,766181,2534899,69290,0.02660713,2096484,468000,0.8175071
3,20042719,11301515,8741204,1832174,579291,2344696,66769,0.02768815,1878613,494922,0.7914832
