pid,execution_cycles,compute_cycles,idle_cycles,loads,stores,hit_count,miss_count,miss_rate,private,shared,private_rate
0,50265501,11337782,38927719,1832392,744111,2209319,367184,0.1425125,2178957,300926,0.8786531
1,38329546,11290799,27038747,1821846,585998,2159047,248797,0.1033277,2043067,299033,0.8723227
2,50849159,11337671,39511488,1838008,766181,2231388,372801,0.1431544,2216714,289447,0.8845058
3,37906699,11301515,26605184,1832174,579291,2167084,244381,0.1013413,2033840,312924,0.8666572
