pid,execution_cycles,compute_cycles,idle_cycles,loads,stores,hit_count,miss_count,miss_rate,private,shared,private_rate
0,48615369,11337782,37277587,1832392,744111,2225987,350516,0.1360433,2042677,353271,0.8525548
1,43628323,11290799,32337524,1821846,585998,2105524,302320,0.1255563,1908936,339994,0.8488197
2,50213876,11337671,38876205,1838008,766181,2237805,366384,0.1406902,2095138,317299,0.8684737
3,43323781,11301515,32022266,1832174,579291,2112366,299099,0.1240321,1908087,347798,0.8458264
