pid,execution_cycles,compute_cycles,idle_cycles,loads,stores,hit_count,miss_count,miss_rate,private,shared,private_rate
0,60418644,11337782,49080862,1832392,744111,2106762,469741,0.1823173,2115294,293999,0.8779729
1,53288347,11290799,41997548,1821846,585998,2007948,399896,0.1660805,1976610,294323,0.8703956
2,60737378,11337671,49399707,1838008,766181,2131507,472682,0.1815083,2152646,277720,0.8857291
3,52945393,11301515,41643878,1832174,579291,2015178,396287,0.1643345,1975071,302319,0.867252
