pid,execution_cycles,compute_cycles,idle_cycles,loads,stores,hit_count,miss_count,miss_rate,private,shared,private_rate
0,130523316,11337782,119185534,1832392,744111,1398634,1177869,0.457158,2352346,5472,0.9976792
1,125390443,11290799,114099644,1821846,585998,1279644,1128200,0.4685519,2208962,6430,0.9970976
2,131020547,11337671,119682876,1838008,766181,1421576,1182613,0.4541195,2377156,5936,0.9975091
3,126039073,11301515,114737558,1832174,579291,1276858,1134607,0.4705053,2211152,5465,0.9975345
