pid,execution_cycles,compute_cycles,idle_cycles,loads,stores,hit_count,miss_count,miss_rate,private,shared,private_rate
0,16190592,11337782,4852810,1832392,744111,2553510,22993,0.008924111,2062427,503790,0.8036838
1,16085632,11290799,4794833,1821846,585998,2383733,24111,0.01001352,1906083,491790,0.7949057
2,16288754,11337671,4951083,1838008,766181,2580483,23706,0.009103026,2075036,515916,0.8008778
3,16113730,11301515,4812215,1832174,579291,2387215,24250,0.01005613,1870538,529220,0.7794694
