pid,execution_cycles,compute_cycles,idle_cycles,loads,stores,hit_count,miss_count,miss_rate,private,shared,private_rate
0,16635371,11337782,5297589,1832392,744111,2560558,15945,0.006188621,2076079,492969,0.8081122
1,16328461,11290799,5037662,1821846,585998,2392032,15812,0.006566871,1894620,506526,0.7890482
2,16981742,11337671,5644071,1838008,766181,2585822,18367,0.007052868,2101509,494172,0.8096176
3,16296733,11301515,4995218,1832174,579291,2396129,15336,0.00635962,1864613,540197,0.7753681
