pid,execution_cycles,compute_cycles,idle_cycles,loads,stores,hit_count,miss_count,miss_rate,private,shared,private_rate
0,27408495,11337782,16070713,1832392,744111,2438001,138502,0.05375581,2029133,456969,0.8161906
1,26234239,11290799,14943440,1821846,585998,2278880,128964,0.05355995,1892512,431305,0.814398
2,27010237,11337671,15672566,1838008,766181,2469822,134367,0.05159649,2084182,432506,0.8281448
3,26039743,11301515,14738228,1832174,579291,2283696,127769,0.05298397,1872886,456919,0.803881
