pid,execution_cycles,compute_cycles,idle_cycles,loads,stores,hit_count,miss_count,miss_rate,private,shared,private_rate
0,24637395,11337782,13299613,1832392,744111,2468137,108366,0.04205933,2067483,432768,0.8269102
1,23925775,11290799,12634976,1821846,585998,2304196,103648,0.04304598,1911966,424352,0.8183672
2,25403408,11337671,14065737,1838008,766181,2488353,115836,0.04448064,2122884,399588,0.8415887
3,23756143,11301515,12454628,1832174,579291,2309688,101777,0.04220546,1909709,431488,0.8156977
