pid,execution_cycles,compute_cycles,idle_cycles,loads,stores,hit_count,miss_count,miss_rate,private,shared,private_rate
0,21643730,11337782,10305948,1832392,744111,2504843,71660,0.02781289,2033103,494564,0.8043397
1,20677438,11290799,9386639,1821846,585998,2341690,66154,0.02747437,1894266,471000,0.8008681
2,21678547,11337671,10340876,1838008,766181,2532073,72116,0.02769231,2067964,485152,0.8099765
3,20744571,11301515,9443056,1832174,579291,2344121,67344,0.02792659,1827687,538251,0.7725
