pid,execution_cycles,compute_cycles,idle_cycles,loads,stores,hit_count,miss_count,miss_rate,private,shared,private_rate
0,28802327,11337782,17464545,1832392,744111,2425813,150690,0.05848625,2039021,429219,0.8261032
1,27286091,11290799,15995292,1821846,585998,2269796,138048,0.05733262,1906045,407030,0.8240308
2,28991791,11337671,17654120,1838008,766181,2451716,152473,0.05854913,2079967,414514,0.8338276
3,27419233,11301515,16117718,1832174,579291,2272098,139367,0.0577935,1870670,443071,0.8085045
