pid,execution_cycles,compute_cycles,idle_cycles,loads,stores,hit_count,miss_count,miss_rate,private,shared,private_rate
0,26046834,11337782,14709052,1832392,744111,2453952,122551,0.04756486,1987306,530089,0.7894295
1,25023253,11290799,13732454,1821846,585998,2293454,114390,0.04750723,1937994,417118,0.8228883
2,25904624,11337671,14566953,1838008,766181,2483353,120836,0.04640063,2034047,508181,0.8001041
3,25285882,11301515,13984367,1832174,579291,2294567,116898,0.04847593,1890905,462189,0.8035824
