pid,execution_cycles,compute_cycles,idle_cycles,loads,stores,hit_count,miss_count,miss_rate,private,shared,private_rate
0,19358016,11337782,8020234,1832392,744111,2529873,46630,0.01809817,2100339,454759,0.822019
1,17662967,11290799,6372168,1821846,585998,2374308,33536,0.01392781,1929553,461940,0.8068403
2,19737373,11337671,8399702,1838008,766181,2554316,49873,0.01915107,2135008,446520,0.8270327
3,17608275,11301515,6306760,1832174,579291,2378463,33002,0.01368546,1928404,466733,0.8051331
