pid,execution_cycles,compute_cycles,idle_cycles,loads,stores,hit_count,miss_count,miss_rate,private,shared,private_rate
0,26383379,11337782,15045597,1832392,744111,2454228,122275,0.04745774,2130319,389979,0.8452647
1,23160429,11290799,11869630,1821846,585998,2315293,92551,0.03843729,1970048,392088,0.8340113
2,26941819,11337671,15604148,1838008,766181,2476679,127510,0.04896342,2174849,369880,0.8546486
3,23029738,11301515,11728223,1832174,579291,2320600,90865,0.03768041,1966957,399708,0.8311092
