pid,execution_cycles,compute_cycles,idle_cycles,loads,stores,hit_count,miss_count,miss_rate,private,shared,private_rate
0,16610814,11337782,5273032,1832392,744111,2570648,5855,0.00227246,2040954,533829,0.7926703
1,16130644,11290799,4839845,1821846,585998,2402617,5227,0.002170822,1913414,493075,0.7951061
2,16519457,11337671,5181786,1838008,766181,2598070,6119,0.002349676,2080681,521585,0.7995651
3,15957310,11301515,4655795,1832174,579291,2406379,5086,0.002109091,1912743,497241,0.7936746
