pid,execution_cycles,compute_cycles,idle_cycles,loads,stores,hit_count,miss_count,miss_rate,private,shared,private_rate
0,15488831,11337782,4151049,1832392,744111,2570348,6155,0.002388897,1999060,574290,0.7768318
1,15039726,11290799,3748927,1821846,585998,2402527,5317,0.0022082,1853855,551483,0.7707254
2,15683611,11337671,4345940,1838008,766181,2597725,6464,0.002482155,1992938,607678,0.7663331
3,15179227,11301515,3877712,1832174,579291,2405952,5513,0.002286162,1773380,635228,0.7362676
