pid,execution_cycles,compute_cycles,idle_cycles,loads,stores,hit_count,miss_count,miss_rate,private,shared,private_rate
0,26049606,11337782,14711824,1832392,744111,2453924,122579,0.04757573,1971702,545480,0.7832974
1,25010086,11290799,13719287,1821846,585998,2293587,114257,0.04745199,1938077,417095,0.8229025
2,25902842,11337671,14565171,1838008,766181,2483371,120818,0.04639371,2015415,526821,0.7927726
3,25291030,11301515,13989515,1832174,579291,2294515,116950,0.04849749,1890412,462252,0.8035198
