pid,execution_cycles,compute_cycles,idle_cycles,loads,stores,hit_count,miss_count,miss_rate,private,shared,private_rate
0,26045349,11337782,14707567,1832392,744111,2453967,122536,0.04755904,1971907,545511,0.7833054
1,25006423,11290799,13715624,1821846,585998,2293624,114220,0.04743663,1938198,417042,0.8229301
2,25906307,11337671,14568636,1838008,766181,2483336,120853,0.04640715,2015530,526817,0.7927832
3,25289842,11301515,13988327,1832174,579291,2294527,116938,0.04849251,1890451,462268,0.8035175
