pid,execution_cycles,compute_cycles,idle_cycles,loads,stores,hit_count,miss_count,miss_rate,private,shared,private_rate
0,15493410,11337782,4155628,1832392,744111,2561164,15339,0.005953418,2056180,514418,0.7998839
1,15353831,11290799,4063032,1821846,585998,2392084,15760,0.006545275,1911312,491122,0.7955732
2,15545014,11337671,4207343,1838008,766181,2588775,15414,0.005918925,2072392,524058,0.7981636
3,15403650,11301515,4102135,1832174,579291,2395503,15962,0.006619213,1875445,529075,0.7799665
