pid,execution_cycles,compute_cycles,idle_cycles,loads,stores,hit_count,miss_count,miss_rate,private,shared,private_rate
0,111913689,11337782,100575907,1832392,744111,1540278,1036225,0.4021827,2191920,107955,0.9530605
1,102891642,11290799,91600843,1821846,585998,1459840,948004,0.3937149,2065101,107792,0.9503924
2,113708821,11337671,102371150,1838008,766181,1555360,1048829,0.4027469,2211042,100901,0.9563566
3,103448226,11301515,92146711,1832174,579291,1459981,951484,0.3945668,2065808,108990,0.949885
