pid,execution_cycles,compute_cycles,idle_cycles,loads,stores,hit_count,miss_count,miss_rate,private,shared,private_rate
0,27449763,11337782,16111981,1832392,744111,2439781,136722,0.05306495,2043555,433613,0.8249562
1,26002759,11290799,14711960,1821846,585998,2283560,124284,0.0516163,1917787,404115,0.8259552
2,27697910,11337671,16360239,1838008,766181,2465239,138950,0.05335634,2083444,419634,0.8323528
3,26247271,11301515,14945756,1832174,579291,2284856,126609,0.05250294,1872599,448872,0.8066433
