pid,execution_cycles,compute_cycles,idle_cycles,loads,stores,hit_count,miss_count,miss_rate,private,shared,private_rate
0,20672421,11337782,9334639,1832392,744111,2508239,68264,0.02649483,1975143,570968,0.775749
1,20018506,11290799,8727707,1821846,585998,2344007,63837,0.0265121,1923650,456690,0.8081409
2,20670395,11337671,9332724,1838008,766181,2536224,67965,0.02609834,2003863,565620,0.7798701
3,20182630,11301515,8881115,1832174,579291,2346115,65350,0.02709971,1884178,495049,0.7919286
