pid,execution_cycles,compute_cycles,idle_cycles,loads,stores,hit_count,miss_count,miss_rate,private,shared,private_rate
0,32242650,11337782,20904868,1832392,744111,2391368,185135,0.07185515,2153319,374660,0.8517947
1,22972963,11290799,11682164,1821846,585998,2314164,93680,0.03890617,1990968,386844,0.8373109
2,32628803,11337671,21291132,1838008,766181,2415432,188757,0.07248207,2195126,359711,0.8592039
3,22698319,11301515,11396804,1832174,579291,2320704,90761,0.03763729,1977738,403964,0.8303885
