pid,execution_cycles,compute_cycles,idle_cycles,loads,stores,hit_count,miss_count,miss_rate,private,shared,private_rate
0,22397456,11337782,11059674,1832392,744111,2497034,79469,0.03084374,2056401,463699,0.8159998
1,21239662,11290799,9948863,1821846,585998,2335568,72276,0.03001689,1902243,458372,0.8058252
2,22850966,11337671,11513295,1838008,766181,2520607,83582,0.03209521,2105280,439486,0.8272981
3,21242576,11301515,9941061,1832174,579291,2338846,72619,0.03011406,1851423,510642,0.7838154
