pid,execution_cycles,compute_cycles,idle_cycles,loads,stores,hit_count,miss_count,miss_rate,private,shared,private_rate
0,21221123,11337782,9883341,1832392,744111,2507852,68651,0.02664503,1958750,577518,0.7722961
1,20444732,11290799,9153933,1821846,585998,2343623,64221,0.02667158,1838552,533075,0.7752281
2,21163337,11337671,9825666,1838008,766181,2536004,68185,0.02618282,2047986,516479,0.7986017
3,20466277,11301515,9164762,1832174,579291,2345975,65490,0.02715777,1801253,571990,0.7589838
