pid,execution_cycles,compute_cycles,idle_cycles,loads,stores,hit_count,miss_count,miss_rate,private,shared,private_rate
0,25697789,11337782,14360007,1832392,744111,2458464,118039,0.04581365,1835965,705220,0.7224838
1,24605362,11290799,13314563,1821846,585998,2297835,110009,0.04568776,1792681,584851,0.7540092
2,25527244,11337671,14189573,1838008,766181,2487500,116689,0.04480819,1994015,572495,0.7769364
3,24792718,11301515,13491203,1832174,579291,2298770,112695,0.046733,1749334,629753,0.7352964
