pid,execution_cycles,compute_cycles,idle_cycles,loads,stores,hit_count,miss_count,miss_rate,private,shared,private_rate
0,15267855,11337782,3930073,1832392,744111,2566313,10190,0.003954973,2055782,516977,0.7990574
1,15158881,11290799,3868082,1821846,585998,2397522,10322,0.004286823,1915503,488963,0.7966438
2,15366320,11337671,4028649,1838008,766181,2593825,10364,0.003979742,2062604,536736,0.7935107
3,15248413,11301515,3946898,1832174,579291,2400998,10467,0.004340515,1878649,528527,0.7804369
