pid,execution_cycles,compute_cycles,idle_cycles,loads,stores,hit_count,miss_count,miss_rate,private,shared,private_rate
0,111944481,11337782,100606699,1832392,744111,1586299,990204,0.3843209,2073267,144600,0.9348022
1,89771233,11290799,78480434,1821846,585998,1639434,768410,0.3191278,2006088,137521,0.935846
2,113314298,11337671,101976627,1838008,766181,1600427,1003762,0.3854413,2105973,127497,0.9429153
3,89593213,11301515,78291698,1832174,579291,1644998,766467,0.3178429,1998861,153641,0.9286221
