pid,execution_cycles,compute_cycles,idle_cycles,loads,stores,hit_count,miss_count,miss_rate,private,shared,private_rate
0,20585063,11337782,9247281,1832392,744111,2509017,67486,0.02619287,2095827,437233,0.8273894
1,19995485,11290799,8704686,1821846,585998,2343802,64042,0.02659724,1931098,436640,0.8155877
2,21098760,11337671,9761089,1838008,766181,2531781,72408,0.02780443,2133140,424571,0.8340035
3,19893517,11301515,8592002,1832174,579291,2348514,62951,0.02610488,1928986,443185,0.8131732
