pid,execution_cycles,compute_cycles,idle_cycles,loads,stores,hit_count,miss_count,miss_rate,private,shared,private_rate
0,64552124,11337782,53214342,1832392,744111,2048599,527904,0.2048917,2155144,289489,0.8815818
1,57168312,11290799,45877513,1821846,585998,1949977,457867,0.1901564,2019237,287253,0.8754588
2,66073055,11337671,54735384,1838008,766181,2062603,541586,0.2079672,2188758,279598,0.886727
3,57791609,11301515,46490094,1832174,579291,1948144,463321,0.1921326,2013441,293793,0.8726644
