pid,execution_cycles,compute_cycles,idle_cycles,loads,stores,hit_count,miss_count,miss_rate,private,shared,private_rate
0,17951385,11337782,6613603,1832392,744111,2535343,41160,0.01597514,2070422,479623,0.8119159
1,17372854,11290799,6082055,1821846,585998,2369447,38397,0.01594663,1914617,471418,0.8024262
2,18027550,11337671,6689879,1838008,766181,2562407,41782,0.01604415,2096641,480012,0.8137072
3,17429567,11301515,6128052,1832174,579291,2372324,39141,0.01623121,1872525,514995,0.7842971
