pid,execution_cycles,compute_cycles,idle_cycles,loads,stores,hit_count,miss_count,miss_rate,private,shared,private_rate
0,17463930,11337782,6126148,1832392,744111,2540648,35855,0.01391615,1988509,579453,0.774353
1,17101174,11290799,5810375,1821846,585998,2373475,34369,0.01427377,1914657,484908,0.7979184
2,17554766,11337671,6217095,1838008,766181,2567695,36494,0.01401358,2002851,588530,0.7728894
3,17185405,11301515,5883890,1832174,579291,2376390,35075,0.0145451,1873064,527972,0.7801066
