pid,execution_cycles,compute_cycles,idle_cycles,loads,stores,hit_count,miss_count,miss_rate,private,shared,private_rate
0,17936132,11337782,6598350,1832392,744111,2541481,35022,0.01359284,1802574,763159,0.7025571
1,17379219,11290799,6088420,1821846,585998,2374759,33085,0.01374051,1759327,638545,0.7337035
2,17933879,11337671,6596208,1838008,766181,2568891,35298,0.01355432,1946222,645548,0.7509239
3,17374379,11301515,6072864,1832174,579291,2377988,33477,0.01388243,1700105,700873,0.7080885
