pid,execution_cycles,compute_cycles,idle_cycles,loads,stores,hit_count,miss_count,miss_rate,private,shared,private_rate
0,26515614,11337782,15177832,1832392,744111,2447756,128747,0.04996967,2028578,454658,0.8169091
1,25299012,11290799,14008213,1821846,585998,2289217,118627,0.0492669,1913524,413100,0.8224466
2,26376889,11337671,15039218,1838008,766181,2477566,126623,0.04862282,2088713,426324,0.83049
3,25530175,11301515,14228660,1832174,579291,2290028,121437,0.05035818,1868733,457317,0.8033933
