pid,execution_cycles,compute_cycles,idle_cycles,loads,stores,hit_count,miss_count,miss_rate,private,shared,private_rate
0,15484133,11337782,4146351,1832392,744111,2568525,7978,0.003096445,1937651,635107,0.7531416
1,15074117,11290799,3783318,1821846,585998,2400295,7549,0.00313517,1845486,558911,0.7675463
2,15651984,11337671,4314313,1838008,766181,2596023,8166,0.003135717,1890456,708873,0.7272862
3,15155253,11301515,3853738,1832174,579291,2403824,7641,0.003168613,1737793,669323,0.7219399
