pid,execution_cycles,compute_cycles,idle_cycles,loads,stores,hit_count,miss_count,miss_rate,private,shared,private_rate
0,16188909,11337782,4851127,1832392,744111,2553527,22976,0.008917513,2063176,503045,0.8039744
1,16089493,11290799,4798694,1821846,585998,2383694,24150,0.01002972,1905974,491815,0.7948881
2,16287665,11337671,4949994,1838008,766181,2580494,23695,0.009098802,2075037,515923,0.8008757
3,16115314,11301515,4813799,1832174,579291,2387199,24266,0.01006276,1871619,528250,0.7798838
