pid,execution_cycles,compute_cycles,idle_cycles,loads,stores,hit_count,miss_count,miss_rate,private,shared,private_rate
0,15219700,11337782,3881918,1832392,744111,2571845,4658,0.001807877,1915207,659132,0.7439607
1,14802309,11290799,3511510,1821846,585998,2403536,4308,0.001789152,1830972,574983,0.7610167
2,15413379,11337671,4075708,1838008,766181,2599424,4765,0.001829744,1857233,744102,0.7139538
3,14959118,11301515,3657603,1832174,579291,2407094,4371,0.001812591,1706887,702113,0.7085459
