pid,execution_cycles,compute_cycles,idle_cycles,loads,stores,hit_count,miss_count,miss_rate,private,shared,private_rate
0,16746523,11337782,5408741,1832392,744111,2548101,28402,0.01102347,2087229,474420,0.814799
1,16614456,11290799,5323657,1821846,585998,2379041,28803,0.01196215,1926662,467693,0.8046685
2,17050319,11337671,5712648,1838008,766181,2573000,31189,0.01197647,2117987,470051,0.8183755
3,16564462,11301515,5262947,1832174,579291,2383279,28186,0.01168833,1918722,479226,0.8001516
