pid,execution_cycles,compute_cycles,idle_cycles,loads,stores,hit_count,miss_count,miss_rate,private,shared,private_rate
0,16854654,11337782,5516872,1832392,744111,2554026,22477,0.00872384,1988237,576831,0.7751206
1,16341817,11290799,5051018,1821846,585998,2386628,21216,0.008811202,1851056,545624,0.7723417
2,16878473,11337671,5540802,1838008,766181,2581529,22660,0.008701365,1975278,614716,0.7626574
3,16353100,11301515,5051585,1832174,579291,2389984,21481,0.008907863,1783446,615517,0.7434237
