pid,execution_cycles,compute_cycles,idle_cycles,loads,stores,hit_count,miss_count,miss_rate,private,shared,private_rate
0,15465813,11337782,4128031,1832392,744111,2560831,15672,0.006082663,2052638,518891,0.7982169
1,15338479,11290799,4047680,1821846,585998,2391280,16564,0.006879183,1907876,495417,0.7938591
2,15501605,11337671,4163934,1838008,766181,2588434,15755,0.006049868,2073148,524271,0.7981569
3,15365290,11301515,4063775,1832174,579291,2394775,16690,0.006921104,1876846,528631,0.7802386
