pid,execution_cycles,compute_cycles,idle_cycles,loads,stores,hit_count,miss_count,miss_rate,private,shared,private_rate
0,33043362,11337782,21705580,1832392,744111,2383280,193223,0.07499428,2047758,386179,0.8413357
1,31963945,11290799,20673146,1821846,585998,2223346,184498,0.07662373,1888219,384684,0.8307521
2,34421198,11337671,23083527,1838008,766181,2397327,206862,0.07943433,2094877,356133,0.8546995
3,31663561,11301515,20362046,1832174,579291,2230146,181319,0.07519039,1892385,386723,0.8303183
