pid,execution_cycles,compute_cycles,idle_cycles,loads,stores,hit_count,miss_count,miss_rate,private,shared,private_rate
0,101387415,11337782,90049633,1832392,744111,1693009,883494,0.3429043,2275122,114759,0.9519813
1,92461074,11290799,81170275,1821846,585998,1612379,795465,0.330364,2140591,117554,0.9479422
2,101882568,11337671,90544897,1838008,766181,1715957,888232,0.3410782,2304637,110674,0.9541782
3,92264927,11301515,80963412,1832174,579291,1618136,793329,0.3289822,2139633,122434,0.9458752
