pid,execution_cycles,compute_cycles,idle_cycles,loads,stores,hit_count,miss_count,miss_rate,private,shared,private_rate
0,17812113,11337782,6474331,1832392,744111,2537131,39372,0.01528118,2059308,495307,0.8061129
1,17365603,11290799,6074804,1821846,585998,2370804,37040,0.01538306,1913259,474024,0.8014379
2,17854043,11337671,6516372,1838008,766181,2564672,39517,0.0151744,2081062,497258,0.8071388
3,17450329,11301515,6148814,1832174,579291,2373714,37751,0.0156548,1866941,521150,0.7817713
