pid,execution_cycles,compute_cycles,idle_cycles,loads,stores,hit_count,miss_count,miss_rate,private,shared,private_rate
0,21358654,11337782,10020872,1832392,744111,2506687,69816,0.02709719,1993933,538886,0.7872386
1,20542236,11290799,9251437,1821846,585998,2342646,65198,0.02707734,1853510,514644,0.7826814
2,21303172,11337671,9965501,1838008,766181,2535145,69044,0.02651267,2052436,507826,0.8016508
3,20578772,11301515,9277257,1832174,579291,2345065,66400,0.02753513,1821611,547761,0.768816
