pid,execution_cycles,compute_cycles,idle_cycles,loads,stores,hit_count,miss_count,miss_rate,private,shared,private_rate
0,15768135,11337782,4430353,1832392,744111,2559041,17462,0.006777403,2084177,484584,0.811355
1,15937921,11290799,4647122,1821846,585998,2389114,18730,0.007778743,1925168,475676,0.8018713
2,16046585,11337671,4708914,1838008,766181,2584330,19859,0.007625791,2103816,491563,0.8106007
3,15861607,11301515,4560092,1832174,579291,2393512,17953,0.007444852,1916512,488110,0.7970118
