pid,execution_cycles,compute_cycles,idle_cycles,loads,stores,hit_count,miss_count,miss_rate,private,shared,private_rate
0,17530206,11337782,6192424,1832392,744111,2538464,38039,0.01476381,1964337,595402,0.7673974
1,17097661,11290799,5806862,1821846,585998,2371726,36118,0.01500014,1900762,491591,0.7945157
2,17480836,11337671,6143165,1838008,766181,2566081,38108,0.01463335,2010767,575597,0.7774493
3,17123462,11301515,5821947,1832174,579291,2374703,36762,0.01524467,1873200,522107,0.7820292
