pid,execution_cycles,compute_cycles,idle_cycles,loads,stores,hit_count,miss_count,miss_rate,private,shared,private_rate
0,16907220,11337782,5569438,1832392,744111,2568102,8401,0.003260621,2053905,520123,0.7979342
1,16496581,11290799,5205782,1821846,585998,2401282,6562,0.00272526,1902987,503038,0.7909257
2,16773392,11337671,5435721,1838008,766181,2596849,7340,0.002818536,2062023,539581,0.7925968
3,16489171,11301515,5187656,1832174,579291,2404600,6865,0.002846817,1898235,511119,0.7878606
