pid,execution_cycles,compute_cycles,idle_cycles,loads,stores,hit_count,miss_count,miss_rate,private,shared,private_rate
0,20923782,11337782,9586000,1832392,744111,2505700,70803,0.02748027,2044907,489168,0.8069639
1,20236504,11290799,8945705,1821846,585998,2341805,66039,0.02742661,1919241,450393,0.8099314
2,20860673,11337671,9523002,1838008,766181,2534302,69887,0.02683638,2086095,473095,0.8151388
3,20393104,11301515,9091589,1832174,579291,2343989,67476,0.02798133,1875910,492256,0.7921362
