pid,execution_cycles,compute_cycles,idle_cycles,loads,stores,hit_count,miss_count,miss_rate,private,shared,private_rate
0,18622432,11337782,7284650,1832392,744111,2535573,40930,0.01588587,2030829,521144,0.7957878
1,17900018,11290799,6609219,1821846,585998,2370072,37772,0.01568706,1867752,518291,0.7827822
2,18640656,11337671,7302985,1838008,766181,2562850,41339,0.01587404,2041246,535871,0.7920657
3,17911657,11301515,6610142,1832174,579291,2372939,38526,0.01597618,1811198,576071,0.7586904
