pid,execution_cycles,compute_cycles,idle_cycles,loads,stores,hit_count,miss_count,miss_rate,private,shared,private_rate
0,26463228,11337782,15125446,1832392,744111,2449746,126757,0.0491973,2033035,457252,0.8163858
1,25380445,11290799,14089646,1821846,585998,2289846,117998,0.04900567,1921143,409869,0.8241669
2,26280230,11337671,14942559,1838008,766181,2479559,124630,0.04785751,2083307,434489,0.8274328
3,25670497,11301515,14368982,1832174,579291,2290682,120783,0.05008698,1866330,460821,0.8019806
