pid,execution_cycles,compute_cycles,idle_cycles,loads,stores,hit_count,miss_count,miss_rate,private,shared,private_rate
0,26191754,11337782,14853972,1832392,744111,2450348,126155,0.04896365,2033398,459694,0.8156129
1,25123059,11290799,13832260,1821846,585998,2290328,117516,0.04880549,1904808,427125,0.8168365
2,25896499,11337671,14558828,1838008,766181,2480216,123973,0.04760522,2092033,431297,0.8290763
3,25254574,11301515,13953059,1832174,579291,2291167,120298,0.04988586,1868779,464364,0.8009706
