pid,execution_cycles,compute_cycles,idle_cycles,loads,stores,hit_count,miss_count,miss_rate,private,shared,private_rate
0,17693511,11337782,6355729,1832392,744111,2538329,38174,0.01481621,2061651,496228,0.8060002
1,17313331,11290799,6022532,1821846,585998,2371332,36512,0.01516377,1914876,474972,0.8012543
2,17758013,11337671,6420342,1838008,766181,2565642,38547,0.01480192,2079551,501523,0.8056921
3,17396374,11301515,6094859,1832174,579291,2374259,37206,0.0154288,1869129,521565,0.7818353
