pid,execution_cycles,compute_cycles,idle_cycles,loads,stores,hit_count,miss_count,miss_rate,private,shared,private_rate
0,20902893,11337782,9565111,1832392,744111,2505911,70592,0.02739838,2044828,489350,0.8068999
1,20228980,11290799,8938181,1821846,585998,2341881,65963,0.02739505,1919975,449827,0.8101837
2,20846120,11337671,9508449,1838008,766181,2534449,69740,0.02677993,2086056,473236,0.815091
3,20387461,11301515,9085946,1832174,579291,2344046,67419,0.02795769,1876065,492202,0.7921679
