pid,execution_cycles,compute_cycles,idle_cycles,loads,stores,hit_count,miss_count,miss_rate,private,shared,private_rate
0,19884381,11337782,8546599,1832392,744111,2531151,45352,0.01760215,2105091,459043,0.8209754
1,17411044,11290799,6120245,1821846,585998,2384205,23639,0.009817496,1967327,433559,0.8194171
2,19948157,11337671,8610486,1838008,766181,2555522,48667,0.01868797,2135407,455389,0.8242282
3,17028985,11301515,5727470,1832174,579291,2389506,21959,0.009106083,1959848,444772,0.8150344
