pid,execution_cycles,compute_cycles,idle_cycles,loads,stores,hit_count,miss_count,miss_rate,private,shared,private_rate
0,48644277,11337782,37306495,1832392,744111,2225695,350808,0.1361566,2132346,363294,0.8544285
1,42853747,11290799,31562948,1821846,585998,2113348,294496,0.1223069,1990739,360216,0.8467789
2,51387620,11337671,40049949,1838008,766181,2225949,378240,0.1452429,2167146,357153,0.858514
3,40489015,11301515,29187500,1832174,579291,2141000,270465,0.112158,1981860,373607,0.8413873
