pid,execution_cycles,compute_cycles,idle_cycles,loads,stores,hit_count,miss_count,miss_rate,private,shared,private_rate
0,21640560,11337782,10302778,1832392,744111,2504819,71684,0.02782221,2034124,493260,0.8048338
1,20673415,11290799,9382616,1821846,585998,2341723,66121,0.02746067,1896255,469064,0.801691
2,21668719,11337671,10331048,1838008,766181,2532180,72009,0.02765122,2069208,484255,0.8103536
3,20731018,11301515,9429503,1832174,579291,2344100,67365,0.0279353,1827126,538713,0.7722952
