pid,execution_cycles,compute_cycles,idle_cycles,loads,stores,hit_count,miss_count,miss_rate,private,shared,private_rate
0,26260140,11337782,14922358,1832392,744111,2455081,121422,0.04712667,1868671,645066,0.7433837
1,25109357,11290799,13818558,1821846,585998,2294564,113280,0.04704624,1829264,522427,0.7778505
2,25965302,11337671,14627631,1838008,766181,2484133,120056,0.04610111,1983736,559147,0.780113
3,25215074,11301515,13913559,1832174,579291,2295558,115907,0.04806497,1787128,567014,0.759142
