pid,execution_cycles,compute_cycles,idle_cycles,loads,stores,hit_count,miss_count,miss_rate,private,shared,private_rate
0,24642036,11337782,13304254,1832392,744111,2468074,108429,0.04208379,2065568,434484,0.82621
1,23934394,11290799,12643595,1821846,585998,2304103,103741,0.0430846,1911538,424709,0.8182089
2,25412768,11337671,14075097,1838008,766181,2488261,115928,0.04451597,2122274,400015,0.8414079
3,23763445,11301515,12461930,1832174,579291,2309610,101855,0.04223781,1910838,430210,0.8162319
