pid,execution_cycles,compute_cycles,idle_cycles,loads,stores,hit_count,miss_count,miss_rate,private,shared,private_rate
0,34780897,11337782,23443115,1832392,744111,2448212,128291,0.04979268,2108580,432545,0.8297821
1,29385627,11290799,18094828,1821846,585998,2312484,95360,0.03960389,1939071,443840,0.8137404
2,41684948,11337671,30347277,1838008,766181,2446366,157823,0.06060351,2171337,396096,0.8457229
3,29464461,11301515,18162946,1832174,579291,2312847,98618,0.04089547,1910426,474925,0.8008993
