pid,execution_cycles,compute_cycles,idle_cycles,loads,stores,hit_count,miss_count,miss_rate,private,shared,private_rate
0,16338795,11337782,5001013,1832392,744111,2552013,24490,0.009505132,2067836,495652,0.8066494
1,16140577,11290799,4849778,1821846,585998,2383178,24666,0.01024402,1910603,486063,0.797192
2,16439729,11337671,5102058,1838008,766181,2578958,25231,0.009688621,2086741,502260,0.8060024
3,16178476,11301515,4876961,1832174,579291,2386561,24904,0.01032733,1870638,527313,0.7800985
