pid,execution_cycles,compute_cycles,idle_cycles,loads,stores,hit_count,miss_count,miss_rate,private,shared,private_rate
0,17694699,11337782,6356917,1832392,744111,2538317,38186,0.01482086,2061725,496145,0.806032
1,17310757,11290799,6019958,1821846,585998,2371358,36486,0.01515298,1915085,474764,0.8013414
2,17758013,11337671,6420342,1838008,766181,2565642,38547,0.01480192,2079559,501527,0.8056915
3,17396077,11301515,6094562,1832174,579291,2374262,37203,0.01542755,1869124,521563,0.7818355
