pid,execution_cycles,compute_cycles,idle_cycles,loads,stores,hit_count,miss_count,miss_rate,private,shared,private_rate
0,21692814,11337782,10355032,1832392,744111,2497932,78571,0.03049521,2056773,467768,0.8147117
1,20847235,11290799,9556436,1821846,585998,2335636,72208,0.02998865,1918514,444165,0.8120079
2,21772265,11337671,10434594,1838008,766181,2525094,79095,0.03037222,2092643,457351,0.8206462
3,20974828,11301515,9673313,1832174,579291,2338113,73352,0.03041802,1880131,482773,0.7956866
