pid,execution_cycles,compute_cycles,idle_cycles,loads,stores,hit_count,miss_count,miss_rate,private,shared,private_rate
0,14793207,11337782,3455425,1832392,744111,2567625,8878,0.003445756,2044482,530164,0.7940828
1,14643301,11290799,3352502,1821846,585998,2398302,9542,0.003962881,1902194,503990,0.7905439
2,14810783,11337671,3473112,1838008,766181,2595412,8777,0.003370339,2056958,544706,0.7906317
3,14666350,11301515,3364835,1832174,579291,2401835,9630,0.003993423,1877687,531565,0.7793651
