pid,execution_cycles,compute_cycles,idle_cycles,loads,stores,hit_count,miss_count,miss_rate,private,shared,private_rate
0,15057240,11337782,3719458,1832392,744111,2564958,11545,0.00448088,2045048,527651,0.7949037
1,14916739,11290799,3625940,1821846,585998,2395540,12304,0.005109966,1907772,496621,0.7934527
2,15083627,11337671,3745956,1838008,766181,2592656,11533,0.004428634,2062137,537157,0.793345
3,14953153,11301515,3651638,1832174,579291,2398938,12527,0.005194767,1880213,526928,0.781098
