pid,execution_cycles,compute_cycles,idle_cycles,loads,stores,hit_count,miss_count,miss_rate,private,shared,private_rate
0,61548858,11337782,50211076,1832392,744111,2064017,512486,0.1989076,2055478,293673,0.8749876
1,53951383,11290799,42660584,1821846,585998,1974997,432847,0.1797654,1906154,311602,0.8594967
2,63234788,11337671,51897117,1838008,766181,2077381,526808,0.2022925,2095190,269128,0.886171
3,53554776,11301515,42253261,1832174,579291,1982594,428871,0.1778467,1916954,306886,0.8620018
