pid,execution_cycles,compute_cycles,idle_cycles,loads,stores,hit_count,miss_count,miss_rate,private,shared,private_rate
0,18630531,11337782,7292749,1832392,744111,2528621,47882,0.0185841,2085974,459476,0.8194912
1,18064915,11290799,6774116,1821846,585998,2362576,45268,0.01880022,1906253,475034,0.8005138
2,19018810,11337671,7681139,1838008,766181,2552691,51498,0.01977506,2121125,449469,0.8251498
3,18042924,11301515,6741409,1832174,579291,2366577,44888,0.01861441,1903088,481764,0.79799
