pid,execution_cycles,compute_cycles,idle_cycles,loads,stores,hit_count,miss_count,miss_rate,private,shared,private_rate
0,27071230,11337782,15733448,1832392,744111,2448801,127702,0.04956408,2009497,474514,0.8089727
1,25731021,11290799,14440222,1821846,585998,2290015,117829,0.04893548,1888502,438053,0.811716
2,27026917,11337671,15689246,1838008,766181,2477531,126658,0.04863625,2070337,442623,0.8238639
3,25922167,11301515,14620652,1832174,579291,2290893,120572,0.04999948,1832212,493551,0.7877896
