pid,execution_cycles,compute_cycles,idle_cycles,loads,stores,hit_count,miss_count,miss_rate,private,shared,private_rate
0,16164456,11337782,4826674,1832392,744111,2553774,22729,0.008821647,2056896,511207,0.8009398
1,16040092,11290799,4749293,1821846,585998,2384193,23651,0.00982248,1906288,493643,0.7943095
2,16259450,11337671,4921779,1838008,766181,2580779,23410,0.008989363,2063321,529596,0.7957528
3,16071655,11301515,4770140,1832174,579291,2387640,23825,0.009879886,1861121,540563,0.7749233
