pid,execution_cycles,compute_cycles,idle_cycles,loads,stores,hit_count,miss_count,miss_rate,private,shared,private_rate
0,17755683,11337782,6417901,1832392,744111,2537701,38802,0.01505995,2058104,497670,0.8052762
1,17350060,11290799,6059261,1821846,585998,2370961,36883,0.01531785,1913516,474655,0.8012475
2,17798306,11337671,6460635,1838008,766181,2565235,38954,0.01495821,2079447,500134,0.8061181
3,17433697,11301515,6132182,1832174,579291,2373882,37583,0.01558513,1867690,521330,0.7817808
