pid,execution_cycles,compute_cycles,idle_cycles,loads,stores,hit_count,miss_count,miss_rate,private,shared,private_rate
0,30431607,11337782,19093825,1832392,744111,2409613,166890,0.06477384,2092359,392274,0.8421199
1,26941969,11290799,15651170,1821846,585998,2274006,133838,0.05558417,1946816,382239,0.8358824
2,31346135,11337671,20008464,1838008,766181,2428328,175861,0.06753004,2154723,351718,0.8596743
3,26872123,11301515,15570608,1832174,579291,2278468,132997,0.05515195,1956897,377163,0.838409
