pid,execution_cycles,compute_cycles,idle_cycles,loads,stores,hit_count,miss_count,miss_rate,private,shared,private_rate
0,15703512,11337782,4365730,1832392,744111,2558430,18073,0.007014546,2081778,484950,0.811063
1,15606274,11290799,4315475,1821846,585998,2388575,19269,0.008002595,1913393,486657,0.7972305
2,15874340,11337671,4536669,1838008,766181,2584669,19520,0.007495616,2103075,490637,0.810836
3,15631204,11301515,4329689,1832174,579291,2392089,19376,0.00803495,1890878,512161,0.7868695
