pid,execution_cycles,compute_cycles,idle_cycles,loads,stores,hit_count,miss_count,miss_rate,private,shared,private_rate
0,22331958,11337782,10994176,1832392,744111,2491476,85027,0.03300093,2103590,423115,0.8325428
1,20711902,11290799,9421103,1821846,585998,2337003,70841,0.02942093,1952120,413346,0.8252581
2,22872254,11337671,11534583,1838008,766181,2513983,90206,0.03463881,2151942,399362,0.8434675
3,20542000,11301515,9240485,1832174,579291,2342485,68980,0.02860502,1959577,410283,0.8268746
