pid,execution_cycles,compute_cycles,idle_cycles,loads,stores,hit_count,miss_count,miss_rate,private,shared,private_rate
0,15497139,11337782,4159357,1832392,744111,2561117,15386,0.00597166,2056133,514469,0.7998644
1,15345809,11290799,4055010,1821846,585998,2392126,15718,0.006527832,1911366,491076,0.795593
2,15550585,11337671,4212914,1838008,766181,2588706,15483,0.005945421,2072375,524081,0.7981553
3,15396355,11301515,4094840,1832174,579291,2395532,15933,0.006607187,1875490,529037,0.7799829
