pid,execution_cycles,compute_cycles,idle_cycles,loads,stores,hit_count,miss_count,miss_rate,private,shared,private_rate
0,20076948,11337782,8739166,1832392,744111,2510602,65901,0.02557769,1976288,580948,0.7728219
1,19437181,11290799,8146382,1821846,585998,2346194,61650,0.02560382,1923616,468457,0.8041627
2,19962896,11337671,8625225,1838008,766181,2538753,65436,0.02512721,2028784,556219,0.7848285
3,19548646,11301515,8247131,1832174,579291,2348363,63102,0.0261675,1894086,500142,0.7911051
