pid,execution_cycles,compute_cycles,idle_cycles,loads,stores,hit_count,miss_count,miss_rate,private,shared,private_rate
0,25876623,11337782,14538841,1832392,744111,2455533,120970,0.04695124,2073059,423736,0.830288
1,24793252,11290799,13502453,1821846,585998,2295437,112407,0.04668367,1919068,416797,0.8215663
2,26532488,11337671,15194817,1838008,766181,2476865,127324,0.048892,2130502,389498,0.8454373
3,24663304,11301515,13361789,1832174,579291,2300277,111188,0.04610807,1921987,417575,0.8215157
