pid,execution_cycles,compute_cycles,idle_cycles,loads,stores,hit_count,miss_count,miss_rate,private,shared,private_rate
0,15024669,11337782,3686887,1832392,744111,2565287,11216,0.004353187,2045077,528170,0.7947457
1,14910997,11290799,3620198,1821846,585998,2395598,12246,0.005085878,1906695,498142,0.7928583
2,15056996,11337671,3719325,1838008,766181,2592925,11264,0.004325339,2062154,537693,0.7931828
3,14935630,11301515,3634115,1832174,579291,2399115,12350,0.005121368,1880784,526880,0.7811655
