pid,execution_cycles,compute_cycles,idle_cycles,loads,stores,hit_count,miss_count,miss_rate,private,shared,private_rate
0,32494590,11337782,21156808,1832392,744111,2394072,182431,0.07080566,2105324,421154,0.8333039
1,26333851,11290799,15043052,1821846,585998,2282116,125728,0.05221601,1955534,416571,0.8243876
2,33151076,11337671,21813405,1838008,766181,2415325,188864,0.07252315,2130395,423208,0.8342702
3,25969987,11301515,14668472,1832174,579291,2289584,121881,0.05054231,1947385,427178,0.8201025
