pid,execution_cycles,compute_cycles,idle_cycles,loads,stores,hit_count,miss_count,miss_rate,private,shared,private_rate
0,26035548,11337782,14697766,1832392,744111,2454066,122437,0.04752061,1975098,542268,0.7845891
1,25010680,11290799,13719881,1821846,585998,2293581,114263,0.04745449,1938172,417000,0.8229429
2,25913237,11337671,14575566,1838008,766181,2483266,120923,0.04643403,2024662,517442,0.7964513
3,25294297,11301515,13992782,1832174,579291,2294482,116983,0.04851117,1890452,462191,0.8035439
