pid,execution_cycles,compute_cycles,idle_cycles,loads,stores,hit_count,miss_count,miss_rate,private,shared,private_rate
0,26113659,11337782,14775877,1832392,744111,2453277,123226,0.04782684,2086178,407203,0.8366864
1,24822382,11290799,13531583,1821846,585998,2295483,112361,0.04666457,1928212,404215,0.8266977
2,26934026,11337671,15596355,1838008,766181,2472955,131234,0.05039342,2137926,377660,0.849872
3,24591397,11301515,13289882,1832174,579291,2301582,109883,0.04556691,1934560,402483,0.8277811
