pid,execution_cycles,compute_cycles,idle_cycles,loads,stores,hit_count,miss_count,miss_rate,private,shared,private_rate
0,20909922,11337782,9572140,1832392,744111,2505840,70663,0.02742593,2044868,489244,0.8069367
1,20233138,11290799,8942339,1821846,585998,2341839,66005,0.02741249,1919702,450010,0.8100993
2,20848595,11337671,9510924,1838008,766181,2534424,69765,0.02678953,2086063,473158,0.8151164
3,20389639,11301515,9088124,1832174,579291,2344024,67441,0.02796682,1875935,492264,0.7921357
