pid,execution_cycles,compute_cycles,idle_cycles,loads,stores,hit_count,miss_count,miss_rate,private,shared,private_rate
0,81006029,11337782,69668247,1832392,744111,1855555,720948,0.2798165,2014377,260238,0.8855903
1,63695350,11290799,52404551,1821846,585998,1873886,533958,0.2217577,1916466,269661,0.876649
2,81787833,11337671,70450162,1838008,766181,1878201,725988,0.278777,2045869,244049,0.8934246
3,63016671,11301515,51715156,1832174,579291,1884602,526863,0.2184825,1915935,278351,0.8731473
