pid,execution_cycles,compute_cycles,idle_cycles,loads,stores,hit_count,miss_count,miss_rate,private,shared,private_rate
0,17802058,11337782,6464276,1832392,744111,2535944,40559,0.01574188,2054583,499007,0.8045861
1,17273759,11290799,5982960,1821846,585998,2369996,37848,0.01571863,1905946,480609,0.7986181
2,17787632,11337671,6449961,1838008,766181,2563581,40608,0.01559334,2084680,493849,0.8084765
3,17307891,11301515,6006376,1832174,579291,2372996,38469,0.01595254,1871623,517017,0.7835517
