pid,execution_cycles,compute_cycles,idle_cycles,loads,stores,hit_count,miss_count,miss_rate,private,shared,private_rate
0,43440639,11337782,32102857,1832392,744111,2278257,298246,0.1157561,2071922,341353,0.858552
1,39701191,11290799,28410392,1821846,585998,2145192,262652,0.1090818,1920433,342802,0.8485345
2,44957867,11337671,33620196,1838008,766181,2290896,313293,0.1203035,2116406,313711,0.870907
3,39331111,11301515,28029596,1832174,579291,2152696,258769,0.1073078,1920707,349444,0.8460702
