pid,execution_cycles,compute_cycles,idle_cycles,loads,stores,hit_count,miss_count,miss_rate,private,shared,private_rate
0,53556433,11337782,42218651,1832392,744111,2383211,193292,0.07502107,2141018,379388,0.8494735
1,35601227,11290799,24310428,1821846,585998,2305173,102671,0.04264022,2000791,374759,0.8422433
2,54468676,11337671,43131005,1838008,766181,2406579,197610,0.07588159,2182738,364341,0.8569573
3,35347851,11301515,24046336,1832174,579291,2311084,100381,0.04162656,1984150,395617,0.8337581
