pid,execution_cycles,compute_cycles,idle_cycles,loads,stores,hit_count,miss_count,miss_rate,private,shared,private_rate
0,15434646,11337782,4096864,1832392,744111,2569081,7422,0.002880649,1860413,713731,0.7227307
1,15016223,11290799,3725424,1821846,585998,2400839,7005,0.002909242,1733795,671795,0.7207359
2,15635113,11337671,4297442,1838008,766181,2596425,7764,0.00298135,1871082,729551,0.7194718
3,15148669,11301515,3847154,1832174,579291,2404288,7177,0.002976199,1666405,742145,0.6918706
