pid,execution_cycles,compute_cycles,idle_cycles,loads,stores,hit_count,miss_count,miss_rate,private,shared,private_rate
0,15333567,11337782,3995785,1832392,744111,2570257,6246,0.002424216,2059981,515197,0.7999373
1,15346976,11290799,4056177,1821846,585998,2401361,6483,0.00269245,1914840,491914,0.795611
2,15507570,11337671,4169899,1838008,766181,2597779,6410,0.002461419,2060786,541412,0.7919405
3,15468768,11301515,4167253,1832174,579291,2404937,6528,0.002707068,1873419,536350,0.7774268
