pid,execution_cycles,compute_cycles,idle_cycles,loads,stores,hit_count,miss_count,miss_rate,private,shared,private_rate
0,18846279,11337782,7508497,1832392,744111,2526417,50086,0.01943953,2084497,459730,0.8193046
1,18291259,11290799,7000460,1821846,585998,2360232,47612,0.01977371,1903001,476983,0.7995856
2,19192432,11337671,7854761,1838008,766181,2550929,53260,0.02045166,2119341,450551,0.824681
3,18233432,11301515,6931917,1832174,579291,2364573,46892,0.01944544,1904339,479410,0.798884
