pid,execution_cycles,compute_cycles,idle_cycles,loads,stores,hit_count,miss_count,miss_rate,private,shared,private_rate
0,25680221,11337782,14342439,1832392,744111,2468560,107943,0.04189516,2139726,400607,0.8423014
1,20560404,11290799,9269605,1821846,585998,2346047,61797,0.02566487,1972750,411051,0.8275649
2,26279087,11337671,14941416,1838008,766181,2490811,113378,0.04353678,2189240,376831,0.8531486
3,20434071,11301515,9132556,1832174,579291,2350953,60512,0.02509346,1958402,429269,0.8202143
