pid,execution_cycles,compute_cycles,idle_cycles,loads,stores,hit_count,miss_count,miss_rate,private,shared,private_rate
0,20286468,11337782,8948686,1832392,744111,2513458,63045,0.02446921,2107132,450412,0.8238889
1,17495872,11290799,6205073,1821846,585998,2372917,34927,0.01450551,1952782,442690,0.8151972
2,20413979,11337671,9076308,1838008,766181,2540040,64149,0.024633,2132176,451541,0.8252359
3,17328034,11301515,6026519,1832174,579291,2378323,33142,0.01374351,1944113,455132,0.810302
