pid,execution_cycles,compute_cycles,idle_cycles,loads,stores,hit_count,miss_count,miss_rate,private,shared,private_rate
0,19268927,11337782,7931145,1832392,744111,2528839,47664,0.01849949,2081718,463033,0.8180439
1,18533340,11290799,7242541,1821846,585998,2363086,44758,0.01858841,1887489,492760,0.7929796
2,19689699,11337671,8352028,1838008,766181,2552799,51390,0.01973359,2117071,452718,0.8238307
3,18504396,11301515,7202881,1832174,579291,2367435,44030,0.01825861,1868307,515545,0.7837345
