pid,execution_cycles,compute_cycles,idle_cycles,loads,stores,hit_count,miss_count,miss_rate,private,shared,private_rate
0,24027588,11337782,12689806,1832392,744111,2525287,51216,0.01987811,2128213,433662,0.8307248
1,18116519,11290799,6825720,1821846,585998,2384014,23830,0.009896821,1957097,442498,0.8155947
2,24349829,11337671,13012158,1838008,766181,2550230,53959,0.02072008,2165112,423446,0.8364163
3,17998129,11301515,6696614,1832174,579291,2388205,23260,0.009645589,1949634,453631,0.8112439
