pid,execution_cycles,compute_cycles,idle_cycles,loads,stores,hit_count,miss_count,miss_rate,private,shared,private_rate
0,14998929,11337782,3661147,1832392,744111,2565547,10956,0.004252275,2037146,537192,0.7913281
1,14877436,11290799,3586637,1821846,585998,2395937,11907,0.004945088,1903955,501987,0.7913553
2,15031355,11337671,3693684,1838008,766181,2593184,11005,0.004225884,2056956,544017,0.790841
3,14911078,11301515,3609563,1832174,579291,2399363,12102,0.005018526,1870836,537907,0.7766856
