pid,execution_cycles,compute_cycles,idle_cycles,loads,stores,hit_count,miss_count,miss_rate,private,shared,private_rate
0,49093539,11337782,37755757,1832392,744111,2221157,355346,0.1379179,2031586,352070,0.8522983
1,45361417,11290799,34070618,1821846,585998,2088018,319826,0.1328267,1881843,354982,0.841301
2,51237437,11337671,39899766,1838008,766181,2227466,376723,0.1446604,2084945,317257,0.8679308
3,45014800,11301515,33713285,1832174,579291,2095285,316180,0.1311153,1885883,358489,0.840272
