pid,execution_cycles,compute_cycles,idle_cycles,loads,stores,hit_count,miss_count,miss_rate,private,shared,private_rate
0,24574477,11337782,13236695,1832392,744111,2468259,108244,0.04201198,2066829,454949,0.819592
1,22487320,11290799,11196521,1821846,585998,2318713,89131,0.03701693,1925232,435510,0.8155199
2,24452203,11337671,13114532,1838008,766181,2497256,106933,0.04106192,2104283,443789,0.8258334
3,22761502,11301515,11459987,1832174,579291,2319631,91834,0.03808224,1900123,463523,0.8038949
