pid,execution_cycles,compute_cycles,idle_cycles,loads,stores,hit_count,miss_count,miss_rate,private,shared,private_rate
0,45397739,11337782,34059957,1832392,744111,2374147,202356,0.07853901,2177973,348030,0.8622211
1,31137740,11290799,19846941,1821846,585998,2294317,113527,0.04714882,2006804,368637,0.8448132
2,46550571,11337671,35212900,1838008,766181,2393800,210389,0.08078868,2211455,338791,0.8671536
3,30103122,11301515,18801607,1832174,579291,2302820,108645,0.04505353,1999471,379627,0.8404324
