pid,execution_cycles,compute_cycles,idle_cycles,loads,stores,hit_count,miss_count,miss_rate,private,shared,private_rate
0,26769921,11337782,15432139,1832392,744111,2450966,125537,0.04872379,1993672,499464,0.7996644
1,25569283,11290799,14278484,1821846,585998,2291017,116827,0.04851934,1861548,470399,0.7982806
2,26533969,11337671,15196298,1838008,766181,2480828,123361,0.04737022,2063289,459759,0.8177764
3,25657502,11301515,14355987,1832174,579291,2291942,119523,0.04956448,1812918,519864,0.7771485
