pid,execution_cycles,compute_cycles,idle_cycles,loads,stores,hit_count,miss_count,miss_rate,private,shared,private_rate
0,49397028,11337782,38059246,1832392,744111,2202802,373701,0.1450419,2076820,348929,0.8561562
1,44304488,11290799,33013689,1821846,585998,2081651,326193,0.135471,1932928,349241,0.8469697
2,50663408,11337671,39325737,1838008,766181,2218459,385730,0.148119,2127477,319738,0.8693462
3,44580173,11301515,33278658,1832174,579291,2083477,327988,0.1360119,1927324,359348,0.8428511
