pid,execution_cycles,compute_cycles,idle_cycles,loads,stores,hit_count,miss_count,miss_rate,private,shared,private_rate
0,16059417,11337782,4721635,1832392,744111,2554835,21668,0.008409849,2029135,541722,0.7892835
1,15966040,11290799,4675241,1821846,585998,2384941,22903,0.009511829,1907789,494073,0.7942958
2,16206386,11337671,4868715,1838008,766181,2581315,22874,0.008783541,2044420,550644,0.787811
3,15981367,11301515,4679852,1832174,579291,2388552,22913,0.009501693,1862389,542252,0.7744977
