pid,execution_cycles,compute_cycles,idle_cycles,loads,stores,hit_count,miss_count,miss_rate,private,shared,private_rate
0,20855769,11337782,9517987,1832392,744111,2506387,70116,0.02721363,2095939,436524,0.8276287
1,20135029,11290799,8844230,1821846,585998,2342830,65014,0.02700092,1933982,433844,0.8167754
2,21410618,11337671,10072947,1838008,766181,2528747,75442,0.02896948,2137953,419239,0.8360549
3,20013835,11301515,8712320,1832174,579291,2347820,63645,0.02639267,1936313,435825,0.8162733
