pid,execution_cycles,compute_cycles,idle_cycles,loads,stores,hit_count,miss_count,miss_rate,private,shared,private_rate
0,27137063,11337782,15799281,1832392,744111,2448090,128413,0.04984004,2083723,408947,0.8359402
1,25302240,11290799,14011441,1821846,585998,2294220,113624,0.0471891,1929690,402611,0.8273761
2,27982737,11337671,16645066,1838008,766181,2467702,136487,0.05241056,2139158,375632,0.8506309
3,25129502,11301515,13827987,1832174,579291,2299719,111746,0.04633947,1933495,403380,0.8273849
