pid,execution_cycles,compute_cycles,idle_cycles,loads,stores,hit_count,miss_count,miss_rate,private,shared,private_rate
0,16848538,11337782,5510756,1832392,744111,2554078,22425,0.008703658,1988776,576332,0.7753186
1,16341458,11290799,5050659,1821846,585998,2386643,21201,0.008804972,1850300,546375,0.7720279
2,16872953,11337671,5535282,1838008,766181,2581600,22589,0.008674102,1974309,615744,0.7622659
3,16350516,11301515,5049001,1832174,579291,2389996,21469,0.008902887,1793790,605207,0.747725
