pid,execution_cycles,compute_cycles,idle_cycles,loads,stores,hit_count,miss_count,miss_rate,private,shared,private_rate
0,19014065,11337782,7676283,1832392,744111,2524727,51776,0.02009545,2085204,458086,0.8198845
1,18458801,11290799,7168002,1821846,585998,2358574,49270,0.02046229,1907717,471475,0.801834
2,19345504,11337671,8007833,1838008,766181,2549389,54800,0.02104302,2120278,449083,0.8252161
3,18391281,11301515,7089766,1832174,579291,2362982,48483,0.02010521,1905313,477710,0.7995361
