pid,execution_cycles,compute_cycles,idle_cycles,loads,stores,hit_count,miss_count,miss_rate,private,shared,private_rate
0,82092102,11337782,70754320,1832392,744111,1887788,688715,0.2673061,2180379,221242,0.9078781
1,73205581,11290799,61914782,1821846,585998,1806722,601122,0.2496516,2066541,205421,0.9095843
2,82475069,11337671,71137398,1838008,766181,1911898,692291,0.2658375,2221243,204982,0.915514
3,73073992,11301515,61772477,1832174,579291,1811813,599652,0.2486671,2050915,225714,0.900856
