pid,execution_cycles,compute_cycles,idle_cycles,loads,stores,hit_count,miss_count,miss_rate,private,shared,private_rate
0,15548164,11337782,4210382,1832392,744111,2560366,16137,0.00626314,2064953,503635,0.8039253
1,15415643,11290799,4124844,1821846,585998,2391396,16448,0.006831007,1914032,487465,0.7970162
2,15630342,11337671,4292671,1838008,766181,2587559,16630,0.006385865,2087376,507702,0.8043596
3,15471571,11301515,4170056,1832174,579291,2394712,16753,0.006947229,1879138,524515,0.7817842
