pid,execution_cycles,compute_cycles,idle_cycles,loads,stores,hit_count,miss_count,miss_rate,private,shared,private_rate
0,24629541,11337782,13291759,1832392,744111,2468207,108296,0.04203217,2069503,430807,0.8276986
1,23932060,11290799,12641261,1821846,585998,2304141,103703,0.04306882,1912184,424221,0.81843
2,25405736,11337671,14068065,1838008,766181,2488321,115868,0.04449293,2123252,399212,0.8417373
3,23746666,11301515,12445151,1832174,579291,2309743,101722,0.04218266,1911916,429273,0.8166432
