pid,execution_cycles,compute_cycles,idle_cycles,loads,stores,hit_count,miss_count,miss_rate,private,shared,private_rate
0,21147828,11337782,9810046,1832392,744111,2509602,66901,0.02596581,2092241,440852,0.825963
1,20417207,11290799,9126408,1821846,585998,2344322,63522,0.02638128,1923113,444426,0.8122836
2,21691179,11337671,10353508,1838008,766181,2532256,71933,0.02762204,2123550,434051,0.8302898
3,20359247,11301515,9057732,1832174,579291,2348671,62794,0.02603977,1922269,449341,0.8105334
