pid,execution_cycles,compute_cycles,idle_cycles,loads,stores,hit_count,miss_count,miss_rate,private,shared,private_rate
0,17497392,11337782,6159610,1832392,744111,2540310,36193,0.01404733,1988912,578099,0.7747968
1,17115925,11290799,5825126,1821846,585998,2373326,34518,0.01433565,1914107,484555,0.7979895
2,17566052,11337671,6228381,1838008,766181,2567581,36608,0.01405735,2007805,583540,0.7748119
3,17200552,11301515,5899037,1832174,579291,2376237,35228,0.01460855,1871993,528157,0.7799483
