pid,execution_cycles,compute_cycles,idle_cycles,loads,stores,hit_count,miss_count,miss_rate,private,shared,private_rate
0,15395449,11337782,4057667,1832392,744111,2562231,14272,0.005539291,2026878,546553,0.787617
1,15265727,11290799,3974928,1821846,585998,2393052,14792,0.006143255,1909683,495387,0.7940239
2,15457963,11337671,4120292,1838008,766181,2589824,14365,0.005516113,2047223,552296,0.7875392
3,15316054,11301515,4014539,1832174,579291,2396523,14942,0.006196233,1865406,541921,0.7748868
