pid,execution_cycles,compute_cycles,idle_cycles,loads,stores,hit_count,miss_count,miss_rate,private,shared,private_rate
0,43068696,11337782,31730914,1832392,744111,2282014,294489,0.1142979,2069719,345177,0.8570634
1,39656938,11290799,28366139,1821846,585998,2145639,262205,0.1088962,1926754,337035,0.8511191
2,44523752,11337671,33186081,1838008,766181,2295281,308908,0.1186197,2119225,312754,0.8713994
3,39320914,11301515,28019399,1832174,579291,2152799,258666,0.1072651,1920874,349781,0.8459559
