pid,execution_cycles,compute_cycles,idle_cycles,loads,stores,hit_count,miss_count,miss_rate,private,shared,private_rate
0,86691165,11337782,75353383,1832392,744111,1841383,735120,0.285317,2013304,250000,0.889542
1,68272294,11290799,56981495,1821846,585998,1856595,551249,0.2289388,1929307,256491,0.8826557
2,88575386,11337671,77237715,1838008,766181,1850315,753874,0.2894851,2055970,222623,0.902298
3,67413649,11301515,56112134,1832174,579291,1869034,542431,0.2249384,1923377,271869,0.8761556
