pid,execution_cycles,compute_cycles,idle_cycles,loads,stores,hit_count,miss_count,miss_rate,private,shared,private_rate
0,27608832,11337782,16271050,1832392,744111,2532021,44482,0.01726449,2131250,432458,0.8313154
1,21014715,11290799,9723916,1821846,585998,2385155,22689,0.009422953,1960129,440675,0.8164469
2,28590713,11337671,17253042,1838008,766181,2556086,48103,0.01847139,2174254,416101,0.8393653
3,20519501,11301515,9217986,1832174,579291,2390319,21146,0.008768943,1949251,455223,0.8106767
