pid,execution_cycles,compute_cycles,idle_cycles,loads,stores,hit_count,miss_count,miss_rate,private,shared,private_rate
0,25313052,11337782,13975270,1832392,744111,2467201,109302,0.04242262,2069577,431216,0.8275683
1,24292296,11290799,13001497,1821846,585998,2304771,103073,0.04280718,1909063,428671,0.8166297
2,26088279,11337671,14750608,1838008,766181,2487399,116790,0.04484698,2126986,396204,0.842975
3,24146188,11301515,12844673,1832174,579291,2310128,101337,0.042023,1908738,433594,0.8148879
