pid,execution_cycles,compute_cycles,idle_cycles,loads,stores,hit_count,miss_count,miss_rate,private,shared,private_rate
0,18656187,11337782,7318405,1832392,744111,2528605,47898,0.01859031,2086126,459320,0.8195523
1,18160672,11290799,6869873,1821846,585998,2362773,45071,0.01871841,1907512,474046,0.8009513
2,19041746,11337671,7704075,1838008,766181,2552675,51514,0.01978121,2120716,449891,0.8249865
3,18147982,11301515,6846467,1832174,579291,2366667,44798,0.01857709,1900963,483644,0.7971808
