pid,execution_cycles,compute_cycles,idle_cycles,loads,stores,hit_count,miss_count,miss_rate,private,shared,private_rate
0,15587583,11337782,4249801,1832392,744111,2559601,16902,0.006560054,2050472,519397,0.7978897
1,15326104,11290799,4035305,1821846,585998,2391405,16439,0.00682727,1910484,491427,0.7954017
2,15598526,11337671,4260855,1838008,766181,2587455,16734,0.006425801,2073241,522554,0.7986921
3,15365686,11301515,4064171,1832174,579291,2394771,16694,0.006922763,1876442,527547,0.7805535
