pid,execution_cycles,compute_cycles,idle_cycles,loads,stores,hit_count,miss_count,miss_rate,private,shared,private_rate
0,42108938,11337782,30771156,1832392,744111,2391027,185476,0.0719875,2155151,371610,0.8529303
1,27944397,11290799,16653598,1821846,585998,2313921,93923,0.0390071,2003526,372898,0.8430844
2,42613441,11337671,31275770,1838008,766181,2415092,189097,0.07261263,2196565,356989,0.8601992
3,27520860,11301515,16219345,1832174,579291,2320467,90998,0.03773557,1982390,397877,0.8328435
