pid,execution_cycles,compute_cycles,idle_cycles,loads,stores,hit_count,miss_count,miss_rate,private,shared,private_rate
0,25693404,11337782,14355622,1832392,744111,2457522,118981,0.04617926,2002142,537691,0.7882967
1,24781099,11290799,13490300,1821846,585998,2295900,111944,0.04649138,1948194,423984,0.821268
2,25813940,11337671,14476269,1838008,766181,2484269,119920,0.04604889,2040417,513796,0.7988437
3,24997099,11301515,13695584,1832174,579291,2297484,113981,0.04726629,1908049,467064,0.8033508
