pid,execution_cycles,compute_cycles,idle_cycles,loads,stores,hit_count,miss_count,miss_rate,private,shared,private_rate
0,21702926,11337782,10365144,1832392,744111,2504252,72251,0.02804227,2036718,490292,0.8059794
1,20701406,11290799,9410607,1821846,585998,2341443,66401,0.02757695,1899500,465650,0.8031203
2,21725021,11337671,10387350,1838008,766181,2531730,72459,0.02782402,2071426,481809,0.8112947
3,20776234,11301515,9474719,1832174,579291,2343708,67757,0.02809786,1827871,537659,0.772711
