pid,execution_cycles,compute_cycles,idle_cycles,loads,stores,hit_count,miss_count,miss_rate,private,shared,private_rate
0,16266327,11337782,4928545,1832392,744111,2552745,23758,0.009221026,2063369,501082,0.8046046
1,16124638,11290799,4833839,1821846,585998,2383339,24505,0.01017715,1905495,490995,0.7951191
2,16354688,11337671,5017017,1838008,766181,2579817,24372,0.009358768,2076972,512414,0.8021098
3,16148380,11301515,4846865,1832174,579291,2386865,24600,0.01020127,1870453,527994,0.7798601
