pid,execution_cycles,compute_cycles,idle_cycles,loads,stores,hit_count,miss_count,miss_rate,private,shared,private_rate
0,15375992,11337782,4038210,1832392,744111,2570074,6429,0.002495243,2061399,513287,0.8006409
1,15376741,11290799,4085942,1821846,585998,2401206,6638,0.002756823,1914617,491629,0.7956863
2,15506729,11337671,4169058,1838008,766181,2597646,6543,0.00251249,2059633,542025,0.7916617
3,15479236,11301515,4177721,1832174,579291,2404773,6692,0.002775077,1877303,531962,0.7792015
