pid,execution_cycles,compute_cycles,idle_cycles,loads,stores,hit_count,miss_count,miss_rate,private,shared,private_rate
0,18123107,11337782,6785325,1832392,744111,2540093,36410,0.01413156,1869769,689644,0.730546
1,17548732,11290799,6257933,1821846,585998,2373462,34382,0.01427916,1800013,592298,0.752416
2,18115370,11337671,6777699,1838008,766181,2567509,36680,0.014085,1985861,600207,0.7679075
3,17542306,11301515,6240791,1832174,579291,2376651,34814,0.01443687,1763900,630969,0.736533
