pid,execution_cycles,compute_cycles,idle_cycles,loads,stores,hit_count,miss_count,miss_rate,private,shared,private_rate
0,130948931,11337782,119611149,1832392,744111,1942741,633762,0.2459776,2169946,267976,0.8900802
1,114804276,11290799,103513477,1821846,585998,1895843,512001,0.2126388,2031963,274361,0.8810397
2,128106052,11337671,116768381,1838008,766181,1996620,607569,0.2333045,2196459,269698,0.8906404
3,102466024,11301515,91164509,1832174,579291,1907199,504266,0.2091119,2035863,275306,0.8808802
