pid,execution_cycles,compute_cycles,idle_cycles,loads,stores,hit_count,miss_count,miss_rate,private,shared,private_rate
0,16283850,11337782,4946068,1832392,744111,2552568,23935,0.009289723,2066780,497163,0.8060944
1,16130380,11290799,4839581,1821846,585998,2383281,24563,0.01020124,1907841,488697,0.7960821
2,16391714,11337671,5054043,1838008,766181,2579443,24746,0.009502383,2083644,505593,0.8047328
3,16161448,11301515,4859933,1832174,579291,2386733,24732,0.01025601,1869549,528788,0.7795189
