pid,execution_cycles,compute_cycles,idle_cycles,loads,stores,hit_count,miss_count,miss_rate,private,shared,private_rate
0,25127156,11337782,13789374,1832392,744111,2457586,118917,0.04615442,1992120,550449,0.7835068
1,24082182,11290799,12791383,1821846,585998,2297095,110749,0.04599509,1953492,427645,0.820403
2,24831742,11337671,13494071,1838008,766181,2487043,117146,0.04498368,2048136,523407,0.7964619
3,24352034,11301515,13050519,1832174,579291,2297991,113474,0.04705604,1913243,468536,0.8032832
