pid,execution_cycles,compute_cycles,idle_cycles,loads,stores,hit_count,miss_count,miss_rate,private,shared,private_rate
0,16811030,11337782,5473248,1832392,744111,2554468,22035,0.00855229,1960878,605067,0.7641933
1,16310839,11290799,5020040,1821846,585998,2386951,20893,0.008677057,1832541,565040,0.7643291
2,16829416,11337671,5491745,1838008,766181,2581898,22291,0.008559671,1976399,614748,0.7627506
3,16318477,11301515,5016962,1832174,579291,2390313,21152,0.008771431,1763620,636341,0.7348536
