pid,execution_cycles,compute_cycles,idle_cycles,loads,stores,hit_count,miss_count,miss_rate,private,shared,private_rate
0,17961504,11337782,6623722,1832392,744111,2535622,40881,0.01586686,2069632,480475,0.8115863
1,17415598,11290799,6124799,1821846,585998,2370299,37545,0.01559279,1920064,466128,0.8046561
2,18040658,11337671,6702987,1838008,766181,2562787,41402,0.01589823,2094977,481832,0.8130121
3,17512006,11301515,6210491,1832174,579291,2373091,38374,0.01591315,1868928,518378,0.7828607
