pid,execution_cycles,compute_cycles,idle_cycles,loads,stores,hit_count,miss_count,miss_rate,private,shared,private_rate
0,104896270,11337782,93558488,1832392,744111,1657540,918963,0.3566707,2292219,113396,0.952862
1,96263426,11290799,84972627,1821846,585998,1573955,833889,0.3463219,2170620,107181,0.9529454
2,105485542,11337671,94147871,1838008,766181,1679539,924650,0.3550626,2317496,112037,0.9538854
3,96309160,11301515,85007645,1832174,579291,1577273,834192,0.3459275,2171680,108390,0.952462
