pid,execution_cycles,compute_cycles,idle_cycles,loads,stores,hit_count,miss_count,miss_rate,private,shared,private_rate
0,20903883,11337782,9566101,1832392,744111,2505901,70602,0.02740226,2044781,489429,0.8068712
1,20229178,11290799,8938379,1821846,585998,2341879,65965,0.02739588,1919945,449862,0.8101694
2,20846120,11337671,9508449,1838008,766181,2534449,69740,0.02677993,2086077,473195,0.8151056
3,20387164,11301515,9085649,1832174,579291,2344049,67416,0.02795645,1875994,492273,0.7921379
