pid,execution_cycles,compute_cycles,idle_cycles,loads,stores,hit_count,miss_count,miss_rate,private,shared,private_rate
0,16162971,11337782,4825189,1832392,744111,2553789,22714,0.008815825,2057164,510942,0.8010433
1,16038409,11290799,4747610,1821846,585998,2384210,23634,0.00981542,1906307,493616,0.7943201
2,16258559,11337671,4920888,1838008,766181,2580788,23401,0.008985907,2063575,529355,0.7958468
3,16069675,11301515,4768160,1832174,579291,2387660,23805,0.009871593,1861145,540545,0.7749314
