pid,execution_cycles,compute_cycles,idle_cycles,loads,stores,hit_count,miss_count,miss_rate,private,shared,private_rate
0,25704294,11337782,14366512,1832392,744111,2457412,119091,0.04622195,1998192,547207,0.7850211
1,24685069,11290799,13394270,1821846,585998,2296870,110974,0.04608853,1962530,419748,0.8238039
2,25566341,11337671,14228670,1838008,766181,2486770,117419,0.04508851,2040839,528178,0.7944046
3,24958291,11301515,13656776,1832174,579291,2297876,113589,0.04710373,1916762,463826,0.8051633
