pid,execution_cycles,compute_cycles,idle_cycles,loads,stores,hit_count,miss_count,miss_rate,private,shared,private_rate
0,38949801,11337782,27612019,1832392,744111,2323619,252884,0.09815009,2117509,398333,0.8416701
1,32586952,11290799,21296153,1821846,585998,2217053,190791,0.07923728,1978514,388046,0.8360295
2,40287047,11337671,28949376,1838008,766181,2338076,266113,0.1021865,2143452,399587,0.8428703
3,31887103,11301515,20585588,1832174,579291,2227888,183577,0.07612675,1964973,404855,0.8291627
