pid,execution_cycles,compute_cycles,idle_cycles,loads,stores,hit_count,miss_count,miss_rate,private,shared,private_rate
0,66179022,11337782,54841240,1832392,744111,2048540,527963,0.2049146,2155385,289254,0.8816782
1,59031643,11290799,47740844,1821846,585998,1949872,457972,0.1902,2023955,282524,0.8775085
2,67561466,11337671,56223795,1838008,766181,2062535,541654,0.2079934,2192061,276291,0.8880666
3,59589643,11301515,48288128,1832174,579291,1947992,463473,0.1921956,2015517,291707,0.873568
