pid,execution_cycles,compute_cycles,idle_cycles,loads,stores,hit_count,miss_count,miss_rate,private,shared,private_rate
0,17459079,11337782,6121297,1832392,744111,2540697,35806,0.01389713,1988538,579446,0.7743576
1,17100382,11290799,5809583,1821846,585998,2373483,34361,0.01427044,1914992,484520,0.7980756
2,17557637,11337671,6219966,1838008,766181,2567666,36523,0.01402471,2002798,588563,0.7728749
3,17187484,11301515,5885969,1832174,579291,2376369,35096,0.01455381,1872867,528106,0.780045
