pid,execution_cycles,compute_cycles,idle_cycles,loads,stores,hit_count,miss_count,miss_rate,private,shared,private_rate
0,18242187,11337782,6904405,1832392,744111,2539107,37396,0.01451425,1975071,581078,0.7726744
1,17648296,11290799,6357497,1821846,585998,2372665,35179,0.01461017,1836672,552238,0.7688326
2,18233991,11337671,6896320,1838008,766181,2566753,37436,0.0143753,2030388,552202,0.7861829
3,17638251,11301515,6336736,1832174,579291,2375814,35651,0.01478396,1794450,597019,0.7503547
