pid,execution_cycles,compute_cycles,idle_cycles,loads,stores,hit_count,miss_count,miss_rate,private,shared,private_rate
0,33500286,11337782,22162504,1832392,744111,2383595,192908,0.07487203,2044203,389841,0.8398381
1,32286142,11290799,20995343,1821846,585998,2223107,184737,0.07672299,1879299,393523,0.8268571
2,34884242,11337671,23546571,1838008,766181,2397702,206487,0.07929033,2095484,355668,0.8548976
3,31981649,11301515,20680134,1832174,579291,2230095,181370,0.07521154,1885134,394043,0.8271117
