pid,execution_cycles,compute_cycles,idle_cycles,loads,stores,hit_count,miss_count,miss_rate,private,shared,private_rate
0,17514202,11337782,6176420,1832392,744111,2538252,38251,0.01484609,2009974,549623,0.7852697
1,17085896,11290799,5795097,1821846,585998,2371465,36379,0.01510854,1902698,489411,0.7954061
2,17479540,11337671,6141869,1838008,766181,2565785,38404,0.01474701,2047442,538642,0.7917152
3,17110782,11301515,5809267,1832174,579291,2374375,37090,0.01538069,1874697,520124,0.782813
