pid,execution_cycles,compute_cycles,idle_cycles,loads,stores,hit_count,miss_count,miss_rate,private,shared,private_rate
0,15174987,11337782,3837205,1832392,744111,2573633,2870,0.001113913,1865875,709418,0.7245292
1,14808180,11290799,3517381,1821846,585998,2405184,2660,0.001104723,1774857,631961,0.7374288
2,15495394,11337671,4157723,1838008,766181,2601113,3076,0.001181174,1828299,774244,0.7025048
3,14981734,11301515,3680219,1832174,579291,2408706,2759,0.001144118,1674979,735146,0.694976
