pid,execution_cycles,compute_cycles,idle_cycles,loads,stores,hit_count,miss_count,miss_rate,private,shared,private_rate
0,16651773,11337782,5313991,1832392,744111,2555934,20569,0.007983301,1820147,750449,0.7080642
1,16159073,11290799,4868274,1821846,585998,2388353,19491,0.008094794,1750860,651162,0.7289109
2,16666377,11337671,5328706,1838008,766181,2583267,20922,0.008033979,1898345,697949,0.7311749
3,16154888,11301515,4853373,1832174,579291,2391782,19683,0.008162258,1692241,712753,0.7036363
