pid,execution_cycles,compute_cycles,idle_cycles,loads,stores,hit_count,miss_count,miss_rate,private,shared,private_rate
0,15008115,11337782,3670333,1832392,744111,2574115,2388,0.0009268377,1827347,748432,0.7094347
1,14616506,11290799,3325707,1821846,585998,2405590,2254,0.0009361072,1756208,651000,0.7295622
2,15405549,11337671,4067878,1838008,766181,2601713,2476,0.0009507758,1775107,827918,0.6819401
3,14925416,11301515,3623901,1832174,579291,2409173,2292,0.0009504596,1580567,829887,0.6557134
