pid,execution_cycles,compute_cycles,idle_cycles,loads,stores,hit_count,miss_count,miss_rate,private,shared,private_rate
0,20424129,11337782,9086347,1832392,744111,2510747,65756,0.02552141,1987537,572274,0.776439
1,19790212,11290799,8499413,1821846,585998,2346313,61531,0.0255544,1934674,458549,0.8083969
2,20440616,11337671,9102945,1838008,766181,2538545,65644,0.02520708,2015842,566830,0.7805258
3,19955623,11301515,8654108,1832174,579291,2348408,63057,0.02614883,1896895,496170,0.7926634
