pid,execution_cycles,compute_cycles,idle_cycles,loads,stores,hit_count,miss_count,miss_rate,private,shared,private_rate
0,17449339,11337782,6111557,1832392,744111,2541113,35390,0.01373567,2063765,497539,0.8057478
1,16469916,11290799,5179117,1821846,585998,2380445,27399,0.01137906,1923963,471840,0.8030556
2,17330630,11337671,5992959,1838008,766181,2570239,33950,0.01303669,2110373,477745,0.8154083
3,16441756,11301515,5140241,1832174,579291,2384521,26944,0.01117329,1899673,499165,0.7919138
