pid,execution_cycles,compute_cycles,idle_cycles,loads,stores,hit_count,miss_count,miss_rate,private,shared,private_rate
0,17918626,11337782,6580844,1832392,744111,2535768,40735,0.01581019,2067551,482530,0.8107786
1,17325976,11290799,6035177,1821846,585998,2369937,37907,0.01574313,1914464,471729,0.8023089
2,17976876,11337671,6639205,1838008,766181,2562969,41220,0.01582834,2094654,482220,0.8128663
3,17381265,11301515,6079750,1832174,579291,2372838,38627,0.01601806,1872293,515481,0.7841165
