pid,execution_cycles,compute_cycles,idle_cycles,loads,stores,hit_count,miss_count,miss_rate,private,shared,private_rate
0,17097791,11337782,5760009,1832392,744111,2551579,24924,0.009673577,2061348,499247,0.805027
1,16478738,11290799,5187939,1821846,585998,2385326,22518,0.009351935,1894554,500893,0.7908979
2,17245240,11337671,5907569,1838008,766181,2578222,25967,0.009971242,2099949,487719,0.8115218
3,16494015,11301515,5192500,1832174,579291,2388526,22939,0.009512475,1803845,593519,0.7524285
