pid,execution_cycles,compute_cycles,idle_cycles,loads,stores,hit_count,miss_count,miss_rate,private,shared,private_rate
0,20463054,11337782,9125272,1832392,744111,2508236,68267,0.02649599,1964268,579221,0.772273
1,19803142,11290799,8512343,1821846,585998,2343967,63877,0.02652871,1910231,468380,0.8030868
2,20311166,11337671,8973495,1838008,766181,2536311,67878,0.02606493,2016990,554879,0.7842507
3,19875514,11301515,8573999,1832174,579291,2346099,65366,0.02710634,1883197,497678,0.7909684
