pid,execution_cycles,compute_cycles,idle_cycles,loads,stores,hit_count,miss_count,miss_rate,private,shared,private_rate
0,33492004,11337782,22154222,1832392,744111,2378626,197877,0.07680061,2121962,375003,0.8498165
1,28553488,11290799,17262689,1821846,585998,2257589,150255,0.0624023,1966974,377056,0.839142
2,34396304,11337671,23058633,1838008,766181,2397461,206728,0.07938287,2170896,349822,0.8612213
3,28449404,11301515,17147889,1832174,579291,2262389,149076,0.06181968,1963621,385081,0.8360452
