pid,execution_cycles,compute_cycles,idle_cycles,loads,stores,hit_count,miss_count,miss_rate,private,shared,private_rate
0,42367312,11337782,31029530,1832392,744111,2281454,295049,0.1145153,2082680,365030,0.8508688
1,36503167,11290799,25212368,1821846,585998,2170464,237380,0.09858612,1945786,356904,0.8450056
2,43021581,11337671,31683910,1838008,766181,2302897,301292,0.1156951,2135545,333719,0.8648508
3,36277200,11301515,24975685,1832174,579291,2177680,233785,0.09694729,1935406,372735,0.8385129
