pid,execution_cycles,compute_cycles,idle_cycles,loads,stores,hit_count,miss_count,miss_rate,private,shared,private_rate
0,17609658,11337782,6271876,1832392,744111,2539176,37327,0.01448747,1983234,578196,0.7742683
1,17228983,11290799,5938184,1821846,585998,2372184,35660,0.01480993,1910358,483059,0.7981718
2,17679902,11337671,6342231,1838008,766181,2566431,37758,0.01449895,1997059,587685,0.7726332
3,17315194,11301515,6013679,1832174,579291,2375079,36386,0.01508875,1866800,527469,0.7796952
