pid,execution_cycles,compute_cycles,idle_cycles,loads,stores,hit_count,miss_count,miss_rate,private,shared,private_rate
0,20731473,11337782,9393691,1832392,744111,2505999,70504,0.02736422,2040156,492611,0.8055048
1,20053657,11290799,8762858,1821846,585998,2341854,65990,0.02740626,1905595,462620,0.8046546
2,20634380,11337671,9296709,1838008,766181,2534481,69708,0.02676764,2092633,467982,0.8172384
3,20120965,11301515,8819450,1832174,579291,2343982,67483,0.02798423,1875112,494637,0.7912703
