pid,execution_cycles,compute_cycles,idle_cycles,loads,stores,hit_count,miss_count,miss_rate,private,shared,private_rate
0,16055754,11337782,4717972,1832392,744111,2553984,22519,0.008740141,2001563,569795,0.778407
1,15850984,11290799,4560185,1821846,585998,2384441,23403,0.009719483,1901120,501343,0.7913212
2,16110041,11337671,4772370,1838008,766181,2580674,23515,0.009029683,2023425,573023,0.779305
3,15855565,11301515,4554050,1832174,579291,2387982,23483,0.009738064,1866691,538705,0.7760431
