pid,execution_cycles,compute_cycles,idle_cycles,loads,stores,hit_count,miss_count,miss_rate,private,shared,private_rate
0,77333058,11337782,65995276,1832392,744111,1942480,634023,0.2460789,2140730,296753,0.8782543
1,65308465,11290799,54017666,1821846,585998,1895474,512370,0.212792,1999953,306206,0.8672225
2,74805806,11337671,63468135,1838008,766181,1996327,607862,0.233417,2173149,292605,0.8813324
3,64553143,11301515,53251628,1832174,579291,1906804,504661,0.2092757,1997215,313800,0.8642155
