pid,execution_cycles,compute_cycles,idle_cycles,loads,stores,hit_count,miss_count,miss_rate,private,shared,private_rate
0,20422971,11337782,9085189,1832392,744111,2508349,68154,0.02645213,1970251,573237,0.7746256
1,19780996,11290799,8490197,1821846,585998,2343937,63907,0.02654117,1910209,468282,0.803118
2,20296151,11337671,8958480,1838008,766181,2536276,67913,0.02607837,2036419,535407,0.7918183
3,19854100,11301515,8552585,1832174,579291,2346065,65400,0.02712044,1883026,497734,0.7909348
