pid,execution_cycles,compute_cycles,idle_cycles,loads,stores,hit_count,miss_count,miss_rate,private,shared,private_rate
0,26542131,11337782,15204349,1832392,744111,2448949,127554,0.04950664,2128391,390730,0.8448943
1,23248678,11290799,11957879,1821846,585998,2311379,96465,0.04006281,1969561,391965,0.8340205
2,27057578,11337671,15719907,1838008,766181,2471707,132482,0.05087265,2182451,360902,0.8580999
3,22938592,11301515,11637077,1832174,579291,2318277,93188,0.03864373,1973785,392495,0.8341299
