pid,execution_cycles,compute_cycles,idle_cycles,loads,stores,hit_count,miss_count,miss_rate,private,shared,private_rate
0,20747067,11337782,9409285,1832392,744111,2506029,70474,0.02735258,2039940,492797,0.8054291
1,20066809,11290799,8776010,1821846,585998,2341890,65954,0.02739131,1906075,462173,0.804846
2,20646278,11337671,9308607,1838008,766181,2534455,69734,0.02677763,2092803,467896,0.817278
3,20140708,11301515,8839193,1832174,579291,2344021,67444,0.02796806,1874973,494825,0.7911953
