pid,execution_cycles,compute_cycles,idle_cycles,loads,stores,hit_count,miss_count,miss_rate,private,shared,private_rate
0,14811819,11337782,3474037,1832392,744111,2567437,9066,0.003518723,2043163,531514,0.7935609
1,14633896,11290799,3343097,1821846,585998,2398397,9447,0.003923427,1902773,503450,0.7907717
2,14825336,11337671,3487665,1838008,766181,2595265,8924,0.003426787,2056609,545064,0.7904948
3,14660707,11301515,3359192,1832174,579291,2401892,9573,0.003969786,1877095,532184,0.7791107
