pid,execution_cycles,compute_cycles,idle_cycles,loads,stores,hit_count,miss_count,miss_rate,private,shared,private_rate
0,15766674,11337782,4428892,1832392,744111,2557792,18711,0.007262169,2079981,486709,0.8103748
1,15604987,11290799,4314188,1821846,585998,2388588,19256,0.007997196,1916840,483054,0.7987186
2,15934433,11337671,4596762,1838008,766181,2584062,20127,0.007728702,2104077,489517,0.8112592
3,15638035,11301515,4336520,1832174,579291,2392020,19445,0.008063563,1888350,514500,0.7858793
