pid,execution_cycles,compute_cycles,idle_cycles,loads,stores,hit_count,miss_count,miss_rate,private,shared,private_rate
0,21178935,11337782,9841153,1832392,744111,2507432,69071,0.02680804,1924266,618420,0.7567848
1,20537344,11290799,9246545,1821846,585998,2341476,66368,0.02756325,1783805,591453,0.7509942
2,21212209,11337671,9874538,1838008,766181,2534449,69740,0.02677993,2011117,555824,0.7834683
3,20467412,11301515,9165897,1832174,579291,2345132,66333,0.02750735,1174426,1204489,0.4936814
