pid,execution_cycles,compute_cycles,idle_cycles,loads,stores,hit_count,miss_count,miss_rate,private,shared,private_rate
0,17318238,11337782,5980456,1832392,744111,2541992,34511,0.01339451,2090673,465567,0.8178704
1,17124817,11290799,5834018,1821846,585998,2372542,35302,0.01466125,1915268,474130,0.8015693
2,17745332,11337671,6407661,1838008,766181,2565585,38604,0.01482381,2118836,462914,0.8206976
3,16999312,11301515,5697797,1832174,579291,2377625,33840,0.01403296,1906499,486791,0.7966017
