pid,execution_cycles,compute_cycles,idle_cycles,loads,stores,hit_count,miss_count,miss_rate,private,shared,private_rate
0,17946456,11337782,6608674,1832392,744111,2535774,40729,0.01580786,2068001,481988,0.8109843
1,17412430,11290799,6121631,1821846,585998,2370331,37513,0.0155795,1919121,467080,0.8042579
2,18020165,11337671,6682494,1838008,766181,2562994,41195,0.01581874,2094613,482284,0.8128431
3,17498542,11301515,6197027,1832174,579291,2373227,38238,0.01585675,1868902,518629,0.782776
