pid,execution_cycles,compute_cycles,idle_cycles,loads,stores,hit_count,miss_count,miss_rate,private,shared,private_rate
0,17625163,11337782,6287381,1832392,744111,2537737,38766,0.01504598,2042321,513904,0.7989598
1,17193971,11290799,5903172,1821846,585998,2370804,37040,0.01538306,1905114,483828,0.7974719
2,17587988,11337671,6250317,1838008,766181,2565305,38884,0.01493133,2093051,489637,0.8104157
3,17226554,11301515,5925039,1832174,579291,2373775,37690,0.0156295,1875251,516338,0.7841025
