pid,execution_cycles,compute_cycles,idle_cycles,loads,stores,hit_count,miss_count,miss_rate,private,shared,private_rate
0,17864891,11337782,6527109,1832392,744111,2555872,20631,0.008007365,1941964,627246,0.7558604
1,16659067,11290799,5368268,1821846,585998,2395050,12794,0.005313467,1774727,628076,0.738607
2,17141046,11337671,5803375,1838008,766181,2588001,16188,0.006216139,1942977,654597,0.7479968
3,16197557,11301515,4896042,1832174,579291,2399815,11650,0.004831088,1857121,550052,0.7714946
