pid,execution_cycles,compute_cycles,idle_cycles,loads,stores,hit_count,miss_count,miss_rate,private,shared,private_rate
0,25948428,11337782,14610646,1832392,744111,2454946,121557,0.04717906,2086041,407983,0.8364158
1,24760804,11290799,13470005,1821846,585998,2296105,111739,0.04640625,1929701,402722,0.8273375
2,26752856,11337671,15415185,1838008,766181,2474785,129404,0.04969071,2140698,375506,0.8507649
3,24535165,11301515,13233650,1832174,579291,2302150,109315,0.04533136,1935748,401513,0.8282122
