pid,execution_cycles,compute_cycles,idle_cycles,loads,stores,hit_count,miss_count,miss_rate,private,shared,private_rate
0,86628291,11337782,75290509,1832392,744111,1841993,734510,0.2850802,2032068,250095,0.8904132
1,70941678,11290799,59650879,1821846,585998,1829599,578245,0.2401505,1924932,259200,0.8813259
2,87925556,11337671,76587885,1838008,766181,1856865,747324,0.28697,2082511,216385,0.9058744
3,70330881,11301515,59029366,1832174,579291,1839554,571911,0.2371633,1922757,267017,0.8780618
