pid,execution_cycles,compute_cycles,idle_cycles,loads,stores,hit_count,miss_count,miss_rate,private,shared,private_rate
0,15405500,11337782,4067718,1832392,744111,2562134,14369,0.005576939,2043155,530062,0.794008
1,15273782,11290799,3982983,1821846,585998,2392963,14881,0.006180218,1910285,494509,0.7943653
2,15457619,11337671,4119948,1838008,766181,2589832,14357,0.005513041,2057125,542330,0.7913678
3,15331140,11301515,4029625,1832174,579291,2396389,15076,0.006251801,1870105,537023,0.776903
