pid,execution_cycles,compute_cycles,idle_cycles,loads,stores,hit_count,miss_count,miss_rate,private,shared,private_rate
0,20976450,11337782,9638668,1832392,744111,2505168,71335,0.02768675,2043662,488294,0.8071475
1,20261848,11290799,8971049,1821846,585998,2341549,66295,0.02753293,1918662,449283,0.8102646
2,20916113,11337671,9578442,1838008,766181,2533742,70447,0.02705142,2085533,471534,0.8155958
3,20419636,11301515,9118121,1832174,579291,2343721,67744,0.02809247,1874426,491992,0.7920942
