pid,execution_cycles,compute_cycles,idle_cycles,loads,stores,hit_count,miss_count,miss_rate,private,shared,private_rate
0,26757586,11337782,15419804,1832392,744111,2450954,125549,0.04872845,1990691,502364,0.7984946
1,25540800,11290799,14250001,1821846,585998,2291022,116822,0.04851726,1861568,470350,0.7982991
2,26525560,11337671,15187889,1838008,766181,2480848,123341,0.04736254,2063200,459740,0.8177761
3,25654666,11301515,14353151,1832174,579291,2292005,119460,0.04953835,1813219,519504,0.7772972
