pid,execution_cycles,compute_cycles,idle_cycles,loads,stores,hit_count,miss_count,miss_rate,private,shared,private_rate
0,15387493,11337782,4049711,1832392,744111,2570091,6412,0.002488644,2056361,518810,0.7985338
1,15295438,11290799,4004639,1821846,585998,2401403,6441,0.002675007,1914550,492199,0.7954922
2,15483070,11337671,4145399,1838008,766181,2597731,6458,0.002479851,2060730,541427,0.7919315
3,15421928,11301515,4120413,1832174,579291,2404969,6496,0.002693798,1872969,536788,0.7772439
