pid,execution_cycles,compute_cycles,idle_cycles,loads,stores,hit_count,miss_count,miss_rate,private,shared,private_rate
0,15598919,11337782,4261137,1832392,744111,2567580,8923,0.003463221,1962450,609736,0.7629503
1,15145034,11290799,3854235,1821846,585998,2399751,8093,0.003361098,1853179,550924,0.7708401
2,15768667,11337671,4430996,1838008,766181,2595059,9130,0.00350589,1924974,673956,0.7406794
3,15335839,11301515,4034324,1832174,579291,2402503,8962,0.003716413,1766357,640279,0.7339527
