pid,execution_cycles,compute_cycles,idle_cycles,loads,stores,hit_count,miss_count,miss_rate,private,shared,private_rate
0,91001031,11337782,79663249,1832392,744111,1797849,778654,0.3022135,2213349,166269,0.9301279
1,82271983,11290799,70981184,1821846,585998,1715184,692660,0.2876681,2100405,153276,0.9319886
2,91323032,11337671,79985361,1838008,766181,1822561,781628,0.3001426,2245845,157561,0.9344426
3,82017238,11301515,70715723,1832174,579291,1721523,689942,0.2861091,2093065,165426,0.9267537
