pid,execution_cycles,compute_cycles,idle_cycles,loads,stores,hit_count,miss_count,miss_rate,private,shared,private_rate
0,33717561,11337782,22379779,1832392,744111,2376335,200168,0.0776898,2093370,379724,0.8464579
1,30275398,11290799,18984599,1821846,585998,2240251,167593,0.06960293,1940686,377676,0.8370936
2,34644413,11337671,23306742,1838008,766181,2394962,209227,0.08034248,2147793,347193,0.8608437
3,30200083,11301515,18898568,1832174,579291,2244764,166701,0.06912852,1945427,377778,0.8373893
