pid,execution_cycles,compute_cycles,idle_cycles,loads,stores,hit_count,miss_count,miss_rate,private,shared,private_rate
0,17767924,11337782,6430142,1832392,744111,2536466,40037,0.01553928,2046530,507544,0.8012806
1,17268450,11290799,5977651,1821846,585998,2370323,37521,0.01558282,1905135,481409,0.798282
2,17752695,11337671,6415024,1838008,766181,2564164,40025,0.01536947,2089540,489459,0.8102136
3,17308713,11301515,6007198,1832174,579291,2373270,38195,0.01583892,1871031,517823,0.7832337
