pid,execution_cycles,compute_cycles,idle_cycles,loads,stores,hit_count,miss_count,miss_rate,private,shared,private_rate
0,20835267,11337782,9497485,1832392,744111,2504965,71538,0.02776554,2040304,491859,0.8057554
1,20105980,11290799,8815181,1821846,585998,2341261,66583,0.02765254,1909415,458877,0.8062414
2,20700926,11337671,9363255,1838008,766181,2533623,70566,0.02709711,2093271,466767,0.8176718
3,20198017,11301515,8896502,1832174,579291,2342978,68487,0.02840058,1873550,495250,0.7909279
