pid,execution_cycles,compute_cycles,idle_cycles,loads,stores,hit_count,miss_count,miss_rate,private,shared,private_rate
0,17753406,11337782,6415624,1832392,744111,2537724,38779,0.01505102,2058108,497692,0.8052696
1,17350060,11290799,6059261,1821846,585998,2370961,36883,0.01531785,1913528,474657,0.8012478
2,17798009,11337671,6460338,1838008,766181,2565238,38951,0.01495706,2079455,500132,0.8061194
3,17433499,11301515,6131984,1832174,579291,2373884,37581,0.0155843,1867663,521353,0.7817708
