pid,execution_cycles,compute_cycles,idle_cycles,loads,stores,hit_count,miss_count,miss_rate,private,shared,private_rate
0,73205838,11337782,61868056,1832392,744111,1980420,596083,0.2313535,2164434,278931,0.8858415
1,65504872,11290799,54214073,1821846,585998,1888881,518963,0.2155302,2009781,289609,0.8740496
2,73385759,11337671,62048088,1838008,766181,2005456,598733,0.2299115,2197199,270582,0.8903541
3,64775437,11301515,53473922,1832174,579291,1900714,510751,0.2118011,2013274,293799,0.8726529
