pid,execution_cycles,compute_cycles,idle_cycles,loads,stores,hit_count,miss_count,miss_rate,private,shared,private_rate
0,25731378,11337782,14393596,1832392,744111,2454108,122395,0.04750431,1965630,548598,0.7818026
1,24679124,11290799,13388325,1821846,585998,2293737,114107,0.0473897,1923361,429641,0.8174073
2,25336760,11337671,13999089,1838008,766181,2483385,120804,0.04638834,2023077,521990,0.7949013
3,24844637,11301515,13543122,1832174,579291,2294490,116975,0.04850786,1888922,465882,0.8021568
