pid,execution_cycles,compute_cycles,idle_cycles,loads,stores,hit_count,miss_count,miss_rate,private,shared,private_rate
0,16471171,11337782,5133389,1832392,744111,2558477,18026,0.006996305,2070710,495640,0.8068697
1,15966661,11290799,4675862,1821846,585998,2391203,16641,0.006911162,1891472,508007,0.7882845
2,16691758,11337671,5354087,1838008,766181,2584474,19715,0.007570495,2100577,492579,0.8100465
3,15969442,11301515,4667927,1832174,579291,2394944,16521,0.006851022,1828228,574409,0.7609256
