pid,execution_cycles,compute_cycles,idle_cycles,loads,stores,hit_count,miss_count,miss_rate,private,shared,private_rate
0,23035349,11337782,11697567,1832392,744111,2484279,92224,0.03579425,2107685,417706,0.8345975
1,21101166,11290799,9810367,1821846,585998,2332775,75069,0.03117685,1951034,413228,0.825219
2,23583380,11337671,12245709,1838008,766181,2506701,97488,0.03743507,2153067,396921,0.844344
3,21014176,11301515,9712661,1832174,579291,2337425,74040,0.03070333,1951913,416656,0.8240896
