pid,execution_cycles,compute_cycles,idle_cycles,loads,stores,hit_count,miss_count,miss_rate,private,shared,private_rate
0,23618166,11337782,12280384,1832392,744111,2478484,98019,0.03804343,2100072,448916,0.8238846
1,20413615,11290799,9122816,1821846,585998,2340016,67828,0.0281696,1962976,426159,0.8216262
2,24456254,11337671,13118583,1838008,766181,2497983,106206,0.04078275,2140928,434960,0.8311417
3,19317964,11301515,8016449,1832174,579291,2354849,56616,0.02347784,1947330,446115,0.8136097
