pid,execution_cycles,compute_cycles,idle_cycles,loads,stores,hit_count,miss_count,miss_rate,private,shared,private_rate
0,20539001,11337782,9201219,1832392,744111,2509507,66996,0.02600269,2091797,441345,0.8257717
1,20011064,11290799,8720265,1821846,585998,2343861,63983,0.02657273,1930604,437013,0.8154207
2,21062628,11337671,9724957,1838008,766181,2532181,72008,0.02765083,2129986,427700,0.8327785
3,19928625,11301515,8627110,1832174,579291,2348362,63103,0.02616791,1928808,442897,0.813258
