pid,execution_cycles,compute_cycles,idle_cycles,loads,stores,hit_count,miss_count,miss_rate,private,shared,private_rate
0,19321548,11337782,7983766,1832392,744111,2528601,47902,0.01859187,2099193,448980,0.8238032
1,18566208,11290799,7275409,1821846,585998,2363669,44175,0.01834629,1928032,454613,0.8091982
2,19722378,11337671,8384707,1838008,766181,2552626,51563,0.01980002,2129859,444367,0.8273784
3,18483128,11301515,7181613,1832174,579291,2368272,43193,0.01791152,1922382,464196,0.8054972
