pid,execution_cycles,compute_cycles,idle_cycles,loads,stores,hit_count,miss_count,miss_rate,private,shared,private_rate
0,14999523,11337782,3661741,1832392,744111,2565541,10962,0.004254604,2041156,533073,0.7929194
1,14874169,11290799,3583370,1821846,585998,2395970,11874,0.004931383,1903739,502039,0.7913195
2,15018287,11337671,3680616,1838008,766181,2593316,10873,0.004175196,2060456,540567,0.7921714
3,14902564,11301515,3601049,1832174,579291,2399449,12016,0.004982863,1877160,531481,0.779344
