pid,execution_cycles,compute_cycles,idle_cycles,loads,stores,hit_count,miss_count,miss_rate,private,shared,private_rate
0,100965893,11337782,89628111,1832392,744111,1769203,807300,0.3133317,2318169,86381,0.964076
1,92936406,11290799,81645607,1821846,585998,1685365,722479,0.3000522,2180376,93899,0.9587126
2,101593798,11337671,90256127,1838008,766181,1789900,814289,0.3126843,2345679,83336,0.9656914
3,92932248,11301515,81630733,1832174,579291,1688940,722525,0.2996208,2181095,97354,0.9572718
