pid,execution_cycles,compute_cycles,idle_cycles,loads,stores,hit_count,miss_count,miss_rate,private,shared,private_rate
0,19925664,11337782,8587882,1832392,744111,2515782,60721,0.02356721,2094839,463327,0.8188831
1,17496382,11290799,6205583,1821846,585998,2369483,38361,0.01593168,1948222,447876,0.8130811
2,20287859,11337671,8950188,1838008,766181,2540088,64101,0.02461457,2133906,450659,0.8256345
3,17192632,11301515,5891117,1832174,579291,2376317,35148,0.01457537,1938902,460518,0.8080711
