pid,execution_cycles,compute_cycles,idle_cycles,loads,stores,hit_count,miss_count,miss_rate,private,shared,private_rate
0,20674023,11337782,9336241,1832392,744111,2511887,64616,0.02507895,1814604,741973,0.7097787
1,19950075,11290799,8659276,1821846,585998,2347272,60572,0.02515611,1768963,621181,0.7401073
2,20646428,11337671,9308757,1838008,766181,2539650,64539,0.02478276,1967760,614711,0.7619679
3,19994205,11301515,8692690,1832174,579291,2349709,61756,0.02560933,1730973,661787,0.7234211
