pid,execution_cycles,compute_cycles,idle_cycles,loads,stores,hit_count,miss_count,miss_rate,private,shared,private_rate
0,20021694,11337782,8683912,1832392,744111,2514812,61691,0.02394369,2083066,456033,0.8203957
1,19286401,11290799,7995602,1821846,585998,2351402,56442,0.02344089,1910130,465839,0.8039373
2,20239943,11337671,8902272,1838008,766181,2540572,63617,0.02442872,2117476,448077,0.8253488
3,19295095,11301515,7993580,1832174,579291,2355080,56385,0.02338205,1903213,475583,0.8000741
