pid,execution_cycles,compute_cycles,idle_cycles,loads,stores,hit_count,miss_count,miss_rate,private,shared,private_rate
0,20903982,11337782,9566200,1832392,744111,2505900,70603,0.02740265,2045012,489201,0.8069614
1,20229277,11290799,8938478,1821846,585998,2341878,65966,0.02739629,1920023,449767,0.8102081
2,20846021,11337671,9508350,1838008,766181,2534450,69739,0.02677955,2086121,473166,0.815118
3,20387758,11301515,9086243,1832174,579291,2344043,67422,0.02795894,1876087,492169,0.7921808
