pid,execution_cycles,compute_cycles,idle_cycles,loads,stores,hit_count,miss_count,miss_rate,private,shared,private_rate
0,14688564,11337782,3350782,1832392,744111,2568682,7821,0.00303551,2037723,537827,0.7911797
1,14532718,11290799,3241919,1821846,585998,2399419,8425,0.003498981,1883515,523430,0.7825335
2,14676539,11337671,3338868,1838008,766181,2596768,7421,0.00284964,2047890,554931,0.7867963
3,14545867,11301515,3244352,1832174,579291,2403052,8413,0.003488751,1878408,531915,0.779318
