pid,execution_cycles,compute_cycles,idle_cycles,loads,stores,hit_count,miss_count,miss_rate,private,shared,private_rate
0,32079928,11337782,20742146,1832392,744111,2398802,177701,0.06896984,2027870,416580,0.8295813
1,30982547,11290799,19691748,1821846,585998,2237219,170625,0.07086215,1863735,418822,0.8165119
2,33403145,11337671,22065474,1838008,766181,2413599,190590,0.07318593,2078090,383355,0.8442561
3,30540640,11301515,19239125,1832174,579291,2245122,166343,0.06898006,1866741,422644,0.8153897
