pid,execution_cycles,compute_cycles,idle_cycles,loads,stores,hit_count,miss_count,miss_rate,private,shared,private_rate
0,22097701,11337782,10759919,1832392,744111,2498792,77711,0.03016142,2114278,427574,0.8317864
1,19358533,11290799,8067734,1821846,585998,2355540,52304,0.02172234,1956715,423946,0.8219209
2,22483555,11337671,11145884,1838008,766181,2523177,81012,0.03110834,2164726,402976,0.8430597
3,19282895,11301515,7981380,1832174,579291,2360062,51403,0.02131609,1948043,436767,0.8168546
