pid,execution_cycles,compute_cycles,idle_cycles,loads,stores,hit_count,miss_count,miss_rate,private,shared,private_rate
0,16208061,11337782,4870279,1832392,744111,2552931,23572,0.009148835,2058504,506791,0.8024434
1,16029364,11290799,4738565,1821846,585998,2382949,24895,0.01033912,1900764,495919,0.7930811
2,16268234,11337671,4930563,1838008,766181,2579891,24298,0.009330352,2074798,515221,0.8010744
3,16041676,11301515,4740161,1832174,579291,2386457,25008,0.01037046,1872362,526850,0.7804071
