pid,execution_cycles,compute_cycles,idle_cycles,loads,stores,hit_count,miss_count,miss_rate,private,shared,private_rate
0,16143468,11337782,4805686,1832392,744111,2553986,22517,0.008739365,2046687,521437,0.796958
1,16043359,11290799,4752560,1821846,585998,2384160,23684,0.009836185,1905140,494404,0.7939592
2,16255391,11337671,4917720,1838008,766181,2580820,23369,0.008973619,2056959,535884,0.7933218
3,16079872,11301515,4778357,1832174,579291,2387557,23908,0.009914305,1863873,537752,0.7760883
