pid,execution_cycles,compute_cycles,idle_cycles,loads,stores,hit_count,miss_count,miss_rate,private,shared,private_rate
0,16237533,11337782,4899751,1832392,744111,2560683,15820,0.006140105,2016849,551175,0.78537
1,15668635,11290799,4377836,1821846,585998,2393984,13860,0.005756187,1892337,508606,0.7881641
2,16321291,11337671,4983620,1838008,766181,2588143,16046,0.006161611,2018720,575975,0.7780182
3,15734193,11301515,4432678,1832174,579291,2397224,14241,0.005905539,1799923,603453,0.7489144
