pid,execution_cycles,compute_cycles,idle_cycles,loads,stores,hit_count,miss_count,miss_rate,private,shared,private_rate
0,15865679,11337782,4527897,1832392,744111,2564365,12138,0.004711037,1835699,737503,0.7133909
1,15418356,11290799,4127557,1821846,585998,2396428,11416,0.004741171,1757293,647546,0.7307321
2,15974130,11337671,4636459,1838008,766181,2591869,12320,0.004730839,1869938,729488,0.7193657
3,15474479,11301515,4172964,1832174,579291,2399898,11567,0.004796669,1672320,734940,0.6946985
