pid,execution_cycles,compute_cycles,idle_cycles,loads,stores,hit_count,miss_count,miss_rate,private,shared,private_rate
0,20903883,11337782,9566101,1832392,744111,2505901,70602,0.02740226,2044795,489416,0.8068764
1,20229772,11290799,8938973,1821846,585998,2341873,65971,0.02739837,1919903,449908,0.8101503
2,20846120,11337671,9508449,1838008,766181,2534449,69740,0.02677993,2086074,473199,0.8151041
3,20387461,11301515,9085946,1832174,579291,2344046,67419,0.02795769,1876003,492270,0.7921397
