pid,execution_cycles,compute_cycles,idle_cycles,loads,stores,hit_count,miss_count,miss_rate,private,shared,private_rate
0,26023237,11337782,14685455,1832392,744111,2451895,124608,0.04836323,2001676,498831,0.8005081
1,24957387,11290799,13666588,1821846,585998,2291692,116152,0.04823901,1909112,430190,0.8161033
2,25691972,11337671,14354301,1838008,766181,2481361,122828,0.04716555,2063416,467367,0.8153271
3,25088108,11301515,13786593,1832174,579291,2292513,118952,0.04932769,1875657,464907,0.8013697
