pid,execution_cycles,compute_cycles,idle_cycles,loads,stores,hit_count,miss_count,miss_rate,private,shared,private_rate
0,15149678,11337782,3811896,1832392,744111,2572128,4375,0.001698038,1883778,690879,0.7316617
1,14755541,11290799,3464742,1821846,585998,2403738,4106,0.00170526,1804124,602041,0.7497923
2,15384356,11337671,4046685,1838008,766181,2599684,4505,0.001729905,1844120,757504,0.7088342
3,14915800,11301515,3614285,1832174,579291,2407282,4183,0.00173463,1677325,731890,0.6962123
