pid,execution_cycles,compute_cycles,idle_cycles,loads,stores,hit_count,miss_count,miss_rate,private,shared,private_rate
0,25690298,11337782,14352516,1832392,744111,2454128,122375,0.04749655,1966101,548439,0.7818929
1,24654277,11290799,13363478,1821846,585998,2293738,114106,0.04738928,1923260,429695,0.8173807
2,25328881,11337671,13991210,1838008,766181,2483354,120835,0.04640024,2023233,521731,0.7949947
3,24818501,11301515,13516986,1832174,579291,2294478,116987,0.04851283,1888848,465987,0.8021148
