pid,execution_cycles,compute_cycles,idle_cycles,loads,stores,hit_count,miss_count,miss_rate,private,shared,private_rate
0,144768516,11337782,133430734,1832392,744111,1254738,1321765,0.5130074,2210958,34317,0.9847159
1,143122573,11290799,131831774,1821846,585998,1100518,1307326,0.5429446,2072367,34723,0.9835209
2,145907093,11337671,134569422,1838008,766181,1271206,1332983,0.5118611,2229103,32310,0.9857125
3,144046750,11301515,132745235,1832174,579291,1094947,1316518,0.5459412,2071022,33016,0.9843083
