pid,execution_cycles,compute_cycles,idle_cycles,loads,stores,hit_count,miss_count,miss_rate,private,shared,private_rate
0,26177261,11337782,14839479,1832392,744111,2450355,126148,0.04896094,2033961,459152,0.8158319
1,25100646,11290799,13809847,1821846,585998,2290323,117521,0.04880756,1905746,426280,0.8172062
2,25889104,11337671,14551433,1838008,766181,2480221,123968,0.0476033,2091841,431426,0.8290209
3,25240584,11301515,13939069,1832174,579291,2291181,120284,0.04988005,1868533,464472,0.8009126
