pid,execution_cycles,compute_cycles,idle_cycles,loads,stores,hit_count,miss_count,miss_rate,private,shared,private_rate
0,38684419,11337782,27346637,1832392,744111,2330358,246145,0.09553453,2058384,363827,0.8497955
1,34967846,11290799,23677047,1821846,585998,2195854,211990,0.08804142,1904992,363346,0.8398184
2,40197409,11337671,28859738,1838008,766181,2343313,260876,0.1001755,2110163,329378,0.8649836
3,34598042,11301515,23296527,1832174,579291,2203470,207995,0.08625255,1905501,369520,0.8375751
