pid,execution_cycles,compute_cycles,idle_cycles,loads,stores,hit_count,miss_count,miss_rate,private,shared,private_rate
0,117194590,11337782,105856808,1832392,744111,1458202,1118301,0.4340383,2065065,129150,0.9411407
1,99695392,11290799,88404593,1821846,585998,1473554,934290,0.3880193,1984190,125896,0.9403361
2,118974781,11337671,107637110,1838008,766181,1468084,1136105,0.4362606,2096712,114962,0.9480204
3,100114694,11301515,88813179,1832174,579291,1470258,941207,0.3903051,1982744,135085,0.9362153
