pid,execution_cycles,compute_cycles,idle_cycles,loads,stores,hit_count,miss_count,miss_rate,private,shared,private_rate
0,14809443,11337782,3471661,1832392,744111,2567461,9042,0.003509408,2044502,529882,0.7941713
1,14655082,11290799,3364283,1821846,585998,2398183,9661,0.004012303,1901919,504052,0.7904996
2,14827415,11337671,3489744,1838008,766181,2595244,8945,0.003434851,2056874,544490,0.7906906
3,14679220,11301515,3377705,1832174,579291,2401705,9760,0.004047332,1877728,531325,0.7794465
