pid,execution_cycles,compute_cycles,idle_cycles,loads,stores,hit_count,miss_count,miss_rate,private,shared,private_rate
0,26307105,11337782,14969323,1832392,744111,2451323,125180,0.04858523,2012339,489716,0.8042745
1,25225807,11290799,13935008,1821846,585998,2291408,116436,0.04835695,1927654,413770,0.8232828
2,26128265,11337671,14790594,1838008,766181,2481094,123095,0.04726807,2075840,452613,0.8209921
3,25519720,11301515,14218205,1832174,579291,2292205,119260,0.04945541,1876266,461669,0.8025313
