pid,execution_cycles,compute_cycles,idle_cycles,loads,stores,hit_count,miss_count,miss_rate,private,shared,private_rate
0,16704303,11337782,5366521,1832392,744111,2571645,4858,0.001885501,2021127,554124,0.7848272
1,16405105,11290799,5114306,1821846,585998,2403158,4686,0.001946139,1899489,507373,0.7891973
2,16593377,11337671,5255706,1838008,766181,2599330,4859,0.00186584,2079346,523740,0.7988003
3,16105612,11301515,4804097,1832174,579291,2407093,4372,0.001813006,1904595,505835,0.7901474
