pid,execution_cycles,compute_cycles,idle_cycles,loads,stores,hit_count,miss_count,miss_rate,private,shared,private_rate
0,15427970,11337782,4090188,1832392,744111,2569088,7415,0.002877932,1861997,712178,0.7233374
1,15009149,11290799,3718350,1821846,585998,2400860,6984,0.00290052,1721248,684475,0.7154805
2,15635004,11337671,4297333,1838008,766181,2596554,7635,0.002931815,1872132,728858,0.7197767
3,15139696,11301515,3838181,1832174,579291,2404358,7107,0.002947171,1674413,734145,0.6951931
