pid,execution_cycles,compute_cycles,idle_cycles,loads,stores,hit_count,miss_count,miss_rate,private,shared,private_rate
0,18108222,11337782,6770440,1832392,744111,2534140,42363,0.01644205,2070125,479343,0.8119831
1,17561524,11290799,6270725,1821846,585998,2368825,39019,0.01620495,1920457,465318,0.8049615
2,18197672,11337671,6860001,1838008,766181,2561201,42988,0.01650725,2099065,477106,0.8148003
3,17640409,11301515,6338894,1832174,579291,2371794,39671,0.016451,1871152,515656,0.7839558
