pid,execution_cycles,compute_cycles,idle_cycles,loads,stores,hit_count,miss_count,miss_rate,private,shared,private_rate
0,16196928,11337782,4859146,1832392,744111,2553446,23057,0.008948951,2044445,525467,0.7955311
1,15880999,11290799,4590200,1821846,585998,2385800,22044,0.009155078,1911046,490435,0.7957781
2,16283210,11337671,4945539,1838008,766181,2580539,23650,0.009081522,2061609,532926,0.7945967
3,15949192,11301515,4647677,1832174,579291,2388877,22588,0.00936692,1864979,539124,0.7757484
