pid,execution_cycles,compute_cycles,idle_cycles,loads,stores,hit_count,miss_count,miss_rate,private,shared,private_rate
0,15125320,11337782,3787538,1832392,744111,2573696,2807,0.001089461,1913156,662025,0.742921
1,14687836,11290799,3397037,1821846,585998,2405336,2508,0.001041596,1817994,588761,0.7553714
2,15390507,11337671,4052836,1838008,766181,2601258,2931,0.001125494,1868380,734122,0.7179168
3,14920978,11301515,3619463,1832174,579291,2408891,2574,0.001067401,1691044,719042,0.701653
