pid,execution_cycles,compute_cycles,idle_cycles,loads,stores,hit_count,miss_count,miss_rate,private,shared,private_rate
0,16745942,11337782,5408160,1832392,744111,2548108,28395,0.01102075,2086691,474937,0.8145956
1,16594313,11290799,5303514,1821846,585998,2379178,28666,0.01190526,1920196,474239,0.8019412
2,17044833,11337671,5707162,1838008,766181,2573054,31135,0.01195574,2118307,469856,0.8184597
3,16563671,11301515,5262156,1832174,579291,2383244,28221,0.01170284,1919609,478380,0.8005078
