pid,execution_cycles,compute_cycles,idle_cycles,loads,stores,hit_count,miss_count,miss_rate,private,shared,private_rate
0,64355082,11337782,53017300,1832392,744111,2067000,509503,0.1977498,2057673,296075,0.8742113
1,56699590,11290799,45408791,1821846,585998,1973491,434353,0.1803908,1914482,304633,0.8627232
2,65778359,11337671,54440688,1838008,766181,2080588,523601,0.2010611,2101169,268088,0.8868472
3,56272783,11301515,44971268,1832174,579291,1981568,429897,0.1782721,1922564,302890,0.8638974
