pid,execution_cycles,compute_cycles,idle_cycles,loads,stores,hit_count,miss_count,miss_rate,private,shared,private_rate
0,14807166,11337782,3469384,1832392,744111,2567484,9019,0.003500481,2043293,531381,0.7936123
1,14640628,11290799,3349829,1821846,585998,2398329,9515,0.003951668,1902069,504158,0.7904778
2,14825237,11337671,3487566,1838008,766181,2595266,8923,0.003426403,2056693,544986,0.7905253
3,14662687,11301515,3361172,1832174,579291,2401872,9593,0.00397808,1877460,531827,0.7792596
