pid,execution_cycles,compute_cycles,idle_cycles,loads,stores,hit_count,miss_count,miss_rate,private,shared,private_rate
0,40738929,11337782,29401147,1832392,744111,2305547,270956,0.1051642,2045652,369032,0.8471717
1,36939091,11290799,25648292,1821846,585998,2173092,234752,0.09749469,1903745,358085,0.8416835
2,42512864,11337671,31175193,1838008,766181,2315593,288596,0.1108199,2094788,336871,0.8614645
3,36748696,11301515,25447181,1832174,579291,2178781,232684,0.09649072,1906442,361722,0.8405221
