pid,execution_cycles,compute_cycles,idle_cycles,loads,stores,hit_count,miss_count,miss_rate,private,shared,private_rate
0,26266935,11337782,14929153,1832392,744111,2455028,121475,0.04714724,1869698,643921,0.7438271
1,25109036,11290799,13818237,1821846,585998,2294556,113288,0.04704956,1831134,520439,0.7786847
2,25963293,11337671,14625622,1838008,766181,2484158,120031,0.04609151,1983978,558900,0.7802097
3,25215105,11301515,13913590,1832174,579291,2295539,115926,0.04807285,1789489,564639,0.7601494
