pid,execution_cycles,compute_cycles,idle_cycles,loads,stores,hit_count,miss_count,miss_rate,private,shared,private_rate
0,24644103,11337782,13306321,1832392,744111,2468121,108382,0.04206554,2067743,432487,0.8270211
1,23957716,11290799,12666917,1821846,585998,2304217,103627,0.04303726,1911627,424741,0.8182046
2,25408733,11337671,14071062,1838008,766181,2488362,115827,0.04447719,2121017,401490,0.8408369
3,23789596,11301515,12488081,1832174,579291,2309681,101784,0.04220837,1912518,428638,0.8169118
