pid,execution_cycles,compute_cycles,idle_cycles,loads,stores,hit_count,miss_count,miss_rate,private,shared,private_rate
0,24265329,11337782,12927547,1832392,744111,2471947,104556,0.04058059,2041186,470060,0.812818
1,23125918,11290799,11835119,1821846,585998,2312619,95225,0.03954783,1917727,432131,0.8161034
2,24196775,11337671,12859104,1838008,766181,2500604,103585,0.0397763,2098349,441844,0.8260589
3,23389438,11301515,12087923,1832174,579291,2313723,97742,0.04053221,1885725,463750,0.8026155
