pid,execution_cycles,compute_cycles,idle_cycles,loads,stores,hit_count,miss_count,miss_rate,private,shared,private_rate
0,22063374,11337782,10725592,1832392,744111,2499172,77331,0.03001394,2113257,428430,0.8314387
1,19358188,11290799,8067389,1821846,585998,2355547,52297,0.02171943,1953201,427509,0.8204279
2,22459486,11337671,11121815,1838008,766181,2523458,80731,0.03100044,2161927,405626,0.8420185
3,19259308,11301515,7957793,1832174,579291,2360212,51253,0.02125389,1947069,437783,0.8164318
