pid,execution_cycles,compute_cycles,idle_cycles,loads,stores,hit_count,miss_count,miss_rate,private,shared,private_rate
0,25177839,11337782,13840057,1832392,744111,2468619,107884,0.04187226,2066750,433659,0.8265648
1,24315068,11290799,13024269,1821846,585998,2304634,103210,0.04286407,1906914,429538,0.816158
2,25951542,11337671,14613871,1838008,766181,2489029,115160,0.04422106,2121336,401404,0.8408857
3,24149683,11301515,12848168,1832174,579291,2310097,101368,0.04203586,1902610,438677,0.8126342
