pid,execution_cycles,compute_cycles,idle_cycles,loads,stores,hit_count,miss_count,miss_rate,private,shared,private_rate
0,76688106,11337782,65350324,1832392,744111,1942424,634079,0.2461006,2142349,295509,0.8787833
1,64438717,11290799,53147918,1821846,585998,1895318,512526,0.2128568,2003052,303475,0.8684277
2,74128613,11337671,62790942,1838008,766181,1996242,607947,0.2334496,2179994,286010,0.8840188
3,63693823,11301515,52392308,1832174,579291,1906608,504857,0.209357,2002966,308468,0.8665469
