pid,execution_cycles,compute_cycles,idle_cycles,loads,stores,hit_count,miss_count,miss_rate,private,shared,private_rate
0,15024966,11337782,3687184,1832392,744111,2565284,11219,0.004354352,2044738,528517,0.7946115
1,14910601,11290799,3619802,1821846,585998,2395602,12242,0.005084216,1906243,498654,0.7926506
2,15054224,11337671,3716553,1838008,766181,2592953,11236,0.004314587,2062028,537837,0.7931289
3,14932858,11301515,3631343,1832174,579291,2399143,12322,0.005109757,1880900,526816,0.7811968
