pid,execution_cycles,compute_cycles,idle_cycles,loads,stores,hit_count,miss_count,miss_rate,private,shared,private_rate
0,21641633,11337782,10303851,1832392,744111,2502952,73551,0.02854683,1949413,584368,0.7693692
1,20794968,11290799,9504169,1821846,585998,2339029,68815,0.02857951,1822436,546834,0.7691973
2,21593425,11337671,10255754,1838008,766181,2531816,72373,0.02779099,2040488,521669,0.7963946
3,20730862,11301515,9429347,1832174,579291,2342689,68776,0.02852042,1801544,570060,0.759631
