pid,execution_cycles,compute_cycles,idle_cycles,loads,stores,hit_count,miss_count,miss_rate,private,shared,private_rate
0,20966946,11337782,9629164,1832392,744111,2505264,71239,0.02764949,2043671,488421,0.8071077
1,20259274,11290799,8968475,1821846,585998,2341575,66269,0.02752213,1918747,449232,0.8102889
2,20910173,11337671,9572502,1838008,766181,2533802,70387,0.02702838,2084490,472665,0.8151598
3,20419042,11301515,9117527,1832174,579291,2343727,67738,0.02808998,1874449,491992,0.7920962
