pid,execution_cycles,compute_cycles,idle_cycles,loads,stores,hit_count,miss_count,miss_rate,private,shared,private_rate
0,21830028,11337782,10492246,1832392,744111,2496546,79957,0.03103315,2062852,457847,0.8183651
1,20903665,11290799,9612866,1821846,585998,2335066,72778,0.03022538,1916855,444205,0.811862
2,22209548,11337671,10871877,1838008,766181,2520677,83512,0.03206833,2110590,435303,0.8290176
3,20991163,11301515,9689648,1832174,579291,2337948,73517,0.03048645,1890792,472072,0.8002119
