pid,execution_cycles,compute_cycles,idle_cycles,loads,stores,hit_count,miss_count,miss_rate,private,shared,private_rate
0,78459484,11337782,67121702,1832392,744111,1881117,695386,0.2698953,2124308,227454,0.9032836
1,66565424,11290799,55274625,1821846,585998,1828599,579245,0.2405658,2013779,220237,0.9014166
2,79252707,11337671,67915036,1838008,766181,1904475,699714,0.2686879,2163132,210484,0.9113235
3,66532734,11301515,55231219,1832174,579291,1833840,577625,0.2395328,1999829,237765,0.8937408
