pid,execution_cycles,compute_cycles,idle_cycles,loads,stores,hit_count,miss_count,miss_rate,private,shared,private_rate
0,136654145,11337782,125316363,1832392,744111,1802900,773603,0.3002531,2314542,102663,0.9575282
1,132103017,11290799,120812218,1821846,585998,1717598,690246,0.2866656,2172270,115550,0.9494934
2,137535006,11337671,126197335,1838008,766181,1826882,777307,0.2984833,2338259,105186,0.9569518
3,131939066,11301515,120637551,1832174,579291,1722418,689047,0.2857379,2175637,115940,0.949406
