pid,execution_cycles,compute_cycles,idle_cycles,loads,stores,hit_count,miss_count,miss_rate,private,shared,private_rate
0,15329833,11337782,3992051,1832392,744111,2569375,7128,0.002766541,2063307,510521,0.8016491
1,15347048,11290799,4056249,1821846,585998,2400761,7083,0.002941636,1914609,491162,0.7958401
2,15414549,11337671,4076878,1838008,766181,2596746,7443,0.002858087,2076503,524362,0.7983894
3,15435142,11301515,4133627,1832174,579291,2404307,7158,0.00296832,1879330,529475,0.7801918
