pid,execution_cycles,compute_cycles,idle_cycles,loads,stores,hit_count,miss_count,miss_rate,private,shared,private_rate
0,26868709,11337782,15530927,1832392,744111,2445771,130732,0.05074009,2127091,404816,0.8401142
1,22067914,11290799,10777115,1821846,585998,2323731,84113,0.03493291,1964088,412783,0.8263334
2,27297235,11337671,15959564,1838008,766181,2469420,134769,0.05175085,2170207,387864,0.8483764
3,21846737,11301515,10545222,1832174,579291,2329710,81755,0.03390263,1947322,433824,0.8178087
