pid,execution_cycles,compute_cycles,idle_cycles,loads,stores,hit_count,miss_count,miss_rate,private,shared,private_rate
0,65719752,11337782,54381970,1832392,744111,2076496,500007,0.1940642,2172808,280549,0.8856469
1,54631923,11290799,43341124,1821846,585998,2015657,392187,0.1628789,2045973,278953,0.8800164
2,66255730,11337671,54918059,1838008,766181,2099608,504581,0.1937574,2206794,271274,0.89053
3,53895017,11301515,42593502,1832174,579291,2026267,385198,0.1597361,2045659,284405,0.8779411
