pid,execution_cycles,compute_cycles,idle_cycles,loads,stores,hit_count,miss_count,miss_rate,private,shared,private_rate
0,20444127,11337782,9106345,1832392,744111,2510545,65958,0.02559981,1978729,579221,0.7735605
1,19826743,11290799,8535944,1821846,585998,2345944,61900,0.02570765,1931300,459449,0.8078222
2,20457248,11337671,9119577,1838008,766181,2538377,65812,0.02527159,2017410,565030,0.781203
3,19975819,11301515,8674304,1832174,579291,2348204,63261,0.02623343,1894889,496143,0.7924984
