pid,execution_cycles,compute_cycles,idle_cycles,loads,stores,hit_count,miss_count,miss_rate,private,shared,private_rate
0,20542659,11337782,9204877,1832392,744111,2509457,67046,0.02602209,2095085,438052,0.8270713
1,20019951,11290799,8729152,1821846,585998,2343616,64228,0.02667449,1931677,435825,0.8159136
2,21058779,11337671,9721108,1838008,766181,2532224,71965,0.02763432,2132492,425233,0.8337456
3,19924649,11301515,8623134,1832174,579291,2348306,63159,0.02619113,1927646,444197,0.8127207
