pid,execution_cycles,compute_cycles,idle_cycles,loads,stores,hit_count,miss_count,miss_rate,private,shared,private_rate
0,15912855,11337782,4575073,1832392,744111,2557669,18834,0.007309908,2082057,486083,0.8107257
1,15713461,11290799,4422662,1821846,585998,2390814,17030,0.007072717,1923234,477864,0.8009811
2,16453712,11337671,5116041,1838008,766181,2580361,23828,0.009149874,2102048,491857,0.8103797
3,15817099,11301515,4515584,1832174,579291,2393700,17765,0.007366891,1900878,503107,0.7907196
