pid,execution_cycles,compute_cycles,idle_cycles,loads,stores,hit_count,miss_count,miss_rate,private,shared,private_rate
0,25847880,11337782,14510098,1832392,744111,2452014,124489,0.04831704,2007808,505258,0.7989476
1,25031075,11290799,13740276,1821846,585998,2289708,118136,0.04906298,1913800,433465,0.8153319
2,25732374,11337671,14394703,1838008,766181,2479703,124486,0.04780221,2062558,473873,0.8131733
3,25005807,11301515,13704292,1832174,579291,2292284,119181,0.04942265,1883067,469006,0.8005989
