pid,execution_cycles,compute_cycles,idle_cycles,loads,stores,hit_count,miss_count,miss_rate,private,shared,private_rate
0,20292360,11337782,8954578,1832392,744111,2512078,64425,0.02500482,2103574,446326,0.8249633
1,18236506,11290799,6945707,1821846,585998,2362007,45837,0.01903653,1951519,436822,0.8171023
2,20591492,11337671,9253821,1838008,766181,2537021,67168,0.02579229,2147704,429040,0.8334953
3,18106303,11301515,6804788,1832174,579291,2367088,44377,0.01840251,1940380,451853,0.8111166
