pid,execution_cycles,compute_cycles,idle_cycles,loads,stores,hit_count,miss_count,miss_rate,private,shared,private_rate
0,26122389,11337782,14784607,1832392,744111,2452115,124388,0.04827784,2075043,455059,0.820142
1,21843247,11290799,10552448,1821846,585998,2325340,82504,0.03426468,1924332,445965,0.8118527
2,25763594,11337671,14425923,1838008,766181,2483503,120686,0.04634303,2110537,446011,0.8255417
3,22320940,11301515,11019425,1832174,579291,2324301,87164,0.03614566,1900249,472306,0.8009294
