pid,execution_cycles,compute_cycles,idle_cycles,loads,stores,hit_count,miss_count,miss_rate,private,shared,private_rate
0,20869530,11337782,9531748,1832392,744111,2506248,70255,0.02726758,2032869,504870,0.8010552
1,20167798,11290799,8876999,1821846,585998,2342499,65345,0.02713839,1924729,448721,0.8109415
2,20812559,11337671,9474888,1838008,766181,2534788,69401,0.02664976,2079787,482920,0.8115586
3,20380729,11301515,9079214,1832174,579291,2344114,67351,0.0279295,1878212,492931,0.7921125
