pid,execution_cycles,compute_cycles,idle_cycles,loads,stores,hit_count,miss_count,miss_rate,private,shared,private_rate
0,20155169,11337782,8817387,1832392,744111,2544780,31723,0.01231243,2091662,473381,0.8154491
1,18403745,11290799,7112946,1821846,585998,2386336,21508,0.008932472,1917506,482759,0.7988726
2,20644526,11337671,9306855,1838008,766181,2569887,34302,0.01317186,2120321,471583,0.8180554
3,18192706,11301515,6891191,1832174,579291,2390797,20668,0.008570724,1911921,492173,0.7952771
