pid,execution_cycles,compute_cycles,idle_cycles,loads,stores,hit_count,miss_count,miss_rate,private,shared,private_rate
0,16918803,11337782,5581021,1832392,744111,2571429,5074,0.001969336,2047603,528169,0.7949473
1,16449919,11290799,5159120,1821846,585998,2403228,4616,0.001917068,1900167,506885,0.7894167
2,16850249,11337671,5512578,1838008,766181,2599330,4859,0.00186584,2051642,551325,0.7881936
3,16128085,11301515,4826570,1832174,579291,2407118,4347,0.001802639,1897390,513155,0.7871208
