pid,execution_cycles,compute_cycles,idle_cycles,loads,stores,hit_count,miss_count,miss_rate,private,shared,private_rate
0,15399281,11337782,4061499,1832392,744111,2562179,14324,0.005559473,2023835,549644,0.7864199
1,15263800,11290799,3973001,1821846,585998,2393005,14839,0.006162775,1909741,495294,0.7940595
2,15458146,11337671,4120475,1838008,766181,2589767,14422,0.005538001,2046689,552815,0.7873383
3,15313966,11301515,4012451,1832174,579291,2396483,14982,0.006212821,1865483,541881,0.7749069
