pid,execution_cycles,compute_cycles,idle_cycles,loads,stores,hit_count,miss_count,miss_rate,private,shared,private_rate
0,20652261,11337782,9314479,1832392,744111,2506895,69608,0.02701646,2041685,494673,0.8049672
1,19976830,11290799,8686031,1821846,585998,2342619,65225,0.02708855,1906410,465461,0.8037579
2,20540972,11337671,9203301,1838008,766181,2534929,69260,0.02659561,2096954,467552,0.8176834
3,20052025,11301515,8750510,1832174,579291,2344714,66751,0.02768068,1878074,495366,0.7912878
