pid,execution_cycles,compute_cycles,idle_cycles,loads,stores,hit_count,miss_count,miss_rate,private,shared,private_rate
0,21231006,11337782,9893224,1832392,744111,2507807,68696,0.0266625,1973427,562914,0.7780606
1,20445623,11290799,9154824,1821846,585998,2343656,64188,0.02665787,1841923,529614,0.776679
2,21172205,11337671,9834534,1838008,766181,2535974,68215,0.02619434,2059579,504791,0.803152
3,20456332,11301515,9154817,1832174,579291,2346038,65427,0.02713164,1800012,573400,0.7584069
