pid,execution_cycles,compute_cycles,idle_cycles,loads,stores,hit_count,miss_count,miss_rate,private,shared,private_rate
0,15862928,11337782,4525146,1832392,744111,2564391,12112,0.004700945,1828891,744310,0.7107455
1,15419338,11290799,4128539,1821846,585998,2396414,11430,0.004746985,1762239,642581,0.7327946
2,15979181,11337671,4641510,1838008,766181,2591817,12372,0.004750807,1865914,733468,0.7178299
3,15477700,11301515,4176185,1832174,579291,2399874,11591,0.004806622,1670319,736904,0.693878
