pid,execution_cycles,compute_cycles,idle_cycles,loads,stores,hit_count,miss_count,miss_rate,private,shared,private_rate
0,16216161,11337782,4878379,1832392,744111,2552743,23760,0.009221802,2057548,507649,0.8021014
1,16011283,11290799,4720484,1821846,585998,2383004,24840,0.01031628,1901149,495553,0.7932355
2,16267604,11337671,4929933,1838008,766181,2579689,24500,0.009407919,2074892,515074,0.8011271
3,16028419,11301515,4726904,1832174,579291,2386484,24981,0.01035926,1871635,527487,0.7801333
