pid,execution_cycles,compute_cycles,idle_cycles,loads,stores,hit_count,miss_count,miss_rate,private,shared,private_rate
0,46654971,11337782,35317189,1832392,744111,2245789,330714,0.1283577,2148891,330265,0.8667833
1,36004630,11290799,24713831,1821846,585998,2182531,225313,0.09357458,2004206,337751,0.8557826
2,47414354,11337671,36076683,1838008,766181,2266083,338106,0.1298316,2191120,313776,0.8747349
3,35604454,11301515,24302939,1832174,579291,2190339,221126,0.09169779,1984367,362148,0.8456656
