pid,execution_cycles,compute_cycles,idle_cycles,loads,stores,hit_count,miss_count,miss_rate,private,shared,private_rate
0,171301126,11337782,159963344,1832392,744111,986736,1589767,0.6170251,2097815,30767,0.9855458
1,158657250,11290799,147366451,1821846,585998,943611,1464233,0.6081096,2002128,31771,0.9843793
2,173047383,11337671,161709712,1838008,766181,997056,1607133,0.6171338,2118758,25241,0.9882271
3,158420007,11301515,147118492,1832174,579291,949776,1461689,0.6061415,2009377,31223,0.9846991
