pid,execution_cycles,compute_cycles,idle_cycles,loads,stores,hit_count,miss_count,miss_rate,private,shared,private_rate
0,26045250,11337782,14707468,1832392,744111,2453968,122535,0.04755865,1972054,545329,0.7833746
1,25008898,11290799,13718099,1821846,585998,2293599,114245,0.04744701,1938073,417101,0.8229001
2,25902248,11337671,14564577,1838008,766181,2483377,120812,0.04639141,2015848,526360,0.7929516
3,25290238,11301515,13988723,1832174,579291,2294523,116942,0.04849417,1890460,462244,0.8035265
