pid,execution_cycles,compute_cycles,idle_cycles,loads,stores,hit_count,miss_count,miss_rate,private,shared,private_rate
0,14720442,11337782,3382660,1832392,744111,2568360,8143,0.003160485,2048307,526639,0.7954757
1,14579248,11290799,3288449,1821846,585998,2398949,8895,0.003694176,1886036,520547,0.7836987
2,14738315,11337671,3400644,1838008,766181,2596144,8045,0.003089254,2060946,541250,0.7920026
3,14586655,11301515,3285140,1832174,579291,2402640,8825,0.003659601,1885660,524405,0.7824104
