pid,execution_cycles,compute_cycles,idle_cycles,loads,stores,hit_count,miss_count,miss_rate,private,shared,private_rate
0,16038627,11337782,4700845,1832392,744111,2555045,21458,0.008328343,2006826,564677,0.7804097
1,15940993,11290799,4650194,1821846,585998,2385194,22650,0.009406756,1906769,495980,0.7935781
2,16157975,11337671,4820304,1838008,766181,2581804,22385,0.008595766,2022305,574108,0.7788842
3,15970873,11301515,4669358,1832174,579291,2388658,22807,0.009457736,1865087,540003,0.7754749
