pid,execution_cycles,compute_cycles,idle_cycles,loads,stores,hit_count,miss_count,miss_rate,private,shared,private_rate
0,20870355,11337782,9532573,1832392,744111,2504765,71738,0.02784317,2041462,489208,0.8066883
1,20117011,11290799,8826212,1821846,585998,2341360,66484,0.02761142,1907466,459114,0.8060011
2,20799914,11337671,9462243,1838008,766181,2533251,70938,0.02723996,2089524,467896,0.8170437
3,20191744,11301515,8890229,1832174,579291,2343441,68024,0.02820858,1872472,495031,0.7909059
