pid,execution_cycles,compute_cycles,idle_cycles,loads,stores,hit_count,miss_count,miss_rate,private,shared,private_rate
0,25706976,11337782,14369194,1832392,744111,2458608,117895,0.04575776,1833594,707649,0.7215343
1,24594115,11290799,13303316,1821846,585998,2297967,109877,0.04563294,1790636,586798,0.7531801
2,25513956,11337671,14176285,1838008,766181,2487580,116609,0.04477747,1993953,572295,0.7769915
3,24778094,11301515,13476579,1832174,579291,2298829,112636,0.04670854,1745614,633238,0.7338052
