pid,execution_cycles,compute_cycles,idle_cycles,loads,stores,hit_count,miss_count,miss_rate,private,shared,private_rate
0,20970213,11337782,9632431,1832392,744111,2505231,71272,0.0276623,2043744,488262,0.807164
1,20259769,11290799,8968970,1821846,585998,2341570,66274,0.02752421,1918763,449210,0.8102977
2,20911757,11337671,9574086,1838008,766181,2533786,70403,0.02703452,2084579,472569,0.8151969
3,20419537,11301515,9118022,1832174,579291,2343722,67743,0.02809205,1874433,491998,0.7920928
