pid,execution_cycles,compute_cycles,idle_cycles,loads,stores,hit_count,miss_count,miss_rate,private,shared,private_rate
0,52096308,11337782,40758526,1832392,744111,2190826,385677,0.1496901,2065309,320467,0.865676
1,46154308,11290799,34863509,1821846,585998,2080009,327835,0.1361529,1915211,334391,0.8513555
2,53785400,11337671,42447729,1838008,766181,2201729,402460,0.1545433,2122561,279072,0.8837991
3,45808483,11301515,34506968,1832174,579291,2087268,324197,0.1344399,1919051,337625,0.8503884
