pid,execution_cycles,compute_cycles,idle_cycles,loads,stores,hit_count,miss_count,miss_rate,private,shared,private_rate
0,27381453,11337782,16043671,1832392,744111,2440471,136032,0.05279714,2040977,436752,0.8237289
1,25697542,11290799,14406743,1821846,585998,2286643,121201,0.0503359,1923767,400376,0.8277318
2,27461102,11337671,16123431,1838008,766181,2467631,136558,0.05243782,2081392,424795,0.8305015
3,26057389,11301515,14755874,1832174,579291,2286774,124691,0.05170757,1872750,449286,0.806512
