pid,execution_cycles,compute_cycles,idle_cycles,loads,stores,hit_count,miss_count,miss_rate,private,shared,private_rate
0,21232809,11337782,9895027,1832392,744111,2507810,68693,0.02666133,1973591,562728,0.778132
1,20442126,11290799,9151327,1821846,585998,2343654,64190,0.0266587,1842256,529328,0.776804
2,21174210,11337671,9836539,1838008,766181,2535969,68220,0.02619626,2059788,504593,0.8032301
3,20457859,11301515,9156344,1832174,579291,2346037,65428,0.02713205,1800219,573130,0.7585142
