pid,execution_cycles,compute_cycles,idle_cycles,loads,stores,hit_count,miss_count,miss_rate,private,shared,private_rate
0,16049399,11337782,4711617,1832392,744111,2567341,9162,0.003555983,1998094,574008,0.7768331
1,15538245,11290799,4247446,1821846,585998,2400481,7363,0.003057922,1859473,545191,0.7732777
2,16785960,11337671,5448289,1838008,766181,2592737,11452,0.00439753,2007634,591528,0.7724159
3,15727162,11301515,4425647,1832174,579291,2403160,8305,0.003443965,1803973,603649,0.7492758
