pid,execution_cycles,compute_cycles,idle_cycles,loads,stores,hit_count,miss_count,miss_rate,private,shared,private_rate
0,16195047,11337782,4857265,1832392,744111,2553465,23038,0.008941577,2031908,536958,0.7909747
1,15461239,11290799,4170440,1821846,585998,2390040,17804,0.007394167,1904626,497294,0.7929598
2,16070657,11337671,4732986,1838008,766181,2582686,21503,0.008257081,2067879,528592,0.7964191
3,15359845,11301515,4058330,1832174,579291,2394830,16635,0.006898296,1905801,499942,0.7921881
