pid,execution_cycles,compute_cycles,idle_cycles,loads,stores,hit_count,miss_count,miss_rate,private,shared,private_rate
0,16099314,11337782,4761532,1832392,744111,2554432,22071,0.008566262,2044871,527725,0.7948667
1,15122560,11290799,3831761,1821846,585998,2393461,14383,0.005973394,1890117,514311,0.7860984
2,15587141,11337671,4249470,1838008,766181,2587570,16619,0.006381641,2063155,537650,0.7932755
3,15081556,11301515,3780041,1832174,579291,2397641,13824,0.005732615,1902478,505306,0.7901365
