pid,execution_cycles,compute_cycles,idle_cycles,loads,stores,hit_count,miss_count,miss_rate,private,shared,private_rate
0,26403630,11337782,15065848,1832392,744111,2450348,126155,0.04896365,2036425,458421,0.8162528
1,25336093,11290799,14045294,1821846,585998,2290294,117550,0.04881961,1922603,411884,0.8235655
2,26220929,11337671,14883258,1838008,766181,2480158,124031,0.0476275,2086697,435000,0.8274971
3,25624066,11301515,14322551,1832174,579291,2291151,120314,0.04989249,1869748,460955,0.8022249
