pid,execution_cycles,compute_cycles,idle_cycles,loads,stores,hit_count,miss_count,miss_rate,private,shared,private_rate
0,16213056,11337782,4875274,1832392,744111,2552862,23641,0.009175615,2057825,507468,0.8021793
1,16027366,11290799,4736567,1821846,585998,2382983,24861,0.010325,1901008,495710,0.7931713
2,16270709,11337671,4933038,1838008,766181,2579838,24351,0.009350704,2074825,515198,0.8010836
3,16043746,11301515,4742231,1832174,579291,2386483,24982,0.01035968,1871891,527280,0.7802241
