pid,execution_cycles,compute_cycles,idle_cycles,loads,stores,hit_count,miss_count,miss_rate,private,shared,private_rate
0,17948931,11337782,6611149,1832392,744111,2535749,40754,0.01581756,2068166,481783,0.8110617
1,17410648,11290799,6119849,1821846,585998,2370349,37495,0.01557202,1919181,467009,0.8042868
2,18020957,11337671,6683286,1838008,766181,2562986,41203,0.01582182,2094780,482104,0.812912
3,17498344,11301515,6196829,1832174,579291,2373229,38236,0.01585592,1868966,518568,0.7828018
