pid,execution_cycles,compute_cycles,idle_cycles,loads,stores,hit_count,miss_count,miss_rate,private,shared,private_rate
0,17361586,11337782,6023804,1832392,744111,2548265,28238,0.01095982,1943522,619263,0.7583633
1,16754237,11290799,5463438,1821846,585998,2381938,25906,0.010759,1801856,593607,0.7521953
2,17317723,11337671,5980052,1838008,766181,2576770,27419,0.01052881,1993455,596448,0.7697026
3,16645334,11301515,5343819,1832174,579291,2386685,24780,0.01027591,1794337,604342,0.7480522
