pid,execution_cycles,compute_cycles,idle_cycles,loads,stores,hit_count,miss_count,miss_rate,private,shared,private_rate
0,20754288,11337782,9416506,1832392,744111,2505990,70513,0.02736772,2040334,492575,0.8055299
1,20072380,11290799,8781581,1821846,585998,2341877,65967,0.02739671,1905508,462710,0.8046168
2,20659430,11337671,9321759,1838008,766181,2534491,69698,0.0267638,2091898,468625,0.8169807
3,20134972,11301515,8833457,1832174,579291,2343989,67476,0.02798133,1875228,494599,0.7912932
