pid,execution_cycles,compute_cycles,idle_cycles,loads,stores,hit_count,miss_count,miss_rate,private,shared,private_rate
0,32140244,11337782,20802462,1832392,744111,2398092,178411,0.06924541,2027315,416488,0.8295738
1,31060956,11290799,19770157,1821846,585998,2236296,171548,0.07124548,1862924,418856,0.8164345
2,33489007,11337671,22151336,1838008,766181,2412588,191601,0.07357415,2076783,383939,0.843973
3,30608451,11301515,19306936,1832174,579291,2244316,167149,0.0693143,1865280,423450,0.8149847
