pid,execution_cycles,compute_cycles,idle_cycles,loads,stores,hit_count,miss_count,miss_rate,private,shared,private_rate
0,14708364,11337782,3370582,1832392,744111,2568482,8021,0.003113134,2041638,533763,0.7927457
1,14533510,11290799,3242711,1821846,585998,2399411,8433,0.003502303,1888721,518138,0.7847244
2,14704259,11337671,3366588,1838008,766181,2596488,7701,0.002957159,2046170,556396,0.7862125
3,14553787,11301515,3252272,1832174,579291,2402972,8493,0.003521925,1875037,535116,0.7779743
