pid,execution_cycles,compute_cycles,idle_cycles,loads,stores,hit_count,miss_count,miss_rate,private,shared,private_rate
0,35603898,11337782,24266116,1832392,744111,2357416,219087,0.0850327,2143261,369610,0.8529133
1,26449447,11290799,15158648,1821846,585998,2279048,128796,0.05349018,1982908,379188,0.8394697
2,36042323,11337671,24704652,1838008,766181,2380952,223237,0.08572227,2182068,357264,0.8593079
3,26074318,11301515,14772803,1832174,579291,2286603,124862,0.05177848,1971742,394423,0.8333071
