pid,execution_cycles,compute_cycles,idle_cycles,loads,stores,hit_count,miss_count,miss_rate,private,shared,private_rate
0,18487180,11337782,7149398,1832392,744111,2555059,21444,0.008322909,2096677,471913,0.8162755
1,17484004,11290799,6193205,1821846,585998,2391557,16287,0.006764143,1920480,481494,0.7995424
2,19098096,11337671,7760425,1838008,766181,2579784,24405,0.00937144,2124448,470770,0.818601
3,17337870,11301515,6036355,1832174,579291,2396070,15395,0.006384086,1914208,491567,0.7956721
