pid,execution_cycles,compute_cycles,idle_cycles,loads,stores,hit_count,miss_count,miss_rate,private,shared,private_rate
0,17676562,11337782,6338780,1832392,744111,2537292,39211,0.01521869,2045111,509700,0.800494
1,17227687,11290799,5936888,1821846,585998,2370392,37452,0.01555416,1903868,483436,0.7974971
2,17648287,11337671,6310616,1838008,766181,2565084,39105,0.01501619,2088818,491673,0.8094653
3,17260742,11301515,5959227,1832174,579291,2373407,38058,0.01578211,1872965,516911,0.783708
