pid,execution_cycles,compute_cycles,idle_cycles,loads,stores,hit_count,miss_count,miss_rate,private,shared,private_rate
0,25125946,11337782,13788164,1832392,744111,2457496,119007,0.04618935,1991943,550454,0.7834901
1,24104949,11290799,12814150,1821846,585998,2297010,110834,0.04603039,1952587,428384,0.8200801
2,24851405,11337671,13513734,1838008,766181,2486994,117195,0.04500249,2048370,523360,0.796495
3,24349006,11301515,13047491,1832174,579291,2297911,113554,0.04708922,1913299,468494,0.803302
