pid,execution_cycles,compute_cycles,idle_cycles,loads,stores,hit_count,miss_count,miss_rate,private,shared,private_rate
0,15262329,11337782,3924547,1832392,744111,2566331,10172,0.003947987,2056250,516487,0.7992461
1,15151603,11290799,3860804,1821846,585998,2397564,10280,0.00426938,1915807,488650,0.7967732
2,15364169,11337671,4026498,1838008,766181,2593842,10347,0.003973214,2063323,536011,0.7937891
3,15245887,11301515,3944372,1832174,579291,2401044,10421,0.004321439,1878401,528773,0.7803345
