pid,execution_cycles,compute_cycles,idle_cycles,loads,stores,hit_count,miss_count,miss_rate,private,shared,private_rate
0,25702877,11337782,14365095,1832392,744111,2458477,118026,0.0458086,1838774,702580,0.7235411
1,24605678,11290799,13314879,1821846,585998,2297987,109857,0.04562463,1802616,575544,0.7579877
2,25538824,11337671,14201153,1838008,766181,2487448,116741,0.04482816,1995849,571172,0.7774962
3,24768759,11301515,13467244,1832174,579291,2298913,112552,0.0466737,1758871,620318,0.7392733
