pid,execution_cycles,compute_cycles,idle_cycles,loads,stores,hit_count,miss_count,miss_rate,private,shared,private_rate
0,16829286,11337782,5491504,1832392,744111,2555223,21280,0.008259257,1929155,638412,0.7513553
1,16115600,11290799,4824801,1821846,585998,2389819,18025,0.00748595,1807852,592171,0.7532644
2,16742348,11337671,5404677,1838008,766181,2584218,19971,0.007668798,1965013,629573,0.7573513
3,16000170,11301515,4698655,1832174,579291,2394764,16701,0.006925666,1781985,621317,0.7414736
