pid,execution_cycles,compute_cycles,idle_cycles,loads,stores,hit_count,miss_count,miss_rate,private,shared,private_rate
0,22364108,11337782,11026326,1832392,744111,2497394,79109,0.03070402,2055284,465033,0.8154863
1,21205711,11290799,9914912,1821846,585998,2336030,71814,0.02982502,1902699,457880,0.8060306
2,22853593,11337671,11515922,1838008,766181,2520645,83544,0.03208062,2105482,439164,0.8274165
3,21214587,11301515,9913072,1832174,579291,2339205,72260,0.02996519,1852944,509364,0.7843787
