pid,execution_cycles,compute_cycles,idle_cycles,loads,stores,hit_count,miss_count,miss_rate,private,shared,private_rate
0,23039907,11337782,11702125,1832392,744111,2484325,92178,0.0357764,2097581,449765,0.8234378
1,20633296,11290799,9342497,1821846,585998,2337797,70047,0.02909117,1941009,445278,0.8134013
2,25495358,11337671,14157687,1838008,766181,2487487,116702,0.04481318,2155552,417063,0.8378836
3,20808211,11301515,9506696,1832174,579291,2339796,71669,0.02972011,1924505,463407,0.8059363
