pid,execution_cycles,compute_cycles,idle_cycles,loads,stores,hit_count,miss_count,miss_rate,private,shared,private_rate
0,14794791,11337782,3457009,1832392,744111,2567609,8894,0.003451966,2051579,522464,0.7970259
1,14673892,11290799,3383093,1821846,585998,2397993,9851,0.004091212,1903711,502084,0.7913023
2,14836820,11337671,3499149,1838008,766181,2595149,9040,0.00347133,2060234,540665,0.7921238
3,14698129,11301515,3396614,1832174,579291,2401514,9951,0.004126537,1880289,528551,0.7805786
