pid,execution_cycles,compute_cycles,idle_cycles,loads,stores,hit_count,miss_count,miss_rate,private,shared,private_rate
0,26249170,11337782,14911388,1832392,744111,2455017,121486,0.04715151,1869238,644401,0.7436382
1,25114099,11290799,13823300,1821846,585998,2294543,113301,0.04705496,1832285,519239,0.7791904
2,25959806,11337671,14622135,1838008,766181,2484171,120018,0.04608652,1983926,558952,0.7801892
3,25220152,11301515,13918637,1832174,579291,2295514,115951,0.04808322,1790380,563795,0.7605127
