pid,execution_cycles,compute_cycles,idle_cycles,loads,stores,hit_count,miss_count,miss_rate,private,shared,private_rate
0,16506633,11337782,5168851,1832392,744111,2571439,5064,0.001965455,2020073,554894,0.7845044
1,16084774,11290799,4793975,1821846,585998,2403183,4661,0.001935757,1901728,505010,0.7901683
2,16407257,11337671,5069586,1838008,766181,2599138,5051,0.001939567,2084683,518278,0.8008891
3,15860587,11301515,4559072,1832174,579291,2407048,4417,0.001831667,1906423,503869,0.7909511
