pid,execution_cycles,compute_cycles,idle_cycles,loads,stores,hit_count,miss_count,miss_rate,private,shared,private_rate
0,14685297,11337782,3347515,1832392,744111,2568715,7788,0.003022702,2037672,537877,0.7911603
1,14518363,11290799,3227564,1821846,585998,2399564,8280,0.003438761,1889941,517065,0.7851833
2,14672975,11337671,3335304,1838008,766181,2596804,7385,0.002835816,2048379,554440,0.7869848
3,14538442,11301515,3236927,1832174,579291,2403127,8338,0.003457649,1873765,536482,0.7774162
