pid,execution_cycles,compute_cycles,idle_cycles,loads,stores,hit_count,miss_count,miss_rate,private,shared,private_rate
0,26635290,11337782,15297508,1832392,744111,2447896,128607,0.04991533,2083077,409551,0.8356951
1,24952900,11290799,13662101,1821846,585998,2294017,113827,0.04727341,1928664,403715,0.8269085
2,27459002,11337671,16121331,1838008,766181,2467575,136614,0.05245933,2136661,378128,0.8496383
3,24768991,11301515,13467476,1832174,579291,2299548,111917,0.04641038,1936920,399886,0.828875
