pid,execution_cycles,compute_cycles,idle_cycles,loads,stores,hit_count,miss_count,miss_rate,private,shared,private_rate
0,35834460,11337782,24496678,1832392,744111,2354914,221589,0.08600378,2061997,396922,0.8385787
1,34343635,11290799,23052836,1821846,585998,2199044,208800,0.08671658,1914629,386769,0.8319417
2,36890603,11337671,25552932,1838008,766181,2372224,231965,0.0890738,2120485,360438,0.8547162
3,34037044,11301515,22735529,1832174,579291,2205877,205588,0.0852544,1929204,378133,0.8361171
