pid,execution_cycles,compute_cycles,idle_cycles,loads,stores,hit_count,miss_count,miss_rate,private,shared,private_rate
0,15392454,11337782,4054672,1832392,744111,2561572,14931,0.005795064,2021948,551543,0.7856829
1,15265516,11290799,3974717,1821846,585998,2392017,15827,0.0065731,1905201,499787,0.7921873
2,15429929,11337671,4092258,1838008,766181,2589158,15031,0.005771855,2046353,553160,0.7872063
3,15291832,11301515,3990317,1832174,579291,2395517,15948,0.006613407,1866938,540452,0.7755029
