pid,execution_cycles,compute_cycles,idle_cycles,loads,stores,hit_count,miss_count,miss_rate,private,shared,private_rate
0,37357004,11337782,26019222,1832392,744111,2337436,239067,0.09278739,2111740,384192,0.8460727
1,35470489,11290799,24179690,1821846,585998,2187160,220684,0.09165212,1956129,382287,0.8365188
2,38358849,11337671,27021178,1838008,766181,2355090,249099,0.0956532,2153855,366700,0.8545162
3,35473020,11301515,24171505,1832174,579291,2191350,220115,0.09127854,1946281,395996,0.8309355
