pid,execution_cycles,compute_cycles,idle_cycles,loads,stores,hit_count,miss_count,miss_rate,private,shared,private_rate
0,15458174,11337782,4120392,1832392,744111,2561456,15047,0.005840086,2058295,513232,0.8004174
1,15326103,11290799,4035304,1821846,585998,2392288,15556,0.006460551,1912480,490864,0.7957579
2,15523595,11337671,4185924,1838008,766181,2588956,15233,0.005849422,2073338,524049,0.7982399
3,15376260,11301515,4074745,1832174,579291,2395733,15732,0.006523835,1876290,529151,0.7800191
