pid,execution_cycles,compute_cycles,idle_cycles,loads,stores,hit_count,miss_count,miss_rate,private,shared,private_rate
0,15755151,11337782,4417369,1832392,744111,2559273,17230,0.006687359,2083546,485403,0.81105
1,15894070,11290799,4603271,1821846,585998,2389423,18421,0.007650413,1925310,475766,0.801853
2,16022396,11337671,4684725,1838008,766181,2584557,19632,0.007538623,2103866,491740,0.8105491
3,15821650,11301515,4520135,1832174,579291,2393799,17666,0.007325837,1917469,487356,0.7973424
