pid,execution_cycles,compute_cycles,idle_cycles,loads,stores,hit_count,miss_count,miss_rate,private,shared,private_rate
0,25299094,11337782,13961312,1832392,744111,2455708,120795,0.04688331,2012122,522389,0.7938896
1,24370603,11290799,13079804,1821846,585998,2295268,112576,0.04675386,1932392,435951,0.8159257
2,25245620,11337671,13907949,1838008,766181,2483157,121032,0.04647589,2073660,480568,0.8118539
3,24479052,11301515,13177537,1832174,579291,2296261,115204,0.04777345,1903604,471930,0.8013373
