pid,execution_cycles,compute_cycles,idle_cycles,loads,stores,hit_count,miss_count,miss_rate,private,shared,private_rate
0,18301522,11337782,6963740,1832392,744111,2538656,37847,0.01468929,1999873,554960,0.7827803
1,17693033,11290799,6402234,1821846,585998,2372168,35676,0.01481657,1852510,534839,0.7759695
2,18299447,11337671,6961776,1838008,766181,2566364,37825,0.01452468,2028787,551564,0.7862446
3,17690085,11301515,6388570,1832174,579291,2375341,36124,0.01498011,1810396,579196,0.7576172
