pid,execution_cycles,compute_cycles,idle_cycles,loads,stores,hit_count,miss_count,miss_rate,private,shared,private_rate
0,20612238,11337782,9274456,1832392,744111,2506136,70367,0.02731105,2017686,524876,0.7935641
1,20133763,11290799,8842964,1821846,585998,2340092,67752,0.02813804,1904036,471029,0.8016774
2,20601782,11337671,9264111,1838008,766181,2533311,70878,0.02721692,2067543,499542,0.805405
3,20052817,11301515,8751302,1832174,579291,2343726,67739,0.02809039,1880621,498473,0.7904778
