pid,execution_cycles,compute_cycles,idle_cycles,loads,stores,hit_count,miss_count,miss_rate,private,shared,private_rate
0,14687079,11337782,3349297,1832392,744111,2568697,7806,0.003029688,2037791,537765,0.7912043
1,14530639,11290799,3239840,1821846,585998,2399440,8404,0.003490259,1885879,521112,0.7835006
2,14674262,11337671,3336591,1838008,766181,2596791,7398,0.002840808,2048201,554629,0.7869131
3,14547946,11301515,3246431,1832174,579291,2403031,8434,0.003497459,1875454,534831,0.7781047
