pid,execution_cycles,compute_cycles,idle_cycles,loads,stores,hit_count,miss_count,miss_rate,private,shared,private_rate
0,17692620,11337782,6354838,1832392,744111,2538338,38165,0.01481271,2061622,496280,0.8059816
1,17312638,11290799,6021839,1821846,585998,2371339,36505,0.01516087,1914927,474929,0.801273
2,17757122,11337671,6419451,1838008,766181,2565651,38538,0.01479847,2079545,501535,0.8056879
3,17396572,11301515,6095057,1832174,579291,2374257,37208,0.01542962,1869128,521552,0.7818395
