pid,execution_cycles,compute_cycles,idle_cycles,loads,stores,hit_count,miss_count,miss_rate,private,shared,private_rate
0,16651750,11337782,5313968,1832392,744111,2555935,20568,0.007982913,1818463,752132,0.7074094
1,16157099,11290799,4866300,1821846,585998,2388365,19479,0.00808981,1749697,652328,0.7284258
2,16665501,11337671,5327830,1838008,766181,2583266,20923,0.008034363,1898423,697876,0.7312035
3,16155925,11301515,4854410,1832174,579291,2391777,19688,0.008164332,1690946,714037,0.703101
