pid,execution_cycles,compute_cycles,idle_cycles,loads,stores,hit_count,miss_count,miss_rate,private,shared,private_rate
0,25604103,11337782,14266321,1832392,744111,2484735,91768,0.03561727,2097584,449676,0.8234668
1,22534048,11290799,11243249,1821846,585998,2338548,69296,0.02877927,1932127,454098,0.8097003
2,29068147,11337671,17730476,1838008,766181,2488003,116186,0.04461504,2147272,425282,0.8346849
3,22627927,11301515,11326412,1832174,579291,2340495,70970,0.02943024,1896837,491025,0.7943663
