pid,execution_cycles,compute_cycles,idle_cycles,loads,stores,hit_count,miss_count,miss_rate,private,shared,private_rate
0,18399965,11337782,7062183,1832392,744111,2537656,38847,0.01507741,2004797,549440,0.7848908
1,17760772,11290799,6469973,1821846,585998,2371655,36189,0.01502963,1861582,526000,0.7796934
2,18397974,11337671,7060303,1838008,766181,2565272,38917,0.014944,2032110,547675,0.7877052
3,17775297,11301515,6473782,1832174,579291,2374340,37125,0.01539521,1804862,583861,0.7555761
