pid,execution_cycles,compute_cycles,idle_cycles,loads,stores,hit_count,miss_count,miss_rate,private,shared,private_rate
0,17702368,11337782,6364586,1832392,744111,2537190,39313,0.01525828,2045464,509527,0.8005758
1,17245808,11290799,5955009,1821846,585998,2370505,37339,0.01550723,1904510,482845,0.797749
2,17676843,11337671,6339172,1838008,766181,2564924,39265,0.01507763,2088311,492070,0.8093034
3,17279584,11301515,5978069,1832174,579291,2373477,37988,0.01575308,1872433,517412,0.7834956
