pid,execution_cycles,compute_cycles,idle_cycles,loads,stores,hit_count,miss_count,miss_rate,private,shared,private_rate
0,21072633,11337782,9734851,1832392,744111,2503247,73256,0.02843234,2049142,477855,0.8109001
1,20242114,11290799,8951315,1821846,585998,2340451,67393,0.02798894,1915380,449844,0.8098091
2,21054341,11337671,9716670,1838008,766181,2531230,72959,0.02801602,2090430,464157,0.8183045
3,20354320,11301515,9052805,1832174,579291,2342593,68872,0.02856023,1870843,494897,0.7908067
