pid,execution_cycles,compute_cycles,idle_cycles,loads,stores,hit_count,miss_count,miss_rate,private,shared,private_rate
0,20670342,11337782,9332560,1832392,744111,2508260,68243,0.02648668,1975202,570918,0.7757694
1,20017912,11290799,8727113,1821846,585998,2344013,63831,0.02650961,1923664,456675,0.8081471
2,20670296,11337671,9332625,1838008,766181,2536225,67964,0.02609795,2004557,564927,0.7801399
3,20182630,11301515,8881115,1832174,579291,2346115,65350,0.02709971,1884119,495075,0.7919148
