pid,execution_cycles,compute_cycles,idle_cycles,loads,stores,hit_count,miss_count,miss_rate,private,shared,private_rate
0,21351146,11337782,10013364,1832392,744111,2506847,69656,0.02703509,1994886,537919,0.7876193
1,20541810,11290799,9251011,1821846,585998,2342698,65146,0.02705574,1856007,512063,0.7837636
2,21292075,11337671,9954404,1838008,766181,2535288,68901,0.02645776,2053195,507195,0.8019071
3,20571295,11301515,9269780,1832174,579291,2345111,66354,0.02751605,1808239,561250,0.7631346
