pid,execution_cycles,compute_cycles,idle_cycles,loads,stores,hit_count,miss_count,miss_rate,private,shared,private_rate
0,38369862,11337782,27032080,1832392,744111,2333998,242505,0.09412176,2064713,358170,0.852172
1,34871839,11290799,23581040,1821846,585998,2196975,210869,0.08757586,1906362,362440,0.8402505
2,39868842,11337671,28531171,1838008,766181,2346969,257220,0.09877163,2111850,328287,0.8654637
3,34485487,11301515,23183972,1832174,579291,2204757,206708,0.08571885,1904213,371074,0.8369111
