pid,execution_cycles,compute_cycles,idle_cycles,loads,stores,hit_count,miss_count,miss_rate,private,shared,private_rate
0,15568370,11337782,4230588,1832392,744111,2560460,16043,0.006226657,2054066,515948,0.7992431
1,15407938,11290799,4117139,1821846,585998,2391555,16289,0.006764973,1909943,492014,0.7951612
2,15599775,11337671,4262104,1838008,766181,2588180,16009,0.006147403,2072133,523757,0.7982361
3,15446741,11301515,4145226,1832174,579291,2395070,16395,0.006798772,1875877,528157,0.7803039
