pid,execution_cycles,compute_cycles,idle_cycles,loads,stores,hit_count,miss_count,miss_rate,private,shared,private_rate
0,16808255,11337782,5470473,1832392,744111,2554510,21993,0.008535989,1968681,597345,0.7672101
1,16308224,11290799,5017425,1821846,585998,2386972,20872,0.008668336,1835861,561721,0.7657135
2,16828382,11337671,5490711,1838008,766181,2581907,22282,0.008556215,1975036,616042,0.7622449
3,16314330,11301515,5012815,1832174,579291,2390340,21125,0.008760235,1768729,631236,0.7369812
