pid,execution_cycles,compute_cycles,idle_cycles,loads,stores,hit_count,miss_count,miss_rate,private,shared,private_rate
0,18358331,11337782,7020549,1832392,744111,2538003,38500,0.01494273,1962762,595231,0.7673055
1,17434362,11290799,6143563,1821846,585998,2374701,33143,0.0137646,1827193,563854,0.7641811
2,18194635,11337671,6856964,1838008,766181,2567901,36288,0.01393447,2034589,550571,0.7870263
3,17220336,11301515,5918821,1832174,579291,2380816,30649,0.0127097,1850221,546303,0.7720436
