pid,execution_cycles,compute_cycles,idle_cycles,loads,stores,hit_count,miss_count,miss_rate,private,shared,private_rate
0,17641041,11337782,6303259,1832392,744111,2538859,37644,0.0146105,2100671,465877,0.8184811
1,15670921,11290799,4380122,1821846,585998,2387922,19922,0.008273792,1941311,461420,0.8079602
2,17895722,11337671,6558051,1838008,766181,2564251,39938,0.01533606,2134549,458943,0.8230405
3,15659221,11301515,4357706,1832174,579291,2391806,19659,0.008152306,1924500,481772,0.7997849
