pid,execution_cycles,compute_cycles,idle_cycles,loads,stores,hit_count,miss_count,miss_rate,private,shared,private_rate
0,14795781,11337782,3457999,1832392,744111,2567599,8904,0.003455847,2045202,529329,0.7943979
1,14633698,11290799,3342899,1821846,585998,2398399,9445,0.003922596,1903671,502442,0.791181
2,14815040,11337671,3477369,1838008,766181,2595369,8820,0.003386851,2057909,543638,0.7910328
3,14664667,11301515,3363152,1832174,579291,2401852,9613,0.003986373,1875198,533986,0.778354
