pid,execution_cycles,compute_cycles,idle_cycles,loads,stores,hit_count,miss_count,miss_rate,private,shared,private_rate
0,21086241,11337782,9748459,1832392,744111,2504059,72444,0.02811718,2047584,480053,0.8100783
1,20312635,11290799,9021836,1821846,585998,2341036,66808,0.02774598,1917324,448220,0.8105214
2,21094808,11337671,9757137,1838008,766181,2531937,72252,0.02774453,2087656,466950,0.8172125
3,20470819,11301515,9169304,1832174,579291,2343204,68261,0.02830686,1875963,489499,0.7930641
