pid,execution_cycles,compute_cycles,idle_cycles,loads,stores,hit_count,miss_count,miss_rate,private,shared,private_rate
0,33068112,11337782,21730330,1832392,744111,2383030,193473,0.07509132,2049956,383903,0.8422657
1,31971469,11290799,20680670,1821846,585998,2223270,184574,0.0766553,1888974,383951,0.8310763
2,34473272,11337671,23135601,1838008,766181,2396801,207388,0.07963631,2095588,355307,0.8550297
3,31668709,11301515,20367194,1832174,579291,2230094,181371,0.07521196,1889708,389407,0.8291411
