pid,execution_cycles,compute_cycles,idle_cycles,loads,stores,hit_count,miss_count,miss_rate,private,shared,private_rate
0,15336449,11337782,3998667,1832392,744111,2567115,9388,0.003643698,2082267,490523,0.809342
1,15714420,11290799,4423621,1821846,585998,2397329,10515,0.004366977,1917817,487015,0.7974848
2,15595160,11337671,4257489,1838008,766181,2592845,11344,0.004356059,2097313,502681,0.8066607
3,15648100,11301515,4346585,1832174,579291,2401669,9796,0.004062261,1916062,492280,0.7955938
