pid,execution_cycles,compute_cycles,idle_cycles,loads,stores,hit_count,miss_count,miss_rate,private,shared,private_rate
0,17915972,11337782,6578190,1832392,744111,2542569,33934,0.01317056,2086931,469653,0.8162967
1,17450828,11290799,6160029,1821846,585998,2374641,33203,0.01378951,1897178,492561,0.793885
2,18381725,11337671,7044054,1838008,766181,2565959,38230,0.01468019,2116763,465073,0.8198673
3,17385259,11301515,6083744,1832174,579291,2379032,32433,0.0134495,1870208,523033,0.7814541
