pid,execution_cycles,compute_cycles,idle_cycles,loads,stores,hit_count,miss_count,miss_rate,private,shared,private_rate
0,15090504,11337782,3752722,1832392,744111,2564622,11881,0.004611289,2047491,524866,0.7959591
1,14932975,11290799,3642176,1821846,585998,2395376,12468,0.005178076,1906840,497361,0.7931284
2,15119960,11337671,3782289,1838008,766181,2592289,11900,0.004569561,2062990,535906,0.7937947
3,14962954,11301515,3661439,1832174,579291,2398839,12626,0.005235821,1882053,524912,0.7819196
