pid,execution_cycles,compute_cycles,idle_cycles,loads,stores,hit_count,miss_count,miss_rate,private,shared,private_rate
0,26457783,11337782,15120001,1832392,744111,2449801,126702,0.04917596,2032819,457276,0.816362
1,25379059,11290799,14088260,1821846,585998,2289860,117984,0.04899985,1921261,409816,0.8241946
2,26276864,11337671,14939193,1838008,766181,2479593,124596,0.04784445,2083179,434615,0.8273826
3,25669705,11301515,14368190,1832174,579291,2290690,120775,0.05008366,1866315,460842,0.8019721
