pid,execution_cycles,compute_cycles,idle_cycles,loads,stores,hit_count,miss_count,miss_rate,private,shared,private_rate
0,16558499,11337782,5220717,1832392,744111,2554409,22094,0.008575189,2094792,473885,0.815514
1,16256994,11290799,4966195,1821846,585998,2390163,17681,0.007343084,1941293,460887,0.808138
2,16889928,11337671,5552257,1838008,766181,2579109,25080,0.009630637,2118861,476467,0.8164136
3,16208397,11301515,4906882,1832174,579291,2394582,16883,0.007001138,1938282,467576,0.805651
