pid,execution_cycles,compute_cycles,idle_cycles,loads,stores,hit_count,miss_count,miss_rate,private,shared,private_rate
0,17347916,11337782,6010134,1832392,744111,2539558,36945,0.0143392,1972313,593235,0.7687687
1,16922086,11290799,5631287,1821846,585998,2372803,35041,0.01455285,1905870,492079,0.7947917
2,17293024,11337671,5955353,1838008,766181,2567261,36928,0.01418023,2022759,569957,0.7801699
3,16958655,11301515,5657140,1832174,579291,2375788,35677,0.01479474,1877022,523741,0.7818439
