pid,execution_cycles,compute_cycles,idle_cycles,loads,stores,hit_count,miss_count,miss_rate,private,shared,private_rate
0,21638031,11337782,10300249,1832392,744111,2504842,71661,0.02781328,2032291,495170,0.804084
1,20675765,11290799,9384966,1821846,585998,2341723,66121,0.02746067,1896804,468509,0.8019252
2,21665390,11337671,10327719,1838008,766181,2532166,72023,0.02765659,2069036,484364,0.8103063
3,20739586,11301515,9438071,1832174,579291,2344083,67382,0.02794235,1827066,538696,0.7722949
