pid,execution_cycles,compute_cycles,idle_cycles,loads,stores,hit_count,miss_count,miss_rate,private,shared,private_rate
0,18228293,11337782,6890511,1832392,744111,2539238,37265,0.0144634,1969720,586516,0.7705548
1,17649982,11290799,6359183,1821846,585998,2372656,35188,0.0146139,1836915,552074,0.7689089
2,18228699,11337671,6891028,1838008,766181,2566746,37443,0.01437799,2037456,545144,0.7889166
3,17643664,11301515,6342149,1832174,579291,2375802,35663,0.01478894,1784085,607267,0.746057
