pid,execution_cycles,compute_cycles,idle_cycles,loads,stores,hit_count,miss_count,miss_rate,private,shared,private_rate
0,20087967,11337782,8750185,1832392,744111,2510545,65958,0.02559981,1975995,581152,0.7727342
1,19433371,11290799,8142572,1821846,585998,2346168,61676,0.02561462,1923983,468164,0.8042913
2,19960181,11337671,8622510,1838008,766181,2538822,65367,0.02510071,2029075,556008,0.7849168
3,19550542,11301515,8249027,1832174,579291,2348371,63094,0.02616418,1894050,500231,0.7910726
