pid,execution_cycles,compute_cycles,idle_cycles,loads,stores,hit_count,miss_count,miss_rate,private,shared,private_rate
0,16650746,11337782,5312964,1832392,744111,2555940,20563,0.007980973,1815769,754843,0.7063567
1,16159385,11290799,4868586,1821846,585998,2388352,19492,0.008095209,1749477,652553,0.7283327
2,16663754,11337671,5326083,1838008,766181,2583279,20910,0.008029371,1898519,697783,0.7312397
3,16152974,11301515,4851459,1832174,579291,2391785,19680,0.008161014,1690746,714243,0.7030161
