pid,execution_cycles,compute_cycles,idle_cycles,loads,stores,hit_count,miss_count,miss_rate,private,shared,private_rate
0,20746797,11337782,9409015,1832392,744111,2506019,70484,0.02735646,2040265,492610,0.8055135
1,20073295,11290799,8782496,1821846,585998,2341872,65972,0.02739878,1905478,462723,0.8046099
2,20652224,11337671,9314553,1838008,766181,2534501,69688,0.02675996,2092226,468339,0.8170954
3,20136508,11301515,8834993,1832174,579291,2343993,67472,0.02797967,1875284,494572,0.7913072
