pid,execution_cycles,compute_cycles,idle_cycles,loads,stores,hit_count,miss_count,miss_rate,private,shared,private_rate
0,15502827,11337782,4165045,1832392,744111,2560777,15726,0.006103622,2063781,504768,0.8034813
1,15407135,11290799,4116336,1821846,585998,2391504,16340,0.006786154,1913327,488316,0.7966742
2,15576021,11337671,4238350,1838008,766181,2588050,16139,0.006197323,2086730,508434,0.8040841
3,15454554,11301515,4153039,1832174,579291,2394943,16522,0.006851437,1877256,526473,0.7809766
