pid,execution_cycles,compute_cycles,idle_cycles,loads,stores,hit_count,miss_count,miss_rate,private,shared,private_rate
0,109793355,11337782,98455573,1832392,744111,1609301,967202,0.3753933,2341821,41209,0.9827073
1,100950032,11290799,89659233,1821846,585998,1527757,880087,0.3655083,2209947,44492,0.9802647
2,110193667,11337671,98855996,1838008,766181,1632656,971533,0.3730655,2368729,39644,0.9835391
3,100686438,11301515,89384923,1832174,579291,1535051,876414,0.3634363,2215816,45892,0.9797091
