pid,execution_cycles,compute_cycles,idle_cycles,loads,stores,hit_count,miss_count,miss_rate,private,shared,private_rate
0,15930495,11337782,4592713,1832392,744111,2556413,20090,0.00779739,2073890,492504,0.8080949
1,15585833,11290799,4295034,1821846,585998,2389346,18498,0.007682391,1919420,480190,0.7998883
2,16209459,11337671,4871788,1838008,766181,2581588,22601,0.00867871,2100126,492481,0.8100441
3,15702554,11301515,4401039,1832174,579291,2391999,19466,0.008072271,1889452,512507,0.7866296
