pid,execution_cycles,compute_cycles,idle_cycles,loads,stores,hit_count,miss_count,miss_rate,private,shared,private_rate
0,21440538,11337782,10102756,1832392,744111,2506147,70356,0.02730678,2006541,524766,0.7926897
1,20594366,11290799,9303567,1821846,585998,2342394,65450,0.02718199,1886079,480526,0.7969556
2,21414970,11337671,10077299,1838008,766181,2534332,69857,0.02682486,2047798,509520,0.80076
3,20632934,11301515,9331419,1832174,579291,2344754,66711,0.0276641,1826469,540873,0.7715273
