pid,execution_cycles,compute_cycles,idle_cycles,loads,stores,hit_count,miss_count,miss_rate,private,shared,private_rate
0,37931928,11337782,26594146,1832392,744111,2333842,242661,0.09418231,2067044,355869,0.8531235
1,34398651,11290799,23107852,1821846,585998,2198648,209196,0.08688104,1906644,362605,0.8402092
2,39386275,11337671,28048604,1838008,766181,2347092,257097,0.0987244,2116168,324081,0.8671935
3,33976158,11301515,22674643,1832174,579291,2206687,204778,0.0849185,1903935,371825,0.836615
