pid,execution_cycles,compute_cycles,idle_cycles,loads,stores,hit_count,miss_count,miss_rate,private,shared,private_rate
0,15662082,11337782,4324300,1832392,744111,2566895,9608,0.003729086,2043136,527674,0.7947441
1,15163215,11290799,3872416,1821846,585998,2399483,8361,0.003472401,1892043,511275,0.7872629
2,15810377,11337671,4472706,1838008,766181,2593916,10273,0.003944798,2059206,538908,0.7925772
3,15264661,11301515,3963146,1832174,579291,2402727,8738,0.003623523,1822008,584463,0.7571286
