pid,execution_cycles,compute_cycles,idle_cycles,loads,stores,hit_count,miss_count,miss_rate,private,shared,private_rate
0,18882798,11337782,7545016,1832392,744111,2526316,50187,0.01947873,2044434,517348,0.7980515
1,17099590,11290799,5808791,1821846,585998,2373491,34353,0.01426712,1916404,482030,0.799023
2,17837015,11337671,6499344,1838008,766181,2564844,39345,0.01510835,2086963,503638,0.8055903
3,16629619,11301515,5328104,1832174,579291,2382004,29461,0.01221705,1927806,475679,0.8020878
