pid,execution_cycles,compute_cycles,idle_cycles,loads,stores,hit_count,miss_count,miss_rate,private,shared,private_rate
0,16636619,11337782,5298837,1832392,744111,2556054,20449,0.007936727,1846130,724265,0.7182281
1,16153540,11290799,4862741,1821846,585998,2388383,19461,0.008082334,1733054,668906,0.7215166
2,16660818,11337671,5323147,1838008,766181,2583293,20896,0.008023995,1909170,687284,0.735299
3,16165567,11301515,4864052,1832174,579291,2391636,19829,0.008222802,1688787,715966,0.7022705
