pid,execution_cycles,compute_cycles,idle_cycles,loads,stores,hit_count,miss_count,miss_rate,private,shared,private_rate
0,26869918,11337782,15532136,1832392,744111,2450439,126064,0.04892833,2002793,487062,0.8043814
1,25647834,11290799,14357035,1821846,585998,2290572,117272,0.04870415,1869077,459735,0.8025882
2,26715077,11337671,15377406,1838008,766181,2480279,123910,0.04758103,2056849,461474,0.8167535
3,25752115,11301515,14450600,1832174,579291,2291458,120007,0.04976518,1832476,496397,0.786851
