pid,execution_cycles,compute_cycles,idle_cycles,loads,stores,hit_count,miss_count,miss_rate,private,shared,private_rate
0,26174640,11337782,14836858,1832392,744111,2454314,122189,0.04742436,2047979,482117,0.8094472
1,22158567,11290799,10867768,1821846,585998,2325747,82097,0.03409565,1918750,451547,0.8094977
2,25857450,11337671,14519779,1838008,766181,2485832,118357,0.0454487,2084430,472133,0.8153251
3,22632849,11301515,11331334,1832174,579291,2324745,86720,0.03596154,1883997,488562,0.794078
