pid,execution_cycles,compute_cycles,idle_cycles,loads,stores,hit_count,miss_count,miss_rate,private,shared,private_rate
0,15007740,11337782,3669958,1832392,744111,2565458,11045,0.004286818,2036952,537352,0.7912632
1,14879812,11290799,3589013,1821846,585998,2395913,11931,0.004955055,1903073,502909,0.7909756
2,15033038,11337671,3695367,1838008,766181,2593167,11022,0.004232412,2055623,545370,0.7903224
3,14908405,11301515,3606890,1832174,579291,2399390,12075,0.00500733,1868251,540570,0.7755873
