pid,execution_cycles,compute_cycles,idle_cycles,loads,stores,hit_count,miss_count,miss_rate,private,shared,private_rate
0,21353937,11337782,10016155,1832392,744111,2506868,69635,0.02702694,1998167,534742,0.7888823
1,20542771,11290799,9251972,1821846,585998,2342718,65126,0.02704743,1857172,510864,0.7842668
2,21295939,11337671,9958268,1838008,766181,2535299,68890,0.02645353,2051703,508609,0.8013488
3,20574324,11301515,9272809,1832174,579291,2345138,66327,0.02750486,1808819,560740,0.7633568
