pid,execution_cycles,compute_cycles,idle_cycles,loads,stores,hit_count,miss_count,miss_rate,private,shared,private_rate
0,20743815,11337782,9406033,1832392,744111,2506033,70470,0.02735103,2040172,492645,0.8054952
1,20068867,11290799,8778068,1821846,585998,2341848,65996,0.02740875,1905792,462397,0.8047466
2,20642570,11337671,9304899,1838008,766181,2534495,69694,0.02676227,2092782,467857,0.817289
3,20137201,11301515,8835686,1832174,579291,2343986,67479,0.02798257,1875145,494674,0.7912609
