pid,execution_cycles,compute_cycles,idle_cycles,loads,stores,hit_count,miss_count,miss_rate,private,shared,private_rate
0,68559518,11337782,57221736,1832392,744111,2024476,552027,0.2142544,2186789,236876,0.9022654
1,59085150,11290799,47794351,1821846,585998,1949255,458589,0.1904563,2062335,228110,0.900408
2,68179255,11337671,56841584,1838008,766181,2056296,547893,0.2103891,2218691,229170,0.9063795
3,58224734,11301515,46923219,1832174,579291,1961727,449738,0.1864999,2053788,241142,0.894924
