pid,execution_cycles,compute_cycles,idle_cycles,loads,stores,hit_count,miss_count,miss_rate,private,shared,private_rate
0,15642701,11337782,4304919,1832392,744111,2568179,8324,0.003230736,2059001,514530,0.8000685
1,15471691,11290799,4180892,1821846,585998,2400172,7672,0.003186253,1915967,489543,0.796491
2,15671457,11337671,4333786,1838008,766181,2595774,8415,0.003231332,2075288,525379,0.797983
3,15578225,11301515,4276710,1832174,579291,2403590,7875,0.00326565,1885501,523145,0.7828054
