pid,execution_cycles,compute_cycles,idle_cycles,loads,stores,hit_count,miss_count,miss_rate,private,shared,private_rate
0,15393862,11337782,4056080,1832392,744111,2562208,14295,0.005548218,2046389,526736,0.7952933
1,15274594,11290799,3983795,1821846,585998,2392935,14909,0.006191846,1910554,493903,0.7945885
2,15484869,11337671,4147198,1838008,766181,2589546,14643,0.005622864,2060550,538212,0.7928968
3,15321622,11301515,4020107,1832174,579291,2396471,14994,0.006217797,1868968,538162,0.77643
