pid,execution_cycles,compute_cycles,idle_cycles,loads,stores,hit_count,miss_count,miss_rate,private,shared,private_rate
0,46512377,11337782,35174595,1832392,744111,2264502,312001,0.1210948,2130526,363596,0.8542188
1,40126629,11290799,28835830,1821846,585998,2153318,254526,0.105707,1972370,368399,0.8426163
2,46286905,11337671,34949234,1838008,766181,2294877,309312,0.1187748,2169199,349723,0.8611616
3,39794004,11301515,28492489,1832174,579291,2159813,251652,0.1043565,1959111,386226,0.8353217
