pid,execution_cycles,compute_cycles,idle_cycles,loads,stores,hit_count,miss_count,miss_rate,private,shared,private_rate
0,18576167,11337782,7238385,1832392,744111,2536467,40036,0.01553889,2055745,493958,0.8062684
1,17799530,11290799,6508731,1821846,585998,2371334,36510,0.01516294,1893001,493132,0.7933342
2,18671673,11337671,7334002,1838008,766181,2563411,40778,0.01565862,2086828,489738,0.8099261
3,17812329,11301515,6510814,1832174,579291,2374417,37048,0.01536328,1810477,577140,0.7582778
