pid,execution_cycles,compute_cycles,idle_cycles,loads,stores,hit_count,miss_count,miss_rate,private,shared,private_rate
0,21348378,11337782,10010596,1832392,744111,2506807,69696,0.02705062,1992661,540104,0.7867532
1,20533228,11290799,9242429,1821846,585998,2342676,65168,0.02706488,1859160,509012,0.7850612
2,21289601,11337671,9951930,1838008,766181,2535268,68921,0.02646544,2053157,507206,0.8019007
3,20566283,11301515,9264768,1832174,579291,2345103,66362,0.02751937,1807983,561376,0.7630684
