pid,execution_cycles,compute_cycles,idle_cycles,loads,stores,hit_count,miss_count,miss_rate,private,shared,private_rate
0,20457825,11337782,9120043,1832392,744111,2508243,68260,0.02649327,1964070,579432,0.7721913
1,19804759,11290799,8513960,1821846,585998,2343988,63856,0.02651999,1910059,468487,0.8030364
2,20308217,11337671,8970546,1838008,766181,2536306,67883,0.02606685,2016934,554913,0.7842356
3,19874284,11301515,8572769,1832174,579291,2346097,65368,0.02710717,1883406,497526,0.7910373
