pid,execution_cycles,compute_cycles,idle_cycles,loads,stores,hit_count,miss_count,miss_rate,private,shared,private_rate
0,32602119,11337782,21264337,1832392,744111,2387737,188766,0.07326442,2031891,409773,0.8321747
1,31230652,11290799,19939853,1821846,585998,2230753,177091,0.07354754,1885805,398323,0.8256127
2,33593162,11337671,22255491,1838008,766181,2405691,198498,0.07622258,2072010,390498,0.8414226
3,31091935,11301515,19790420,1832174,579291,2235920,175545,0.072796,1882233,406283,0.8224688
