pid,execution_cycles,compute_cycles,idle_cycles,loads,stores,hit_count,miss_count,miss_rate,private,shared,private_rate
0,51719791,11337782,40382009,1832392,744111,2326341,250162,0.09709362,2131684,383945,0.8473761
1,43990804,11290799,32700005,1821846,585998,2218442,189402,0.07866041,1976737,389639,0.8353436
2,53048898,11337671,41711227,1838008,766181,2340767,263422,0.1011532,2149737,393046,0.8454268
3,41741437,11301515,30439922,1832174,579291,2229393,182072,0.07550265,1966790,402843,0.8299977
