pid,execution_cycles,compute_cycles,idle_cycles,loads,stores,hit_count,miss_count,miss_rate,private,shared,private_rate
0,33824967,11337782,22487185,1832392,744111,2375385,201118,0.07805852,2040328,391798,0.8389072
1,32161549,11290799,20870750,1821846,585998,2221350,186494,0.07745269,1892153,380653,0.8325185
2,35241908,11337671,23904237,1838008,766181,2389037,215152,0.08261766,2094386,355233,0.8549844
3,31861165,11301515,20559650,1832174,579291,2228150,183315,0.07601811,1887869,391106,0.8283851
