pid,execution_cycles,compute_cycles,idle_cycles,loads,stores,hit_count,miss_count,miss_rate,private,shared,private_rate
0,22329582,11337782,10991800,1832392,744111,2491500,85003,0.03299162,2101902,424676,0.8319165
1,20755957,11290799,9465158,1821846,585998,2336558,71286,0.02960574,1950684,414702,0.8246789
2,22899479,11337671,11561808,1838008,766181,2513708,90481,0.03474441,2152251,399022,0.8435989
3,20572987,11301515,9271472,1832174,579291,2342172,69293,0.02873481,1957279,412571,0.8259084
