pid,execution_cycles,compute_cycles,idle_cycles,loads,stores,hit_count,miss_count,miss_rate,private,shared,private_rate
0,17294772,11337782,5956990,1832392,744111,2563226,13277,0.005153109,2049080,524792,0.796108
1,16659205,11290799,5368406,1821846,585998,2402150,5694,0.002364771,1901001,505708,0.7898757
2,16989443,11337671,5651772,1838008,766181,2597644,6545,0.002513258,2059930,542293,0.7916039
3,16761619,11301515,5460104,1832174,579291,2404284,7181,0.002977858,1884685,524161,0.7824016
