pid,execution_cycles,compute_cycles,idle_cycles,loads,stores,hit_count,miss_count,miss_rate,private,shared,private_rate
0,20825475,11337782,9487693,1832392,744111,2506693,69810,0.02709486,2051226,487454,0.8079892
1,20155324,11290799,8864525,1821846,585998,2342625,65219,0.02708606,1919890,453481,0.8089296
2,20803253,11337671,9465582,1838008,766181,2534882,69307,0.02661366,2084662,477554,0.8136168
3,20315191,11301515,9013676,1832174,579291,2344776,66689,0.02765497,1879249,492679,0.7922875
