pid,execution_cycles,compute_cycles,idle_cycles,loads,stores,hit_count,miss_count,miss_rate,private,shared,private_rate
0,149690269,11337782,138352487,1832392,744111,1157420,1419083,0.5507787,2091590,56254,0.9738091
1,133583067,11290799,122292268,1821846,585998,1149140,1258704,0.5227515,1995495,53729,0.9737808
2,150909163,11337671,139571492,1838008,766181,1179895,1424294,0.5469242,2112257,48908,0.9773696
3,134464211,11301515,123162696,1832174,579291,1139042,1272423,0.5276556,1995292,58655,0.9714428
