pid,execution_cycles,compute_cycles,idle_cycles,loads,stores,hit_count,miss_count,miss_rate,private,shared,private_rate
0,168517074,11337782,157179292,1832392,744111,1017284,1559219,0.6051687,2218734,3213,0.998554
1,168473955,11290799,157183156,1821846,585998,845880,1561964,0.6486982,2078107,3803,0.9981733
2,169417637,11337671,158079966,1838008,766181,1036414,1567775,0.6020204,2238661,3458,0.9984577
3,169215123,11301515,157913608,1832174,579291,842043,1569422,0.6508168,2079689,3452,0.9983429
