pid,execution_cycles,compute_cycles,idle_cycles,loads,stores,hit_count,miss_count,miss_rate,private,shared,private_rate
0,20087985,11337782,8750203,1832392,744111,2510527,65976,0.0256068,1976094,581089,0.7727621
1,19440229,11290799,8149430,1821846,585998,2346170,61674,0.02561379,1923726,468410,0.8041876
2,19962911,11337671,8625240,1838008,766181,2538780,65409,0.02511684,2028941,556099,0.784878
3,19547536,11301515,8246021,1832174,579291,2348381,63084,0.02616003,1894077,500197,0.7910861
