pid,execution_cycles,compute_cycles,idle_cycles,loads,stores,hit_count,miss_count,miss_rate,private,shared,private_rate
0,116500560,11337782,105162778,1832392,744111,1540278,1036225,0.4021827,2199041,100835,0.9561563
1,107551039,11290799,96260240,1821846,585998,1459840,948004,0.3937149,2071899,100997,0.9535196
2,117775931,11337671,106438260,1838008,766181,1555360,1048829,0.4027469,2214762,97179,0.9579665
3,107910193,11301515,96608678,1832174,579291,1459978,951487,0.394568,2070620,104180,0.9520967
