pid,execution_cycles,compute_cycles,idle_cycles,loads,stores,hit_count,miss_count,miss_rate,private,shared,private_rate
0,112605671,11337782,101267889,1832392,744111,1516653,1059850,0.4113521,2049413,153602,0.9302765
1,91554792,11290799,80263993,1821846,585998,1566267,841577,0.3495148,1973936,150238,0.9292723
2,114798791,11337671,103461120,1838008,766181,1524134,1080055,0.4147376,2098577,120030,0.9458985
3,90763973,11301515,79462458,1832174,579291,1578778,832687,0.3453034,1972302,160366,0.924805
