pid,execution_cycles,compute_cycles,idle_cycles,loads,stores,hit_count,miss_count,miss_rate,private,shared,private_rate
0,20682132,11337782,9344350,1832392,744111,2511821,64682,0.02510457,1820381,736081,0.7120704
1,19948351,11290799,8657552,1821846,585998,2347270,60574,0.02515695,1773932,616116,0.7422161
2,20643253,11337671,9305582,1838008,766181,2539665,64524,0.024777,1967142,615253,0.761751
3,19991068,11301515,8689553,1832174,579291,2349700,61765,0.02561306,1727963,664816,0.7221574
