pid,execution_cycles,compute_cycles,idle_cycles,loads,stores,hit_count,miss_count,miss_rate,private,shared,private_rate
0,26927965,11337782,15590183,1832392,744111,2449807,126696,0.04917363,2005127,483759,0.8056323
1,25661374,11290799,14370575,1821846,585998,2290363,117481,0.04879095,1872384,456338,0.8040393
2,26813992,11337671,15476321,1838008,766181,2479381,124808,0.04792586,2059035,458257,0.8179564
3,25782967,11301515,14481452,1832174,579291,2291292,120173,0.04983402,1832879,495781,0.787096
