pid,execution_cycles,compute_cycles,idle_cycles,loads,stores,hit_count,miss_count,miss_rate,private,shared,private_rate
0,15472050,11337782,4134268,1832392,744111,2560768,15735,0.006107115,2053383,517226,0.7987924
1,15326500,11290799,4035701,1821846,585998,2391401,16443,0.006828931,1908903,493533,0.7945698
2,15510614,11337671,4172943,1838008,766181,2588343,15846,0.006084812,2072023,524458,0.798012
3,15360934,11301515,4059419,1832174,579291,2394819,16646,0.006902858,1876503,528036,0.7804003
