pid,execution_cycles,compute_cycles,idle_cycles,loads,stores,hit_count,miss_count,miss_rate,private,shared,private_rate
0,16163088,11337782,4825306,1832392,744111,2553154,23349,0.009062283,2042244,525849,0.7952376
1,15955042,11290799,4664243,1821846,585998,2383531,24313,0.01009741,1899337,500170,0.791553
2,16208015,11337671,4870344,1838008,766181,2580000,24189,0.009288496,2061565,531363,0.7950722
3,15966229,11301515,4664714,1832174,579291,2387010,24455,0.01014114,1863688,538394,0.7758636
