pid,execution_cycles,compute_cycles,idle_cycles,loads,stores,hit_count,miss_count,miss_rate,private,shared,private_rate
0,15862704,11337782,4524922,1832392,744111,2556822,19681,0.007638648,2049403,521095,0.7972786
1,15632608,11290799,4341809,1821846,585998,2388309,19535,0.008113067,1899931,501450,0.7911827
2,15883349,11337671,4545678,1838008,766181,2584578,19611,0.007530559,2075060,521194,0.7992515
3,15524482,11301515,4222967,1832174,579291,2393167,18298,0.007587919,1892519,512306,0.7869675
