pid,execution_cycles,compute_cycles,idle_cycles,loads,stores,hit_count,miss_count,miss_rate,private,shared,private_rate
0,25136027,11337782,13798245,1832392,744111,2457449,119054,0.04620759,1991907,550474,0.7834809
1,24108944,11290799,12818145,1821846,585998,2296965,110879,0.04604908,1952911,428122,0.8201948
2,24844654,11337671,13506983,1838008,766181,2486999,117190,0.04500057,2048413,523383,0.7964912
3,24363103,11301515,13061588,1832174,579291,2297908,113557,0.04709046,1913291,468504,0.8032979
