pid,execution_cycles,compute_cycles,idle_cycles,loads,stores,hit_count,miss_count,miss_rate,private,shared,private_rate
0,18648759,11337782,7310977,1832392,744111,2528441,48062,0.01865397,2085400,459849,0.8193304
1,18121884,11290799,6831085,1821846,585998,2362333,45511,0.01890114,1906433,474323,0.8007679
2,19019405,11337671,7681734,1838008,766181,2552674,51515,0.01978159,2120453,450093,0.8249037
3,18064094,11301515,6762579,1832174,579291,2366607,44858,0.01860197,1905939,478355,0.7993725
