pid,execution_cycles,compute_cycles,idle_cycles,loads,stores,hit_count,miss_count,miss_rate,private,shared,private_rate
0,15271767,11337782,3933985,1832392,744111,2565161,11342,0.004402091,2065584,505332,0.8034428
1,15257410,11290799,3966611,1821846,585998,2396407,11437,0.004749892,1916615,486948,0.7974058
2,15352913,11337671,4015242,1838008,766181,2592246,11943,0.004586073,2091093,507075,0.8048336
3,15334453,11301515,4032938,1832174,579291,2399798,11667,0.004838138,1883923,522626,0.7828318
