pid,execution_cycles,compute_cycles,idle_cycles,loads,stores,hit_count,miss_count,miss_rate,private,shared,private_rate
0,45844788,11337782,34507006,1832392,744111,2253882,322621,0.1252166,2129997,337359,0.863271
1,40390453,11290799,29099654,1821846,585998,2138102,269742,0.1120264,1981524,341021,0.8531693
2,46799893,11337671,35462222,1838008,766181,2272210,331979,0.1274788,2174851,317361,0.8726589
3,39985097,11301515,28683582,1832174,579291,2145974,265491,0.1100953,1976984,349612,0.8497324
