pid,execution_cycles,compute_cycles,idle_cycles,loads,stores,hit_count,miss_count,miss_rate,private,shared,private_rate
0,15124040,11337782,3786258,1832392,744111,2573737,2766,0.001073548,1908047,667150,0.7409324
1,14693481,11290799,3402682,1821846,585998,2405363,2481,0.001030382,1837041,569751,0.7632737
2,15372853,11337671,4035182,1838008,766181,2601287,2902,0.001114358,1849499,753018,0.7106578
3,14921740,11301515,3620225,1832174,579291,2408930,2535,0.001051228,1685851,724248,0.6994945
