pid,execution_cycles,compute_cycles,idle_cycles,loads,stores,hit_count,miss_count,miss_rate,private,shared,private_rate
0,31816554,11337782,20478772,1832392,744111,2395672,180831,0.07018467,2029773,412898,0.8309645
1,30879103,11290799,19588304,1821846,585998,2234304,173540,0.07207278,1876500,404661,0.8226074
2,33171719,11337671,21834048,1838008,766181,2409948,194241,0.0745879,2079496,380098,0.8454631
3,30505162,11301515,19203647,1832174,579291,2241847,169618,0.07033816,1873757,413888,0.8190768
