pid,execution_cycles,compute_cycles,idle_cycles,loads,stores,hit_count,miss_count,miss_rate,private,shared,private_rate
0,15308526,11337782,3970744,1832392,744111,2570460,6043,0.002345427,2051521,523660,0.7966512
1,15269784,11290799,3978985,1821846,585998,2401633,6211,0.002579486,1912388,494280,0.7946206
2,15499635,11337671,4161964,1838008,766181,2597984,6205,0.0023827,2060894,541347,0.7919689
3,15442274,11301515,4140759,1832174,579291,2405163,6302,0.002613349,1871462,538287,0.7766211
