pid,execution_cycles,compute_cycles,idle_cycles,loads,stores,hit_count,miss_count,miss_rate,private,shared,private_rate
0,15014222,11337782,3676440,1832392,744111,2574128,2375,0.0009217921,1829532,746254,0.7102811
1,14611886,11290799,3321087,1821846,585998,2405590,2254,0.0009361072,1761119,646089,0.7316023
2,15390533,11337671,4052862,1838008,766181,2601706,2483,0.0009534638,1775664,827352,0.6821564
3,14931158,11301515,3629643,1832174,579291,2409171,2294,0.0009512889,1581359,829094,0.6560422
