pid,execution_cycles,compute_cycles,idle_cycles,loads,stores,hit_count,miss_count,miss_rate,private,shared,private_rate
0,16700310,11337782,5362528,1832392,744111,2571648,4855,0.001884337,2027989,547339,0.7874682
1,16199284,11290799,4908485,1821846,585998,2403389,4455,0.001850203,1900242,506547,0.7895341
2,16618589,11337671,5280918,1838008,766181,2599346,4843,0.001859696,2074704,528296,0.7970434
3,15833461,11301515,4531946,1832174,579291,2407350,4115,0.001706432,1913201,497250,0.7937108
