pid,execution_cycles,compute_cycles,idle_cycles,loads,stores,hit_count,miss_count,miss_rate,private,shared,private_rate
0,17455614,11337782,6117832,1832392,744111,2540732,35771,0.01388355,2041658,525963,0.7951555
1,15657061,11290799,4366262,1821846,585998,2388062,19782,0.008215649,1899068,502964,0.790609
2,16304396,11337671,4966725,1838008,766181,2580325,23864,0.009163697,2068177,529169,0.7962655
3,15477259,11301515,4175744,1832174,579291,2393644,17821,0.007390113,1908431,498067,0.7930324
