pid,execution_cycles,compute_cycles,idle_cycles,loads,stores,hit_count,miss_count,miss_rate,private,shared,private_rate
0,80930949,11337782,69593167,1832392,744111,1899567,676936,0.2627344,2139038,215389,0.9085174
1,69212893,11290799,57922094,1821846,585998,1847094,560750,0.2328847,2026089,210724,0.9057928
2,79634300,11337671,68296629,1838008,766181,1940629,663560,0.2548049,2147552,228597,0.9037952
3,66825391,11301515,55523876,1832174,579291,1874976,536489,0.2224743,2018033,225125,0.8996393
