pid,execution_cycles,compute_cycles,idle_cycles,loads,stores,hit_count,miss_count,miss_rate,private,shared,private_rate
0,66367802,11337782,55030020,1832392,744111,2046788,529715,0.2055946,2176781,268007,0.8903762
1,53634983,11290799,42344184,1821846,585998,2004536,403308,0.1674976,2044613,270130,0.8833002
2,66659996,11337671,55322325,1838008,766181,2071781,532408,0.2044429,2214870,255914,0.896424
3,52931597,11301515,41630082,1832174,579291,2015394,396071,0.164245,2043234,276848,0.8806732
