pid,execution_cycles,compute_cycles,idle_cycles,loads,stores,hit_count,miss_count,miss_rate,private,shared,private_rate
0,27277651,11337782,15939869,1832392,744111,2441053,135450,0.05257126,2043986,434223,0.8247835
1,25659435,11290799,14368636,1821846,585998,2285844,122000,0.05066773,1920183,403378,0.8263966
2,27497561,11337671,16159890,1838008,766181,2466602,137587,0.05283295,2083010,421387,0.8317411
3,25941566,11301515,14640051,1832174,579291,2286563,124902,0.05179507,1871809,450585,0.8059825
