pid,execution_cycles,compute_cycles,idle_cycles,loads,stores,hit_count,miss_count,miss_rate,private,shared,private_rate
0,15508621,11337782,4170839,1832392,744111,2560723,15780,0.00612458,2063381,505082,0.8033524
1,15414700,11290799,4123901,1821846,585998,2391429,16415,0.006817302,1913308,488331,0.7966676
2,15580222,11337671,4242551,1838008,766181,2588007,16182,0.006213835,2089102,506034,0.8050068
3,15462571,11301515,4161056,1832174,579291,2394864,16601,0.006884197,1877520,526214,0.7810848
