pid,execution_cycles,compute_cycles,idle_cycles,loads,stores,hit_count,miss_count,miss_rate,private,shared,private_rate
0,18040705,11337782,6702923,1832392,744111,2543218,33285,0.01291867,2086654,473486,0.8150546
1,17255518,11290799,5964719,1821846,585998,2378776,29068,0.01207221,1915751,478228,0.8002372
2,18531801,11337671,7194130,1838008,766181,2566532,37657,0.01446016,2120704,465301,0.8200696
3,17224884,11301515,5923369,1832174,579291,2382795,28670,0.01188904,1892173,505310,0.7892331
