pid,execution_cycles,compute_cycles,idle_cycles,loads,stores,hit_count,miss_count,miss_rate,private,shared,private_rate
0,18123022,11337782,6785240,1832392,744111,2540064,36439,0.01414281,1853520,705965,0.7241769
1,17552345,11290799,6261546,1821846,585998,2373457,34387,0.01428124,1804784,587488,0.7544226
2,18112796,11337671,6775125,1838008,766181,2567564,36625,0.01406388,1946352,639727,0.7526267
3,17541353,11301515,6239838,1832174,579291,2376644,34821,0.01443977,1752880,641945,0.7319449
