pid,execution_cycles,compute_cycles,idle_cycles,loads,stores,hit_count,miss_count,miss_rate,private,shared,private_rate
0,16843005,11337782,5505223,1832392,744111,2554139,22364,0.008679982,1989122,576031,0.7754399
1,16340468,11290799,5049669,1821846,585998,2386657,21187,0.008799158,1850914,545750,0.7722876
2,16870385,11337671,5532714,1838008,766181,2581666,22523,0.008648758,1974019,616047,0.7621501
3,16348151,11301515,5046636,1832174,579291,2390009,21456,0.008897496,1794029,604977,0.7478218
