pid,execution_cycles,compute_cycles,idle_cycles,loads,stores,hit_count,miss_count,miss_rate,private,shared,private_rate
0,20538836,11337782,9201054,1832392,744111,2514905,61598,0.0239076,2078161,460665,0.818552
1,19535080,11290799,8244281,1821846,585998,2351974,55870,0.02320333,1896046,479549,0.7981352
2,20801542,11337671,9463871,1838008,766181,2540382,63807,0.02450168,2114948,450018,0.8245521
3,19537749,11301515,8236234,1832174,579291,2355745,55720,0.02310629,1870009,508635,0.786166
