pid,execution_cycles,compute_cycles,idle_cycles,loads,stores,hit_count,miss_count,miss_rate,private,shared,private_rate
0,56959881,11337782,45622099,1832392,744111,2141699,434804,0.1687574,2041224,326914,0.8619531
1,50572183,11290799,39281384,1821846,585998,2035384,372460,0.1546861,1901768,332274,0.8512678
2,58856774,11337671,47519103,1838008,766181,2150503,453686,0.1742139,2085527,298220,0.8748944
3,50090431,11301515,38788916,1832174,579291,2044016,367449,0.1523758,1893801,347299,0.8450319
