pid,execution_cycles,compute_cycles,idle_cycles,loads,stores,hit_count,miss_count,miss_rate,private,shared,private_rate
0,15862816,11337782,4525034,1832392,744111,2564393,12110,0.004700169,1828791,744412,0.7107061
1,15418717,11290799,4127918,1821846,585998,2396420,11424,0.004744493,1761964,642853,0.7326811
2,15978471,11337671,4640800,1838008,766181,2591814,12375,0.004751959,1865797,733585,0.7177848
3,15477910,11301515,4176395,1832174,579291,2399875,11590,0.004806207,1671657,735567,0.6944335
