pid,execution_cycles,compute_cycles,idle_cycles,loads,stores,hit_count,miss_count,miss_rate,private,shared,private_rate
0,17650014,11337782,6312232,1832392,744111,2538640,37863,0.0146955,2090996,463524,0.8185475
1,17378284,11290799,6087485,1821846,585998,2369933,37911,0.01574479,1918713,469661,0.8033553
2,18019598,11337671,6681927,1838008,766181,2562815,41374,0.01588748,2120057,460750,0.8214706
3,17268898,11301515,5967383,1832174,579291,2374803,36662,0.01520321,1911545,480637,0.7990801
