pid,execution_cycles,compute_cycles,idle_cycles,loads,stores,hit_count,miss_count,miss_rate,private,shared,private_rate
0,15545013,11337782,4207231,1832392,744111,2560031,16472,0.006393162,2051317,518718,0.798167
1,15361744,11290799,4070945,1821846,585998,2391045,16799,0.006976781,1908263,493675,0.7944681
2,15570905,11337671,4233234,1838008,766181,2587734,16455,0.006318666,2072125,523772,0.7982308
3,15387862,11301515,4086347,1832174,579291,2394547,16918,0.007015652,1876487,527586,0.7805449
