pid,execution_cycles,compute_cycles,idle_cycles,loads,stores,hit_count,miss_count,miss_rate,private,shared,private_rate
0,14918046,11337782,3580264,1832392,744111,2566364,10139,0.003935179,2068319,504534,0.803901
1,14876149,11290799,3585350,1821846,585998,2395950,11894,0.004939689,1900712,504302,0.7903122
2,15039671,11337671,3702000,1838008,766181,2593100,11089,0.004258139,2091322,508830,0.8043076
3,14881180,11301515,3579665,1832174,579291,2399665,11800,0.004893291,1897112,511304,0.7877011
