pid,execution_cycles,compute_cycles,idle_cycles,loads,stores,hit_count,miss_count,miss_rate,private,shared,private_rate
0,15992124,11337782,4654342,1832392,744111,2563067,13436,0.00521482,1966458,603519,0.7651656
1,15529073,11290799,4238274,1821846,585998,2395306,12538,0.005207148,1876264,525630,0.7811602
2,16085747,11337671,4748076,1838008,766181,2590577,13612,0.005226963,1931720,664124,0.7441587
3,15579677,11301515,4278162,1832174,579291,2398737,12728,0.005278119,1771605,632361,0.7369509
