pid,execution_cycles,compute_cycles,idle_cycles,loads,stores,hit_count,miss_count,miss_rate,private,shared,private_rate
0,15994136,11337782,4656354,1832392,744111,2564342,12161,0.004719963,2045711,528038,0.794837
1,15276005,11290799,3985206,1821846,585998,2401154,6690,0.002778419,1919168,487071,0.79758
2,15791407,11337671,4453736,1838008,766181,2596252,7937,0.003047782,2064769,536679,0.7936999
3,15509945,11301515,4208430,1832174,579291,2404030,7435,0.003083188,1874122,535100,0.7778951
