pid,execution_cycles,compute_cycles,idle_cycles,loads,stores,hit_count,miss_count,miss_rate,private,shared,private_rate
0,17522776,11337782,6184994,1832392,744111,2548293,28210,0.01094895,2083575,478214,0.8133281
1,16977121,11290799,5686322,1821846,585998,2381365,26479,0.01099697,1917981,476772,0.8009097
2,17854468,11337671,6516797,1838008,766181,2573169,31020,0.01191158,2118501,469810,0.8184878
3,16965383,11301515,5663868,1832174,579291,2385245,26220,0.01087306,1892560,505704,0.7891375
