pid,execution_cycles,compute_cycles,idle_cycles,loads,stores,hit_count,miss_count,miss_rate,private,shared,private_rate
0,21642612,11337782,10304830,1832392,744111,2498378,78125,0.03032211,2121362,420240,0.8346555
1,19010830,11290799,7720031,1821846,585998,2353935,53909,0.02238891,1957875,422714,0.822433
2,22007966,11337671,10670295,1838008,766181,2522639,81550,0.03131493,2165835,401579,0.8435862
3,18941575,11301515,7640060,1832174,579291,2358424,53041,0.02199534,1942217,442508,0.8144407
