pid,execution_cycles,compute_cycles,idle_cycles,loads,stores,hit_count,miss_count,miss_rate,private,shared,private_rate
0,21042351,11337782,9704569,1832392,744111,2503485,73018,0.02833996,2047777,479358,0.8103156
1,20212234,11290799,8921435,1821846,585998,2340847,66997,0.02782448,1914200,451183,0.8092558
2,21028076,11337671,9690405,1838008,766181,2531497,72692,0.02791349,2089356,465317,0.8178565
3,20324398,11301515,9022883,1832174,579291,2342919,68546,0.02842504,1870316,495552,0.7905411
