pid,execution_cycles,compute_cycles,idle_cycles,loads,stores,hit_count,miss_count,miss_rate,private,shared,private_rate
0,26748436,11337782,15410654,1832392,744111,2450948,125555,0.04873078,1989335,503782,0.7979309
1,25552207,11290799,14261408,1821846,585998,2291049,116795,0.04850605,1856774,475248,0.7962078
2,26548638,11337671,15210967,1838008,766181,2480794,123395,0.04738327,2060895,462002,0.8168764
3,25670535,11301515,14369020,1832174,579291,2291984,119481,0.04954706,1815704,516911,0.7783985
