pid,execution_cycles,compute_cycles,idle_cycles,loads,stores,hit_count,miss_count,miss_rate,private,shared,private_rate
0,120013377,11337782,108675595,1832392,744111,1504795,1071708,0.4159545,2250428,63398,0.9726004
1,112431343,11290799,101140544,1821846,585998,1410544,997300,0.414188,2113848,63663,0.9707634
2,120486650,11337671,109148979,1838008,766181,1527979,1076210,0.4132611,2276548,60492,0.974116
3,112366777,11301515,101065262,1832174,579291,1414962,996503,0.4132355,2116918,63992,0.9706581
