pid,execution_cycles,compute_cycles,idle_cycles,loads,stores,hit_count,miss_count,miss_rate,private,shared,private_rate
0,19820300,11337782,8482518,1832392,744111,2534459,42044,0.01631824,2078224,482761,0.811494
1,17742922,11290799,6452123,1821846,585998,2380176,27668,0.01149078,1907132,489633,0.7957109
2,19968657,11337671,8630986,1838008,766181,2561258,42931,0.01648536,2107384,480571,0.8143047
3,17414482,11301515,6112967,1832174,579291,2385803,25662,0.01064166,1876634,523677,0.7818295
