pid,execution_cycles,compute_cycles,idle_cycles,loads,stores,hit_count,miss_count,miss_rate,private,shared,private_rate
0,26266378,11337782,14928596,1832392,744111,2455196,121307,0.04708203,1874215,639851,0.7454916
1,25112812,11290799,13822013,1821846,585998,2294520,113324,0.04706451,1828979,523087,0.7776053
2,25988250,11337671,14650579,1838008,766181,2484095,120094,0.0461157,1994843,548054,0.7844765
3,25224779,11301515,13923264,1832174,579291,2295524,115941,0.04807907,1795375,558796,0.7626358
