pid,execution_cycles,compute_cycles,idle_cycles,loads,stores,hit_count,miss_count,miss_rate,private,shared,private_rate
0,27611041,11337782,16273259,1832392,744111,2440968,135535,0.05260425,2035997,460015,0.8157
1,25733940,11290799,14443141,1821846,585998,2288583,119261,0.0495302,1908316,427894,0.8168427
2,27427808,11337671,16090137,1838008,766181,2470127,134062,0.05147937,2082307,440488,0.8253968
3,26071415,11301515,14769900,1832174,579291,2288981,122484,0.05079236,1873162,464539,0.8012838
