pid,execution_cycles,compute_cycles,idle_cycles,loads,stores,hit_count,miss_count,miss_rate,private,shared,private_rate
0,26006590,11337782,14668808,1832392,744111,2451868,124635,0.04837371,2016196,484503,0.806253
1,24933079,11290799,13642280,1821846,585998,2291892,115952,0.04815594,1909901,429599,0.8163714
2,25645042,11337671,14307371,1838008,766181,2481691,122498,0.04703883,2071781,459513,0.8184672
3,25079364,11301515,13777849,1832174,579291,2292737,118728,0.0492348,1875897,464912,0.8013883
