pid,execution_cycles,compute_cycles,idle_cycles,loads,stores,hit_count,miss_count,miss_rate,private,shared,private_rate
0,20087796,11337782,8750014,1832392,744111,2510506,65997,0.02561495,1975038,580565,0.7728266
1,19494679,11290799,8203880,1821846,585998,2345844,62000,0.02574918,1919567,469965,0.8033234
2,19997993,11337671,8660322,1838008,766181,2538502,65687,0.02522359,2029290,555198,0.7851807
3,19571461,11301515,8269946,1832174,579291,2348186,63279,0.0262409,1892329,499567,0.7911418
