pid,execution_cycles,compute_cycles,idle_cycles,loads,stores,hit_count,miss_count,miss_rate,private,shared,private_rate
0,133745419,11337782,122407637,1832392,744111,1398648,1177855,0.4571526,2351723,6092,0.9974163
1,128274166,11290799,116983367,1821846,585998,1279659,1128185,0.4685457,2208893,6470,0.9970795
2,134144088,11337671,122806417,1838008,766181,1421582,1182607,0.4541172,2376429,6645,0.9972116
3,128975813,11301515,117674298,1832174,579291,1276903,1134562,0.4704866,2210808,5795,0.9973856
