pid,execution_cycles,compute_cycles,idle_cycles,loads,stores,hit_count,miss_count,miss_rate,private,shared,private_rate
0,17983722,11337782,6645940,1832392,744111,2534188,42315,0.01642342,2056648,495587,0.8058223
1,17422022,11290799,6131223,1821846,585998,2368723,39121,0.01624732,1912078,474179,0.8012875
2,18000746,11337671,6663075,1838008,766181,2561587,42602,0.01635903,2086062,491452,0.809331
3,17479569,11301515,6178054,1832174,579291,2371334,40131,0.01664175,1872614,514704,0.7844007
