pid,execution_cycles,compute_cycles,idle_cycles,loads,stores,hit_count,miss_count,miss_rate,private,shared,private_rate
0,25130897,11337782,13793115,1832392,744111,2457459,119044,0.04620371,1992046,550409,0.7835128
1,24104375,11290799,12813576,1821846,585998,2297000,110844,0.04603454,1952951,428105,0.8202037
2,24846579,11337671,13508908,1838008,766181,2487000,117189,0.04500019,2048390,523412,0.7964804
3,24359687,11301515,13058172,1832174,579291,2297936,113529,0.04707885,1913302,468489,0.8033039
