pid,execution_cycles,compute_cycles,idle_cycles,loads,stores,hit_count,miss_count,miss_rate,private,shared,private_rate
0,17635863,11337782,6298081,1832392,744111,2537813,38690,0.01501648,2042229,513979,0.7989291
1,17207771,11290799,5916972,1821846,585998,2370780,37064,0.01539302,1905785,483230,0.7977284
2,17594461,11337671,6256790,1838008,766181,2565366,38823,0.0149079,2093354,489386,0.8105167
3,17243453,11301515,5941938,1832174,579291,2373730,37735,0.01564816,1874316,517196,0.7837368
