pid,execution_cycles,compute_cycles,idle_cycles,loads,stores,hit_count,miss_count,miss_rate,private,shared,private_rate
0,28169473,11337782,16831691,1832392,744111,2437759,138744,0.05384973,2116848,420562,0.8342554
1,23235119,11290799,11944320,1821846,585998,2319036,88808,0.03688279,1969351,412799,0.8267116
2,27740413,11337671,16402742,1838008,766181,2470174,134015,0.05146132,2148912,416418,0.8376747
3,23069710,11301515,11768195,1832174,579291,2324843,86622,0.0359209,1954173,431501,0.8191283
