pid,execution_cycles,compute_cycles,idle_cycles,loads,stores,hit_count,miss_count,miss_rate,private,shared,private_rate
0,16138084,11337782,4800302,1832392,744111,2559026,17477,0.006783225,2094225,475303,0.8150232
1,16222331,11290799,4931532,1821846,585998,2391308,16536,0.006867555,1934541,467733,0.8052957
2,16407444,11337671,5069773,1838008,766181,2584457,19732,0.007577023,2113599,482803,0.8140492
3,16220881,11301515,4919366,1832174,579291,2395334,16131,0.006689295,1931450,474440,0.8028006
