pid,execution_cycles,compute_cycles,idle_cycles,loads,stores,hit_count,miss_count,miss_rate,private,shared,private_rate
0,26896433,11337782,15558651,1832392,744111,2447863,128640,0.04992814,2113035,428094,0.8315339
1,24185927,11290799,12895128,1821846,585998,2310980,96864,0.04022852,1948575,434388,0.817711
2,29945243,11337671,18607572,1838008,766181,2445972,158217,0.06075481,2142322,425133,0.8344146
3,24577503,11301515,13275988,1832174,579291,2311344,100121,0.04151874,1933624,451808,0.810597
