pid,execution_cycles,compute_cycles,idle_cycles,loads,stores,hit_count,miss_count,miss_rate,private,shared,private_rate
0,16438191,11337782,5100409,1832392,744111,2551009,25494,0.009894807,2076246,484542,0.810784
1,16166911,11290799,4876112,1821846,585998,2382912,24932,0.01035449,1913998,481596,0.7989659
2,16586546,11337671,5248875,1838008,766181,2577475,26714,0.01025809,2106456,481651,0.8138983
3,16216492,11301515,4914977,1832174,579291,2386177,25288,0.01048657,1870912,526587,0.7803599
