pid,execution_cycles,compute_cycles,idle_cycles,loads,stores,hit_count,miss_count,miss_rate,private,shared,private_rate
0,17461158,11337782,6123376,1832392,744111,2540676,35827,0.01390528,1988535,579454,0.774355
1,17102659,11290799,5811860,1821846,585998,2373460,34384,0.01427999,1914418,485026,0.797859
2,17559815,11337671,6222144,1838008,766181,2567644,36545,0.01403316,2002806,588545,0.772881
3,17186890,11301515,5885375,1832174,579291,2376375,35090,0.01455132,1873247,527669,0.7802218
