pid,execution_cycles,compute_cycles,idle_cycles,loads,stores,hit_count,miss_count,miss_rate,private,shared,private_rate
0,16155546,11337782,4817764,1832392,744111,2553864,22639,0.008786716,2050806,517156,0.7986123
1,16043062,11290799,4752263,1821846,585998,2384163,23681,0.009834939,1906722,492840,0.7946125
2,16255787,11337671,4918116,1838008,766181,2580816,23373,0.008975155,2049110,543733,0.7902947
3,16074922,11301515,4773407,1832174,579291,2387607,23858,0.009893571,1866432,534881,0.7772548
