pid,execution_cycles,compute_cycles,idle_cycles,loads,stores,hit_count,miss_count,miss_rate,private,shared,private_rate
0,26289664,11337782,14951882,1832392,744111,2449806,126697,0.04917402,2032375,457800,0.8161575
1,25203167,11290799,13912368,1821846,585998,2289924,117920,0.04897327,1906332,422735,0.818496
2,26100718,11337671,14763047,1838008,766181,2479667,124522,0.04781604,2084734,433591,0.8278256
3,25354542,11301515,14053027,1832174,579291,2290699,120766,0.05007993,1864741,464506,0.8005768
