pid,execution_cycles,compute_cycles,idle_cycles,loads,stores,hit_count,miss_count,miss_rate,private,shared,private_rate
0,15893355,11337782,4555573,1832392,744111,2556733,19770,0.007673191,2085162,481176,0.8125048
1,15890372,11290799,4599573,1821846,585998,2386689,21155,0.008785868,1908353,490936,0.7953827
2,16148287,11337671,4810616,1838008,766181,2582112,22077,0.008477495,2105671,487461,0.8120184
3,15829436,11301515,4527921,1832174,579291,2391033,20432,0.008472858,1907734,495263,0.7938978
