pid,execution_cycles,compute_cycles,idle_cycles,loads,stores,hit_count,miss_count,miss_rate,private,shared,private_rate
0,21232577,11337782,9894795,1832392,744111,2507800,68703,0.02666521,1964618,571661,0.7746064
1,20443740,11290799,9152941,1821846,585998,2343643,64201,0.02666327,1839474,532207,0.7755992
2,21169535,11337671,9831864,1838008,766181,2535994,68195,0.02618666,2055818,508563,0.801682
3,20461218,11301515,9159703,1832174,579291,2346021,65444,0.02713869,1798131,575108,0.7576696
