pid,execution_cycles,compute_cycles,idle_cycles,loads,stores,hit_count,miss_count,miss_rate,private,shared,private_rate
0,15625136,11337782,4287354,1832392,744111,2567136,9367,0.003635548,2045487,525326,0.7956576
1,15140394,11290799,3849595,1821846,585998,2399619,8225,0.003415919,1891106,512259,0.7868576
2,15776237,11337671,4438566,1838008,766181,2594146,10043,0.003856479,2061897,536255,0.7936014
3,15227607,11301515,3926092,1832174,579291,2403023,8442,0.003500776,1819705,586820,0.7561546
