pid,execution_cycles,compute_cycles,idle_cycles,loads,stores,hit_count,miss_count,miss_rate,private,shared,private_rate
0,17512447,11337782,6174665,1832392,744111,2538517,37986,0.01474324,1974036,585661,0.7711991
1,17080726,11290799,5789927,1821846,585998,2371623,36221,0.01504292,1901753,490619,0.7949236
2,17460832,11337671,6123161,1838008,766181,2566077,38112,0.01463488,2026316,560156,0.7834285
3,17112351,11301515,5810836,1832174,579291,2374592,36873,0.01529071,1872252,522939,0.7816713
