pid,execution_cycles,compute_cycles,idle_cycles,loads,stores,hit_count,miss_count,miss_rate,private,shared,private_rate
0,20552334,11337782,9214552,1832392,744111,2509452,67051,0.02602403,2094229,438929,0.8267266
1,20054047,11290799,8763248,1821846,585998,2343648,64196,0.0266612,1930940,436584,0.8155947
2,21065900,11337671,9728229,1838008,766181,2532229,71960,0.0276324,2132898,424868,0.833891
3,19958296,11301515,8656781,1832174,579291,2348381,63084,0.02616003,1928137,443788,0.8128996
