pid,execution_cycles,compute_cycles,idle_cycles,loads,stores,hit_count,miss_count,miss_rate,private,shared,private_rate
0,17772853,11337782,6435071,1832392,744111,2536511,39992,0.01552181,2046197,507789,0.8011778
1,17269779,11290799,5978980,1821846,585998,2370324,37520,0.0155824,1905420,481248,0.7983599
2,17750739,11337671,6413068,1838008,766181,2564260,39929,0.0153326,2089887,489209,0.8103176
3,17309748,11301515,6008233,1832174,579291,2373309,38156,0.01582275,1870735,518019,0.7831426
