pid,execution_cycles,compute_cycles,idle_cycles,loads,stores,hit_count,miss_count,miss_rate,private,shared,private_rate
0,25833786,11337782,14496004,1832392,744111,2456104,120399,0.04672962,2085746,408565,0.8362013
1,24697642,11290799,13406843,1821846,585998,2296743,111101,0.04614128,1928132,404351,0.8266435
2,26656529,11337671,15318858,1838008,766181,2475758,128431,0.04931708,2140467,375900,0.850618
3,24493288,11301515,13191773,1832174,579291,2302573,108892,0.04515595,1934967,402316,0.8278702
