pid,execution_cycles,compute_cycles,idle_cycles,loads,stores,hit_count,miss_count,miss_rate,private,shared,private_rate
0,20300583,11337782,8962801,1832392,744111,2516178,60325,0.02341352,2007304,536259,0.7891702
1,19254153,11290799,7963354,1821846,585998,2355755,52089,0.02163305,1883343,496862,0.7912524
2,20100202,11337671,8762531,1838008,766181,2547637,56552,0.02171578,2076312,495316,0.807392
3,19153224,11301515,7851709,1832174,579291,2359509,51956,0.02154541,1822304,558219,0.7655057
