pid,execution_cycles,compute_cycles,idle_cycles,loads,stores,hit_count,miss_count,miss_rate,private,shared,private_rate
0,20428782,11337782,9091000,1832392,744111,2510700,65803,0.02553966,1987451,572341,0.7764111
1,19791895,11290799,8501096,1821846,585998,2346296,61548,0.02556146,1934579,458743,0.8083237
2,20438834,11337671,9101163,1838008,766181,2538563,65626,0.02520017,2016176,566514,0.7806496
3,19952059,11301515,8650544,1832174,579291,2348444,63021,0.02613391,1896966,496161,0.7926725
