pid,execution_cycles,compute_cycles,idle_cycles,loads,stores,hit_count,miss_count,miss_rate,private,shared,private_rate
0,16808646,11337782,5470864,1832392,744111,2554513,21990,0.008534824,1967962,598087,0.766923
1,16308783,11290799,5017984,1821846,585998,2386970,20874,0.008669166,1835028,562552,0.7653667
2,16829189,11337671,5491518,1838008,766181,2581905,22284,0.008556983,1974800,616261,0.7621588
3,16315978,11301515,5014463,1832174,579291,2390347,21118,0.008757332,1767283,632686,0.7363774
