pid,execution_cycles,compute_cycles,idle_cycles,loads,stores,hit_count,miss_count,miss_rate,private,shared,private_rate
0,20539761,11337782,9201979,1832392,744111,2509579,66924,0.02597474,2131554,423964,0.8340986
1,17200768,11290799,5909969,1821846,585998,2372469,35375,0.01469157,1966285,428694,0.821003
2,20879384,11337671,9541713,1838008,766181,2534113,70076,0.02690895,2172298,409810,0.8412886
3,17206591,11301515,5905076,1832174,579291,2376176,35289,0.01463384,1955828,442729,0.8154186
