pid,execution_cycles,compute_cycles,idle_cycles,loads,stores,hit_count,miss_count,miss_rate,private,shared,private_rate
0,16078271,11337782,4740489,1832392,744111,2562183,14320,0.005557921,2029723,538630,0.7902819
1,15563060,11290799,4272261,1821846,585998,2394969,12875,0.005347107,1886658,514940,0.7855844
2,16204215,11337671,4866544,1838008,766181,2589229,14960,0.005744591,2030069,564924,0.7823023
3,15610440,11301515,4308925,1832174,579291,2398395,13070,0.005419942,1777410,626262,0.7394561
