pid,execution_cycles,compute_cycles,idle_cycles,loads,stores,hit_count,miss_count,miss_rate,private,shared,private_rate
0,15457002,11337782,4119220,1832392,744111,2560920,15583,0.00604812,2054391,517145,0.7988965
1,15335014,11290799,4044215,1821846,585998,2391315,16529,0.006864647,1908992,494320,0.7943172
2,15499526,11337671,4161855,1838008,766181,2588455,15734,0.006041804,2073099,524309,0.7981415
3,15361132,11301515,4059617,1832174,579291,2394817,16648,0.006903687,1877497,527973,0.7805115
