pid,execution_cycles,compute_cycles,idle_cycles,loads,stores,hit_count,miss_count,miss_rate,private,shared,private_rate
0,155129475,11337782,143791693,1832392,744111,1153181,1423322,0.552424,2285654,4249,0.9981445
1,155600379,11290799,144309580,1821846,585998,976405,1431439,0.5944899,2136189,4504,0.997896
2,155730400,11337671,144392729,1838008,766181,1175340,1428849,0.5486733,2308038,4440,0.99808
3,156412390,11301515,145110875,1832174,579291,971939,1439526,0.5969508,2137477,3848,0.998203
