pid,execution_cycles,compute_cycles,idle_cycles,loads,stores,hit_count,miss_count,miss_rate,private,shared,private_rate
0,20904081,11337782,9566299,1832392,744111,2505899,70604,0.02740303,2044806,489402,0.8068817
1,20229475,11290799,8938676,1821846,585998,2341876,65968,0.02739712,1919950,449858,0.8101711
2,20846120,11337671,9508449,1838008,766181,2534449,69740,0.02677993,2086062,473201,0.8151026
3,20387461,11301515,9085946,1832174,579291,2344046,67419,0.02795769,1875989,492274,0.7921371
