pid,execution_cycles,compute_cycles,idle_cycles,loads,stores,hit_count,miss_count,miss_rate,private,shared,private_rate
0,17809341,11337782,6471559,1832392,744111,2537159,39344,0.01527031,2058695,495940,0.8058666
1,17364415,11290799,6073616,1821846,585998,2370816,37028,0.01537807,1913314,473990,0.8014539
2,17854538,11337671,6516867,1838008,766181,2564667,39522,0.01517632,2081633,496772,0.8073336
3,17449537,11301515,6148022,1832174,579291,2373722,37743,0.01565148,1866949,521166,0.7817668
