pid,execution_cycles,compute_cycles,idle_cycles,loads,stores,hit_count,miss_count,miss_rate,private,shared,private_rate
0,21049127,11337782,9711345,1832392,744111,2529806,46697,0.01812418,2000681,561098,0.7809733
1,20338800,11290799,9048001,1821846,585998,2376086,31758,0.01318939,1829799,568515,0.7629522
2,19911295,11337671,8573624,1838008,766181,2568216,35973,0.01381351,2014653,575616,0.7777775
3,19034671,11301515,7733156,1832174,579291,2384601,26864,0.01114012,1875216,528156,0.7802438
