pid,execution_cycles,compute_cycles,idle_cycles,loads,stores,hit_count,miss_count,miss_rate,private,shared,private_rate
0,20676579,11337782,9338797,1832392,744111,2508197,68306,0.02651113,1974998,570972,0.775735
1,20021773,11290799,8730974,1821846,585998,2343974,63870,0.0265258,1923571,456759,0.8081111
2,20668811,11337671,9331140,1838008,766181,2536240,67949,0.02609219,2003724,565612,0.7798606
3,20183917,11301515,8882402,1832174,579291,2346102,65363,0.0271051,1884134,495052,0.7919238
