pid,execution_cycles,compute_cycles,idle_cycles,loads,stores,hit_count,miss_count,miss_rate,private,shared,private_rate
0,33471438,11337782,22133656,1832392,744111,2378956,197547,0.07667253,2121369,405615,0.8394865
1,29485381,11290799,18194582,1821846,585998,2248382,159462,0.06622605,1958497,414595,0.8252933
2,36051035,11337671,24713364,1838008,766181,2380864,223325,0.08575606,2165931,390250,0.8473308
3,27980761,11301515,16679246,1832174,579291,2267346,144119,0.05976409,1950043,428080,0.8199925
