pid,execution_cycles,compute_cycles,idle_cycles,loads,stores,hit_count,miss_count,miss_rate,private,shared,private_rate
0,15466902,11337782,4129120,1832392,744111,2560820,15683,0.006086933,2053733,517798,0.7986421
1,15337291,11290799,4046492,1821846,585998,2391292,16552,0.006874199,1908708,494607,0.794198
2,15504674,11337671,4167003,1838008,766181,2588403,15786,0.006061772,2073096,524315,0.7981394
3,15363805,11301515,4062290,1832174,579291,2394790,16675,0.006914884,1877529,527942,0.7805245
