pid,execution_cycles,compute_cycles,idle_cycles,loads,stores,hit_count,miss_count,miss_rate,private,shared,private_rate
0,26752732,11337782,15414950,1832392,744111,2450964,125539,0.04872457,1993160,499843,0.7995016
1,25569833,11290799,14279034,1821846,585998,2291018,116826,0.04851892,1862097,469846,0.7985174
2,26514617,11337671,15176946,1838008,766181,2480833,123356,0.0473683,2063894,459347,0.8179536
3,25673051,11301515,14371536,1832174,579291,2291928,119537,0.04957028,1812968,519807,0.7771723
