pid,execution_cycles,compute_cycles,idle_cycles,loads,stores,hit_count,miss_count,miss_rate,private,shared,private_rate
0,54492306,11337782,43154524,1832392,744111,2166624,409879,0.1590835,2083900,331546,0.8627392
1,45628321,11290799,34337522,1821846,585998,2085322,322522,0.1339464,1951536,329494,0.8555503
2,55316138,11337671,43978467,1838008,766181,2186267,417922,0.1604807,2136072,301080,0.8764624
3,45337738,11301515,34036223,1832174,579291,2092023,319442,0.132468,1949319,337483,0.8524214
