pid,execution_cycles,compute_cycles,idle_cycles,loads,stores,hit_count,miss_count,miss_rate,private,shared,private_rate
0,25125751,11337782,13787969,1832392,744111,2457629,118874,0.04613773,1996132,541299,0.7866744
1,24257764,11290799,12966965,1821846,585998,2296037,111807,0.04643449,1934011,436850,0.815742
2,25095380,11337671,13757709,1838008,766181,2484301,119888,0.0460366,2047556,508536,0.8010494
3,24355075,11301515,13053560,1832174,579291,2297504,113961,0.04725799,1904845,471364,0.8016319
