pid,execution_cycles,compute_cycles,idle_cycles,loads,stores,hit_count,miss_count,miss_rate,private,shared,private_rate
0,15700938,11337782,4363156,1832392,744111,2558456,18047,0.007004455,2081379,485351,0.8109069
1,15570238,11290799,4279439,1821846,585998,2388939,18905,0.007851422,1915926,484057,0.7983082
2,15878300,11337671,4540629,1838008,766181,2584629,19560,0.007510976,2102997,490685,0.8108153
3,15607840,11301515,4306325,1832174,579291,2392325,19140,0.007937084,1886986,515942,0.7852861
