pid,execution_cycles,compute_cycles,idle_cycles,loads,stores,hit_count,miss_count,miss_rate,private,shared,private_rate
0,109897062,11337782,98559280,1832392,744111,1606980,969523,0.3762941,2325345,54572,0.9770698
1,102633313,11290799,91342514,1821846,585998,1509514,898330,0.3730848,2192663,56277,0.9749762
2,110703371,11337671,99365700,1838008,766181,1626800,977389,0.3753142,2356439,47920,0.9800695
3,102816742,11301515,91515227,1832174,579291,1511427,900038,0.3732329,2194170,56620,0.9748444
