pid,execution_cycles,compute_cycles,idle_cycles,loads,stores,hit_count,miss_count,miss_rate,private,shared,private_rate
0,31596180,11337782,20258398,1832392,744111,2397898,178605,0.0693207,2085870,421712,0.8318252
1,29083342,11290799,17792543,1821846,585998,2252443,155401,0.06453948,1934720,413765,0.8238162
2,30985106,11337671,19647435,1838008,766181,2432035,172154,0.06610657,2131511,402421,0.8411871
3,29483284,11301515,18181769,1832174,579291,2252169,159296,0.06605777,1922318,428765,0.8176309
