pid,execution_cycles,compute_cycles,idle_cycles,loads,stores,hit_count,miss_count,miss_rate,private,shared,private_rate
0,18306353,11337782,6968571,1832392,744111,2538658,37845,0.01468851,2000692,554195,0.7830843
1,17698355,11290799,6407556,1821846,585998,2372174,35670,0.01481408,1849486,537790,0.7747265
2,18298117,11337671,6960446,1838008,766181,2566372,37817,0.0145216,2026620,553698,0.7854148
3,17690121,11301515,6388606,1832174,579291,2375342,36123,0.01497969,1804274,585418,0.7550237
