pid,execution_cycles,compute_cycles,idle_cycles,loads,stores,hit_count,miss_count,miss_rate,private,shared,private_rate
0,64351395,11337782,53013613,1832392,744111,2067001,509502,0.1977494,2057659,296093,0.8742038
1,56695910,11290799,45405111,1821846,585998,1973491,434353,0.1803908,1914698,304412,0.8628225
2,65774792,11337671,54437121,1838008,766181,2080585,523604,0.2010622,2101113,268142,0.8868243
3,56269004,11301515,44967489,1832174,579291,1981569,429896,0.1782717,1922255,303188,0.8637629
