pid,execution_cycles,compute_cycles,idle_cycles,loads,stores,hit_count,miss_count,miss_rate,private,shared,private_rate
0,21278358,11337782,9940576,1832392,744111,2507371,69132,0.02683172,1959821,576359,0.7727452
1,20471355,11290799,9180556,1821846,585998,2343356,64488,0.02678247,1828208,543423,0.7708653
2,21210740,11337671,9873069,1838008,766181,2535737,68452,0.02628534,2047899,516042,0.7987309
3,20515911,11301515,9214396,1832174,579291,2345231,66234,0.02746629,1807291,565453,0.7616882
