pid,execution_cycles,compute_cycles,idle_cycles,loads,stores,hit_count,miss_count,miss_rate,private,shared,private_rate
0,15864839,11337782,4527057,1832392,744111,2564378,12125,0.004705991,1826467,746754,0.709798
1,15419571,11290799,4128772,1821846,585998,2396416,11428,0.004746155,1760640,644188,0.7321272
2,15979149,11337671,4641478,1838008,766181,2591810,12379,0.004753495,1865582,733809,0.7176996
3,15476601,11301515,4175086,1832174,579291,2399875,11590,0.004806207,1668877,738347,0.6932786
