pid,execution_cycles,compute_cycles,idle_cycles,loads,stores,hit_count,miss_count,miss_rate,private,shared,private_rate
0,14709948,11337782,3372166,1832392,744111,2568466,8037,0.003119344,2047853,527142,0.7952843
1,14572318,11290799,3281519,1821846,585998,2399019,8825,0.003665105,1893178,513546,0.7866203
2,14721782,11337671,3384111,1838008,766181,2596311,7878,0.003025126,2059247,542961,0.791346
3,14595664,11301515,3294149,1832174,579291,2402549,8916,0.003697338,1876699,533279,0.7787204
