pid,execution_cycles,compute_cycles,idle_cycles,loads,stores,hit_count,miss_count,miss_rate,private,shared,private_rate
0,15492741,11337782,4154959,1832392,744111,2560559,15944,0.006188233,2062472,506209,0.8029304
1,15360853,11290799,4070054,1821846,585998,2391054,16790,0.006973043,1911767,489875,0.796025
2,15560015,11337671,4222344,1838008,766181,2587844,16345,0.006276426,2081206,513982,0.8019481
3,15393703,11301515,4092188,1832174,579291,2394488,16977,0.007040119,1878427,525319,0.7814582
