pid,execution_cycles,compute_cycles,idle_cycles,loads,stores,hit_count,miss_count,miss_rate,private,shared,private_rate
0,17319426,11337782,5981644,1832392,744111,2541972,34531,0.01340227,2089782,466570,0.817486
1,17112055,11290799,5821256,1821846,585998,2372632,35212,0.01462387,1914916,474613,0.801378
2,17736242,11337671,6398571,1838008,766181,2565659,38530,0.01479539,2119025,462952,0.8206986
3,16997143,11301515,5695628,1832174,579291,2377604,33861,0.01404167,1905464,487982,0.7961174
