pid,execution_cycles,compute_cycles,idle_cycles,loads,stores,hit_count,miss_count,miss_rate,private,shared,private_rate
0,15405225,11337782,4067443,1832392,744111,2561443,15060,0.005845132,2040254,532964,0.7928804
1,15276010,11290799,3985211,1821846,585998,2391911,15933,0.006617123,1905297,499445,0.7923083
2,15428642,11337671,4090971,1838008,766181,2589171,15018,0.005766863,2056899,542574,0.7912754
3,15300544,11301515,3999029,1832174,579291,2395429,16036,0.0066499,1871534,535648,0.7774792
