pid,execution_cycles,compute_cycles,idle_cycles,loads,stores,hit_count,miss_count,miss_rate,private,shared,private_rate
0,20825178,11337782,9487396,1832392,744111,2506696,69807,0.0270937,2051399,487293,0.8080535
1,20154928,11290799,8864129,1821846,585998,2342629,65215,0.0270844,1919791,453579,0.8088882
2,20802956,11337671,9465285,1838008,766181,2534885,69304,0.02661251,2084869,477343,0.8136989
3,20314597,11301515,9013082,1832174,579291,2344782,66683,0.02765249,1879330,492609,0.792318
