pid,execution_cycles,compute_cycles,idle_cycles,loads,stores,hit_count,miss_count,miss_rate,private,shared,private_rate
0,28414978,11337782,17077196,1832392,744111,2435387,141116,0.05477036,2037143,435340,0.823926
1,26864753,11290799,15573954,1821846,585998,2277937,129907,0.05395158,1885562,431546,0.8137566
2,28836713,11337671,17499042,1838008,766181,2459222,144967,0.05566685,2081410,416466,0.8332719
3,26933747,11301515,15632232,1832174,579291,2280692,130773,0.05422969,1853598,464581,0.7995923
