pid,execution_cycles,compute_cycles,idle_cycles,loads,stores,hit_count,miss_count,miss_rate,private,shared,private_rate
0,17632963,11337782,6295181,1832392,744111,2537685,38818,0.01506616,2042320,513925,0.7989532
1,17200967,11290799,5910168,1821846,585998,2370824,37020,0.01537475,1905056,483878,0.7974502
2,17595132,11337671,6257461,1838008,766181,2565261,38928,0.01494822,2092885,489807,0.8103502
3,17232679,11301515,5931164,1832174,579291,2373788,37677,0.01562411,1875173,516431,0.784065
