pid,execution_cycles,compute_cycles,idle_cycles,loads,stores,hit_count,miss_count,miss_rate,private,shared,private_rate
0,15930368,11337782,4592586,1832392,744111,2563660,12843,0.004984663,1928126,643381,0.7498039
1,15488427,11290799,4197628,1821846,585998,2395707,12137,0.005040609,1816785,586495,0.7559606
2,16042037,11337671,4704366,1838008,766181,2591064,13125,0.005039957,1924333,673026,0.7408806
3,15542569,11301515,4241054,1832174,579291,2399131,12334,0.005114733,1721089,684291,0.7155165
