pid,execution_cycles,compute_cycles,idle_cycles,loads,stores,hit_count,miss_count,miss_rate,private,shared,private_rate
0,17638864,11337782,6301082,1832392,744111,2551919,24584,0.009541615,2081727,484213,0.8112922
1,16847043,11290799,5556244,1821846,585998,2387954,19890,0.008260502,1912237,487499,0.7968531
2,17921897,11337671,6584226,1838008,766181,2577715,26474,0.01016593,2110627,482376,0.8139701
3,16710875,11301515,5409360,1832174,579291,2392472,18993,0.007876125,1879243,524167,0.781907
