pid,execution_cycles,compute_cycles,idle_cycles,loads,stores,hit_count,miss_count,miss_rate,private,shared,private_rate
0,15930468,11337782,4592686,1832392,744111,2563649,12854,0.004988933,1927202,644303,0.7494452
1,15490226,11290799,4199427,1821846,585998,2395680,12164,0.005051822,1827484,575779,0.7604178
2,16043418,11337671,4705747,1838008,766181,2591050,13139,0.005045333,1926096,671240,0.741566
3,15542603,11301515,4241088,1832174,579291,2399110,12355,0.005123442,1723642,681712,0.7165856
