pid,execution_cycles,compute_cycles,idle_cycles,loads,stores,hit_count,miss_count,miss_rate,private,shared,private_rate
0,16679883,11337782,5342101,1832392,744111,2571621,4882,0.001894816,2028868,546717,0.7877309
1,16174336,11290799,4883537,1821846,585998,2403389,4455,0.001850203,1897521,509535,0.7883161
2,16594895,11337671,5257224,1838008,766181,2599268,4921,0.001889648,2072221,531060,0.7960036
3,15830161,11301515,4528646,1832174,579291,2407318,4147,0.001719702,1907354,503391,0.7911886
