pid,execution_cycles,compute_cycles,idle_cycles,loads,stores,hit_count,miss_count,miss_rate,private,shared,private_rate
0,17755683,11337782,6417901,1832392,744111,2537701,38802,0.01505995,2057871,497915,0.8051813
1,17354218,11290799,6063419,1821846,585998,2370919,36925,0.0153353,1913296,474882,0.801153
2,17798405,11337671,6460734,1838008,766181,2565234,38955,0.01495859,2079489,500151,0.806116
3,17435875,11301515,6134360,1832174,579291,2373860,37605,0.01559425,1867672,521349,0.781773
