pid,execution_cycles,compute_cycles,idle_cycles,loads,stores,hit_count,miss_count,miss_rate,private,shared,private_rate
0,25961162,11337782,14623380,1832392,744111,2451852,124651,0.04837992,1998161,502079,0.7991877
1,24925909,11290799,13635110,1821846,585998,2291694,116150,0.04823817,1909345,429904,0.8162214
2,25653212,11337671,14315541,1838008,766181,2481457,122732,0.04712868,2077022,453849,0.8206748
3,25055721,11301515,13754206,1832174,579291,2292566,118899,0.04930571,1875735,464845,0.8013975
