pid,execution_cycles,compute_cycles,idle_cycles,loads,stores,hit_count,miss_count,miss_rate,private,shared,private_rate
0,96952680,11337782,85614898,1832392,744111,1741698,834805,0.324007,2199126,202950,0.9155106
1,87569869,11290799,76279070,1821846,585998,1664218,743626,0.3088348,2054340,211862,0.9065123
2,97285010,11337671,85947339,1838008,766181,1764439,839750,0.3224612,2233046,194463,0.919892
3,87412441,11301515,76110926,1832174,579291,1669882,741583,0.3075238,2053612,216857,0.904488
