pid,execution_cycles,compute_cycles,idle_cycles,loads,stores,hit_count,miss_count,miss_rate,private,shared,private_rate
0,26220084,11337782,14882302,1832392,744111,2452202,124301,0.04824407,2075393,454772,0.8202599
1,21862579,11290799,10571780,1821846,585998,2325380,82464,0.03424807,1924089,446228,0.8117433
2,25876508,11337671,14538837,1838008,766181,2483637,120552,0.04629157,2110969,445591,0.8257068
3,22339147,11301515,11037632,1832174,579291,2324332,87133,0.03613281,1900967,471614,0.8012232
