pid,execution_cycles,compute_cycles,idle_cycles,loads,stores,hit_count,miss_count,miss_rate,private,shared,private_rate
0,22369684,11337782,11031902,1832392,744111,2497320,79183,0.03073274,2055317,464941,0.8155185
1,21184022,11290799,9893223,1821846,585998,2336191,71653,0.02975816,1903240,457670,0.8061468
2,22839996,11337671,11502325,1838008,766181,2520787,83402,0.03202609,2104844,439940,0.8271209
3,21203092,11301515,9901577,1832174,579291,2339286,72179,0.0299316,1851357,510976,0.7836986
