pid,execution_cycles,compute_cycles,idle_cycles,loads,stores,hit_count,miss_count,miss_rate,private,shared,private_rate
0,26762482,11337782,15424700,1832392,744111,2450992,125511,0.0487137,1993271,499772,0.7995333
1,25571384,11290799,14280585,1821846,585998,2291019,116825,0.04851851,1860191,471574,0.7977609
2,26523161,11337671,15185490,1838008,766181,2480835,123354,0.04736753,2063764,459368,0.8179374
3,25658406,11301515,14356891,1832174,579291,2291944,119521,0.04956365,1813355,519389,0.7773485
