pid,execution_cycles,compute_cycles,idle_cycles,loads,stores,hit_count,miss_count,miss_rate,private,shared,private_rate
0,43429439,11337782,32091657,1832392,744111,2281348,295155,0.1145564,2063779,349876,0.8550431
1,40229287,11290799,28938488,1821846,585998,2142301,265543,0.1102825,1919851,342294,0.8486861
2,44918469,11337671,33580798,1838008,766181,2294669,309520,0.1188547,2117249,313499,0.8710278
3,39761836,11301515,28460321,1832174,579291,2151002,260463,0.1080103,1922305,346860,0.847142
