pid,execution_cycles,compute_cycles,idle_cycles,loads,stores,hit_count,miss_count,miss_rate,private,shared,private_rate
0,54212730,11337782,42874948,1832392,744111,2163813,412690,0.1601745,2138344,317203,0.8708219
1,43022418,11290799,31731619,1821846,585998,2106721,301123,0.1250592,1996834,321469,0.8613343
2,54365121,11337671,43027450,1838008,766181,2192232,411957,0.1581901,2177919,302935,0.8778908
3,42645472,11301515,31343957,1832174,579291,2114591,296874,0.1231094,1990574,332091,0.8570216
