pid,execution_cycles,compute_cycles,idle_cycles,loads,stores,hit_count,miss_count,miss_rate,private,shared,private_rate
0,15175875,11337782,3838093,1832392,744111,2573596,2907,0.001128273,1930293,644820,0.7495955
1,14798618,11290799,3507819,1821846,585998,2405066,2778,0.001153729,1817818,588817,0.755336
2,15449855,11337671,4112184,1838008,766181,2601041,3148,0.001208822,1882302,720110,0.7232913
3,15012432,11301515,3710917,1832174,579291,2408639,2826,0.001171902,1699295,710694,0.7051049
