pid,execution_cycles,compute_cycles,idle_cycles,loads,stores,hit_count,miss_count,miss_rate,private,shared,private_rate
0,18590161,11337782,7252379,1832392,744111,2536311,40192,0.01559944,2056182,493528,0.8064376
1,17806648,11290799,6515849,1821846,585998,2371248,36596,0.01519866,1894811,491316,0.7940948
2,18685565,11337671,7347894,1838008,766181,2563254,40935,0.01571891,2083406,493032,0.8086381
3,17830666,11301515,6529151,1832174,579291,2374243,37222,0.01543543,1809148,578314,0.7577704
