pid,execution_cycles,compute_cycles,idle_cycles,loads,stores,hit_count,miss_count,miss_rate,private,shared,private_rate
0,17640650,11337782,6302868,1832392,744111,2559679,16824,0.006529781,2090137,479146,0.8135098
1,17248581,11290799,5957782,1821846,585998,2392913,14931,0.006200983,1902829,499281,0.792149
2,18041641,11337671,6703970,1838008,766181,2585142,19047,0.007313985,2112728,483493,0.8137705
3,17207145,11301515,5905630,1832174,579291,2396856,14609,0.006058143,1904417,501271,0.7916309
