pid,execution_cycles,compute_cycles,idle_cycles,loads,stores,hit_count,miss_count,miss_rate,private,shared,private_rate
0,25688751,11337782,14350969,1832392,744111,2457569,118934,0.04616102,1998179,547378,0.7849673
1,24681109,11290799,13390310,1821846,585998,2296910,110934,0.04607192,1962496,419467,0.8238986
2,25568618,11337671,14230947,1838008,766181,2486747,117442,0.04509734,2040935,528186,0.7944098
3,24958291,11301515,13656776,1832174,579291,2297876,113589,0.04710373,1916358,463827,0.8051299
