pid,execution_cycles,compute_cycles,idle_cycles,loads,stores,hit_count,miss_count,miss_rate,private,shared,private_rate
0,36585289,11337782,25247507,1832392,744111,2395617,180886,0.07020601,2136888,398256,0.842906
1,26186532,11290799,14895733,1821846,585998,2305240,102604,0.0426124,1972447,402992,0.8303505
2,36866217,11337671,25528546,1838008,766181,2420384,183805,0.07058051,2166177,394010,0.8461011
3,25748276,11301515,14446761,1832174,579291,2311693,99772,0.04137402,1962104,416868,0.8247697
