pid,execution_cycles,compute_cycles,idle_cycles,loads,stores,hit_count,miss_count,miss_rate,private,shared,private_rate
0,16901555,11337782,5563773,1832392,744111,2553553,22950,0.008907422,2002322,562019,0.780833
1,16360074,11290799,5069275,1821846,585998,2386463,21381,0.008879728,1872249,523994,0.7813269
2,16935736,11337671,5598065,1838008,766181,2580991,23198,0.008907956,1986623,602630,0.7672572
3,16363122,11301515,5061607,1832174,579291,2389836,21629,0.008969237,1796070,602510,0.7488055
