pid,execution_cycles,compute_cycles,idle_cycles,loads,stores,hit_count,miss_count,miss_rate,private,shared,private_rate
0,16879695,11337782,5541913,1832392,744111,2545257,31246,0.01212729,2041569,521383,0.7965693
1,16424725,11290799,5133926,1821846,585998,2378982,28862,0.01198666,1895494,499961,0.7912877
2,16830050,11337671,5492379,1838008,766181,2573395,30794,0.01182479,2075239,514497,0.8013323
3,16309498,11301515,5007983,1832174,579291,2383795,27670,0.01147435,1885503,513189,0.7860546
