pid,execution_cycles,compute_cycles,idle_cycles,loads,stores,hit_count,miss_count,miss_rate,private,shared,private_rate
0,18873591,11337782,7535809,1832392,744111,2526409,50094,0.01944263,2084146,460074,0.8191689
1,18404014,11290799,7113215,1821846,585998,2360315,47529,0.01973924,1902908,477218,0.7994989
2,19213709,11337671,7876038,1838008,766181,2550938,53251,0.02044821,2119343,450577,0.8246728
3,18350536,11301515,7049021,1832174,579291,2364621,46844,0.01942554,1905103,478639,0.7992069
