pid,execution_cycles,compute_cycles,idle_cycles,loads,stores,hit_count,miss_count,miss_rate,private,shared,private_rate
0,15905076,11337782,4567294,1832392,744111,2556394,20109,0.007804765,2073418,493012,0.8078997
1,15541528,11290799,4250729,1821846,585998,2389229,18615,0.007730983,1918718,480924,0.7995851
2,16180646,11337671,4842975,1838008,766181,2581575,22614,0.008683702,2100294,492340,0.8101005
3,15651796,11301515,4350281,1832174,579291,2391881,19584,0.008121204,1888938,513043,0.7864084
