pid,execution_cycles,compute_cycles,idle_cycles,loads,stores,hit_count,miss_count,miss_rate,private,shared,private_rate
0,171301218,11337782,159963436,1832392,744111,986736,1589767,0.6170251,2098325,30256,0.9857858
1,158657908,11290799,147367109,1821846,585998,943609,1464235,0.6081104,2002203,31695,0.9844166
2,173047730,11337671,161710059,1838008,766181,997059,1607130,0.6171326,2118725,25262,0.9882173
3,158420191,11301515,147118676,1832174,579291,949776,1461689,0.6061415,2009659,30940,0.9848378
