pid,execution_cycles,compute_cycles,idle_cycles,loads,stores,hit_count,miss_count,miss_rate,private,shared,private_rate
0,16053540,11337782,4715758,1832392,744111,2553958,22545,0.008750232,2001218,570083,0.7782901
1,15833695,11290799,4542896,1821846,585998,2384536,23308,0.009680029,1901396,501059,0.7914388
2,16098863,11337671,4761192,1838008,766181,2580700,23489,0.009019699,2023632,572859,0.7793719
3,15843217,11301515,4541702,1832174,579291,2388038,23427,0.009714841,1866567,538754,0.7760158
