pid,execution_cycles,compute_cycles,idle_cycles,loads,stores,hit_count,miss_count,miss_rate,private,shared,private_rate
0,16068291,11337782,4730509,1832392,744111,2553749,22754,0.00883135,2012367,558525,0.7827505
1,15840760,11290799,4549961,1821846,585998,2384441,23403,0.009719483,1900972,501218,0.7913496
2,16100915,11337671,4763244,1838008,766181,2580592,23597,0.00906117,2032079,564471,0.7826073
3,15856393,11301515,4554878,1832174,579291,2387890,23575,0.009776215,1866158,538829,0.7759535
