pid,execution_cycles,compute_cycles,idle_cycles,loads,stores,hit_count,miss_count,miss_rate,private,shared,private_rate
0,14791722,11337782,3453940,1832392,744111,2567640,8863,0.003439934,2042607,532541,0.7931998
1,14625382,11290799,3334583,1821846,585998,2398483,9361,0.00388771,1901520,505047,0.790138
2,14810585,11337671,3472914,1838008,766181,2595414,8775,0.003369571,2057323,544793,0.7906346
3,14648332,11301515,3346817,1832174,579291,2402017,9448,0.00391795,1871391,538328,0.7766013
