pid,execution_cycles,compute_cycles,idle_cycles,loads,stores,hit_count,miss_count,miss_rate,private,shared,private_rate
0,38764770,11337782,27426988,1832392,744111,2325488,251015,0.09742469,2133026,353623,0.8577913
1,29841286,11290799,18550487,1821846,585998,2244787,163057,0.06771909,1982776,363514,0.8450686
2,39369812,11337671,28032141,1838008,766181,2347341,256848,0.09862879,2175017,335742,0.8662787
3,29559217,11301515,18257702,1832174,579291,2251402,160063,0.06637583,1977130,374127,0.8408821
