pid,execution_cycles,compute_cycles,idle_cycles,loads,stores,hit_count,miss_count,miss_rate,private,shared,private_rate
0,34425105,11337782,23087323,1832392,744111,2379039,197464,0.07664031,2127542,399144,0.8420286
1,31512241,11290799,20221442,1821846,585998,2249590,158254,0.06572436,1962111,410460,0.8269978
2,36953156,11337671,25615485,1838008,766181,2381057,223132,0.08568195,2150014,405989,0.8411625
3,29610895,11301515,18309380,1832174,579291,2268548,142917,0.05926563,1956672,420917,0.8229648
