pid,execution_cycles,compute_cycles,idle_cycles,loads,stores,hit_count,miss_count,miss_rate,private,shared,private_rate
0,18065588,11337782,6727806,1832392,744111,2534118,42385,0.01645059,2069492,480078,0.8117024
1,17477301,11290799,6186502,1821846,585998,2368370,39474,0.01639392,1914716,470968,0.8025858
2,18139683,11337671,6802012,1838008,766181,2561172,43017,0.01651839,2097814,478328,0.8143239
3,17516357,11301515,6214842,1832174,579291,2371402,40063,0.01661355,1873768,513352,0.7849492
