pid,execution_cycles,compute_cycles,idle_cycles,loads,stores,hit_count,miss_count,miss_rate,private,shared,private_rate
0,15440939,11337782,4103157,1832392,744111,2569805,6698,0.002599648,2056104,518583,0.7985841
1,15284399,11290799,3993600,1821846,585998,2401244,6600,0.002741041,1914605,491648,0.795679
2,15513987,11337671,4176316,1838008,766181,2597452,6737,0.002586986,2059446,542215,0.7915889
3,15395530,11301515,4094015,1832174,579291,2404807,6658,0.002760977,1876636,532640,0.7789211
