pid,execution_cycles,compute_cycles,idle_cycles,loads,stores,hit_count,miss_count,miss_rate,private,shared,private_rate
0,15495118,11337782,4157336,1832392,744111,2569728,6775,0.002629533,2052492,522194,0.7971815
1,15257674,11290799,3966875,1821846,585998,2401335,6509,0.002703248,1915122,491134,0.7958929
2,15528276,11337671,4190605,1838008,766181,2597445,6744,0.002589674,2059295,542362,0.7915321
3,15379654,11301515,4078139,1832174,579291,2404855,6610,0.002741072,1875844,533428,0.7785937
