pid,execution_cycles,compute_cycles,idle_cycles,loads,stores,hit_count,miss_count,miss_rate,private,shared,private_rate
0,26278871,11337782,14941089,1832392,744111,2455035,121468,0.04714452,1886653,627608,0.7503807
1,25125012,11290799,13834213,1821846,585998,2294431,113413,0.04710147,1819088,533082,0.7733659
2,25968759,11337671,14631088,1838008,766181,2484176,120013,0.0460846,2003167,540044,0.7876527
3,25219258,11301515,13917743,1832174,579291,2295608,115857,0.04804424,1793330,561231,0.7616409
