pid,execution_cycles,compute_cycles,idle_cycles,loads,stores,hit_count,miss_count,miss_rate,private,shared,private_rate
0,22443394,11337782,11105612,1832392,744111,2495014,81489,0.03162775,2004192,522344,0.7932569
1,21485129,11290799,10194330,1821846,585998,2332167,75677,0.03142936,1832123,528796,0.7760211
2,22249569,11337671,10911898,1838008,766181,2525566,78623,0.03019097,2068007,487515,0.8092308
3,21301673,11301515,10000158,1832174,579291,2338231,73234,0.03036909,1857762,509792,0.7846757
