pid,execution_cycles,compute_cycles,idle_cycles,loads,stores,hit_count,miss_count,miss_rate,private,shared,private_rate
0,17932521,11337782,6594739,1832392,744111,2535583,40920,0.01588199,2069086,481146,0.8113325
1,17340597,11290799,6049798,1821846,585998,2369790,38054,0.01580418,1914500,471644,0.8023405
2,17997819,11337671,6660148,1838008,766181,2562708,41481,0.01592857,2094277,482516,0.8127455
3,17400031,11301515,6098516,1832174,579291,2372588,38877,0.01612174,1871526,516062,0.7838563
