pid,execution_cycles,compute_cycles,idle_cycles,loads,stores,hit_count,miss_count,miss_rate,private,shared,private_rate
0,15156981,11337782,3819199,1832392,744111,2572125,4378,0.001699202,1886948,687710,0.7328927
1,14754948,11290799,3464149,1821846,585998,2403744,4100,0.001702768,1807773,598396,0.7513076
2,15399089,11337671,4061418,1838008,766181,2599685,4504,0.001729521,1844555,757071,0.7090008
3,14923133,11301515,3621618,1832174,579291,2407287,4178,0.001732557,1680999,728217,0.6977369
