pid,execution_cycles,compute_cycles,idle_cycles,loads,stores,hit_count,miss_count,miss_rate,private,shared,private_rate
0,31793187,11337782,20455405,1832392,744111,2395685,180818,0.07017962,2030223,412399,0.8311654
1,30829172,11290799,19538373,1821846,585998,2234353,173491,0.07205243,1876910,404269,0.8227807
2,33157769,11337671,21820098,1838008,766181,2409930,194259,0.07459482,2079556,379965,0.8455126
3,30447742,11301515,19146227,1832174,579291,2241875,169590,0.07032654,1872250,415374,0.8184256
