pid,execution_cycles,compute_cycles,idle_cycles,loads,stores,hit_count,miss_count,miss_rate,private,shared,private_rate
0,24636975,11337782,13299193,1832392,744111,2468193,108310,0.0420376,2069141,431356,0.8274919
1,23970289,11290799,12679490,1821846,585998,2304090,103754,0.04309,1912822,423742,0.8186474
2,25428335,11337671,14090664,1838008,766181,2488164,116025,0.04455322,2122295,400187,0.8413519
3,23781973,11301515,12480458,1832174,579291,2309758,101707,0.04217644,1910970,430421,0.8161687
