pid,execution_cycles,compute_cycles,idle_cycles,loads,stores,hit_count,miss_count,miss_rate,private,shared,private_rate
0,16401093,11337782,5063311,1832392,744111,2551227,25276,0.009810196,2076013,484801,0.8106848
1,16089187,11290799,4798388,1821846,585998,2382780,25064,0.01040931,1912806,482821,0.7984574
2,16541843,11337671,5204172,1838008,766181,2577716,26473,0.01016554,2106672,481507,0.8139592
3,16130839,11301515,4829324,1832174,579291,2385980,25485,0.01056826,1870986,526522,0.7803878
