pid,execution_cycles,compute_cycles,idle_cycles,loads,stores,hit_count,miss_count,miss_rate,private,shared,private_rate
0,15567857,11337782,4230075,1832392,744111,2560483,16020,0.00621773,2055055,514963,0.7996267
1,15391929,11290799,4101130,1821846,585998,2391730,16114,0.006692294,1910455,491496,0.7953763
2,15602817,11337671,4265146,1838008,766181,2588190,15999,0.006143563,2072241,523655,0.7982758
3,15437658,11301515,4136143,1832174,579291,2395179,16286,0.006753571,1875701,528331,0.7802313
