pid,execution_cycles,compute_cycles,idle_cycles,loads,stores,hit_count,miss_count,miss_rate,private,shared,private_rate
0,15144396,11337782,3806614,1832392,744111,2567122,9381,0.003640982,2044116,530215,0.7940378
1,15111796,11290799,3820997,1821846,585998,2398037,9807,0.004072938,1912627,493374,0.7949402
2,15270740,11337671,3933069,1838008,766181,2594625,9564,0.003672545,2055380,545612,0.7902293
3,15208813,11301515,3907298,1832174,579291,2401554,9911,0.00410995,1868876,539914,0.7758568
