pid,execution_cycles,compute_cycles,idle_cycles,loads,stores,hit_count,miss_count,miss_rate,private,shared,private_rate
0,151142739,11337782,139804957,1832392,744111,1190357,1386146,0.5379951,2302468,4917,0.997869
1,151600495,11290799,140309696,1821846,585998,1014896,1392948,0.5785043,2150791,5056,0.9976548
2,151746494,11337671,140408823,1838008,766181,1212223,1391966,0.5345104,2326481,4594,0.9980292
3,152448610,11301515,141147095,1832174,579291,1010095,1401370,0.5811281,2151570,4612,0.997861
