pid,execution_cycles,compute_cycles,idle_cycles,loads,stores,hit_count,miss_count,miss_rate,private,shared,private_rate
0,80768893,11337782,69431111,1832392,744111,1854154,722349,0.2803602,2019139,254288,0.8881477
1,63269815,11290799,51979016,1821846,585998,1871396,536448,0.2227918,1926472,260874,0.8807349
2,82651601,11337671,71313930,1838008,766181,1864123,740066,0.2841829,2062866,226377,0.9011127
3,62601278,11301515,51299763,1832174,579291,1881951,529514,0.2195819,1920299,275149,0.874673
