pid,execution_cycles,compute_cycles,idle_cycles,loads,stores,hit_count,miss_count,miss_rate,private,shared,private_rate
0,112780092,11337782,101442310,1832392,744111,1567051,1009452,0.3917915,2228457,103388,0.9556626
1,105427097,11290799,94136298,1821846,585998,1470268,937576,0.389384,2086127,107180,0.9511332
2,113344743,11337671,102007072,1838008,766181,1589786,1014403,0.3895274,2260043,96346,0.9591129
3,105422974,11301515,94121459,1832174,579291,1474228,937237,0.3886588,2087716,108757,0.9504856
