pid,execution_cycles,compute_cycles,idle_cycles,loads,stores,hit_count,miss_count,miss_rate,private,shared,private_rate
0,16704765,11337782,5366983,1832392,744111,2568775,7728,0.002999414,2053549,520695,0.797729
1,16334947,11290799,5044148,1821846,585998,2400992,6852,0.002845699,1916798,488965,0.7967526
2,16601495,11337671,5263824,1838008,766181,2596336,7853,0.003015526,2070032,531557,0.7956799
3,16044067,11301515,4742552,1832174,579291,2405148,6317,0.002619569,1918735,490812,0.7963053
