pid,execution_cycles,compute_cycles,idle_cycles,loads,stores,hit_count,miss_count,miss_rate,private,shared,private_rate
0,26036538,11337782,14698756,1832392,744111,2454056,122447,0.04752449,1971633,545523,0.783278
1,25000681,11290799,13709882,1821846,585998,2293682,114162,0.04741254,1937972,417120,0.8228859
2,25893932,11337671,14556261,1838008,766181,2483461,120728,0.04635915,2015405,526846,0.792764
3,25282318,11301515,13980803,1832174,579291,2294603,116862,0.048461,1890286,462248,0.8035106
