pid,execution_cycles,compute_cycles,idle_cycles,loads,stores,hit_count,miss_count,miss_rate,private,shared,private_rate
0,21488695,11337782,10150913,1832392,744111,2506084,70419,0.02733123,2007413,523937,0.7930207
1,20590091,11290799,9299292,1821846,585998,2342405,65439,0.02717743,1870715,496005,0.7904251
2,21441861,11337671,10104190,1838008,766181,2534218,69971,0.02686863,2045456,511674,0.799903
3,20660531,11301515,9359016,1832174,579291,2344779,66686,0.02765373,1824814,542356,0.7708842
