pid,execution_cycles,compute_cycles,idle_cycles,loads,stores,hit_count,miss_count,miss_rate,private,shared,private_rate
0,31572222,11337782,20234440,1832392,744111,2398140,178363,0.06922678,2032016,412147,0.831375
1,30664174,11290799,19373375,1821846,585998,2236475,171369,0.07117114,1876970,404874,0.8225672
2,32904914,11337671,21567243,1838008,766181,2412643,191546,0.07355303,2078000,383194,0.8443057
3,30212122,11301515,18910607,1832174,579291,2244807,166658,0.06911069,1875956,413674,0.8193271
