pid,execution_cycles,compute_cycles,idle_cycles,loads,stores,hit_count,miss_count,miss_rate,private,shared,private_rate
0,15379114,11337782,4041332,1832392,744111,2570288,6215,0.002412184,2058083,517123,0.7991916
1,15311229,11290799,4020430,1821846,585998,2401514,6330,0.002628908,1913282,493450,0.7949709
2,15526232,11337671,4188561,1838008,766181,2597861,6328,0.002429931,2060444,541751,0.79181
3,15452682,11301515,4151167,1832174,579291,2405087,6378,0.002644865,1874032,535726,0.7776847
