pid,execution_cycles,compute_cycles,idle_cycles,loads,stores,hit_count,miss_count,miss_rate,private,shared,private_rate
0,33925254,11337782,22587472,1832392,744111,2374372,202131,0.07845168,2159827,368178,0.8543603
1,25041568,11290799,13750769,1821846,585998,2293269,114575,0.04758406,2001087,375960,0.8418374
2,34732256,11337671,23394585,1838008,766181,2394185,210004,0.08064084,2213121,339981,0.8668361
3,24617533,11301515,13316018,1832174,579291,2301318,110147,0.04567638,1983438,397324,0.8331106
