pid,execution_cycles,compute_cycles,idle_cycles,loads,stores,hit_count,miss_count,miss_rate,private,shared,private_rate
0,15392157,11337782,4054375,1832392,744111,2561575,14928,0.0057939,2021945,551544,0.7856824
1,15264922,11290799,3974123,1821846,585998,2392023,15821,0.006570608,1905205,499785,0.7921883
2,15429632,11337671,4091961,1838008,766181,2589161,15028,0.005770703,2046344,553172,0.7872019
3,15291238,11301515,3989723,1832174,579291,2395523,15942,0.006610919,1866958,540434,0.7755106
