pid,execution_cycles,compute_cycles,idle_cycles,loads,stores,hit_count,miss_count,miss_rate,private,shared,private_rate
0,18663549,11337782,7325767,1832392,744111,2528483,48020,0.01863767,2100642,447592,0.8243521
1,18122953,11290799,6832154,1821846,585998,2362762,45082,0.01872297,1935119,447636,0.8121351
2,19042988,11337671,7705317,1838008,766181,2552569,51620,0.01982191,2136243,438058,0.8298342
3,18042574,11301515,6741059,1832174,579291,2367351,44114,0.01829344,1931294,455387,0.8091965
