pid,execution_cycles,compute_cycles,idle_cycles,loads,stores,hit_count,miss_count,miss_rate,private,shared,private_rate
0,17857455,11337782,6519673,1832392,744111,2536673,39830,0.01545894,2061726,492316,0.8072404
1,17381146,11290799,6090347,1821846,585998,2370647,37197,0.01544826,1915661,471550,0.8024682
2,17903048,11337671,6565377,1838008,766181,2564177,40012,0.01536448,2083263,494701,0.808104
3,17466169,11301515,6164654,1832174,579291,2373554,37911,0.01572115,1866561,521402,0.7816541
