pid,execution_cycles,compute_cycles,idle_cycles,loads,stores,hit_count,miss_count,miss_rate,private,shared,private_rate
0,52246158,11337782,40908376,1832392,744111,2189236,387267,0.1503072,2149732,321303,0.8699723
1,47367085,11290799,36076286,1821846,585998,2067614,340230,0.1413007,2004037,323170,0.861134
2,53481479,11337671,42143808,1838008,766181,2204716,399473,0.1533963,2183814,312270,0.874896
3,46470748,11301515,35169233,1832174,579291,2080437,331028,0.1372726,1997784,332405,0.8573485
