pid,execution_cycles,compute_cycles,idle_cycles,loads,stores,hit_count,miss_count,miss_rate,private,shared,private_rate
0,21354233,11337782,10016451,1832392,744111,2506865,69638,0.02702811,1997768,535125,0.7887297
1,20542602,11290799,9251803,1821846,585998,2342718,65126,0.02704743,1856865,511167,0.7841385
2,21292664,11337671,9954993,1838008,766181,2535299,68890,0.02645353,2051837,508488,0.8013971
3,20569957,11301515,9268442,1832174,579291,2345138,66327,0.02750486,1809114,560465,0.7634749
