pid,execution_cycles,compute_cycles,idle_cycles,loads,stores,hit_count,miss_count,miss_rate,private,shared,private_rate
0,118303621,11337782,106965839,1832392,744111,1505262,1071241,0.4157732,2229683,84277,0.9635789
1,110633747,11290799,99342948,1821846,585998,1411044,996800,0.4139803,2095058,82433,0.9621431
2,118810133,11337671,107472462,1838008,766181,1528807,1075382,0.4129431,2265854,71434,0.9694372
3,110570296,11301515,99268781,1832174,579291,1415471,995994,0.4130244,2096647,84254,0.9613673
