pid,execution_cycles,compute_cycles,idle_cycles,loads,stores,hit_count,miss_count,miss_rate,private,shared,private_rate
0,17608866,11337782,6271084,1832392,744111,2539184,37319,0.01448436,1983324,578118,0.7742998
1,17225914,11290799,5935115,1821846,585998,2372215,35629,0.01479705,1910329,483052,0.7981717
2,17684555,11337671,6346884,1838008,766181,2566384,37805,0.014517,2000122,584665,0.7738053
3,17314699,11301515,6013184,1832174,579291,2375084,36381,0.01508668,1866817,527470,0.7796964
