pid,execution_cycles,compute_cycles,idle_cycles,loads,stores,hit_count,miss_count,miss_rate,private,shared,private_rate
0,14814591,11337782,3476809,1832392,744111,2567409,9094,0.00352959,2043091,531582,0.7935342
1,14632114,11290799,3341315,1821846,585998,2398415,9429,0.003915951,1902669,503572,0.7907225
2,14828405,11337671,3490734,1838008,766181,2595234,8955,0.003438691,2056438,545246,0.7904257
3,14658925,11301515,3357410,1832174,579291,2401910,9555,0.003962322,1877240,532049,0.7791676
