pid,execution_cycles,compute_cycles,idle_cycles,loads,stores,hit_count,miss_count,miss_rate,private,shared,private_rate
0,26267775,11337782,14929993,1832392,744111,2455079,121424,0.04712744,1868960,644842,0.7434794
1,25108025,11290799,13817226,1821846,585998,2294597,113247,0.04703253,1830347,521373,0.7783014
2,25980822,11337671,14643151,1838008,766181,2484135,120054,0.04610034,1983942,558969,0.7801854
3,25217618,11301515,13916103,1832174,579291,2295561,115904,0.04806373,1787802,566379,0.7594157
