pid,execution_cycles,compute_cycles,idle_cycles,loads,stores,hit_count,miss_count,miss_rate,private,shared,private_rate
0,21154848,11337782,9817066,1832392,744111,2503366,73137,0.02838615,2051090,476314,0.8115402
1,20359462,11290799,9068663,1821846,585998,2340563,67281,0.02794242,1919942,445505,0.8116614
2,21171335,11337671,9833664,1838008,766181,2531164,73025,0.02804136,2088982,465139,0.8178869
3,20522893,11301515,9221378,1832174,579291,2342678,68787,0.02852498,1877446,487742,0.793783
