pid,execution_cycles,compute_cycles,idle_cycles,loads,stores,hit_count,miss_count,miss_rate,private,shared,private_rate
0,15170563,11337782,3832781,1832392,744111,2572046,4457,0.001729864,1892321,682292,0.7349924
1,14765066,11290799,3474267,1821846,585998,2403700,4144,0.001721042,1791232,614924,0.7444372
2,15394131,11337671,4056460,1838008,766181,2599631,4558,0.001750257,1852183,749443,0.7119328
3,14916527,11301515,3615012,1832174,579291,2407233,4232,0.00175495,1711164,698048,0.7102588
