pid,execution_cycles,compute_cycles,idle_cycles,loads,stores,hit_count,miss_count,miss_rate,private,shared,private_rate
0,15138123,11337782,3800341,1832392,744111,2564141,12362,0.004797976,2059042,513313,0.8004502
1,14768140,11290799,3477341,1821846,585998,2397041,10803,0.004486586,1918346,486440,0.79772
2,15370034,11337671,4032363,1838008,766181,2589763,14426,0.005539536,2073152,526077,0.7976027
3,14884249,11301515,3582734,1832174,579291,2399634,11831,0.004906146,1891179,516472,0.7854872
