pid,execution_cycles,compute_cycles,idle_cycles,loads,stores,hit_count,miss_count,miss_rate,private,shared,private_rate
0,27981569,11337782,16643787,1832392,744111,2434311,142192,0.05518798,2133247,381204,0.8483947
1,24157037,11290799,12866238,1821846,585998,2301898,105946,0.04400036,1967061,391275,0.8340885
2,28515319,11337671,17177648,1838008,766181,2456880,147309,0.05656617,2175259,363571,0.8567958
3,23847968,11301515,12546453,1832174,579291,2308829,102636,0.04256168,1970989,391882,0.8341501
