pid,execution_cycles,compute_cycles,idle_cycles,loads,stores,hit_count,miss_count,miss_rate,private,shared,private_rate
0,15395622,11337782,4057840,1832392,744111,2561540,14963,0.005807484,2024017,549420,0.7865034
1,15258883,11290799,3968084,1821846,585998,2392084,15760,0.006545275,1905795,499242,0.7924182
2,15426266,11337671,4088595,1838008,766181,2589195,14994,0.005757647,2046898,552630,0.7874114
3,15290248,11301515,3988733,1832174,579291,2395533,15932,0.006606772,1865754,541605,0.7750211
