pid,execution_cycles,compute_cycles,idle_cycles,loads,stores,hit_count,miss_count,miss_rate,private,shared,private_rate
0,30682410,11337782,19344628,1832392,744111,2407128,169375,0.06573833,2130458,387664,0.8460504
1,23809711,11290799,12518912,1821846,585998,2305712,102132,0.04241637,1976856,391997,0.8345203
2,31041338,11337671,19703667,1838008,766181,2431467,172722,0.06632468,2182058,361987,0.857712
3,23701783,11301515,12400268,1832174,579291,2310568,100897,0.04184054,1968658,404463,0.8295649
