pid,execution_cycles,compute_cycles,idle_cycles,loads,stores,hit_count,miss_count,miss_rate,private,shared,private_rate
0,15225525,11337782,3887743,1832392,744111,2566375,10128,0.003930909,2055483,517305,0.7989321
1,15120859,11290799,3830060,1821846,585998,2397520,10324,0.004287653,1915485,488997,0.796631
2,15320897,11337671,3983226,1838008,766181,2593882,10307,0.003957854,2062959,536407,0.7936393
3,15213400,11301515,3911885,1832174,579291,2401005,10460,0.004337612,1878436,528755,0.7803436
