pid,execution_cycles,compute_cycles,idle_cycles,loads,stores,hit_count,miss_count,miss_rate,private,shared,private_rate
0,27327102,11337782,15989320,1832392,744111,2441020,135483,0.05258406,2043487,434634,0.8246115
1,25772089,11290799,14481290,1821846,585998,2285890,121954,0.05064863,1921316,402458,0.8268085
2,27561884,11337671,16224213,1838008,766181,2466613,137576,0.05282873,2083372,421039,0.831881
3,26083426,11301515,14781911,1832174,579291,2286511,124954,0.05181663,1871714,450583,0.8059753
