pid,execution_cycles,compute_cycles,idle_cycles,loads,stores,hit_count,miss_count,miss_rate,private,shared,private_rate
0,29410659,11337782,18072877,1832392,744111,2419805,156698,0.06081809,2069789,430102,0.8279517
1,27612858,11290799,16322059,1821846,585998,2266887,140957,0.05854075,1905740,434033,0.8144978
2,29139847,11337671,17802176,1838008,766181,2450516,153673,0.05900993,2114001,412052,0.8368791
3,27460676,11301515,16159161,1832174,579291,2272133,139332,0.05777898,1913680,430296,0.8164247
