pid,execution_cycles,compute_cycles,idle_cycles,loads,stores,hit_count,miss_count,miss_rate,private,shared,private_rate
0,15586254,11337782,4248472,1832392,744111,2562684,13819,0.005363471,2037853,535272,0.7919759
1,14976112,11290799,3685313,1821846,585998,2398325,9519,0.003953329,1919784,485502,0.7981521
2,15430985,11337671,4093314,1838008,766181,2593394,10795,0.004145244,2069048,531032,0.7957632
3,15145483,11301515,3843968,1832174,579291,2401264,10201,0.004230209,1874468,533676,0.778387
