pid,execution_cycles,compute_cycles,idle_cycles,loads,stores,hit_count,miss_count,miss_rate,private,shared,private_rate
0,18602521,11337782,7264739,1832392,744111,2536171,40332,0.01565378,2059772,489766,0.8079001
1,17826774,11290799,6535975,1821846,585998,2371038,36806,0.01528587,1894689,491239,0.7941099
2,18720376,11337671,7382705,1838008,766181,2562942,41247,0.01583871,2092412,483857,0.8121869
3,17845174,11301515,6543659,1832174,579291,2374026,37439,0.01552542,1811757,575649,0.758881
