pid,execution_cycles,compute_cycles,idle_cycles,loads,stores,hit_count,miss_count,miss_rate,private,shared,private_rate
0,15204766,11337782,3866984,1832392,744111,2571871,4632,0.001797786,1917162,657187,0.7447172
1,14797016,11290799,3506217,1821846,585998,2403552,4292,0.001782508,1844467,561486,0.7666264
2,15412555,11337671,4074884,1838008,766181,2599449,4740,0.001820144,1854889,746446,0.7130527
3,14959251,11301515,3657736,1832174,579291,2407101,4364,0.001809688,1720749,688247,0.7143013
