pid,execution_cycles,compute_cycles,idle_cycles,loads,stores,hit_count,miss_count,miss_rate,private,shared,private_rate
0,33031749,11337782,21693967,1832392,744111,2383283,193220,0.07499312,2048747,385173,0.8417479
1,31945049,11290799,20654250,1821846,585998,2223338,184506,0.07662706,1888121,384726,0.8307295
2,34406635,11337671,23068964,1838008,766181,2397344,206845,0.0794278,2095655,355342,0.8550214
3,31641551,11301515,20340036,1832174,579291,2230136,181329,0.07519454,1891696,387407,0.8300178
