pid,execution_cycles,compute_cycles,idle_cycles,loads,stores,hit_count,miss_count,miss_rate,private,shared,private_rate
0,26561266,11337782,15223484,1832392,744111,2447188,129315,0.05019012,2031878,454872,0.8170817
1,25335110,11290799,14044311,1821846,585998,2288371,119473,0.04961825,1909993,418058,0.8204258
2,26383634,11337671,15045963,1838008,766181,2477023,127166,0.04883133,2085680,430948,0.8287598
3,25495449,11301515,14193934,1832174,579291,2289298,122167,0.05066091,1864656,463287,0.8009887
