pid,execution_cycles,compute_cycles,idle_cycles,loads,stores,hit_count,miss_count,miss_rate,private,shared,private_rate
0,25639052,11337782,14301270,1832392,744111,2454194,122309,0.04747093,1996316,517815,0.7940382
1,24672713,11290799,13381914,1821846,585998,2293378,114466,0.04753879,1921996,430022,0.8171689
2,25367895,11337671,14030224,1838008,766181,2483156,121033,0.04647627,2050324,493901,0.8058737
3,24803129,11301515,13501614,1832174,579291,2294282,117183,0.04859411,1887328,465963,0.8019952
