pid,execution_cycles,compute_cycles,idle_cycles,loads,stores,hit_count,miss_count,miss_rate,private,shared,private_rate
0,15146521,11337782,3808739,1832392,744111,2573734,2769,0.001074713,1906553,668674,0.7403437
1,14680841,11290799,3390042,1821846,585998,2405360,2484,0.001031628,1841594,565193,0.765167
2,15369089,11337671,4031418,1838008,766181,2601325,2864,0.001099767,1839870,762662,0.7069538
3,14928802,11301515,3627287,1832174,579291,2408924,2541,0.001053716,1686354,723751,0.6997015
