pid,execution_cycles,compute_cycles,idle_cycles,loads,stores,hit_count,miss_count,miss_rate,private,shared,private_rate
0,15820798,11337782,4483016,1832392,744111,2565452,11051,0.004289147,2065708,506562,0.8030681
1,15531961,11290799,4241162,1821846,585998,2398502,9342,0.003879819,1921245,483491,0.7989422
2,16061757,11337671,4724086,1838008,766181,2591070,13119,0.005037653,2080743,518450,0.8005342
3,15690206,11301515,4388691,1832174,579291,2401123,10342,0.004288679,1891651,515972,0.7856924
