pid,execution_cycles,compute_cycles,idle_cycles,loads,stores,hit_count,miss_count,miss_rate,private,shared,private_rate
0,17695982,11337782,6358200,1832392,744111,2537192,39311,0.0152575,2045482,509500,0.8005857
1,17239159,11290799,5948360,1821846,585998,2370476,37368,0.01551928,1904482,482850,0.7977449
2,17670196,11337671,6332525,1838008,766181,2564941,39248,0.0150711,2088279,492105,0.80929
3,17274083,11301515,5972568,1832174,579291,2373468,37997,0.01575681,1872552,517322,0.7835359
