pid,execution_cycles,compute_cycles,idle_cycles,loads,stores,hit_count,miss_count,miss_rate,private,shared,private_rate
0,15457098,11337782,4119316,1832392,744111,2561468,15035,0.005835429,2058340,513185,0.8004355
1,15331720,11290799,4040921,1821846,585998,2392257,15587,0.006473426,1911856,491492,0.7954969
2,15520509,11337671,4182838,1838008,766181,2588990,15199,0.005836366,2073347,524042,0.7982428
3,15378493,11301515,4076978,1832174,579291,2395726,15739,0.006526738,1876507,528925,0.7801123
