pid,execution_cycles,compute_cycles,idle_cycles,loads,stores,hit_count,miss_count,miss_rate,private,shared,private_rate
0,19460585,11337782,8122803,1832392,744111,2527134,49369,0.01916124,2094312,453511,0.8220006
1,18575926,11290799,7285127,1821846,585998,2363519,44325,0.01840858,1925347,457373,0.8080458
2,19896264,11337671,8558593,1838008,766181,2550831,53358,0.0204893,2129214,444614,0.8272557
3,18505190,11301515,7203675,1832174,579291,2368035,43430,0.0180098,1924151,462569,0.8061905
