pid,execution_cycles,compute_cycles,idle_cycles,loads,stores,hit_count,miss_count,miss_rate,private,shared,private_rate
0,144837825,11337782,133500043,1832392,744111,1254043,1322460,0.5132771,2100415,71106,0.9672552
1,129978499,11290799,118687700,1821846,585998,1233300,1174544,0.487799,2015016,68397,0.9671707
2,146693435,11337671,135355764,1838008,766181,1263264,1340925,0.5149108,2137566,49615,0.9773155
3,129405568,11301515,118104053,1832174,579291,1242853,1168612,0.4846067,2015036,75671,0.963806
