pid,execution_cycles,compute_cycles,idle_cycles,loads,stores,hit_count,miss_count,miss_rate,private,shared,private_rate
0,15038134,11337782,3700352,1832392,744111,2574017,2486,0.0009648737,1875928,699618,0.7283613
1,14630462,11290799,3339663,1821846,585998,2405533,2311,0.0009597798,1806732,600275,0.7506135
2,15365712,11337671,4028041,1838008,766181,2601630,2559,0.0009826476,1792898,809834,0.6888523
3,14879376,11301515,3577861,1832174,579291,2409106,2359,0.0009782435,1624102,786104,0.6738436
