pid,execution_cycles,compute_cycles,idle_cycles,loads,stores,hit_count,miss_count,miss_rate,private,shared,private_rate
0,16184553,11337782,4846771,1832392,744111,2553571,22932,0.008900436,2063404,502863,0.8040488
1,16083751,11290799,4792952,1821846,585998,2383752,24092,0.01000563,1906056,491762,0.7949127
2,16285289,11337671,4947618,1838008,766181,2580518,23671,0.009089586,2075053,515928,0.8008754
3,16111849,11301515,4810334,1832174,579291,2387234,24231,0.01004825,1871365,528550,0.779763
