pid,execution_cycles,compute_cycles,idle_cycles,loads,stores,hit_count,miss_count,miss_rate,private,shared,private_rate
0,33286957,11337782,21949175,1832392,744111,2379419,197084,0.07649283,2021833,424556,0.8264561
1,31073309,11290799,19782510,1821846,585998,2231374,176470,0.07328963,1897011,394683,0.8277767
2,33216602,11337671,21878931,1838008,766181,2407755,196434,0.07543001,2059328,414180,0.8325536
3,31478076,11301515,20176561,1832174,579291,2230529,180936,0.07503157,1857530,433581,0.8107551
