pid,execution_cycles,compute_cycles,idle_cycles,loads,stores,hit_count,miss_count,miss_rate,private,shared,private_rate
0,18211545,11337782,6873763,1832392,744111,2556887,19616,0.00761342,2037180,535125,0.7919667
1,17083288,11290799,5792489,1821846,585998,2395813,12031,0.004996586,1906244,498197,0.7928013
2,17581232,11337671,6243561,1838008,766181,2590117,14072,0.005403602,2088451,512541,0.802944
3,16784125,11301515,5482610,1832174,579291,2400006,11459,0.004751883,1916766,490845,0.7961278
