pid,execution_cycles,compute_cycles,idle_cycles,loads,stores,hit_count,miss_count,miss_rate,private,shared,private_rate
0,20594706,11337782,9256924,1832392,744111,2509024,67479,0.02619015,2094330,438749,0.8267922
1,20033257,11290799,8742458,1821846,585998,2343858,63986,0.02657398,1931365,436334,0.8157139
2,21106094,11337671,9768423,1838008,766181,2531823,72366,0.02778831,2134280,423483,0.8344323
3,19934140,11301515,8632625,1832174,579291,2348625,62840,0.02605885,1929653,442575,0.8134349
