pid,execution_cycles,compute_cycles,idle_cycles,loads,stores,hit_count,miss_count,miss_rate,private,shared,private_rate
0,21031917,11337782,9694135,1832392,744111,2509332,67171,0.02607061,1861712,681402,0.73206
1,20276048,11290799,8985249,1821846,585998,2344977,62867,0.02610925,1817076,560838,0.7641471
2,20963414,11337671,9625743,1838008,766181,2537394,66795,0.02564906,1969305,601714,0.7659628
3,20283367,11301515,8981852,1832174,579291,2347384,64081,0.02657347,1775693,604612,0.7459939
