pid,execution_cycles,compute_cycles,idle_cycles,loads,stores,hit_count,miss_count,miss_rate,private,shared,private_rate
0,16651902,11337782,5314120,1832392,744111,2555932,20571,0.007984078,1819378,751216,0.7077656
1,16158956,11290799,4868157,1821846,585998,2388352,19492,0.008095209,1750303,651720,0.7286787
2,16665941,11337671,5328270,1838008,766181,2583263,20926,0.008035515,1898425,697874,0.7312043
3,16154081,11301515,4852566,1832174,579291,2391780,19685,0.008163088,1691181,713816,0.7031946
