pid,execution_cycles,compute_cycles,idle_cycles,loads,stores,hit_count,miss_count,miss_rate,private,shared,private_rate
0,15484487,11337782,4146705,1832392,744111,2568523,7980,0.003097221,1937029,635724,0.7529013
1,15071096,11290799,3780297,1821846,585998,2400294,7550,0.003135585,1848123,556273,0.7686434
2,15652747,11337671,4315076,1838008,766181,2596009,8180,0.003141093,1890421,708897,0.7272758
3,15170155,11301515,3868640,1832174,579291,2403820,7645,0.003170272,1750682,656429,0.7272959
