pid,execution_cycles,compute_cycles,idle_cycles,loads,stores,hit_count,miss_count,miss_rate,private,shared,private_rate
0,60842694,11337782,49504912,1832392,744111,2102456,474047,0.1839885,2150944,277138,0.8858614
1,49817838,11290799,38527039,1821846,585998,2042959,364885,0.1515401,2031648,265656,0.8843618
2,61707513,11337671,50369842,1838008,766181,2121674,482515,0.1852842,2185996,265628,0.8916522
3,49696983,11301515,38395468,1832174,579291,2047960,363505,0.1507403,2022033,279747,0.8784649
