pid,execution_cycles,compute_cycles,idle_cycles,loads,stores,hit_count,miss_count,miss_rate,private,shared,private_rate
0,59994092,11337782,48656310,1832392,744111,2181462,395041,0.1533245,2156803,305483,0.8759352
1,45346633,11290799,34055834,1821846,585998,2133514,274330,0.1139318,2036354,295489,0.8732809
2,60620715,11337671,49283044,1838008,766181,2203757,400432,0.1537646,2195223,292972,0.8822552
3,44628204,11301515,33326689,1832174,579291,2143183,268282,0.1112527,2025913,311388,0.8667745
