pid,execution_cycles,compute_cycles,idle_cycles,loads,stores,hit_count,miss_count,miss_rate,private,shared,private_rate
0,23134452,11337782,11796670,1832392,744111,2483370,93133,0.03614706,2112901,423428,0.8330548
1,20330851,11290799,9040052,1821846,585998,2340852,66992,0.0278224,1948532,427867,0.8199515
2,23651879,11337671,12314208,1838008,766181,2506108,98081,0.03766278,2161618,400045,0.8438339
3,20329447,11301515,9027932,1832174,579291,2344632,66833,0.02771469,1940783,439461,0.8153714
