pid,execution_cycles,compute_cycles,idle_cycles,loads,stores,hit_count,miss_count,miss_rate,private,shared,private_rate
0,22054371,11337782,10716589,1832392,744111,2494213,82290,0.03193864,2107581,429736,0.8306337
1,20780968,11290799,9490169,1821846,585998,2336029,71815,0.02982544,1944738,429598,0.819066
2,22735643,11337671,11397972,1838008,766181,2515272,88917,0.03414384,2138320,424331,0.8344172
3,20829604,11301515,9528089,1832174,579291,2339269,72196,0.02993865,1937193,440744,0.8146528
