pid,execution_cycles,compute_cycles,idle_cycles,loads,stores,hit_count,miss_count,miss_rate,private,shared,private_rate
0,76023519,11337782,64685737,1832392,744111,1949137,627366,0.2434952,2130572,225066,0.9044565
1,62621671,11290799,51330872,1821846,585998,1913672,494172,0.2052342,2029661,212548,0.905206
2,77039411,11337671,65701740,1838008,766181,1966840,637349,0.2447399,2167271,209493,0.9118579
3,62298715,11301515,50997200,1832174,579291,1920700,490765,0.2035132,2019936,227952,0.8985928
