pid,execution_cycles,compute_cycles,idle_cycles,loads,stores,hit_count,miss_count,miss_rate,private,shared,private_rate
0,19176729,11337782,7838947,1832392,744111,2523347,53156,0.02063106,2044272,509385,0.8005272
1,17881492,11290799,6590693,1821846,585998,2365593,42251,0.01754723,1918043,470715,0.8029457
2,18652082,11337671,7314411,1838008,766181,2556611,47578,0.0182698,2104253,476532,0.8153539
3,17901274,11301515,6599759,1832174,579291,2369159,42306,0.01754369,1883911,506461,0.7881246
