pid,execution_cycles,compute_cycles,idle_cycles,loads,stores,hit_count,miss_count,miss_rate,private,shared,private_rate
0,15862156,11337782,4524374,1832392,744111,2564396,12107,0.004699005,1828501,744700,0.7105939
1,15418773,11290799,4127974,1821846,585998,2396422,11422,0.004743663,1764960,639858,0.7339266
2,15977584,11337671,4639913,1838008,766181,2591821,12368,0.004749271,1865941,733446,0.7178389
3,15477881,11301515,4176366,1832174,579291,2399877,11588,0.004805378,1670271,736955,0.6938572
