pid,execution_cycles,compute_cycles,idle_cycles,loads,stores,hit_count,miss_count,miss_rate,private,shared,private_rate
0,14705691,11337782,3367909,1832392,744111,2568509,7994,0.003102655,2039701,535693,0.7919957
1,14542618,11290799,3251819,1821846,585998,2399319,8525,0.003540512,1887489,519398,0.7842034
2,14692577,11337671,3354906,1838008,766181,2596606,7583,0.002911847,2047825,554797,0.7868315
3,14563291,11301515,3261776,1832174,579291,2402876,8589,0.003561735,1874361,535785,0.777696
