pid,execution_cycles,compute_cycles,idle_cycles,loads,stores,hit_count,miss_count,miss_rate,private,shared,private_rate
0,17610450,11337782,6272668,1832392,744111,2539168,37335,0.01449057,1983190,578211,0.7742599
1,17229379,11290799,5938580,1821846,585998,2372180,35664,0.01481159,1910348,483072,0.7981666
2,17680694,11337671,6343023,1838008,766181,2566423,37766,0.01450202,1997056,587669,0.7726377
3,17315689,11301515,6014174,1832174,579291,2375074,36391,0.01509083,1866816,527463,0.7796986
