pid,execution_cycles,compute_cycles,idle_cycles,loads,stores,hit_count,miss_count,miss_rate,private,shared,private_rate
0,16210140,11337782,4872358,1832392,744111,2552878,23625,0.009169405,2058160,507130,0.8023108
1,16029499,11290799,4738700,1821846,585998,2382932,24912,0.01034619,1900715,495978,0.7930574
2,16267685,11337671,4930014,1838008,766181,2579870,24319,0.009338416,2074760,515261,0.8010591
3,16042819,11301515,4741304,1832174,579291,2386444,25021,0.01037585,1872317,526878,0.7803938
