pid,execution_cycles,compute_cycles,idle_cycles,loads,stores,hit_count,miss_count,miss_rate,private,shared,private_rate
0,26256615,11337782,14918833,1832392,744111,2451833,124670,0.04838729,2007909,495189,0.8021696
1,25195612,11290799,13904813,1821846,585998,2291713,116131,0.04823028,1925871,415951,0.8223815
2,26102723,11337671,14765052,1838008,766181,2481352,122837,0.047169,2057156,471261,0.8136142
3,25475764,11301515,14174249,1832174,579291,2292649,118816,0.04927129,1876802,461569,0.8026109
