pid,execution_cycles,compute_cycles,idle_cycles,loads,stores,hit_count,miss_count,miss_rate,private,shared,private_rate
0,18147129,11337782,6809347,1832392,744111,2542315,34188,0.01326915,2097581,467882,0.8176228
1,17727019,11290799,6436220,1821846,585998,2382628,25216,0.01047244,1936226,463964,0.806697
2,19213874,11337671,7876203,1838008,766181,2560559,43630,0.01675378,2112452,476871,0.8158318
3,17208901,11301515,5907386,1832174,579291,2386214,25251,0.01047123,1936805,466079,0.8060335
