pid,execution_cycles,compute_cycles,idle_cycles,loads,stores,hit_count,miss_count,miss_rate,private,shared,private_rate
0,24212509,11337782,12874727,1832392,744111,2472603,103900,0.04032598,2132328,409294,0.8389635
1,19708809,11290799,8418010,1821846,585998,2347314,60530,0.02513867,1974686,409867,0.8281158
2,24538554,11337671,13200883,1838008,766181,2497275,106914,0.04105462,2178852,389223,0.8484378
3,19678132,11301515,8376617,1832174,579291,2351401,60064,0.02490768,1955444,432823,0.8187711
