pid,execution_cycles,compute_cycles,idle_cycles,loads,stores,hit_count,miss_count,miss_rate,private,shared,private_rate
0,16401561,11337782,5063779,1832392,744111,2551223,25280,0.009811749,2076257,484558,0.8107798
1,16086154,11290799,4795355,1821846,585998,2382835,25009,0.01038647,1912801,482797,0.7984649
2,16544462,11337671,5206791,1838008,766181,2577679,26510,0.01017975,2106743,481425,0.8139901
3,16127752,11301515,4826237,1832174,579291,2386057,25408,0.01053633,1871177,526324,0.7804697
