pid,execution_cycles,compute_cycles,idle_cycles,loads,stores,hit_count,miss_count,miss_rate,private,shared,private_rate
0,14695593,11337782,3357811,1832392,744111,2568611,7892,0.003063066,2038334,537232,0.7914121
1,14516977,11290799,3226178,1821846,585998,2399578,8266,0.003432947,1890443,516578,0.785387
2,14688716,11337671,3351045,1838008,766181,2596645,7544,0.002896871,2047073,555746,0.786483
3,14537056,11301515,3235541,1832174,579291,2403141,8324,0.003451844,1873602,536661,0.7773434
