pid,execution_cycles,compute_cycles,idle_cycles,loads,stores,hit_count,miss_count,miss_rate,private,shared,private_rate
0,147080868,11337782,135743086,1832392,744111,1231386,1345117,0.5220708,2100667,60749,0.9718939
1,129524089,11290799,118233290,1821846,585998,1237890,1169954,0.4858928,2031707,49847,0.976053
2,147198830,11337671,135861159,1838008,766181,1258159,1346030,0.5168711,2121639,63314,0.9710227
3,130406260,11301515,119104745,1832174,579291,1232745,1178720,0.4887983,2017613,63260,0.9695993
