pid,execution_cycles,compute_cycles,idle_cycles,loads,stores,hit_count,miss_count,miss_rate,private,shared,private_rate
0,16147329,11337782,4809547,1832392,744111,2553947,22556,0.008754502,2096519,472220,0.8161666
1,15612016,11290799,4321217,1821846,585998,2388517,19327,0.008026683,1936381,465889,0.806063
2,16464281,11337671,5126610,1838008,766181,2578710,25479,0.009783852,2115263,480188,0.8149886
3,15539728,11301515,4238213,1832174,579291,2393013,18452,0.00765178,1933143,472826,0.8034779
