pid,execution_cycles,compute_cycles,idle_cycles,loads,stores,hit_count,miss_count,miss_rate,private,shared,private_rate
0,27595612,11337782,16257830,1832392,744111,2437950,138553,0.0537756,2041874,433154,0.8249903
1,26145832,11290799,14855033,1821846,585998,2281061,126783,0.05265416,1910288,409536,0.8234625
2,27883603,11337671,16545932,1838008,766181,2462960,141229,0.05423147,2083219,417876,0.8329228
3,26303546,11301515,15002031,1832174,579291,2283099,128366,0.05323154,1874133,446252,0.8076819
