pid,execution_cycles,compute_cycles,idle_cycles,loads,stores,hit_count,miss_count,miss_rate,private,shared,private_rate
0,32566479,11337782,21228697,1832392,744111,2388097,188406,0.0731247,2135307,393235,0.8444815
1,23769715,11290799,12478916,1821846,585998,2306116,101728,0.04224858,1989226,389866,0.8361282
2,32954315,11337671,21616644,1838008,766181,2412144,192045,0.07374465,2176298,379596,0.8514821
3,23614069,11301515,12312554,1832174,579291,2311454,100011,0.04147313,1975938,406917,0.8292313
