pid,execution_cycles,compute_cycles,idle_cycles,loads,stores,hit_count,miss_count,miss_rate,private,shared,private_rate
0,24792504,11337782,13454722,1832392,744111,2466622,109881,0.04264734,2070119,430333,0.8278979
1,23973061,11290799,12682262,1821846,585998,2304062,103782,0.04310163,1916678,420746,0.8199959
2,25566143,11337671,14228472,1838008,766181,2486772,117417,0.04508774,2129426,393467,0.8440413
3,23814445,11301515,12512930,1832174,579291,2309430,102035,0.04231245,1919645,422327,0.8196703
