pid,execution_cycles,compute_cycles,idle_cycles,loads,stores,hit_count,miss_count,miss_rate,private,shared,private_rate
0,15396649,11337782,4058867,1832392,744111,2562207,14296,0.005548606,2023849,549640,0.7864222
1,15269482,11290799,3978683,1821846,585998,2392979,14865,0.006173573,1909125,495909,0.7938037
2,15457448,11337671,4119777,1838008,766181,2589765,14424,0.005538768,2046638,552870,0.7873174
3,15315844,11301515,4014329,1832174,579291,2396481,14984,0.00621365,1865735,541615,0.7750161
