pid,execution_cycles,compute_cycles,idle_cycles,loads,stores,hit_count,miss_count,miss_rate,private,shared,private_rate
0,20642388,11337782,9304606,1832392,744111,2506898,69605,0.0270153,2041685,494698,0.8049593
1,19978534,11290799,8687735,1821846,585998,2342651,65193,0.02707526,1906009,465712,0.8036396
2,20542895,11337671,9205224,1838008,766181,2534896,69293,0.02660828,2096269,468208,0.8174255
3,20047513,11301515,8745998,1832174,579291,2344718,66747,0.02767902,1878540,495029,0.7914411
