pid,execution_cycles,compute_cycles,idle_cycles,loads,stores,hit_count,miss_count,miss_rate,private,shared,private_rate
0,15455841,11337782,4118059,1832392,744111,2561479,15024,0.00583116,2058741,512788,0.8005902
1,15339023,11290799,4048224,1821846,585998,2392192,15652,0.006500421,1911636,491708,0.7954067
2,15523955,11337671,4186284,1838008,766181,2588960,15229,0.005847886,2073349,524036,0.7982448
3,15383730,11301515,4082215,1832174,579291,2395683,15782,0.006544569,1877069,528368,0.7803443
