pid,execution_cycles,compute_cycles,idle_cycles,loads,stores,hit_count,miss_count,miss_rate,private,shared,private_rate
0,20957089,11337782,9619307,1832392,744111,2559197,17306,0.006716856,1895219,677315,0.7367129
1,17460643,11290799,6169844,1821846,585998,2398005,9839,0.004086228,1751816,652502,0.7286124
2,17249692,11337671,5912021,1838008,766181,2592305,11884,0.004563417,1892646,708053,0.7277451
3,16563365,11301515,5261850,1832174,579291,2401911,9554,0.003961907,1814237,593349,0.7535502
