pid,execution_cycles,compute_cycles,idle_cycles,loads,stores,hit_count,miss_count,miss_rate,private,shared,private_rate
0,33017374,11337782,21679592,1832392,744111,2383444,193059,0.07493063,2047787,386279,0.841303
1,31974621,11290799,20683822,1821846,585998,2223030,184814,0.07675497,1887205,385557,0.8303575
2,34370833,11337671,23033162,1838008,766181,2397714,206475,0.07928572,2094498,356746,0.8544633
3,31666640,11301515,20365125,1832174,579291,2229877,181588,0.07530194,1892622,386558,0.830396
