pid,execution_cycles,compute_cycles,idle_cycles,loads,stores,hit_count,miss_count,miss_rate,private,shared,private_rate
0,132890101,11337782,121552319,1832392,744111,1390761,1185742,0.4602137,2348400,6476,0.99725
1,127927712,11290799,116636913,1821846,585998,1267821,1140023,0.4734622,2206434,6258,0.9971718
2,133437566,11337671,122099895,1838008,766181,1413461,1190728,0.4572356,2374128,5934,0.9975068
3,128647271,11301515,117345756,1832174,579291,1264277,1147188,0.4757224,2206960,6901,0.9968828
