pid,execution_cycles,compute_cycles,idle_cycles,loads,stores,hit_count,miss_count,miss_rate,private,shared,private_rate
0,15446876,11337782,4109094,1832392,744111,2569770,6733,0.002613232,2060321,514166,0.8002841
1,15319553,11290799,4028754,1821846,585998,2401226,6618,0.002748517,1915150,490958,0.7959535
2,15599308,11337671,4261637,1838008,766181,2597281,6908,0.002652649,2062199,539317,0.7926913
3,15470012,11301515,4168497,1832174,579291,2404733,6732,0.002791664,1873590,535578,0.7776917
