pid,execution_cycles,compute_cycles,idle_cycles,loads,stores,hit_count,miss_count,miss_rate,private,shared,private_rate
0,22393114,11337782,11055332,1832392,744111,2490736,85767,0.03328814,2094701,432380,0.8289014
1,21369475,11290799,10078676,1821846,585998,2330060,77784,0.03230442,1928683,434967,0.8159766
2,22954525,11337671,11616854,1838008,766181,2512994,91195,0.03501858,2133434,418030,0.8361607
3,21351563,11301515,10050048,1832174,579291,2333936,77529,0.03215017,1932558,435105,0.8162302
