pid,execution_cycles,compute_cycles,idle_cycles,loads,stores,hit_count,miss_count,miss_rate,private,shared,private_rate
0,33519778,11337782,22181996,1832392,744111,2383433,193070,0.0749349,2046102,387800,0.8406674
1,32268682,11290799,20977883,1821846,585998,2223395,184449,0.07660338,1878839,393912,0.8266805
2,34919507,11337671,23581836,1838008,766181,2397344,206845,0.0794278,2095294,355619,0.8549035
3,31967202,11301515,20665687,1832174,579291,2230272,181193,0.07513814,1884099,394982,0.8266924
