pid,execution_cycles,compute_cycles,idle_cycles,loads,stores,hit_count,miss_count,miss_rate,private,shared,private_rate
0,26774781,11337782,15436999,1832392,744111,2446599,129904,0.05041873,2020897,478215,0.808646
1,25670020,11290799,14379221,1821846,585998,2286921,120923,0.05022045,1923706,415079,0.8225237
2,26553866,11337671,15216195,1838008,766181,2476795,127394,0.04891888,2066760,459502,0.8181099
3,25823947,11301515,14522432,1832174,579291,2289132,122333,0.05072974,1875992,459503,0.8032524
