pid,execution_cycles,compute_cycles,idle_cycles,loads,stores,hit_count,miss_count,miss_rate,private,shared,private_rate
0,20613942,11337782,9276160,1832392,744111,2506980,69523,0.02698347,2033115,503267,0.8015808
1,19953961,11290799,8663162,1821846,585998,2342626,65218,0.02708564,1906130,465566,0.8036991
2,20492486,11337671,9154815,1838008,766181,2535003,69186,0.0265672,2085219,479391,0.8130745
3,20026624,11301515,8725109,1832174,579291,2344705,66760,0.02768442,1878221,495197,0.791357
