pid,execution_cycles,compute_cycles,idle_cycles,loads,stores,hit_count,miss_count,miss_rate,private,shared,private_rate
0,15249300,11337782,3911518,1832392,744111,2563018,13485,0.005233838,2054336,516824,0.7989919
1,14958616,11290799,3667817,1821846,585998,2395117,12727,0.005285641,1918849,484575,0.7983814
2,15364787,11337671,4027116,1838008,766181,2589816,14373,0.005519185,2073953,523871,0.7983424
3,15057004,11301515,3755489,1832174,579291,2397889,13576,0.005629773,1887033,518935,0.7843134
