pid,execution_cycles,compute_cycles,idle_cycles,loads,stores,hit_count,miss_count,miss_rate,private,shared,private_rate
0,18730072,11337782,7392290,1832392,744111,2534744,41759,0.01620763,2059837,488874,0.8081877
1,17935078,11290799,6644279,1821846,585998,2369790,38054,0.01580418,1894445,490920,0.794195
2,18850540,11337671,7512869,1838008,766181,2561485,42704,0.0163982,2093079,482421,0.8126884
3,17930747,11301515,6629232,1832174,579291,2372996,38469,0.01595254,1814236,572701,0.7600687
