pid,execution_cycles,compute_cycles,idle_cycles,loads,stores,hit_count,miss_count,miss_rate,private,shared,private_rate
0,22761054,11337782,11423272,1832392,744111,2492778,83725,0.0324956,2058969,459058,0.8176914
1,21695811,11290799,10405012,1821846,585998,2330417,77427,0.03215615,1899224,458473,0.805542
2,23170317,11337671,11832646,1838008,766181,2516826,87363,0.0335471,2107496,435777,0.828655
3,21684055,11301515,10382540,1832174,579291,2334059,77406,0.03209916,1861806,497993,0.788968
