pid,execution_cycles,compute_cycles,idle_cycles,loads,stores,hit_count,miss_count,miss_rate,private,shared,private_rate
0,26554261,11337782,15216479,1832392,744111,2452767,123736,0.04802478,1940595,559809,0.7761126
1,25378641,11290799,14087842,1821846,585998,2292581,115263,0.0478698,1850309,488815,0.7910265
2,26296114,11337671,14958443,1838008,766181,2482215,121974,0.04683761,2036749,493610,0.8049249
3,25484785,11301515,14183270,1832174,579291,2293524,117941,0.04890844,1806385,533755,0.7719132
