pid,execution_cycles,compute_cycles,idle_cycles,loads,stores,hit_count,miss_count,miss_rate,private,shared,private_rate
0,35705331,11337782,24367549,1832392,744111,2357286,219217,0.08508315,2102385,369646,0.8504687
1,31835107,11290799,20544308,1821846,585998,2225718,182126,0.07563862,1957863,363491,0.8434142
2,36794309,11337671,25456638,1838008,766181,2374421,229768,0.08823016,2156871,336623,0.8649995
3,31646258,11301515,20344743,1832174,579291,2231833,179632,0.07449082,1972255,354558,0.8476208
