pid,execution_cycles,compute_cycles,idle_cycles,loads,stores,hit_count,miss_count,miss_rate,private,shared,private_rate
0,32110014,11337782,20772232,1832392,744111,2398424,178079,0.06911655,2028403,415908,0.8298465
1,31045681,11290799,19754882,1821846,585998,2236353,171491,0.07122181,1863271,418771,0.8164929
2,33506694,11337671,22169023,1838008,766181,2412388,191801,0.07365095,2075750,385012,0.8435395
3,30587284,11301515,19285769,1832174,579291,2244591,166874,0.06920026,1865086,424078,0.8147455
