pid,execution_cycles,compute_cycles,idle_cycles,loads,stores,hit_count,miss_count,miss_rate,private,shared,private_rate
0,26105733,11337782,14767951,1832392,744111,2453279,123224,0.04782607,2084842,408536,0.8361516
1,24805873,11290799,13515074,1821846,585998,2295458,112386,0.04667495,1928100,404234,0.8266826
2,26927009,11337671,15589338,1838008,766181,2472958,131231,0.05039227,2138418,377141,0.8500767
3,24570115,11301515,13268600,1832174,579291,2301584,109881,0.04556608,1934071,403024,0.8275534
