pid,execution_cycles,compute_cycles,idle_cycles,loads,stores,hit_count,miss_count,miss_rate,private,shared,private_rate
0,26293277,11337782,14955495,1832392,744111,2449763,126740,0.04919071,2032133,458060,0.8160544
1,25203683,11290799,13912884,1821846,585998,2289916,117928,0.04897659,1906478,422577,0.8185629
2,26098910,11337671,14761239,1838008,766181,2479623,124566,0.04783293,2084932,433471,0.8278786
3,25355681,11301515,14054166,1832174,579291,2290694,120771,0.050082,1865085,464079,0.800753
