pid,execution_cycles,compute_cycles,idle_cycles,loads,stores,hit_count,miss_count,miss_rate,private,shared,private_rate
0,15754725,11337782,4416943,1832392,744111,2566427,10076,0.003910727,2050044,520711,0.7974482
1,15359508,11290799,4068709,1821846,585998,2398361,9483,0.003938378,1885489,517926,0.7845041
2,15999865,11337671,4662194,1838008,766181,2592730,11459,0.004400218,2071106,526711,0.7972486
3,15405104,11301515,4103589,1832174,579291,2402164,9301,0.003856991,1797577,608847,0.746991
