pid,execution_cycles,compute_cycles,idle_cycles,loads,stores,hit_count,miss_count,miss_rate,private,shared,private_rate
0,25690632,11337782,14352850,1832392,744111,2457550,118953,0.04616839,1998201,547192,0.7850265
1,24675466,11290799,13384667,1821846,585998,2296967,110877,0.04604825,1962694,419614,0.8238624
2,25558817,11337671,14221146,1838008,766181,2486846,117343,0.04505933,2040667,528247,0.7943695
3,24949678,11301515,13648163,1832174,579291,2297963,113502,0.04706765,1916719,463852,0.8051509
