pid,execution_cycles,compute_cycles,idle_cycles,loads,stores,hit_count,miss_count,miss_rate,private,shared,private_rate
0,20842782,11337782,9505000,1832392,744111,2505276,71227,0.02764483,2040787,490607,0.806191
1,20120977,11290799,8830178,1821846,585998,2341566,66278,0.02752587,1906302,460317,0.8054959
2,20754029,11337671,9416358,1838008,766181,2533818,70371,0.02702223,2088669,469185,0.8165708
3,20197183,11301515,8895668,1832174,579291,2343700,67765,0.02810118,1872758,495011,0.7909378
