pid,execution_cycles,compute_cycles,idle_cycles,loads,stores,hit_count,miss_count,miss_rate,private,shared,private_rate
0,14913492,11337782,3575710,1832392,744111,2566410,10093,0.003917325,2046040,527710,0.7949645
1,14614393,11290799,3323594,1821846,585998,2398594,9250,0.003841611,1911909,493672,0.7947806
2,14904635,11337671,3566964,1838008,766181,2594464,9725,0.003734368,2060816,540100,0.7923424
3,14702980,11301515,3401465,1832174,579291,2401465,10000,0.004146857,1880575,527869,0.7808257
