pid,execution_cycles,compute_cycles,idle_cycles,loads,stores,hit_count,miss_count,miss_rate,private,shared,private_rate
0,16695921,11337782,5358139,1832392,744111,2570087,6416,0.002490197,2038634,536013,0.7918111
1,16132426,11290799,4841627,1821846,585998,2402207,5637,0.002341099,1916526,489790,0.7964565
2,16606214,11337671,5268543,1838008,766181,2597483,6706,0.002575082,2074516,527648,0.7972272
3,15824716,11301515,4523201,1832174,579291,2406085,5380,0.002231009,1921084,488766,0.7971799
