pid,execution_cycles,compute_cycles,idle_cycles,loads,stores,hit_count,miss_count,miss_rate,private,shared,private_rate
0,26754854,11337782,15417072,1832392,744111,2450991,125512,0.04871409,1994815,498231,0.8001517
1,25572550,11290799,14281751,1821846,585998,2291010,116834,0.04852225,1860191,471562,0.797765
2,26523893,11337671,15186222,1838008,766181,2480836,123353,0.04736715,2063552,459562,0.8178592
3,25658913,11301515,14357398,1832174,579291,2291951,119514,0.04956074,1813878,518907,0.777559
