pid,execution_cycles,compute_cycles,idle_cycles,loads,stores,hit_count,miss_count,miss_rate,private,shared,private_rate
0,39226011,11337782,27888229,1832392,744111,2320829,255674,0.09923295,2163650,357970,0.8580397
1,30459838,11290799,19169039,1821846,585998,2238539,169305,0.07031394,2006911,359466,0.8480944
2,39555239,11337671,28217568,1838008,766181,2345468,258721,0.09934801,2198775,347779,0.8634315
3,30024022,11301515,18722507,1832174,579291,2246707,164758,0.06832278,1991219,379437,0.8399443
