pid,execution_cycles,compute_cycles,idle_cycles,loads,stores,hit_count,miss_count,miss_rate,private,shared,private_rate
0,15503237,11337782,4165455,1832392,744111,2568354,8149,0.003162814,1942812,629822,0.755184
1,15073752,11290799,3782953,1821846,585998,2400264,7580,0.003148044,1849996,554382,0.7694281
2,15665301,11337671,4327630,1838008,766181,2595838,8351,0.003206756,1900937,698308,0.731342
3,15186387,11301515,3884872,1832174,579291,2403719,7746,0.003212155,1760024,647059,0.7311854
