pid,execution_cycles,compute_cycles,idle_cycles,loads,stores,hit_count,miss_count,miss_rate,private,shared,private_rate
0,24681327,11337782,13343545,1832392,744111,2467745,108758,0.04221148,2137038,403636,0.8411303
1,19882678,11290799,8591879,1821846,585998,2345379,62465,0.0259423,1975103,408931,0.828471
2,25254986,11337671,13917315,1838008,766181,2489915,114274,0.04388084,2189095,377264,0.8529964
3,19774948,11301515,8473433,1832174,579291,2350233,61232,0.02539203,1958912,428906,0.8203774
