pid,execution_cycles,compute_cycles,idle_cycles,loads,stores,hit_count,miss_count,miss_rate,private,shared,private_rate
0,17913845,11337782,6576063,1832392,744111,2535795,40708,0.01579971,2067382,482751,0.8106958
1,17325062,11290799,6034263,1821846,585998,2369927,37917,0.01574728,1914935,471270,0.8025023
2,17974290,11337671,6636619,1838008,766181,2562991,41198,0.0158199,2095265,481653,0.8130895
3,17383499,11301515,6081984,1832174,579291,2372812,38653,0.01602885,1871958,515740,0.7840012
