pid,execution_cycles,compute_cycles,idle_cycles,loads,stores,hit_count,miss_count,miss_rate,private,shared,private_rate
0,15141871,11337782,3804089,1832392,744111,2573753,2750,0.001067338,1902284,672968,0.7386788
1,14686650,11290799,3395851,1821846,585998,2405376,2468,0.001024983,1836320,570511,0.7629618
2,15387967,11337671,4050296,1838008,766181,2601321,2868,0.001101303,1833338,769184,0.7044467
3,14919629,11301515,3618114,1832174,579291,2408942,2523,0.001046252,1677464,732646,0.6960114
