pid,execution_cycles,compute_cycles,idle_cycles,loads,stores,hit_count,miss_count,miss_rate,private,shared,private_rate
0,22199537,11337782,10861755,1832392,744111,2500987,75516,0.02930949,2079125,475602,0.8138345
1,20175488,11290799,8884689,1821846,585998,2352301,55543,0.02306752,1937722,455902,0.8095348
2,23541112,11337671,12203441,1838008,766181,2515625,88564,0.03400828,2105260,477054,0.815261
3,20884964,11301515,9583449,1832174,579291,2349637,61828,0.02563919,1922748,472878,0.8026078
