pid,execution_cycles,compute_cycles,idle_cycles,loads,stores,hit_count,miss_count,miss_rate,private,shared,private_rate
0,22281666,11337782,10943884,1832392,744111,2491984,84519,0.03280377,2064879,453098,0.8200548
1,21431731,11290799,10140932,1821846,585998,2329732,78112,0.03244064,1913613,444059,0.8116536
2,22569908,11337671,11232237,1838008,766181,2517037,87152,0.03346608,2112166,432096,0.8301684
3,21475669,11301515,10174154,1832174,579291,2333054,78411,0.03251592,1894681,465172,0.8028809
