pid,execution_cycles,compute_cycles,idle_cycles,loads,stores,hit_count,miss_count,miss_rate,private,shared,private_rate
0,15035064,11337782,3697282,1832392,744111,2565182,11321,0.00439394,2044555,528237,0.7946834
1,14917630,11290799,3626831,1821846,585998,2395531,12313,0.005113703,1906670,497775,0.7929772
2,15064421,11337671,3726750,1838008,766181,2592850,11339,0.004354139,2061607,537784,0.7931115
3,14946025,11301515,3644510,1832174,579291,2399010,12455,0.00516491,1881059,526174,0.7814196
