pid,execution_cycles,compute_cycles,idle_cycles,loads,stores,hit_count,miss_count,miss_rate,private,shared,private_rate
0,22155266,11337782,10817484,1832392,744111,2498230,78273,0.03037955,2120407,420818,0.8344035
1,19437040,11290799,8146241,1821846,585998,2354491,53353,0.022158,1954244,426290,0.8209267
2,22535049,11337671,11197378,1838008,766181,2522558,81631,0.03134604,2160080,407097,0.8414223
3,19365012,11301515,8063497,1832174,579291,2359003,52462,0.02175524,1939683,444930,0.8134163
