pid,execution_cycles,compute_cycles,idle_cycles,loads,stores,hit_count,miss_count,miss_rate,private,shared,private_rate
0,14811819,11337782,3474037,1832392,744111,2567437,9066,0.003518723,2050819,523223,0.796731
1,14667754,11290799,3376955,1821846,585998,2398055,9789,0.004065463,1903767,502020,0.7913282
2,14846621,11337671,3508950,1838008,766181,2595050,9139,0.003509346,2059171,541726,0.7917157
3,14694466,11301515,3392951,1832174,579291,2401551,9914,0.004111194,1878578,530268,0.7798664
