pid,execution_cycles,compute_cycles,idle_cycles,loads,stores,hit_count,miss_count,miss_rate,private,shared,private_rate
0,37734789,11337782,26397007,1832392,744111,2331416,245087,0.09512389,2109144,357821,0.854955
1,33181266,11290799,21890467,1821846,585998,2208668,199176,0.08271964,1955342,361674,0.8439053
2,38396003,11337671,27058332,1838008,766181,2354079,250110,0.09604142,2157489,330962,0.8670008
3,32940025,11301515,21638510,1832174,579291,2215764,195701,0.0811544,1967691,355060,0.8471382
