pid,execution_cycles,compute_cycles,idle_cycles,loads,stores,hit_count,miss_count,miss_rate,private,shared,private_rate
0,129394749,11337782,118056967,1832392,744111,1410547,1165956,0.4525343,2354064,5913,0.9974945
1,123302302,11290799,112011503,1821846,585998,1301455,1106389,0.4594936,2211249,6152,0.9972256
2,129871388,11337671,118533717,1838008,766181,1433585,1170604,0.4495081,2379076,6281,0.9973669
3,124153618,11301515,112852103,1832174,579291,1296575,1114890,0.4623289,2213059,5521,0.9975115
