pid,execution_cycles,compute_cycles,idle_cycles,loads,stores,hit_count,miss_count,miss_rate,private,shared,private_rate
0,39509986,11337782,28172204,1832392,744111,2317896,258607,0.1003713,2125316,358347,0.8557183
1,31459136,11290799,20168337,1821846,585998,2228397,179447,0.07452601,1980577,360338,0.8460696
2,40083931,11337671,28746260,1838008,766181,2340048,264141,0.1014293,2167974,339628,0.8645606
3,31105405,11301515,19803890,1832174,579291,2235718,175747,0.07287976,1972078,373592,0.8407312
