pid,execution_cycles,compute_cycles,idle_cycles,loads,stores,hit_count,miss_count,miss_rate,private,shared,private_rate
0,122264301,11337782,110926519,1832392,744111,1471916,1104587,0.4287156,2311308,40484,0.9827859
1,115536331,11290799,104245532,1821846,585998,1367059,1040785,0.4322477,2175486,41274,0.9813809
2,123461049,11337671,112123378,1838008,766181,1488599,1115590,0.4283829,2337363,37960,0.984019
3,115638464,11301515,104336949,1832174,579291,1369544,1041921,0.4320697,2177729,42712,0.9807642
