pid,execution_cycles,compute_cycles,idle_cycles,loads,stores,hit_count,miss_count,miss_rate,private,shared,private_rate
0,23034253,11337782,11696471,1832392,744111,2545335,31168,0.01209702,1951638,615867,0.7601302
1,18987704,11290799,7696905,1821846,585998,2392456,15388,0.006390779,1785021,616795,0.7431964
2,18711553,11337671,7373882,1838008,766181,2584933,19256,0.007394241,1952639,644570,0.7518221
3,17839676,11301515,6538161,1832174,579291,2397785,13680,0.0056729,1846176,560067,0.7672442
