pid,execution_cycles,compute_cycles,idle_cycles,loads,stores,hit_count,miss_count,miss_rate,private,shared,private_rate
0,52093088,11337782,40755306,1832392,744111,2190826,385677,0.1496901,2065307,320474,0.8656733
1,46149496,11290799,34858697,1821846,585998,2080013,327831,0.1361513,1915031,334568,0.8512766
2,53780722,11337671,42443051,1838008,766181,2201727,402462,0.1545441,2122368,279258,0.8837213
3,45803416,11301515,34501901,1832174,579291,2087269,324196,0.1344394,1919055,337619,0.8503909
