pid,execution_cycles,compute_cycles,idle_cycles,loads,stores,hit_count,miss_count,miss_rate,private,shared,private_rate
0,26405115,11337782,15067333,1832392,744111,2450333,126170,0.04896948,2036478,458307,0.816294
1,25335796,11290799,14044997,1821846,585998,2290297,117547,0.04881836,1922606,411857,0.8235753
2,26219543,11337671,14881872,1838008,766181,2480172,124017,0.04762212,2086785,434941,0.8275225
3,25622680,11301515,14321165,1832174,579291,2291165,120300,0.04988669,1869773,460959,0.8022257
