pid,execution_cycles,compute_cycles,idle_cycles,loads,stores,hit_count,miss_count,miss_rate,private,shared,private_rate
0,17693115,11337782,6355333,1832392,744111,2538333,38170,0.01481465,2061616,496267,0.8059853
1,17312836,11290799,6022037,1821846,585998,2371337,36507,0.0151617,1914933,474921,0.8012761
2,17757617,11337671,6419946,1838008,766181,2565646,38543,0.01480039,2079561,501529,0.805691
3,17396275,11301515,6094760,1832174,579291,2374260,37205,0.01542838,1869107,521589,0.7818255
