pid,execution_cycles,compute_cycles,idle_cycles,loads,stores,hit_count,miss_count,miss_rate,private,shared,private_rate
0,15460863,11337782,4123081,1832392,744111,2560881,15622,0.006063257,2059406,512316,0.8007887
1,14902087,11290799,3611288,1821846,585998,2395688,12156,0.0050485,1910274,494641,0.7943208
2,15714851,11337671,4377180,1838008,766181,2586280,17909,0.006876997,2077791,521201,0.7994603
3,15028987,11301515,3727472,1832174,579291,2398172,13293,0.005512417,1895018,512958,0.7869755
