pid,execution_cycles,compute_cycles,idle_cycles,loads,stores,hit_count,miss_count,miss_rate,private,shared,private_rate
0,124204146,11337782,112866364,1832392,744111,1462464,1114039,0.4323841,2257986,62087,0.9732392
1,118140871,11290799,106850072,1821846,585998,1352872,1054972,0.4381397,2122373,58555,0.9731513
2,124610891,11337671,113273220,1838008,766181,1486320,1117869,0.429258,2284507,59757,0.9745093
3,118617043,11301515,107315528,1832174,579291,1351828,1059637,0.4394163,2129622,59919,0.972634
