pid,execution_cycles,compute_cycles,idle_cycles,loads,stores,hit_count,miss_count,miss_rate,private,shared,private_rate
0,52424592,11337782,41086810,1832392,744111,2187510,388993,0.1509771,2066695,316890,0.8670532
1,46223212,11290799,34932413,1821846,585998,2079313,328531,0.136442,1927716,320976,0.857261
2,54323168,11337671,42985497,1838008,766181,2196297,407892,0.1566292,2113945,285347,0.8810703
3,45837094,11301515,34535579,1832174,579291,2086979,324486,0.1345597,1916411,338945,0.8497155
