pid,execution_cycles,compute_cycles,idle_cycles,loads,stores,hit_count,miss_count,miss_rate,private,shared,private_rate
0,15152971,11337782,3815189,1832392,744111,2572224,4279,0.001660778,1837418,737717,0.713523
1,14750905,11290799,3460106,1821846,585998,2403814,4030,0.001673696,1744088,662563,0.724695
2,15415147,11337671,4077476,1838008,766181,2599781,4408,0.001692657,1836571,765613,0.7057806
3,14947692,11301515,3646177,1832174,579291,2407372,4093,0.001697308,1639996,769736,0.6805719
