pid,execution_cycles,compute_cycles,idle_cycles,loads,stores,hit_count,miss_count,miss_rate,private,shared,private_rate
0,17302029,11337782,5964247,1832392,744111,2549339,27164,0.01054297,2065929,493748,0.8071053
1,16720684,11290799,5429885,1821846,585998,2382665,25179,0.01045707,1899048,495233,0.79316
2,17503863,11337671,6166192,1838008,766181,2575443,28746,0.01103837,2100908,485747,0.8122104
3,16724696,11301515,5423181,1832174,579291,2386065,25400,0.01053302,1817716,578614,0.7585416
