pid,execution_cycles,compute_cycles,idle_cycles,loads,stores,hit_count,miss_count,miss_rate,private,shared,private_rate
0,17941011,11337782,6603229,1832392,744111,2535829,40674,0.01578651,2067536,482654,0.810738
1,17412232,11290799,6121433,1821846,585998,2370333,37511,0.01557867,1918844,467378,0.8041347
2,18016007,11337671,6678336,1838008,766181,2563036,41153,0.01580262,2094623,482306,0.8128369
3,17500621,11301515,6199106,1832174,579291,2373206,38259,0.01586546,1868821,518601,0.7827778
