pid,execution_cycles,compute_cycles,idle_cycles,loads,stores,hit_count,miss_count,miss_rate,private,shared,private_rate
0,109280985,11337782,97943203,1832392,744111,1613203,963300,0.3738789,2187804,115142,0.9500023
1,100404427,11290799,89113628,1821846,585998,1532028,875816,0.3637345,2071699,108898,0.9500605
2,109941665,11337671,98603994,1838008,766181,1634494,969695,0.3723597,2227304,96973,0.9582782
3,100100083,11301515,88798568,1832174,579291,1538868,872597,0.3618535,2065191,121016,0.9446457
