pid,execution_cycles,compute_cycles,idle_cycles,loads,stores,hit_count,miss_count,miss_rate,private,shared,private_rate
0,15112977,11337782,3775195,1832392,744111,2564395,12108,0.004699393,2061138,509898,0.8016761
1,14970991,11290799,3680192,1821846,585998,2394992,12852,0.005337555,1913185,490461,0.7959512
2,15185399,11337671,3847728,1838008,766181,2591628,12561,0.004823383,2088266,509936,0.803735
3,15017008,11301515,3715493,1832174,579291,2398293,13172,0.00546224,1886199,520364,0.783773
