pid,execution_cycles,compute_cycles,idle_cycles,loads,stores,hit_count,miss_count,miss_rate,private,shared,private_rate
0,16762311,11337782,5424529,1832392,744111,2554909,21594,0.008381127,1938065,629659,0.7547793
1,16261552,11290799,4970753,1821846,585998,2387368,20476,0.008503873,1788626,610525,0.7455246
2,16795360,11337671,5457689,1838008,766181,2582212,21977,0.008439096,1945421,647458,0.7502938
3,16269607,11301515,4968092,1832174,579291,2390656,20809,0.008629194,1738560,663055,0.7239129
