pid,execution_cycles,compute_cycles,idle_cycles,loads,stores,hit_count,miss_count,miss_rate,private,shared,private_rate
0,27407976,11337782,16070194,1832392,744111,2439810,136693,0.05305369,2044238,432926,0.8252332
1,25892523,11290799,14601724,1821846,585998,2283576,124268,0.05160966,1916290,405608,0.8253119
2,27640368,11337671,16302697,1838008,766181,2465245,138944,0.05335404,2083186,419883,0.8322527
3,26108419,11301515,14806904,1832174,579291,2284912,126553,0.05247972,1872538,448943,0.8066135
