pid,execution_cycles,compute_cycles,idle_cycles,loads,stores,hit_count,miss_count,miss_rate,private,shared,private_rate
0,33019701,11337782,21681919,1832392,744111,2383519,192984,0.07490152,2048504,385602,0.8415837
1,31979587,11290799,20688788,1821846,585998,2223188,184656,0.07668935,1887463,385435,0.8304213
2,34381895,11337671,23044224,1838008,766181,2397724,206465,0.07928188,2093876,357391,0.8542015
3,31683856,11301515,20382341,1832174,579291,2229941,181524,0.0752754,1892555,386591,0.830379
