pid,execution_cycles,compute_cycles,idle_cycles,loads,stores,hit_count,miss_count,miss_rate,private,shared,private_rate
0,26554557,11337782,15216775,1832392,744111,2452764,123739,0.04802595,1940469,559905,0.7760715
1,25385837,11290799,14095038,1821846,585998,2292578,115266,0.04787104,1849932,489188,0.7908667
2,26296973,11337671,14959302,1838008,766181,2482224,121965,0.04683416,2036724,493666,0.8049052
3,25480914,11301515,14179399,1832174,579291,2293525,117940,0.04890803,1806618,533541,0.7720065
