pid,execution_cycles,compute_cycles,idle_cycles,loads,stores,hit_count,miss_count,miss_rate,private,shared,private_rate
0,32071320,11337782,20733538,1832392,744111,2398921,177582,0.06892365,2028037,416480,0.8296269
1,30976900,11290799,19686101,1821846,585998,2237262,170582,0.07084429,1864076,418550,0.8166366
2,33395564,11337671,22057893,1838008,766181,2413741,190448,0.0731314,2077885,383614,0.8441543
3,30529084,11301515,19227569,1832174,579291,2245217,166248,0.06894066,1865385,424063,0.814775
