pid,execution_cycles,compute_cycles,idle_cycles,loads,stores,hit_count,miss_count,miss_rate,private,shared,private_rate
0,15930789,11337782,4593007,1832392,744111,2563650,12853,0.004988545,1927365,644137,0.7495094
1,15490631,11290799,4199832,1821846,585998,2395681,12163,0.005051407,1827678,575583,0.7604992
2,16043586,11337671,4705915,1838008,766181,2591050,13139,0.005045333,1926067,671270,0.7415545
3,15544255,11301515,4242740,1832174,579291,2399110,12355,0.005123442,1723535,681819,0.7165411
