pid,execution_cycles,compute_cycles,idle_cycles,loads,stores,hit_count,miss_count,miss_rate,private,shared,private_rate
0,33007076,11337782,21669294,1832392,744111,2383522,192981,0.07490036,2048521,385576,0.8415938
1,31959913,11290799,20669114,1821846,585998,2223186,184658,0.07669018,1887320,385462,0.8304008
2,34369164,11337671,23031493,1838008,766181,2397729,206460,0.07927996,2093957,357297,0.8542391
3,31668414,11301515,20366899,1832174,579291,2229939,181526,0.07527623,1892497,386636,0.8303583
