pid,execution_cycles,compute_cycles,idle_cycles,loads,stores,hit_count,miss_count,miss_rate,private,shared,private_rate
0,18523449,11337782,7185667,1832392,744111,2529511,46992,0.01823867,2074479,472681,0.8144282
1,17866786,11290799,6575987,1821846,585998,2364567,43277,0.01797334,1917042,466490,0.8042862
2,18630880,11337671,7293209,1838008,766181,2556253,47936,0.01840727,2100351,473215,0.8161248
3,17903590,11301515,6602075,1832174,579291,2367551,43914,0.01821051,1879354,505697,0.7879722
