pid,execution_cycles,compute_cycles,idle_cycles,loads,stores,hit_count,miss_count,miss_rate,private,shared,private_rate
0,35820054,11337782,24482272,1832392,744111,2355096,221407,0.08593314,2040926,385562,0.8411029
1,33682142,11290799,22391343,1821846,585998,2205747,202097,0.08393276,1895063,374044,0.8351581
2,37432087,11337671,26094416,1838008,766181,2366756,237433,0.09117349,2084451,359253,0.8529883
3,33458298,11301515,22156783,1832174,579291,2211759,199706,0.08281522,1899644,375649,0.8349008
