pid,execution_cycles,compute_cycles,idle_cycles,loads,stores,hit_count,miss_count,miss_rate,private,shared,private_rate
0,17155300,11337782,5817518,1832392,744111,2563015,13488,0.005235003,1898877,673634,0.7381415
1,16052444,11290799,4761645,1821846,585998,2398321,9523,0.00395499,1718643,685359,0.7149091
2,16458000,11337671,5120329,1838008,766181,2592788,11401,0.004377946,1903870,696074,0.7322735
3,15674050,11301515,4372535,1832174,579291,2402662,8803,0.003650478,1818497,589768,0.7551067
