pid,execution_cycles,compute_cycles,idle_cycles,loads,stores,hit_count,miss_count,miss_rate,private,shared,private_rate
0,17530299,11337782,6192517,1832392,744111,2538461,38042,0.01476497,1964326,595420,0.767391
1,17101107,11290799,5810308,1821846,585998,2371764,36080,0.01498436,1900747,491598,0.7945121
2,17482085,11337671,6144414,1838008,766181,2566078,38111,0.0146345,2010790,575577,0.7774573
3,17126767,11301515,5825252,1832174,579291,2374728,36737,0.01523431,1873283,522046,0.7820567
