pid,execution_cycles,compute_cycles,idle_cycles,loads,stores,hit_count,miss_count,miss_rate,private,shared,private_rate
0,15228114,11337782,3890332,1832392,744111,2563232,13271,0.00515078,2062913,510267,0.8016979
1,15122560,11290799,3831761,1821846,585998,2393461,14383,0.005973394,1917501,487537,0.7972851
2,15335582,11337671,3997911,1838008,766181,2590111,14078,0.005405906,2092066,508425,0.8044888
3,15088684,11301515,3787169,1832174,579291,2397569,13896,0.005762472,1911513,497051,0.7936318
