pid,execution_cycles,compute_cycles,idle_cycles,loads,stores,hit_count,miss_count,miss_rate,private,shared,private_rate
0,25989315,11337782,14651533,1832392,744111,2454533,121970,0.04733936,2133020,387694,0.8461968
1,22870102,11290799,11579303,1821846,585998,2315203,92641,0.03847467,1969488,392760,0.8337346
2,26536145,11337671,15198474,1838008,766181,2476974,127215,0.04885014,2177295,367917,0.8554474
3,22716535,11301515,11415020,1832174,579291,2320520,90945,0.03771359,1974037,392724,0.8340669
