pid,execution_cycles,compute_cycles,idle_cycles,loads,stores,hit_count,miss_count,miss_rate,private,shared,private_rate
0,17608074,11337782,6270292,1832392,744111,2539192,37311,0.01448126,1992773,568687,0.7779833
1,17229676,11290799,5938877,1821846,585998,2372177,35667,0.01481284,1910780,482558,0.7983745
2,17682476,11337671,6344805,1838008,766181,2566405,37784,0.01450893,2012453,572373,0.7785642
3,17316382,11301515,6014867,1832174,579291,2375067,36398,0.01509373,1866643,527612,0.7796342
