pid,execution_cycles,compute_cycles,idle_cycles,loads,stores,hit_count,miss_count,miss_rate,private,shared,private_rate
0,15571926,11337782,4234144,1832392,744111,2560460,16043,0.006226657,2054663,515313,0.7994872
1,15405974,11290799,4115175,1821846,585998,2391643,16201,0.006728426,1910533,491410,0.7954115
2,15613102,11337671,4275431,1838008,766181,2588139,16050,0.006163147,2072442,523414,0.7983655
3,15445661,11301515,4144146,1832174,579291,2395142,16323,0.006768914,1876048,527970,0.7803802
