pid,execution_cycles,compute_cycles,idle_cycles,loads,stores,hit_count,miss_count,miss_rate,private,shared,private_rate
0,19129803,11337782,7792021,1832392,744111,2523821,52682,0.02044709,2088498,460350,0.819389
1,18479155,11290799,7188356,1821846,585998,2359556,48288,0.02005446,1914395,469979,0.8028921
2,19251329,11337671,7913658,1838008,766181,2550558,53631,0.02059413,2117131,458789,0.8218931
3,18501808,11301515,7200293,1832174,579291,2363093,48372,0.02005918,1909553,477901,0.7998282
