pid,execution_cycles,compute_cycles,idle_cycles,loads,stores,hit_count,miss_count,miss_rate,private,shared,private_rate
0,27879722,11337782,16541940,1832392,744111,2435096,141407,0.05488331,2043911,429474,0.8263618
1,26516716,11290799,15225917,1821846,585998,2277429,130415,0.05416256,1907361,410144,0.8230235
2,28162243,11337671,16824572,1838008,766181,2460112,144077,0.05532509,2084661,415080,0.8339508
3,26615396,11301515,15313881,1832174,579291,2280133,131332,0.0544615,1875795,442641,0.8090778
