pid,execution_cycles,compute_cycles,idle_cycles,loads,stores,hit_count,miss_count,miss_rate,private,shared,private_rate
0,52550015,11337782,41212233,1832392,744111,2322523,253980,0.09857547,2172747,347025,0.8622792
1,39096254,11290799,27805455,1821846,585998,2239373,168471,0.06996757,2012374,352097,0.8510885
2,52395089,11337671,41057418,1838008,766181,2346021,258168,0.09913566,2197125,347131,0.8635629
3,38181564,11301515,26880049,1832174,579291,2248220,163245,0.06769536,2010342,358580,0.8486316
