pid,execution_cycles,compute_cycles,idle_cycles,loads,stores,hit_count,miss_count,miss_rate,private,shared,private_rate
0,43383059,11337782,32045277,1832392,744111,2281927,294576,0.1143317,2063263,350611,0.8547517
1,40074013,11290799,28783214,1821846,585998,2143818,264026,0.1096525,1920407,341946,0.8488538
2,44863612,11337671,33525941,1838008,766181,2295187,309002,0.1186558,2119803,311132,0.8720114
3,39688496,11301515,28386981,1832174,579291,2151621,259844,0.1077536,1921070,348195,0.8465605
