pid,execution_cycles,compute_cycles,idle_cycles,loads,stores,hit_count,miss_count,miss_rate,private,shared,private_rate
0,21082281,11337782,9744499,1832392,744111,2504099,72404,0.02810166,2048877,478864,0.8105565
1,20312437,11290799,9021638,1821846,585998,2341038,66806,0.02774515,1917321,448218,0.8105218
2,21104510,11337671,9766839,1838008,766181,2531839,72350,0.02778216,2087765,466684,0.8173054
3,20472007,11301515,9170492,1832174,579291,2343192,68273,0.02831184,1876066,489400,0.7931063
