pid,execution_cycles,compute_cycles,idle_cycles,loads,stores,hit_count,miss_count,miss_rate,private,shared,private_rate
0,38844386,11337782,27506604,1832392,744111,2317313,259190,0.1005976,2121195,359757,0.8549924
1,30846026,11290799,19555227,1821846,585998,2230470,177374,0.07366507,1980761,360276,0.8461041
2,39425124,11337671,28087453,1838008,766181,2339409,264780,0.1016746,2164045,340526,0.8640382
3,30587562,11301515,19286047,1832174,579291,2237499,173966,0.07214121,1968214,377659,0.8390113
