pid,execution_cycles,compute_cycles,idle_cycles,loads,stores,hit_count,miss_count,miss_rate,private,shared,private_rate
0,20420808,11337782,9083026,1832392,744111,2508230,68273,0.02649832,2005761,537498,0.7886578
1,19797709,11290799,8506910,1821846,585998,2343730,64114,0.02662714,1910237,467694,0.8033189
2,20310266,11337671,8972595,1838008,766181,2536259,67930,0.0260849,2049531,521896,0.7970403
3,19842412,11301515,8540897,1832174,579291,2345881,65584,0.02719675,1883776,496324,0.7914693
