pid,execution_cycles,compute_cycles,idle_cycles,loads,stores,hit_count,miss_count,miss_rate,private,shared,private_rate
0,15023580,11337782,3685798,1832392,744111,2565298,11205,0.004348918,2044934,528322,0.7946874
1,14908720,11290799,3617921,1821846,585998,2395621,12223,0.005076326,1906531,498331,0.7927819
2,15052838,11337671,3715167,1838008,766181,2592967,11222,0.004309211,2061913,537941,0.793088
3,14936818,11301515,3635303,1832174,579291,2399103,12362,0.005126344,1880703,526964,0.7811309
