pid,execution_cycles,compute_cycles,idle_cycles,loads,stores,hit_count,miss_count,miss_rate,private,shared,private_rate
0,17763097,11337782,6425315,1832392,744111,2536387,40116,0.01556994,2045836,508231,0.8010111
1,17281551,11290799,5990752,1821846,585998,2369964,37880,0.01573192,1909073,478541,0.7995735
2,17730844,11337671,6393173,1838008,766181,2564145,40044,0.01537676,2091613,488591,0.8106386
3,17340850,11301515,6039335,1832174,579291,2372479,38986,0.01616694,1871243,517554,0.7833412
