pid,execution_cycles,compute_cycles,idle_cycles,loads,stores,hit_count,miss_count,miss_rate,private,shared,private_rate
0,15930395,11337782,4592613,1832392,744111,2563652,12851,0.004987768,1928435,643069,0.7499249
1,15490506,11290799,4199707,1821846,585998,2395680,12164,0.005051822,1829232,574032,0.7611448
2,16042748,11337671,4705077,1838008,766181,2591048,13141,0.005046101,1926096,671247,0.741564
3,15545487,11301515,4243972,1832174,579291,2399110,12355,0.005123442,1724376,680981,0.7168898
