pid,execution_cycles,compute_cycles,idle_cycles,loads,stores,hit_count,miss_count,miss_rate,private,shared,private_rate
0,26645784,11337782,15308002,1832392,744111,2447902,128601,0.049913,2084201,408437,0.8361427
1,24967615,11290799,13676816,1821846,585998,2294016,113828,0.04727383,1928797,403492,0.8269974
2,27466646,11337671,16128975,1838008,766181,2467575,136614,0.05245933,2137672,377143,0.8500315
3,24792070,11301515,13490555,1832174,579291,2299555,111910,0.04640747,1937034,399829,0.8289035
