pid,execution_cycles,compute_cycles,idle_cycles,loads,stores,hit_count,miss_count,miss_rate,private,shared,private_rate
0,39831660,11337782,28493878,1832392,744111,2328394,248109,0.0962968,2129942,383482,0.8474265
1,31111093,11290799,19820294,1821846,585998,2244514,163330,0.06783247,1989397,379941,0.8396425
2,38787923,11337671,27450252,1838008,766181,2367424,236765,0.09091698,2171101,371737,0.8538102
3,30372469,11301515,19070954,1832174,579291,2256758,154707,0.06415478,1970731,402913,0.8302555
