pid,execution_cycles,compute_cycles,idle_cycles,loads,stores,hit_count,miss_count,miss_rate,private,shared,private_rate
0,81906099,11337782,70568317,1832392,744111,1889717,686786,0.2665574,2131612,224962,0.9045385
1,70549195,11290799,59258396,1821846,585998,1833596,574248,0.2384905,2021554,215576,0.9036372
2,82372838,11337671,71035167,1838008,766181,1912967,691222,0.265427,2165193,212683,0.9105576
3,70281778,11301515,58980263,1832174,579291,1840063,571402,0.2369522,2010891,231522,0.8967532
