pid,execution_cycles,compute_cycles,idle_cycles,loads,stores,hit_count,miss_count,miss_rate,private,shared,private_rate
0,20825277,11337782,9487495,1832392,744111,2506695,69808,0.02709409,2051364,487320,0.8080423
1,20154730,11290799,8863931,1821846,585998,2342631,65213,0.02708357,1919839,453531,0.8089084
2,20803055,11337671,9465384,1838008,766181,2534884,69305,0.02661289,2084872,477344,0.8136988
3,20314399,11301515,9012884,1832174,579291,2344784,66681,0.02765166,1879332,492610,0.7923179
