pid,execution_cycles,compute_cycles,idle_cycles,loads,stores,hit_count,miss_count,miss_rate,private,shared,private_rate
0,15952704,11337782,4614922,1832392,744111,2563442,13061,0.005069274,1950861,619709,0.7589216
1,15509480,11290799,4218681,1821846,585998,2395499,12345,0.005126993,1850567,551793,0.7703121
2,16052317,11337671,4714646,1838008,766181,2590917,13272,0.005096404,1927084,669313,0.7422147
3,15561217,11301515,4259702,1832174,579291,2398934,12531,0.005196426,1744464,659986,0.7255148
