pid,execution_cycles,compute_cycles,idle_cycles,loads,stores,hit_count,miss_count,miss_rate,private,shared,private_rate
0,16771715,11337782,5433933,1832392,744111,2554609,21894,0.008497564,1889560,680154,0.7353192
1,16218866,11290799,4928067,1821846,585998,2387907,19937,0.008280021,1117261,1284167,0.4652486
2,16798561,11337671,5460890,1838008,766181,2581979,22210,0.008528567,1947785,646970,0.7506624
3,16230968,11301515,4929453,1832174,579291,2390753,20712,0.00858897,903183,1500998,0.3756718
