pid,execution_cycles,compute_cycles,idle_cycles,loads,stores,hit_count,miss_count,miss_rate,private,shared,private_rate
0,16777980,11337782,5440198,1832392,744111,2554763,21740,0.008437793,1939610,628129,0.7553766
1,16263394,11290799,4972595,1821846,585998,2387401,20443,0.008490168,1799276,600196,0.7498633
2,16789586,11337671,5451915,1838008,766181,2582229,21960,0.008432568,1973483,619663,0.7610381
3,16266523,11301515,4965008,1832174,579291,2390747,20718,0.008591458,1736321,665608,0.7228861
