pid,execution_cycles,compute_cycles,idle_cycles,loads,stores,hit_count,miss_count,miss_rate,private,shared,private_rate
0,33696480,11337782,22358698,1832392,744111,2376191,200312,0.07774569,2092053,380730,0.8460318
1,30190385,11290799,18899586,1821846,585998,2240269,167575,0.06959546,1943595,374649,0.838391
2,34637378,11337671,23299707,1838008,766181,2394883,209306,0.08037281,2145318,349469,0.8599203
3,30160167,11301515,18858652,1832174,579291,2244745,166720,0.0691364,1949458,373680,0.8391486
