pid,execution_cycles,compute_cycles,idle_cycles,loads,stores,hit_count,miss_count,miss_rate,private,shared,private_rate
0,31831280,11337782,20493498,1832392,744111,2398054,178449,0.06926016,2082358,425176,0.8304406
1,29128296,11290799,17837497,1821846,585998,2253053,154791,0.06428614,1932764,415655,0.8230065
2,31284726,11337671,19947055,1838008,766181,2432240,171949,0.06602785,2130643,403262,0.8408535
3,29606367,11301515,18304852,1832174,579291,2252811,158654,0.06579154,1915050,435989,0.8145548
