pid,execution_cycles,compute_cycles,idle_cycles,loads,stores,hit_count,miss_count,miss_rate,private,shared,private_rate
0,151540913,11337782,140203131,1832392,744111,1190360,1386143,0.5379939,2302387,4995,0.9978352
1,151870523,11290799,140579724,1821846,585998,1014896,1392948,0.5785043,2150408,5438,0.9974776
2,152162206,11337671,140824535,1838008,766181,1212225,1391964,0.5345096,2325859,5207,0.9977663
3,152724145,11301515,141422630,1832174,579291,1010097,1401368,0.5811272,2151581,4597,0.997868
