pid,execution_cycles,compute_cycles,idle_cycles,loads,stores,hit_count,miss_count,miss_rate,private,shared,private_rate
0,14710245,11337782,3372463,1832392,744111,2568463,8040,0.003120509,2040329,535077,0.7922359
1,14540539,11290799,3249740,1821846,585998,2399340,8504,0.00353179,1887185,519695,0.7840794
2,14700992,11337671,3363321,1838008,766181,2596521,7668,0.002944487,2047107,555510,0.7865571
3,14557846,11301515,3256331,1832174,579291,2402931,8534,0.003538928,1874472,535685,0.7777385
