pid,execution_cycles,compute_cycles,idle_cycles,loads,stores,hit_count,miss_count,miss_rate,private,shared,private_rate
0,15168203,11337782,3830421,1832392,744111,2572099,4404,0.001709294,1901598,673053,0.7385848
1,14764311,11290799,3473512,1821846,585998,2403716,4128,0.001714397,1792805,613362,0.7450875
2,15397922,11337671,4060251,1838008,766181,2599651,4538,0.001742577,1844479,757146,0.7089719
3,14919164,11301515,3617649,1832174,579291,2407248,4217,0.00174873,1699769,709444,0.7055287
