pid,execution_cycles,compute_cycles,idle_cycles,loads,stores,hit_count,miss_count,miss_rate,private,shared,private_rate
0,90998181,11337782,79660399,1832392,744111,1797851,778652,0.3022127,2214231,165371,0.9305048
1,82270895,11290799,70980096,1821846,585998,1715184,692660,0.2876681,2101168,152512,0.9323276
2,91321128,11337671,79983457,1838008,766181,1822561,781628,0.3001426,2244837,158548,0.9340314
3,82015847,11301515,70714332,1832174,579291,1721524,689941,0.2861087,2092347,166126,0.9264432
