pid,execution_cycles,compute_cycles,idle_cycles,loads,stores,hit_count,miss_count,miss_rate,private,shared,private_rate
0,15784787,11337782,4447005,1832392,744111,2557809,18694,0.007255571,2081175,485455,0.810859
1,15674761,11290799,4383962,1821846,585998,2388702,19142,0.007949851,1916998,482840,0.7988031
2,15955572,11337671,4617901,1838008,766181,2584049,20140,0.007733694,2103322,490250,0.810975
3,15711571,11301515,4410056,1832174,579291,2392152,19313,0.008008825,1888724,514103,0.7860424
