pid,execution_cycles,compute_cycles,idle_cycles,loads,stores,hit_count,miss_count,miss_rate,private,shared,private_rate
0,18470798,11337782,7133016,1832392,744111,2530524,45979,0.01784551,2101484,453654,0.8224542
1,17116777,11290799,5825978,1821846,585998,2373650,34194,0.01420109,1946722,444869,0.8139862
2,18833913,11337671,7496242,1838008,766181,2554834,49355,0.01895216,2143711,437825,0.8304014
3,17069289,11301515,5767774,1832174,579291,2377930,33535,0.01390648,1937568,457702,0.8089142
