pid,execution_cycles,compute_cycles,idle_cycles,loads,stores,hit_count,miss_count,miss_rate,private,shared,private_rate
0,16512567,11337782,5174785,1832392,744111,2550073,26430,0.01025809,2080131,480364,0.8123941
1,16222153,11290799,4931354,1821846,585998,2381250,26594,0.01104474,1911014,484382,0.7977863
2,16696454,11337671,5358783,1838008,766181,2576115,28074,0.01078032,2106705,480962,0.814133
3,16244923,11301515,4943408,1832174,579291,2384632,26833,0.01112726,1875849,521477,0.7824756
