pid,execution_cycles,compute_cycles,idle_cycles,loads,stores,hit_count,miss_count,miss_rate,private,shared,private_rate
0,15147749,11337782,3809967,1832392,744111,2572210,4293,0.001666212,1841116,734003,0.7149635
1,14751352,11290799,3460553,1821846,585998,2403772,4072,0.001691139,1763548,643068,0.7327916
2,15413916,11337671,4076245,1838008,766181,2599735,4454,0.001710321,1837221,764925,0.7060407
3,14943813,11301515,3642298,1832174,579291,2407332,4133,0.001713896,1635181,774519,0.6785828
