pid,execution_cycles,compute_cycles,idle_cycles,loads,stores,hit_count,miss_count,miss_rate,private,shared,private_rate
0,18128959,11337782,6791177,1832392,744111,2542215,34288,0.01330796,1970376,592617,0.7687793
1,17140142,11290799,5849343,1821846,585998,2380019,27825,0.01155598,1828135,567965,0.7629627
2,17912966,11337671,6575295,1838008,766181,2572657,31532,0.01210818,1991193,597972,0.7690483
3,16813970,11301515,5512455,1832174,579291,2386897,24568,0.010188,1843315,557650,0.7677392
