pid,execution_cycles,compute_cycles,idle_cycles,loads,stores,hit_count,miss_count,miss_rate,private,shared,private_rate
0,17939797,11337782,6602015,1832392,744111,2541441,35062,0.01360837,1796838,768882,0.7003251
1,17380101,11290799,6089302,1821846,585998,2374748,33096,0.01374508,1756659,641222,0.7325881
2,17930753,11337671,6593082,1838008,766181,2568915,35274,0.0135451,1945820,645966,0.7507641
3,17376291,11301515,6074776,1832174,579291,2377972,33493,0.01388907,1698811,702176,0.7075469
