pid,execution_cycles,compute_cycles,idle_cycles,loads,stores,hit_count,miss_count,miss_rate,private,shared,private_rate
0,16077244,11337782,4739462,1832392,744111,2562203,14300,0.005550158,2023898,544460,0.7880124
1,15562654,11290799,4271855,1821846,585998,2394970,12874,0.005346692,1888574,513010,0.7863868
2,16203482,11337671,4865811,1838008,766181,2589234,14955,0.005742671,2021842,573163,0.7791284
3,15608802,11301515,4307287,1832174,579291,2398409,13056,0.005414136,1778000,625679,0.7396994
