pid,execution_cycles,compute_cycles,idle_cycles,loads,stores,hit_count,miss_count,miss_rate,private,shared,private_rate
0,26262303,11337782,14924521,1832392,744111,2455092,121411,0.0471224,1865703,648208,0.7421516
1,25111081,11290799,13820282,1821846,585998,2294569,113275,0.04704416,1830527,521289,0.7783462
2,25966029,11337671,14628358,1838008,766181,2484198,119991,0.04607615,1984948,558043,0.7805564
3,25225517,11301515,13924002,1832174,579291,2295565,115900,0.04806207,1791218,563015,0.7608499
