pid,execution_cycles,compute_cycles,idle_cycles,loads,stores,hit_count,miss_count,miss_rate,private,shared,private_rate
0,26254414,11337782,14916632,1832392,744111,2455017,121486,0.04715151,1869268,644379,0.7436478
1,25110728,11290799,13819929,1821846,585998,2294538,113306,0.04705704,1832450,519067,0.7792629
2,25965756,11337671,14628085,1838008,766181,2484162,120027,0.04608997,1983837,559028,0.7801582
3,25218980,11301515,13917465,1832174,579291,2295524,115941,0.04807907,1790366,563804,0.7605084
