pid,execution_cycles,compute_cycles,idle_cycles,loads,stores,hit_count,miss_count,miss_rate,private,shared,private_rate
0,38249079,11337782,26911297,1832392,744111,2330697,245806,0.09540296,2061716,360897,0.8510299
1,34663279,11290799,23372480,1821846,585998,2196080,211764,0.08794756,1907762,360924,0.8409106
2,39729380,11337671,28391709,1838008,766181,2343709,260480,0.1000235,2114433,325499,0.8665951
3,34280428,11301515,22978913,1832174,579291,2203713,207752,0.08615178,1907475,367914,0.8383072
