pid,execution_cycles,compute_cycles,idle_cycles,loads,stores,hit_count,miss_count,miss_rate,private,shared,private_rate
0,29009308,11337782,17671526,1832392,744111,2504486,72017,0.02795145,2001105,555022,0.782866
1,28521879,11290799,17231080,1821846,585998,2362979,44865,0.01863285,1832761,563269,0.7649157
2,24375714,11337671,13038043,1838008,766181,2557077,47112,0.01809085,2027935,559534,0.7837524
3,25823742,11301515,14522227,1832174,579291,2373409,38056,0.01578128,1853854,547574,0.7719798
