pid,execution_cycles,compute_cycles,idle_cycles,loads,stores,hit_count,miss_count,miss_rate,private,shared,private_rate
0,55818968,11337782,44481186,1832392,744111,2153154,423349,0.1643115,2136790,309271,0.8735637
1,48656616,11290799,37365817,1821846,585998,2054637,353207,0.1466902,1994655,311822,0.8648059
2,56823897,11337671,45486226,1838008,766181,2170954,433235,0.1663608,2173970,296479,0.8799898
3,49006678,11301515,37705163,1832174,579291,2054895,356570,0.1478645,1986232,324386,0.8596107
