pid,execution_cycles,compute_cycles,idle_cycles,loads,stores,hit_count,miss_count,miss_rate,private,shared,private_rate
0,16041399,11337782,4703617,1832392,744111,2555017,21486,0.00833921,2006769,564707,0.7803958
1,15944656,11290799,4653857,1821846,585998,2385157,22687,0.009422122,1906824,495945,0.7935944
2,16159856,11337671,4822185,1838008,766181,2581785,22404,0.008603062,2022286,574079,0.7788913
3,15971863,11301515,4670348,1832174,579291,2388648,22817,0.009461883,1865103,540010,0.7754742
