pid,execution_cycles,compute_cycles,idle_cycles,loads,stores,hit_count,miss_count,miss_rate,private,shared,private_rate
0,84009354,11337782,72671572,1832392,744111,1868472,708031,0.2748031,2023138,255090,0.8880314
1,66491185,11290799,55200386,1821846,585998,1874586,533258,0.221467,1929503,260570,0.8810222
2,85816256,11337671,74478585,1838008,766181,1878185,726004,0.2787831,2067417,226492,0.9012637
3,65855191,11301515,54553676,1832174,579291,1884776,526689,0.2184104,1924630,273680,0.8755044
