pid,execution_cycles,compute_cycles,idle_cycles,loads,stores,hit_count,miss_count,miss_rate,private,shared,private_rate
0,26881202,11337782,15543420,1832392,744111,2449910,126593,0.04913365,1999780,492943,0.8022472
1,25615512,11290799,14324713,1821846,585998,2290676,117168,0.04866096,1867221,464824,0.8006797
2,26626574,11337671,15288903,1838008,766181,2479881,124308,0.04773386,2058077,463690,0.816125
3,25725019,11301515,14423504,1832174,579291,2291574,119891,0.04971708,1835385,496654,0.7870301
