pid,execution_cycles,compute_cycles,idle_cycles,loads,stores,hit_count,miss_count,miss_rate,private,shared,private_rate
0,18565206,11337782,7227424,1832392,744111,2529524,46979,0.01823363,2074165,472894,0.8143372
1,17947525,11290799,6656726,1821846,585998,2364926,42918,0.01782424,1923768,459837,0.8070834
2,18682970,11337671,7345299,1838008,766181,2556299,47890,0.0183896,2100998,472600,0.816366
3,18025717,11301515,6724202,1832174,579291,2367902,43563,0.01806495,1877802,506750,0.7874863
