pid,execution_cycles,compute_cycles,idle_cycles,loads,stores,hit_count,miss_count,miss_rate,private,shared,private_rate
0,16059318,11337782,4721536,1832392,744111,2554836,21667,0.00840946,2087170,481302,0.8126115
1,15562417,11290799,4271618,1821846,585998,2389018,18826,0.007818613,1921246,480866,0.7998153
2,16795436,11337671,5457765,1838008,766181,2575365,28824,0.01106832,2106508,487206,0.8121589
3,15572398,11301515,4270883,1832174,579291,2392683,18782,0.007788626,1904558,500751,0.7918143
