pid,execution_cycles,compute_cycles,idle_cycles,loads,stores,hit_count,miss_count,miss_rate,private,shared,private_rate
0,17940653,11337782,6602871,1832392,744111,2541431,35072,0.01361225,1798228,767467,0.7008736
1,17376464,11290799,6085665,1821846,585998,2374780,33064,0.01373179,1755169,642676,0.7319777
2,17933892,11337671,6596221,1838008,766181,2568908,35281,0.01354779,1945684,646126,0.7507047
3,17368245,11301515,6066730,1832174,579291,2377975,33490,0.01388782,1697204,703778,0.7068791
