pid,execution_cycles,compute_cycles,idle_cycles,loads,stores,hit_count,miss_count,miss_rate,private,shared,private_rate
0,24690298,11337782,13352516,1832392,744111,2467748,108755,0.04221031,2136075,404538,0.8407715
1,19898938,11290799,8608139,1821846,585998,2345415,62429,0.02592734,1977028,406919,0.8293087
2,25264525,11337671,13926854,1838008,766181,2489910,114279,0.04388276,2190169,376120,0.8534382
3,19796467,11301515,8494952,1832174,579291,2350232,61233,0.02539245,1958100,429683,0.8200494
