pid,execution_cycles,compute_cycles,idle_cycles,loads,stores,hit_count,miss_count,miss_rate,private,shared,private_rate
0,20968233,11337782,9630451,1832392,744111,2505251,71252,0.02765454,2043662,488410,0.8071105
1,20259571,11290799,8968772,1821846,585998,2341572,66272,0.02752338,1918755,449223,0.8102926
2,20912549,11337671,9574878,1838008,766181,2533778,70411,0.02703759,2084436,472692,0.8151473
3,20419339,11301515,9117824,1832174,579291,2343724,67741,0.02809122,1874447,491994,0.7920954
