pid,execution_cycles,compute_cycles,idle_cycles,loads,stores,hit_count,miss_count,miss_rate,private,shared,private_rate
0,31566777,11337782,20228995,1832392,744111,2398195,178308,0.06920543,2032530,411729,0.8315526
1,30648334,11290799,19357535,1821846,585998,2236635,171209,0.07110469,1877304,404649,0.8226743
2,32890163,11337671,21552492,1838008,766181,2412792,191397,0.07349582,2078771,382475,0.8446011
3,30193906,11301515,18892391,1832174,579291,2244991,166474,0.06903438,1876046,413708,0.8193221
