pid,execution_cycles,compute_cycles,idle_cycles,loads,stores,hit_count,miss_count,miss_rate,private,shared,private_rate
0,16065843,11337782,4728061,1832392,744111,2553885,22618,0.008778565,2023586,547149,0.7871624
1,15857365,11290799,4566566,1821846,585998,2384322,23522,0.009768905,1901081,500534,0.7915844
2,16140416,11337671,4802745,1838008,766181,2580281,23908,0.009180593,2045823,549354,0.7883173
3,15851092,11301515,4549577,1832174,579291,2387945,23520,0.009753407,1866112,538897,0.7759272
