pid,execution_cycles,compute_cycles,idle_cycles,loads,stores,hit_count,miss_count,miss_rate,private,shared,private_rate
0,15456827,11337782,4119045,1832392,744111,2561473,15030,0.005833488,2058766,512765,0.8005993
1,15327738,11290799,4036939,1821846,585998,2392291,15553,0.006459306,1912458,490887,0.7957484
2,15524102,11337671,4186431,1838008,766181,2588967,15222,0.005845198,2073322,524065,0.7982338
3,15379251,11301515,4077736,1832174,579291,2395724,15741,0.006527567,1876232,529197,0.7799989
