pid,execution_cycles,compute_cycles,idle_cycles,loads,stores,hit_count,miss_count,miss_rate,private,shared,private_rate
0,21897150,11337782,10559368,1832392,744111,2495868,80635,0.0312963,2065018,455242,0.819367
1,21003556,11290799,9712757,1821846,585998,2334057,73787,0.03064443,1916961,443521,0.8121057
2,22249148,11337671,10911477,1838008,766181,2520277,83912,0.03222193,2111833,434001,0.829525
3,21076402,11301515,9774887,1832174,579291,2337087,74378,0.03084349,1892138,469901,0.8010613
