pid,execution_cycles,compute_cycles,idle_cycles,loads,stores,hit_count,miss_count,miss_rate,private,shared,private_rate
0,21868098,11337782,10530316,1832392,744111,2495884,80619,0.03129009,2065321,454906,0.819498
1,20911699,11290799,9620900,1821846,585998,2333948,73896,0.0306897,1916152,444355,0.8117544
2,22222835,11337671,10885164,1838008,766181,2520284,83905,0.03221924,2112183,433641,0.8296658
3,20967058,11301515,9665543,1832174,579291,2337035,74430,0.03086506,1891653,470346,0.8008695
