pid,execution_cycles,compute_cycles,idle_cycles,loads,stores,hit_count,miss_count,miss_rate,private,shared,private_rate
0,15010392,11337782,3672610,1832392,744111,2574120,2383,0.000924897,1827882,747900,0.7096416
1,14614658,11290799,3323859,1821846,585998,2405590,2254,0.0009361072,1757592,649616,0.7301372
2,15402446,11337671,4064775,1838008,766181,2601707,2482,0.0009530798,1774902,828117,0.6818629
3,14923964,11301515,3622449,1832174,579291,2409169,2296,0.0009521183,1580617,829837,0.6557341
