pid,execution_cycles,compute_cycles,idle_cycles,loads,stores,hit_count,miss_count,miss_rate,private,shared,private_rate
0,19395096,11337782,8057314,1832392,744111,2521062,55441,0.02151793,2103333,442665,0.826133
1,18574132,11290799,7283333,1821846,585998,2358201,49643,0.0206172,1940182,441420,0.8146542
2,19924673,11337671,8587002,1838008,766181,2543670,60519,0.0232391,2143648,428280,0.833479
3,18441877,11301515,7140362,1832174,579291,2363298,48167,0.01997417,1935030,450631,0.8111085
