pid,execution_cycles,compute_cycles,idle_cycles,loads,stores,hit_count,miss_count,miss_rate,private,shared,private_rate
0,154823262,11337782,143485480,1832392,744111,1153180,1423323,0.5524244,2285847,4059,0.9982274
1,155411203,11290799,144120404,1821846,585998,976404,1431440,0.5944903,2136778,3915,0.9981712
2,155397911,11337671,144060240,1838008,766181,1175340,1428849,0.5486733,2308609,3870,0.9983265
3,156226054,11301515,144924539,1832174,579291,971939,1439526,0.5969508,2137361,3964,0.9981488
