pid,execution_cycles,compute_cycles,idle_cycles,loads,stores,hit_count,miss_count,miss_rate,private,shared,private_rate
0,26550724,11337782,15212942,1832392,744111,2452828,123675,0.04800111,1943504,556942,0.7772629
1,25383967,11290799,14093168,1821846,585998,2292637,115207,0.04784654,1844604,494559,0.7885744
2,26283747,11337671,14946076,1838008,766181,2482245,121944,0.04682609,2040053,490388,0.8062045
3,25472296,11301515,14170781,1832174,579291,2293603,117862,0.04887568,1805423,534827,0.7714659
