pid,execution_cycles,compute_cycles,idle_cycles,loads,stores,hit_count,miss_count,miss_rate,private,shared,private_rate
0,15828461,11337782,4490679,1832392,744111,2557367,19136,0.007427121,2081572,484853,0.8110784
1,15790319,11290799,4499520,1821846,585998,2387692,20152,0.008369313,1913549,486262,0.7973749
2,16001895,11337671,4664224,1838008,766181,2583576,20613,0.007915324,2103470,489946,0.8110808
3,15806122,11301515,4504607,1832174,579291,2391359,20106,0.00833767,1890507,512217,0.7868182
