pid,execution_cycles,compute_cycles,idle_cycles,loads,stores,hit_count,miss_count,miss_rate,private,shared,private_rate
0,17675042,11337782,6337260,1832392,744111,2537216,39287,0.01524819,2044930,509794,0.8004505
1,17216356,11290799,5925557,1821846,585998,2370389,37455,0.01555541,1904528,482793,0.7977679
2,17645628,11337671,6307957,1838008,766181,2565025,39164,0.01503885,2088916,491596,0.8094967
3,17250923,11301515,5949408,1832174,579291,2373432,38033,0.01577174,1871980,517835,0.7833159
