pid,execution_cycles,compute_cycles,idle_cycles,loads,stores,hit_count,miss_count,miss_rate,private,shared,private_rate
0,18700080,11337782,7362298,1832392,744111,2528114,48389,0.01878088,2098823,449245,0.8236919
1,18118849,11290799,6828050,1821846,585998,2362786,45058,0.01871301,1933046,449816,0.8112287
2,19094972,11337671,7757301,1838008,766181,2552041,52148,0.02002466,2135081,439003,0.8294527
3,18046003,11301515,6744488,1832174,579291,2367272,44193,0.0183262,1931404,455213,0.8092643
