pid,execution_cycles,compute_cycles,idle_cycles,loads,stores,hit_count,miss_count,miss_rate,private,shared,private_rate
0,49121556,11337782,37783774,1832392,744111,2220874,355629,0.1380278,2175905,308132,0.8759551
1,36397462,11290799,25106663,1821846,585998,2178563,229281,0.09522253,2042950,305201,0.870025
2,49672742,11337671,38335071,1838008,766181,2243271,360918,0.1385913,2216507,294290,0.8827902
3,36016195,11301515,24714680,1832174,579291,2186180,225285,0.09342246,2032898,320039,0.8639832
