pid,execution_cycles,compute_cycles,idle_cycles,loads,stores,hit_count,miss_count,miss_rate,private,shared,private_rate
0,18666285,11337782,7328503,1832392,744111,2528503,48000,0.0186299,2099997,448447,0.8240311
1,18157108,11290799,6866309,1821846,585998,2362809,45035,0.01870345,1936641,446193,0.8127469
2,19051844,11337671,7714173,1838008,766181,2552573,51616,0.01982037,2128487,445845,0.8268114
3,18075118,11301515,6773603,1832174,579291,2367403,44062,0.01827188,1930260,456494,0.8087386
