pid,execution_cycles,compute_cycles,idle_cycles,loads,stores,hit_count,miss_count,miss_rate,private,shared,private_rate
0,14823501,11337782,3485719,1832392,744111,2567319,9184,0.003564521,2043655,530737,0.7938399
1,14657656,11290799,3366857,1821846,585998,2398157,9687,0.004023101,1901785,504201,0.7904389
2,14838899,11337671,3501228,1838008,766181,2595128,9061,0.003479394,2056707,544680,0.7906194
3,14679715,11301515,3378200,1832174,579291,2401700,9765,0.004049406,1877726,531331,0.7794444
