pid,execution_cycles,compute_cycles,idle_cycles,loads,stores,hit_count,miss_count,miss_rate,private,shared,private_rate
0,16168983,11337782,4831201,1832392,744111,2553169,23334,0.009056461,2053008,515077,0.7994315
1,15961540,11290799,4670741,1821846,585998,2383557,24287,0.01008662,1899397,500115,0.7915764
2,16215818,11337671,4878147,1838008,766181,2580043,24146,0.009271984,2063348,529542,0.7957715
3,15972952,11301515,4671437,1832174,579291,2387029,24436,0.01013326,1863734,538354,0.7758808
