pid,execution_cycles,compute_cycles,idle_cycles,loads,stores,hit_count,miss_count,miss_rate,private,shared,private_rate
0,15954951,11337782,4617169,1832392,744111,2563421,13082,0.005077425,1949246,621325,0.758293
1,15511022,11290799,4220223,1821846,585998,2395484,12360,0.005133223,1847007,555352,0.7688306
2,16056452,11337671,4718781,1838008,766181,2590895,13294,0.005104852,1927112,669280,0.7422269
3,15561936,11301515,4260421,1832174,579291,2398916,12549,0.005203891,1744167,660276,0.7253934
