pid,execution_cycles,compute_cycles,idle_cycles,loads,stores,hit_count,miss_count,miss_rate,private,shared,private_rate
0,51883844,11337782,40546062,1832392,744111,2184719,391784,0.1520604,2056888,322442,0.864482
1,46128900,11290799,34838101,1821846,585998,2077107,330737,0.1373582,1908052,337685,0.8496329
2,53544784,11337671,42207113,1838008,766181,2196338,407851,0.1566134,2110771,284613,0.8811827
3,45852115,11301515,34550600,1832174,579291,2084019,327446,0.1357872,1908669,344156,0.8472336
