pid,execution_cycles,compute_cycles,idle_cycles,loads,stores,hit_count,miss_count,miss_rate,private,shared,private_rate
0,17636081,11337782,6298299,1832392,744111,2559688,16815,0.006526288,2090491,478736,0.8136654
1,17207566,11290799,5916767,1821846,585998,2392832,15012,0.006234623,1913811,488253,0.7967361
2,18111290,11337671,6773619,1838008,766181,2584996,19193,0.007370049,2117897,478232,0.8157904
3,17176573,11301515,5875058,1832174,579291,2396861,14604,0.00605607,1896682,509000,0.7884176
