pid,execution_cycles,compute_cycles,idle_cycles,loads,stores,hit_count,miss_count,miss_rate,private,shared,private_rate
0,35851497,11337782,24513715,1832392,744111,2354915,221588,0.08600339,2061487,397428,0.8383726
1,34370338,11290799,23079539,1821846,585998,2199039,208805,0.08671866,1915609,385770,0.8323744
2,36904217,11337671,25566546,1838008,766181,2372246,231943,0.08906535,2120139,360802,0.8545705
3,34065400,11301515,22763885,1832174,579291,2205885,205580,0.08525108,1927367,379997,0.8353112
