pid,execution_cycles,compute_cycles,idle_cycles,loads,stores,hit_count,miss_count,miss_rate,private,shared,private_rate
0,21553413,11337782,10215631,1832392,744111,2499295,77208,0.0299662,2114407,427526,0.8318107
1,18904990,11290799,7614191,1821846,585998,2355031,52813,0.02193373,1955761,425010,0.8214822
2,21907202,11337671,10569531,1838008,766181,2523671,80518,0.03091865,2167483,400357,0.844088
3,18815071,11301515,7513556,1832174,579291,2359716,51749,0.02145957,1951840,433046,0.8184207
