pid,execution_cycles,compute_cycles,idle_cycles,loads,stores,hit_count,miss_count,miss_rate,private,shared,private_rate
0,16114205,11337782,4776423,1832392,744111,2571003,5500,0.002134676,2023507,550529,0.7861223
1,15945206,11290799,4654407,1821846,585998,2402797,5047,0.002096066,1805176,600577,0.750358
2,16521373,11337671,5183702,1838008,766181,2598083,6106,0.002344684,2024826,576654,0.7783362
3,15857770,11301515,4556255,1832174,579291,2406669,4796,0.001988833,1767716,641861,0.7336209
