pid,execution_cycles,compute_cycles,idle_cycles,loads,stores,hit_count,miss_count,miss_rate,private,shared,private_rate
0,15143335,11337782,3805553,1832392,744111,2572213,4290,0.001665048,1841652,733472,0.7151702
1,14755077,11290799,3464278,1821846,585998,2403776,4068,0.001689478,1754905,651719,0.7291978
2,15426049,11337671,4088378,1838008,766181,2599754,4435,0.001703025,1836537,765632,0.7057716
3,14947356,11301515,3645841,1832174,579291,2407342,4123,0.001709749,1629759,779957,0.6763282
