pid,execution_cycles,compute_cycles,idle_cycles,loads,stores,hit_count,miss_count,miss_rate,private,shared,private_rate
0,17528802,11337782,6191020,1832392,744111,2538472,38031,0.0147607,1964343,595409,0.7673958
1,17097529,11290799,5806730,1821846,585998,2371750,36094,0.01499017,1900770,491583,0.794519
2,17478983,11337671,6141312,1838008,766181,2566064,38125,0.01463987,2010721,575645,0.777431
3,17123605,11301515,5822090,1832174,579291,2374694,36771,0.01524841,1873192,522112,0.7820268
