pid,execution_cycles,compute_cycles,idle_cycles,loads,stores,hit_count,miss_count,miss_rate,private,shared,private_rate
0,20557878,11337782,9220096,1832392,744111,2509396,67107,0.02604577,2095130,438009,0.8270884
1,20058106,11290799,8767307,1821846,585998,2343607,64237,0.02667822,1929974,437547,0.8151877
2,21073127,11337671,9735456,1838008,766181,2532156,72033,0.02766043,2133258,424488,0.8340383
3,19957603,11301515,8656088,1832174,579291,2348388,63077,0.02615713,1928443,443527,0.8130132
