pid,execution_cycles,compute_cycles,idle_cycles,loads,stores,hit_count,miss_count,miss_rate,private,shared,private_rate
0,52869003,11337782,41531221,1832392,744111,2183021,393482,0.1527194,2156687,312020,0.87361
1,40584370,11290799,29293571,1821846,585998,2136271,271573,0.1127868,2010764,312682,0.8654232
2,52583837,11337671,41246166,1838008,766181,2213866,390323,0.1498827,2193518,300209,0.8796143
3,40341901,11301515,29040386,1832174,579291,2142486,268979,0.1115417,2001622,325522,0.8601195
