pid,execution_cycles,compute_cycles,idle_cycles,loads,stores,hit_count,miss_count,miss_rate,private,shared,private_rate
0,26758406,11337782,15420624,1832392,744111,2450983,125520,0.0487172,1994276,498832,0.7999156
1,25570053,11290799,14279254,1821846,585998,2291011,116833,0.04852183,1860546,471249,0.7979029
2,26530066,11337671,15192395,1838008,766181,2480834,123355,0.04736791,2063246,459771,0.8177694
3,25665291,11301515,14363776,1832174,579291,2291946,119519,0.04956282,1813907,518806,0.7775954
