pid,execution_cycles,compute_cycles,idle_cycles,loads,stores,hit_count,miss_count,miss_rate,private,shared,private_rate
0,14811423,11337782,3473641,1832392,744111,2567441,9062,0.00351717,2044449,529942,0.7941486
1,14652211,11290799,3361412,1821846,585998,2398212,9632,0.004000259,1901974,504011,0.7905178
2,14832167,11337671,3494496,1838008,766181,2595196,8993,0.003453282,2056687,544693,0.7906138
3,14674270,11301515,3372755,1832174,579291,2401755,9710,0.004026598,1877716,531337,0.7794415
