pid,execution_cycles,compute_cycles,idle_cycles,loads,stores,hit_count,miss_count,miss_rate,private,shared,private_rate
0,16441617,11337782,5103835,1832392,744111,2555007,21496,0.008343091,2090866,477542,0.8140708
1,16339508,11290799,5048709,1821846,585998,2390449,17395,0.007224305,1922175,479845,0.8002327
2,17202353,11337671,5864682,1838008,766181,2575562,28627,0.01099267,2105625,488020,0.8118401
3,16372102,11301515,5070587,1832174,579291,2394231,17234,0.007146693,1901398,503805,0.7905354
