pid,execution_cycles,compute_cycles,idle_cycles,loads,stores,hit_count,miss_count,miss_rate,private,shared,private_rate
0,15448448,11337782,4110666,1832392,744111,2568948,7555,0.002932269,1840964,733317,0.7151372
1,15019003,11290799,3728204,1821846,585998,2400761,7083,0.002941636,1758435,647486,0.7308781
2,15644455,11337671,4306784,1838008,766181,2596423,7766,0.002982118,1863063,737888,0.7163007
3,15147991,11301515,3846476,1832174,579291,2404270,7195,0.002983663,1656016,752663,0.6875204
