pid,execution_cycles,compute_cycles,idle_cycles,loads,stores,hit_count,miss_count,miss_rate,private,shared,private_rate
0,18069754,11337782,6731972,1832392,744111,2541036,35467,0.01376556,2086379,469330,0.8163602
1,17580434,11290799,6289635,1821846,585998,2373328,34516,0.01433482,1896173,492814,0.7937142
2,18473739,11337671,7136068,1838008,766181,2565059,39130,0.01502579,2117058,464364,0.8201131
3,17492486,11301515,6190971,1832174,579291,2377992,33473,0.01388077,1874035,518832,0.7831756
