pid,execution_cycles,compute_cycles,idle_cycles,loads,stores,hit_count,miss_count,miss_rate,private,shared,private_rate
0,26551348,11337782,15213566,1832392,744111,2452789,123714,0.04801625,1943710,556705,0.777355
1,25388429,11290799,14097630,1821846,585998,2292616,115228,0.04785526,1849913,489185,0.790866
2,26290294,11337671,14952623,1838008,766181,2482245,121944,0.04682609,2037599,492816,0.805243
3,25475322,11301515,14173807,1832174,579291,2293562,117903,0.04889269,1807720,532518,0.7724513
