pid,execution_cycles,compute_cycles,idle_cycles,loads,stores,hit_count,miss_count,miss_rate,private,shared,private_rate
0,16199232,11337782,4861450,1832392,744111,2552782,23721,0.009206665,2053820,512323,0.8003529
1,15984895,11290799,4694096,1821846,585998,2383204,24640,0.01023322,1901342,496161,0.7930509
2,16242044,11337671,4904373,1838008,766181,2579673,24516,0.009414063,2074374,516593,0.8006177
3,16000474,11301515,4698959,1832174,579291,2386683,24782,0.01027674,1873310,526740,0.7805296
