pid,execution_cycles,compute_cycles,idle_cycles,loads,stores,hit_count,miss_count,miss_rate,private,shared,private_rate
0,20906853,11337782,9569071,1832392,744111,2505871,70632,0.0274139,2044995,489169,0.8069703
1,20230663,11290799,8939864,1821846,585998,2341864,65980,0.02740211,1920001,449759,0.8102091
2,20846318,11337671,9508647,1838008,766181,2534447,69742,0.0267807,2086134,473130,0.8151304
3,20388649,11301515,9087134,1832174,579291,2344034,67431,0.02796267,1876060,492178,0.7921754
