pid,execution_cycles,compute_cycles,idle_cycles,loads,stores,hit_count,miss_count,miss_rate,private,shared,private_rate
0,85430895,11337782,74093113,1832392,744111,1854113,722390,0.2803762,2223171,176632,0.9263973
1,75850348,11290799,64559549,1821846,585998,1780049,627795,0.2607291,2080756,183101,0.9191199
2,86563409,11337671,75225738,1838008,766181,1870638,733551,0.2816812,2258777,165664,0.9316692
3,75804295,11301515,64502780,1832174,579291,1784280,627185,0.2600846,2080504,187573,0.9172987
