pid,execution_cycles,compute_cycles,idle_cycles,loads,stores,hit_count,miss_count,miss_rate,private,shared,private_rate
0,26534157,11337782,15196375,1832392,744111,2448943,127560,0.04950897,2129532,389570,0.8453536
1,23229911,11290799,11939112,1821846,585998,2311368,96476,0.04006738,1971418,390063,0.8348227
2,27048108,11337671,15710437,1838008,766181,2471701,132488,0.05087496,2178916,364394,0.8567245
3,22918668,11301515,11617153,1832174,579291,2318277,93188,0.03864373,1972647,393616,0.833655
