pid,execution_cycles,compute_cycles,idle_cycles,loads,stores,hit_count,miss_count,miss_rate,private,shared,private_rate
0,84011970,11337782,72674188,1832392,744111,1868440,708063,0.2748155,2029493,250899,0.8899755
1,66072711,11290799,54781912,1821846,585998,1878800,529044,0.2197169,1922435,267543,0.877833
2,84586562,11337671,73248891,1838008,766181,1890595,713594,0.2740177,2060715,235545,0.8974223
3,65407186,11301515,54105671,1832174,579291,1889279,522186,0.2165431,1921325,276792,0.8740777
