pid,execution_cycles,compute_cycles,idle_cycles,loads,stores,hit_count,miss_count,miss_rate,private,shared,private_rate
0,104891919,11337782,93554137,1832392,744111,1657537,918966,0.3566718,2291623,114037,0.9525964
1,96255832,11290799,84965033,1821846,585998,1573933,833911,0.346331,2171361,106506,0.9532431
2,105482309,11337671,94144638,1838008,766181,1679538,924651,0.3550629,2317580,112020,0.9538936
3,96300166,11301515,84998651,1832174,579291,1577251,834214,0.3459366,2171647,108438,0.9524412
