pid,execution_cycles,compute_cycles,idle_cycles,loads,stores,hit_count,miss_count,miss_rate,private,shared,private_rate
0,20088126,11337782,8750344,1832392,744111,2510540,65963,0.02560176,1976020,581150,0.772737
1,19437346,11290799,8146547,1821846,585998,2346183,61661,0.02560839,1923684,468481,0.8041602
2,19960559,11337671,8622888,1838008,766181,2538808,65381,0.02510609,2029035,556023,0.7849089
3,19552747,11301515,8251232,1832174,579291,2348364,63101,0.02616708,1894225,500053,0.7911466
