pid,execution_cycles,compute_cycles,idle_cycles,loads,stores,hit_count,miss_count,miss_rate,private,shared,private_rate
0,20676282,11337782,9338500,1832392,744111,2508200,68303,0.02650996,1975066,570928,0.7757544
1,20021179,11290799,8730380,1821846,585998,2343980,63864,0.02652331,1923577,456734,0.80812
2,20669207,11337671,9331536,1838008,766181,2536236,67953,0.02609373,2003789,565596,0.7798711
3,20184016,11301515,8882501,1832174,579291,2346101,65364,0.02710551,1884133,495047,0.7919254
