pid,execution_cycles,compute_cycles,idle_cycles,loads,stores,hit_count,miss_count,miss_rate,private,shared,private_rate
0,18308561,11337782,6970779,1832392,744111,2538657,37846,0.0146889,2002265,552683,0.7836813
1,17699165,11290799,6408366,1821846,585998,2372172,35672,0.01481491,1848653,538597,0.774386
2,18299002,11337671,6961331,1838008,766181,2566372,37817,0.0145216,2025349,554923,0.7849362
3,17689373,11301515,6387858,1832174,579291,2375342,36123,0.01497969,1798652,591071,0.7526613
