pid,execution_cycles,compute_cycles,idle_cycles,loads,stores,hit_count,miss_count,miss_rate,private,shared,private_rate
0,18788187,11337782,7450405,1832392,744111,2539769,36734,0.01425731,2106841,459455,0.8209657
1,16694317,11290799,5403518,1821846,585998,2390250,17594,0.007306952,1965092,437357,0.8179537
2,18822428,11337671,7484757,1838008,766181,2565129,39060,0.01499891,2133117,460146,0.822561
3,16596388,11301515,5294873,1832174,579291,2394361,17104,0.007092784,1956729,449375,0.8132354
