pid,execution_cycles,compute_cycles,idle_cycles,loads,stores,hit_count,miss_count,miss_rate,private,shared,private_rate
0,16041201,11337782,4703419,1832392,744111,2555019,21484,0.008338434,2006781,564702,0.7803983
1,15944161,11290799,4653362,1821846,585998,2385162,22682,0.009420045,1906803,495956,0.793589
2,16160252,11337671,4822581,1838008,766181,2581781,22408,0.008604598,2022270,574092,0.778886
3,15972655,11301515,4671140,1832174,579291,2388640,22825,0.009465201,1865104,540005,0.7754759
