pid,execution_cycles,compute_cycles,idle_cycles,loads,stores,hit_count,miss_count,miss_rate,private,shared,private_rate
0,15214749,11337782,3876967,1832392,744111,2563367,13136,0.005098383,2062902,510244,0.8017042
1,15105235,11290799,3814436,1821846,585998,2393636,14208,0.005900714,1916459,488551,0.7968611
2,15334988,11337671,3997317,1838008,766181,2590117,14072,0.005403602,2093848,506467,0.8052286
3,15061855,11301515,3760340,1832174,579291,2397840,13625,0.005650092,1913829,494754,0.7945871
