pid,execution_cycles,compute_cycles,idle_cycles,loads,stores,hit_count,miss_count,miss_rate,private,shared,private_rate
0,16842357,11337782,5504575,1832392,744111,2554139,22364,0.008679982,1989275,575887,0.7754968
1,16340234,11290799,5049435,1821846,585998,2386655,21189,0.008799989,1850941,545713,0.7723021
2,16870781,11337671,5533110,1838008,766181,2581666,22523,0.008648758,1973901,616159,0.7621063
3,16347062,11301515,5045547,1832174,579291,2390008,21457,0.008897911,1793965,605034,0.7477973
