pid,execution_cycles,compute_cycles,idle_cycles,loads,stores,hit_count,miss_count,miss_rate,private,shared,private_rate
0,15023283,11337782,3685501,1832392,744111,2565301,11202,0.004347754,2044616,528628,0.7945675
1,14906641,11290799,3615842,1821846,585998,2395642,12202,0.005067604,1906587,498310,0.7927936
2,15050858,11337671,3713187,1838008,766181,2592987,11202,0.004301531,2062025,537836,0.7931289
3,14930383,11301515,3628868,1832174,579291,2399168,12297,0.00509939,1880855,526837,0.7811859
