pid,execution_cycles,compute_cycles,idle_cycles,loads,stores,hit_count,miss_count,miss_rate,private,shared,private_rate
0,20427396,11337782,9089614,1832392,744111,2510714,65789,0.02553422,1987458,572356,0.7764072
1,19793578,11290799,8502779,1821846,585998,2346279,61565,0.02556852,1934485,458814,0.8082922
2,20438735,11337671,9101064,1838008,766181,2538564,65625,0.02519978,2016123,566551,0.7806339
3,19951465,11301515,8649950,1832174,579291,2348450,63015,0.02613142,1896952,496163,0.7926706
