pid,execution_cycles,compute_cycles,idle_cycles,loads,stores,hit_count,miss_count,miss_rate,private,shared,private_rate
0,16262808,11337782,4925026,1832392,744111,2552414,24089,0.009349494,2058999,505544,0.8028717
1,16036159,11290799,4745360,1821846,585998,2382964,24880,0.0103329,1901071,495186,0.7933502
2,16316411,11337671,4978740,1838008,766181,2579412,24777,0.009514286,2077303,512060,0.8022448
3,16050523,11301515,4749008,1832174,579291,2386464,25001,0.01036756,1871578,527083,0.7802595
