pid,execution_cycles,compute_cycles,idle_cycles,loads,stores,hit_count,miss_count,miss_rate,private,shared,private_rate
0,52323385,11337782,40985603,1832392,744111,2180771,395732,0.1535927,2147139,314737,0.8721556
1,40316097,11290799,29025298,1821846,585998,2134845,272999,0.113379,2008249,312447,0.865365
2,52278000,11337671,40940329,1838008,766181,2211426,392763,0.1508197,2186266,300373,0.8792052
3,40090347,11301515,28788832,1832174,579291,2141093,270372,0.1121194,1996261,328522,0.858687
