pid,execution_cycles,compute_cycles,idle_cycles,loads,stores,hit_count,miss_count,miss_rate,private,shared,private_rate
0,16649784,11337782,5312002,1832392,744111,2555986,20517,0.007963119,1854301,716038,0.7214227
1,16171151,11290799,4880352,1821846,585998,2388215,19629,0.008152106,1734187,667295,0.722132
2,16719761,11337671,5382090,1838008,766181,2582777,21412,0.008222137,1925082,670128,0.7417827
3,16166002,11301515,4864487,1832174,579291,2391625,19840,0.008227364,1022506,1382325,0.4251883
