pid,execution_cycles,compute_cycles,idle_cycles,loads,stores,hit_count,miss_count,miss_rate,private,shared,private_rate
0,20687173,11337782,9349391,1832392,744111,2511752,64751,0.02513135,1813081,743350,0.7092235
1,19949949,11290799,8659150,1821846,585998,2347201,60643,0.0251856,1766598,623451,0.7391472
2,20644193,11337671,9306522,1838008,766181,2539681,64508,0.02477086,1966913,615459,0.7616691
3,19995739,11301515,8694224,1832174,579291,2349685,61780,0.02561928,1723507,669272,0.7202951
