pid,execution_cycles,compute_cycles,idle_cycles,loads,stores,hit_count,miss_count,miss_rate,private,shared,private_rate
0,62542590,11337782,51204808,1832392,744111,2085308,491195,0.1906441,2136675,287784,0.8812997
1,50935909,11290799,39645110,1821846,585998,2031710,376134,0.1562119,2024395,268235,0.8830012
2,63223169,11337671,51885498,1838008,766181,2106398,497791,0.1911501,2175220,273019,0.8884835
3,50569789,11301515,39268274,1832174,579291,2039174,372291,0.1543837,2010119,287604,0.8748309
