pid,execution_cycles,compute_cycles,idle_cycles,loads,stores,hit_count,miss_count,miss_rate,private,shared,private_rate
0,16807673,11337782,5469891,1832392,744111,2554524,21979,0.008530555,1967553,598504,0.7667612
1,16307794,11290799,5016995,1821846,585998,2386976,20868,0.008666674,1835080,562516,0.7653833
2,16829505,11337671,5491834,1838008,766181,2581912,22277,0.008554295,1974643,616412,0.7621
3,16317013,11301515,5015498,1832174,579291,2390342,21123,0.008759406,1766025,633929,0.7358579
