pid,execution_cycles,compute_cycles,idle_cycles,loads,stores,hit_count,miss_count,miss_rate,private,shared,private_rate
0,32132600,11337782,20794818,1832392,744111,2397961,178542,0.06929625,2027502,416853,0.829463
1,31009373,11290799,19718574,1821846,585998,2236580,171264,0.07112753,1864868,417736,0.8169915
2,33522624,11337671,22184953,1838008,766181,2412104,192085,0.07376001,2080241,380905,0.8452327
3,30633235,11301515,19331720,1832174,579291,2243922,167543,0.06947768,1863048,426127,0.8138513
