pid,execution_cycles,compute_cycles,idle_cycles,loads,stores,hit_count,miss_count,miss_rate,private,shared,private_rate
0,15511209,11337782,4173427,1832392,744111,2560711,15792,0.006129238,2064172,504370,0.8036357
1,15397167,11290799,4106368,1821846,585998,2391588,16256,0.006751268,1912905,488730,0.7965011
2,15587463,11337671,4249792,1838008,766181,2587948,16241,0.006236491,2086231,508904,0.8039008
3,15441721,11301515,4140206,1832174,579291,2395050,16415,0.006807065,1877886,525837,0.7812406
