pid,execution_cycles,compute_cycles,idle_cycles,loads,stores,hit_count,miss_count,miss_rate,private,shared,private_rate
0,15368771,11337782,4030989,1832392,744111,2570097,6406,0.002486316,2056614,518554,0.7986329
1,15317909,11290799,4027110,1821846,585998,2401330,6514,0.002705325,1914196,492561,0.7953424
2,15467647,11337671,4129976,1838008,766181,2597712,6477,0.002487147,2060475,541681,0.7918338
3,15437542,11301515,4136027,1832174,579291,2404907,6558,0.002719509,1873438,536321,0.7774379
