pid,execution_cycles,compute_cycles,idle_cycles,loads,stores,hit_count,miss_count,miss_rate,private,shared,private_rate
0,21224582,11337782,9886800,1832392,744111,2507815,68688,0.02665939,1972097,564324,0.7775117
1,20447222,11290799,9156423,1821846,585998,2343611,64233,0.02667656,1838440,533217,0.7751711
2,21173892,11337671,9836221,1838008,766181,2535945,68244,0.02620547,2057122,507179,0.8022155
3,20472111,11301515,9170596,1832174,579291,2345989,65476,0.02715196,1796591,576615,0.7570312
