pid,execution_cycles,compute_cycles,idle_cycles,loads,stores,hit_count,miss_count,miss_rate,private,shared,private_rate
0,26665386,11337782,15327604,1832392,744111,2447704,128799,0.04998985,2127508,413883,0.8371431
1,20653591,11290799,9362792,1821846,585998,2337592,70252,0.02917631,1980395,405319,0.8301058
2,26888189,11337671,15550518,1838008,766181,2473418,130771,0.05021563,2171608,396222,0.8456977
3,20367166,11301515,9065651,1832174,579291,2344251,67214,0.02787268,1957280,432061,0.8191715
