pid,execution_cycles,compute_cycles,idle_cycles,loads,stores,hit_count,miss_count,miss_rate,private,shared,private_rate
0,30652251,11337782,19314469,1832392,744111,2511099,65404,0.02538479,2117169,437546,0.82873
1,23534046,11290799,12243247,1821846,585998,2371585,36259,0.0150587,1953777,442129,0.8154648
2,30373991,11337671,19036320,1838008,766181,2540711,63478,0.02437534,2147034,436286,0.8311142
3,23658561,11301515,12357046,1832174,579291,2374929,36536,0.01515096,1945171,453845,0.8108204
