pid,execution_cycles,compute_cycles,idle_cycles,loads,stores,hit_count,miss_count,miss_rate,private,shared,private_rate
0,15492190,11337782,4154408,1832392,744111,2561152,15351,0.005958076,2056512,514091,0.8000115
1,15333007,11290799,4042208,1821846,585998,2392216,15628,0.006490454,1911880,490567,0.7958053
2,15545465,11337671,4207794,1838008,766181,2588730,15459,0.005936205,2072364,524094,0.7981504
3,15386641,11301515,4085126,1832174,579291,2395614,15851,0.006573183,1875351,529178,0.7799245
