pid,execution_cycles,compute_cycles,idle_cycles,loads,stores,hit_count,miss_count,miss_rate,private,shared,private_rate
0,20990523,11337782,9652741,1832392,744111,2503933,72570,0.02816608,2046655,480719,0.8097951
1,20213155,11290799,8922356,1821846,585998,2340948,66896,0.02778253,1912400,452930,0.808513
2,20979554,11337671,9641883,1838008,766181,2531971,72218,0.02773147,2088840,466118,0.8175633
3,20311366,11301515,9009851,1832174,579291,2343099,68366,0.0283504,1870732,495369,0.7906391
