pid,execution_cycles,compute_cycles,idle_cycles,loads,stores,hit_count,miss_count,miss_rate,private,shared,private_rate
0,21822937,11337782,10485155,1832392,744111,2502950,73553,0.02854761,2038964,487430,0.8070649
1,20800712,11290799,9509913,1821846,585998,2340274,67570,0.02806245,1898739,466044,0.8029231
2,21854764,11337671,10517093,1838008,766181,2530184,74005,0.02841768,2071402,480615,0.8116725
3,20854178,11301515,9552663,1832174,579291,2342693,68772,0.02851876,1828178,536743,0.7730398
