pid,execution_cycles,compute_cycles,idle_cycles,loads,stores,hit_count,miss_count,miss_rate,private,shared,private_rate
0,14803206,11337782,3465424,1832392,744111,2567524,8979,0.003484956,2052865,521066,0.7975602
1,14666071,11290799,3375272,1821846,585998,2398072,9772,0.004058402,1905364,500399,0.7919999
2,14844047,11337671,3506376,1838008,766181,2595076,9113,0.003499362,2063091,537789,0.7932281
3,14698624,11301515,3397109,1832174,579291,2401509,9956,0.004128611,1880513,528294,0.7806823
