pid,execution_cycles,compute_cycles,idle_cycles,loads,stores,hit_count,miss_count,miss_rate,private,shared,private_rate
0,24137229,11337782,12799447,1832392,744111,2471975,104528,0.04056972,2041828,469445,0.8130649
1,23060593,11290799,11769794,1821846,585998,2312634,95210,0.0395416,1914666,436289,0.8144205
2,24087974,11337671,12750303,1838008,766181,2500583,103606,0.03978436,2097580,442445,0.8258108
3,23201131,11301515,11899616,1832174,579291,2313660,97805,0.04055833,1884949,464539,0.8022808
