pid,execution_cycles,compute_cycles,idle_cycles,loads,stores,hit_count,miss_count,miss_rate,private,shared,private_rate
0,16169100,11337782,4831318,1832392,744111,2553170,23333,0.009056073,2052414,515672,0.7991999
1,15962719,11290799,4671920,1821846,585998,2383520,24324,0.01010198,1899364,500141,0.7915649
2,16215971,11337671,4878300,1838008,766181,2580024,24165,0.00927928,2064163,528728,0.7960855
3,15973672,11301515,4672157,1832174,579291,2386997,24468,0.01014653,1863713,538377,0.7758714
