pid,execution_cycles,compute_cycles,idle_cycles,loads,stores,hit_count,miss_count,miss_rate,private,shared,private_rate
0,20437989,11337782,9100207,1832392,744111,2510607,65896,0.02557575,1987154,572541,0.7763245
1,19776055,11290799,8485256,1821846,585998,2346456,61388,0.02549501,1935397,457975,0.8086486
2,20441804,11337671,9104133,1838008,766181,2538533,65656,0.02521169,2016236,566410,0.7806862
3,19951861,11301515,8650346,1832174,579291,2348446,63019,0.02613308,1896519,496190,0.7926242
