pid,execution_cycles,compute_cycles,idle_cycles,loads,stores,hit_count,miss_count,miss_rate,private,shared,private_rate
0,32582673,11337782,21244891,1832392,744111,2387755,188748,0.07325743,2031496,410196,0.8320034
1,31181711,11290799,19890912,1821846,585998,2230700,177144,0.07356955,1886345,397836,0.8258299
2,33573547,11337671,22235876,1838008,766181,2405628,198561,0.07624677,2072002,390435,0.8414437
3,31025998,11301515,19724483,1832174,579291,2235903,175562,0.07280305,1882900,405654,0.8227466
