pid,execution_cycles,compute_cycles,idle_cycles,loads,stores,hit_count,miss_count,miss_rate,private,shared,private_rate
0,26261565,11337782,14923783,1832392,744111,2451783,124720,0.0484067,2006408,496550,0.8016147
1,25203631,11290799,13912832,1821846,585998,2291632,116212,0.04826392,1925796,415951,0.8223758
2,26105792,11337671,14768121,1838008,766181,2481321,122868,0.04718091,2056385,472002,0.8133189
3,25483981,11301515,14182466,1832174,579291,2292566,118899,0.04930571,1876657,461577,0.8025959
