pid,execution_cycles,compute_cycles,idle_cycles,loads,stores,hit_count,miss_count,miss_rate,private,shared,private_rate
0,21595398,11337782,10257616,1832392,744111,2498916,77587,0.0301133,2114075,428154,0.8315832
1,18920596,11290799,7629797,1821846,585998,2355097,52747,0.02190632,1956824,423932,0.8219339
2,21947990,11337671,10610319,1838008,766181,2523319,80870,0.03105381,2165631,402322,0.8433297
3,18845140,11301515,7543625,1832174,579291,2359625,51840,0.02149731,1949561,435372,0.817449
