pid,execution_cycles,compute_cycles,idle_cycles,loads,stores,hit_count,miss_count,miss_rate,private,shared,private_rate
0,17941431,11337782,6603649,1832392,744111,2541430,35073,0.01361264,1798631,767070,0.7010291
1,17377086,11290799,6086287,1821846,585998,2374751,33093,0.01374383,1755227,642608,0.7320049
2,17934776,11337671,6597105,1838008,766181,2568908,35281,0.01354779,1945580,646230,0.7506646
3,17371763,11301515,6070248,1832174,579291,2377980,33485,0.01388575,1696905,704081,0.7067534
