pid,execution_cycles,compute_cycles,idle_cycles,loads,stores,hit_count,miss_count,miss_rate,private,shared,private_rate
0,36105773,11337782,24767991,1832392,744111,2354991,221512,0.0859739,2038321,388013,0.8400826
1,33835531,11290799,22544732,1821846,585998,2205639,202205,0.08397762,1884776,384114,0.830704
2,37701920,11337671,26364249,1838008,766181,2366588,237601,0.091238,2082545,360848,0.8523168
3,33616645,11301515,22315130,1832174,579291,2211712,199753,0.08283471,1892990,382141,0.8320356
