pid,execution_cycles,compute_cycles,idle_cycles,loads,stores,hit_count,miss_count,miss_rate,private,shared,private_rate
0,24638922,11337782,13301140,1832392,744111,2468108,108395,0.04207059,2067499,432732,0.8269232
1,23928004,11290799,12637205,1821846,585998,2304193,103651,0.04304722,1912056,424275,0.8184012
2,25402133,11337671,14064462,1838008,766181,2488354,115835,0.04448026,2123093,399378,0.8416719
3,23754298,11301515,12452783,1832174,579291,2309727,101738,0.04218929,1909092,432094,0.815438
