pid,execution_cycles,compute_cycles,idle_cycles,loads,stores,hit_count,miss_count,miss_rate,private,shared,private_rate
0,26340933,11337782,15003151,1832392,744111,2449119,127384,0.04944066,2031633,457239,0.8162867
1,25191824,11290799,13901025,1821846,585998,2289757,118087,0.04904263,1907738,421142,0.8191654
2,26156925,11337671,14819254,1838008,766181,2478958,125231,0.04808829,2086112,431970,0.8284528
3,25342308,11301515,14040793,1832174,579291,2290541,120924,0.05014545,1865022,463950,0.8007919
