pid,execution_cycles,compute_cycles,idle_cycles,loads,stores,hit_count,miss_count,miss_rate,private,shared,private_rate
0,21235862,11337782,9898080,1832392,744111,2522191,54312,0.02107973,2034922,522643,0.7956482
1,19097975,11290799,7807176,1821846,585998,2368364,39480,0.01639641,1892627,501921,0.7903901
2,22880603,11337671,11542932,1838008,766181,2539749,64440,0.02474475,2050505,533875,0.7934224
3,19205146,11301515,7903631,1832174,579291,2370256,41209,0.01708878,1858836,537816,0.775597
