pid,execution_cycles,compute_cycles,idle_cycles,loads,stores,hit_count,miss_count,miss_rate,private,shared,private_rate
0,15929773,11337782,4591991,1832392,744111,2563658,12845,0.00498544,1927884,643621,0.7497104
1,15490534,11290799,4199735,1821846,585998,2395680,12164,0.005051822,1828103,575161,0.7606751
2,16043448,11337671,4705777,1838008,766181,2591048,13141,0.005046101,1926121,671219,0.7415745
3,15545095,11301515,4243580,1832174,579291,2399110,12355,0.005123442,1723859,681499,0.7166746
