pid,execution_cycles,compute_cycles,idle_cycles,loads,stores,hit_count,miss_count,miss_rate,private,shared,private_rate
0,26409669,11337782,15071887,1832392,744111,2450287,126216,0.04898733,2036303,458366,0.8162618
1,25337479,11290799,14046680,1821846,585998,2290280,117564,0.04882542,1920966,413385,0.8229122
2,26219543,11337671,14881872,1838008,766181,2480172,124017,0.04762212,2086802,434820,0.8275634
3,25617037,11301515,14315522,1832174,579291,2291222,120243,0.04986305,1869767,461028,0.8022014
