pid,execution_cycles,compute_cycles,idle_cycles,loads,stores,hit_count,miss_count,miss_rate,private,shared,private_rate
0,15467342,11337782,4129560,1832392,744111,2561416,15087,0.005855611,2057872,513649,0.8002548
1,15336764,11290799,4045965,1821846,585998,2392253,15591,0.006475087,1911984,491355,0.7955532
2,15526536,11337671,4188865,1838008,766181,2588969,15220,0.00584443,2073322,524071,0.7982319
3,15384213,11301515,4082698,1832174,579291,2395718,15747,0.006530055,1876379,529047,0.780061
