pid,execution_cycles,compute_cycles,idle_cycles,loads,stores,hit_count,miss_count,miss_rate,private,shared,private_rate
0,15572100,11337782,4234318,1832392,744111,2560426,16077,0.006239853,2054023,515993,0.7992258
1,15408076,11290799,4117277,1821846,585998,2391557,16287,0.006764143,1909971,491986,0.7951729
2,15602582,11337671,4264911,1838008,766181,2588159,16030,0.006155467,2072134,523760,0.7982352
3,15448474,11301515,4146959,1832174,579291,2395059,16406,0.006803333,1875860,528182,0.7802942
