pid,execution_cycles,compute_cycles,idle_cycles,loads,stores,hit_count,miss_count,miss_rate,private,shared,private_rate
0,26255484,11337782,14917702,1832392,744111,2455022,121481,0.04714957,1869334,644298,0.7436785
1,25113199,11290799,13822400,1821846,585998,2294540,113304,0.0470562,1832146,519368,0.7791346
2,25963437,11337671,14625766,1838008,766181,2484151,120038,0.0460942,1983897,558973,0.7801803
3,25218803,11301515,13917288,1832174,579291,2295523,115942,0.04807949,1790411,563753,0.7605294
