pid,execution_cycles,compute_cycles,idle_cycles,loads,stores,hit_count,miss_count,miss_rate,private,shared,private_rate
0,38118300,11337782,26780518,1832392,744111,2332018,244485,0.09489024,2065534,356991,0.8526368
1,34392811,11290799,23102012,1821846,585998,2198812,209032,0.08681293,1906177,363205,0.8399542
2,39562268,11337671,28224597,1838008,766181,2345397,258792,0.09937528,2113118,326692,0.8660994
3,34082527,11301515,22781012,1832174,579291,2205712,205753,0.08532282,1905114,370957,0.8370187
