pid,execution_cycles,compute_cycles,idle_cycles,loads,stores,hit_count,miss_count,miss_rate,private,shared,private_rate
0,17053382,11337782,5715600,1832392,744111,2552079,24424,0.009479515,2062205,498595,0.8052972
1,16438295,11290799,5147496,1821846,585998,2385785,22059,0.009161308,1893654,501997,0.7904549
2,17192730,11337671,5855059,1838008,766181,2578813,25376,0.0097443,2098705,489208,0.8109643
3,16458869,11301515,5157354,1832174,579291,2388894,22571,0.00935987,1800679,596830,0.7510625
