pid,execution_cycles,compute_cycles,idle_cycles,loads,stores,hit_count,miss_count,miss_rate,private,shared,private_rate
0,16914208,11337782,5576426,1832392,744111,2553431,23072,0.008954773,2013201,550996,0.7851195
1,16362841,11290799,5072042,1821846,585998,2386415,21429,0.008899663,1872924,523291,0.7816177
2,16959452,11337671,5621781,1838008,766181,2580712,23477,0.009015091,1991807,597293,0.7693048
3,16371984,11301515,5070469,1832174,579291,2389772,21693,0.008995776,1796451,602108,0.7489709
