pid,execution_cycles,compute_cycles,idle_cycles,loads,stores,hit_count,miss_count,miss_rate,private,shared,private_rate
0,21353640,11337782,10015858,1832392,744111,2501358,75145,0.0291655,2077563,471708,0.8149636
1,19438861,11290799,8148062,1821846,585998,2349862,57982,0.02408046,1923894,461902,0.806395
2,22321319,11337671,10983648,1838008,766181,2519548,84641,0.03250187,2142188,431358,0.8323877
3,20033239,11301515,8731724,1832174,579291,2347624,63841,0.02647395,1901341,485959,0.7964399
