pid,execution_cycles,compute_cycles,idle_cycles,loads,stores,hit_count,miss_count,miss_rate,private,shared,private_rate
0,18340137,11337782,7002355,1832392,744111,2545039,31464,0.0122119,2092322,470597,0.8163824
1,17096143,11290799,5805344,1821846,585998,2384433,23411,0.009722806,1943687,454143,0.8106025
2,18722290,11337671,7384619,1838008,766181,2569768,34421,0.01321755,2125383,464197,0.8207443
3,17042919,11301515,5741404,1832174,579291,2388682,22783,0.009447784,1929865,471511,0.8036497
