pid,execution_cycles,compute_cycles,idle_cycles,loads,stores,hit_count,miss_count,miss_rate,private,shared,private_rate
0,32124978,11337782,20787196,1832392,744111,2398262,178241,0.06917943,2027193,416829,0.8294496
1,31043441,11290799,19752642,1821846,585998,2236406,171438,0.0711998,1863162,418746,0.816493
2,33484125,11337671,22146454,1838008,766181,2412634,191555,0.07355649,2076690,384104,0.8439105
3,30586221,11301515,19284706,1832174,579291,2244603,166862,0.06919528,1865941,423074,0.815172
