pid,execution_cycles,compute_cycles,idle_cycles,loads,stores,hit_count,miss_count,miss_rate,private,shared,private_rate
0,29919119,11337782,18581337,1832392,744111,2413445,163058,0.06328656,2025509,439139,0.8218249
1,28387032,11290799,17096233,1821846,585998,2258457,149387,0.06204181,1904942,405536,0.8244796
2,29851606,11337671,18513935,1838008,766181,2442203,161986,0.06220209,2075984,418910,0.8320931
3,28553007,11301515,17251492,1832174,579291,2258224,153241,0.06354685,1858451,447214,0.8060369
