pid,execution_cycles,compute_cycles,idle_cycles,loads,stores,hit_count,miss_count,miss_rate,private,shared,private_rate
0,15142830,11337782,3805048,1832392,744111,2567204,9299,0.003609156,2048148,526090,0.7956327
1,15067015,11290799,3776216,1821846,585998,2398264,9580,0.003978663,1913880,491924,0.7955262
2,15282542,11337671,3944871,1838008,766181,2594739,9450,0.003628769,2061886,539133,0.7927224
3,15174301,11301515,3872786,1832174,579291,2401786,9679,0.004013743,1876040,532562,0.7788917
