pid,execution_cycles,compute_cycles,idle_cycles,loads,stores,hit_count,miss_count,miss_rate,private,shared,private_rate
0,27900555,11337782,16562773,1832392,744111,2441047,135456,0.05257359,2035124,442340,0.8214545
1,26006976,11290799,14716177,1821846,585998,2287398,120446,0.05002234,1900955,422791,0.8180563
2,28143027,11337671,16805356,1838008,766181,2466636,137553,0.0528199,2076067,427103,0.8293752
3,26327727,11301515,15026212,1832174,579291,2287234,124231,0.05151682,1847724,473920,0.7958688
