pid,execution_cycles,compute_cycles,idle_cycles,loads,stores,hit_count,miss_count,miss_rate,private,shared,private_rate
0,15550260,11337782,4212478,1832392,744111,2559978,16525,0.006413732,2051664,518385,0.7982976
1,15362536,11290799,4071737,1821846,585998,2391037,16807,0.006980103,1908395,493544,0.7945227
2,15572489,11337671,4234818,1838008,766181,2587718,16471,0.00632481,2072437,523482,0.7983442
3,15388654,11301515,4087139,1832174,579291,2394539,16926,0.00701897,1876487,527588,0.7805443
