pid,execution_cycles,compute_cycles,idle_cycles,loads,stores,hit_count,miss_count,miss_rate,private,shared,private_rate
0,20673411,11337782,9335629,1832392,744111,2508229,68274,0.02649871,1974997,570990,0.7757294
1,20020387,11290799,8729588,1821846,585998,2343988,63856,0.02651999,1923600,456740,0.8081198
2,20668712,11337671,9331041,1838008,766181,2536241,67948,0.02609181,2003739,565610,0.7798625
3,20183719,11301515,8882204,1832174,579291,2346104,65361,0.02710427,1884112,495071,0.7919155
