pid,execution_cycles,compute_cycles,idle_cycles,loads,stores,hit_count,miss_count,miss_rate,private,shared,private_rate
0,142716968,11337782,131379186,1832392,744111,1254741,1321762,0.5130062,2207045,38231,0.9829727
1,140997702,11290799,129706903,1821846,585998,1100527,1307317,0.5429409,2069004,38073,0.9819309
2,143967661,11337671,132629990,1838008,766181,1271206,1332983,0.5118611,2221962,39449,0.9825556
3,142198136,11301515,130896621,1832174,579291,1094954,1316511,0.5459383,2066286,37753,0.9820569
