pid,execution_cycles,compute_cycles,idle_cycles,loads,stores,hit_count,miss_count,miss_rate,private,shared,private_rate
0,16209105,11337782,4871323,1832392,744111,2552851,23652,0.009179885,2058381,506885,0.8024045
1,16017781,11290799,4726982,1821846,585998,2383002,24842,0.01031711,1901008,495701,0.7931743
2,16264499,11337671,4926828,1838008,766181,2579812,24377,0.009360688,2074791,515229,0.8010714
3,16032595,11301515,4731080,1832174,579291,2386492,24973,0.01035595,1871886,527273,0.7802259
