pid,execution_cycles,compute_cycles,idle_cycles,loads,stores,hit_count,miss_count,miss_rate,private,shared,private_rate
0,21774471,11337782,10436689,1832392,744111,2496873,79630,0.03090623,2063190,457692,0.8184397
1,20779540,11290799,9488741,1821846,585998,2335249,72595,0.03014938,1917304,443790,0.8120405
2,22191395,11337671,10853724,1838008,766181,2520644,83545,0.032081,2108040,437656,0.82808
3,20863744,11301515,9562229,1832174,579291,2338177,73288,0.03039148,1892241,470681,0.8008055
