pid,execution_cycles,compute_cycles,idle_cycles,loads,stores,hit_count,miss_count,miss_rate,private,shared,private_rate
0,33736065,11337782,22398283,1832392,744111,2376283,200220,0.07770998,2092312,397337,0.8404044
1,32852569,11290799,21561770,1821846,585998,2214370,193474,0.08035155,1936511,394371,0.8308061
2,34959362,11337671,23621691,1838008,766181,2391891,212298,0.08152173,2131040,382379,0.847865
3,32600992,11301515,21299477,1832174,579291,2220677,190788,0.07911705,1936762,398960,0.829192
