pid,execution_cycles,compute_cycles,idle_cycles,loads,stores,hit_count,miss_count,miss_rate,private,shared,private_rate
0,15156549,11337782,3818767,1832392,744111,2572121,4382,0.001700755,1883916,690741,0.7317153
1,14754487,11290799,3463688,1821846,585998,2403732,4112,0.001707752,1800411,605755,0.7482489
2,15389762,11337671,4052091,1838008,766181,2599671,4518,0.001734897,1844661,756965,0.7090416
3,14911843,11301515,3610328,1832174,579291,2407272,4193,0.001738777,1678456,730762,0.6966808
