pid,execution_cycles,compute_cycles,idle_cycles,loads,stores,hit_count,miss_count,miss_rate,private,shared,private_rate
0,25129792,11337782,13792010,1832392,744111,2457446,119057,0.04620876,1991779,550589,0.7834346
1,24129331,11290799,12838532,1821846,585998,2297036,110808,0.04601959,1951114,429639,0.8195365
2,24871508,11337671,13533837,1838008,766181,2486869,117320,0.04505049,2048130,523347,0.79648
3,24340002,11301515,13038487,1832174,579291,2298067,113398,0.04702453,1913163,468438,0.8033096
