pid,execution_cycles,compute_cycles,idle_cycles,loads,stores,hit_count,miss_count,miss_rate,private,shared,private_rate
0,16867122,11337782,5529340,1832392,744111,2553898,22605,0.00877352,1989278,575758,0.7755361
1,16347096,11290799,5056297,1821846,585998,2386587,21257,0.00882823,1848485,548251,0.771251
2,16893028,11337671,5555357,1838008,766181,2581362,22827,0.008765493,1980356,609558,0.7646416
3,16355488,11301515,5053973,1832174,579291,2389925,21540,0.00893233,1792364,606587,0.7471449
