pid,execution_cycles,compute_cycles,idle_cycles,loads,stores,hit_count,miss_count,miss_rate,private,shared,private_rate
0,35523411,11337782,24185629,1832392,744111,2358229,218274,0.08471715,2110153,363261,0.8531338
1,31713277,11290799,20422478,1821846,585998,2225878,181966,0.07557217,1967812,353818,0.8475993
2,36584744,11337671,25247073,1838008,766181,2375473,228716,0.08782619,2162656,332296,0.8668127
3,31484470,11301515,20182955,1832174,579291,2231955,179510,0.07444023,1961266,365794,0.8428085
