pid,execution_cycles,compute_cycles,idle_cycles,loads,stores,hit_count,miss_count,miss_rate,private,shared,private_rate
0,25685993,11337782,14348211,1832392,744111,2458548,117955,0.04578105,1842133,699019,0.7249204
1,24599116,11290799,13308317,1821846,585998,2297902,109942,0.04565993,1798795,578776,0.7565684
2,25528791,11337671,14191120,1838008,766181,2487517,116672,0.04480166,1994479,572063,0.7771075
3,24781788,11301515,13480273,1832174,579291,2298768,112697,0.04673383,1754225,624808,0.7373689
