pid,execution_cycles,compute_cycles,idle_cycles,loads,stores,hit_count,miss_count,miss_rate,private,shared,private_rate
0,15399187,11337782,4061405,1832392,744111,2562189,14314,0.005555592,2023859,549630,0.7864261
1,15265579,11290799,3974780,1821846,585998,2393004,14840,0.00616319,1909612,495418,0.7940076
2,15455530,11337671,4117859,1838008,766181,2589779,14410,0.005533393,2046714,552788,0.7873485
3,15315635,11301515,4014120,1832174,579291,2396480,14985,0.006214065,1865437,541915,0.7748917
