pid,execution_cycles,compute_cycles,idle_cycles,loads,stores,hit_count,miss_count,miss_rate,private,shared,private_rate
0,44826431,11337782,33488649,1832392,744111,2264353,312150,0.1211526,2128691,365438,0.8534807
1,39102440,11290799,27811641,1821846,585998,2151757,256087,0.1063553,1969452,371298,0.8413765
2,44586874,11337671,33249203,1838008,766181,2294739,309450,0.1188278,2167199,351736,0.8603632
3,38836843,11301515,27535328,1832174,579291,2158224,253241,0.1050154,1958878,386418,0.835237
