pid,execution_cycles,compute_cycles,idle_cycles,loads,stores,hit_count,miss_count,miss_rate,private,shared,private_rate
0,26539823,11337782,15202041,1832392,744111,2447465,129038,0.05008261,2029430,453679,0.817294
1,25320602,11290799,14029803,1821846,585998,2288919,118925,0.04939066,1914220,412245,0.822802
2,26420642,11337671,15082971,1838008,766181,2477151,127038,0.04878217,2088771,426154,0.83055
3,25555362,11301515,14253847,1832174,579291,2289755,121710,0.05047139,1869171,456820,0.803602
