pid,execution_cycles,compute_cycles,idle_cycles,loads,stores,hit_count,miss_count,miss_rate,private,shared,private_rate
0,15689931,11337782,4352149,1832392,744111,2559201,17302,0.006715304,2054902,514195,0.7998538
1,15340816,11290799,4050017,1821846,585998,2391953,15891,0.00659968,1919295,482076,0.7992497
2,15744254,11337671,4406583,1838008,766181,2586711,17478,0.006711494,2077466,517660,0.8005261
3,15441947,11301515,4140432,1832174,579291,2394824,16641,0.006900784,1876734,526683,0.7808607
