pid,execution_cycles,compute_cycles,idle_cycles,loads,stores,hit_count,miss_count,miss_rate,private,shared,private_rate
0,16649193,11337782,5311411,1832392,744111,2570503,6000,0.002328738,2049735,525246,0.7960195
1,16125595,11290799,4834796,1821846,585998,2402472,5372,0.002231042,1915093,491331,0.7958253
2,16565690,11337671,5228019,1838008,766181,2597995,6194,0.002378476,2062723,539442,0.7926949
3,15819271,11301515,4517756,1832174,579291,2406448,5017,0.002080478,1917711,492256,0.7957416
