pid,execution_cycles,compute_cycles,idle_cycles,loads,stores,hit_count,miss_count,miss_rate,private,shared,private_rate
0,15118215,11337782,3780433,1832392,744111,2567117,9386,0.003642922,2048342,525975,0.7956837
1,15088129,11290799,3797330,1821846,585998,2398046,9798,0.0040692,1912782,493237,0.7949987
2,15241697,11337671,3904026,1838008,766181,2594630,9559,0.003670625,2056986,544025,0.7908409
3,15185083,11301515,3883568,1832174,579291,2401592,9873,0.004094192,1868902,539884,0.7758688
