pid,execution_cycles,compute_cycles,idle_cycles,loads,stores,hit_count,miss_count,miss_rate,private,shared,private_rate
0,22837938,11337782,11500156,1832392,744111,2490768,85735,0.03327572,2092531,434454,0.8280742
1,21658496,11290799,10367697,1821846,585998,2330238,77606,0.03223049,1925785,437755,0.8147884
2,23411408,11337671,12073737,1838008,766181,2513088,91101,0.03498248,2133350,417996,0.8361665
3,21634715,11301515,10333200,1832174,579291,2334192,77273,0.03204401,1924313,443242,0.8127849
