pid,execution_cycles,compute_cycles,idle_cycles,loads,stores,hit_count,miss_count,miss_rate,private,shared,private_rate
0,24557686,11337782,13219904,1832392,744111,2472737,103766,0.04027397,2024068,487278,0.8059694
1,23400626,11290799,12109827,1821846,585998,2313078,94766,0.0393572,1905252,446379,0.8101832
2,24532729,11337671,13195058,1838008,766181,2501255,102934,0.03952632,2082610,457414,0.8199174
3,23472986,11301515,12171471,1832174,579291,2314363,97102,0.04026681,1841009,508563,0.7835508
