pid,execution_cycles,compute_cycles,idle_cycles,loads,stores,hit_count,miss_count,miss_rate,private,shared,private_rate
0,26194621,11337782,14856839,1832392,744111,2450359,126144,0.04895938,2033687,459461,0.8157105
1,25113624,11290799,13822825,1821846,585998,2290309,117535,0.04881338,1905294,426754,0.8170046
2,25900476,11337671,14562805,1838008,766181,2480213,123976,0.04760638,2092010,431314,0.8290691
3,25251786,11301515,13950271,1832174,579291,2291171,120294,0.0498842,1868765,464308,0.8009887
