pid,execution_cycles,compute_cycles,idle_cycles,loads,stores,hit_count,miss_count,miss_rate,private,shared,private_rate
0,26261664,11337782,14923882,1832392,744111,2451782,124721,0.04840709,2006569,496410,0.8016723
1,25204621,11290799,13913822,1821846,585998,2291622,116222,0.04826808,1925751,415987,0.8223597
2,26106386,11337671,14768715,1838008,766181,2481315,122874,0.04718321,2056634,471755,0.8134168
3,25484575,11301515,14183060,1832174,579291,2292560,118905,0.0493082,1876632,461574,0.8025948
