pid,execution_cycles,compute_cycles,idle_cycles,loads,stores,hit_count,miss_count,miss_rate,private,shared,private_rate
0,20456730,11337782,9118948,1832392,744111,2508260,68243,0.02648668,1964099,579413,0.7721996
1,19799113,11290799,8508314,1821846,585998,2343978,63866,0.02652414,1910155,468435,0.8030619
2,20308220,11337671,8970549,1838008,766181,2536289,67900,0.02607338,2016913,554921,0.7842314
3,19870762,11301515,8569247,1832174,579291,2346091,65374,0.02710966,1883193,497656,0.7909754
