pid,execution_cycles,compute_cycles,idle_cycles,loads,stores,hit_count,miss_count,miss_rate,private,shared,private_rate
0,26676441,11337782,15338659,1832392,744111,2462087,114416,0.04440748,2096979,449597,0.8234504
1,24086779,11290799,12795980,1821846,585998,2325472,82372,0.03420986,1944697,444447,0.8139723
2,28014149,11337671,16676478,1838008,766181,2477930,126259,0.04848304,2124579,450283,0.8251234
3,24642745,11301515,13341230,1832174,579291,2322138,89327,0.03704263,1936774,454644,0.8098852
