pid,execution_cycles,compute_cycles,idle_cycles,loads,stores,hit_count,miss_count,miss_rate,private,shared,private_rate
0,101381973,11337782,90044191,1832392,744111,1692991,883512,0.3429113,2273733,116208,0.9513762
1,92450074,11290799,81159275,1821846,585998,1612375,795469,0.3303657,2140191,118222,0.9476526
2,101877917,11337671,90540246,1838008,766181,1715946,888243,0.3410824,2303262,112120,0.9535808
3,92251660,11301515,80950145,1832174,579291,1618145,793320,0.3289784,2139307,122704,0.9457545
