pid,execution_cycles,compute_cycles,idle_cycles,loads,stores,hit_count,miss_count,miss_rate,private,shared,private_rate
0,35834172,11337782,24496390,1832392,744111,2355090,221413,0.08593547,2038966,387533,0.8402913
1,33706048,11290799,22415249,1821846,585998,2205749,202095,0.08393193,1895289,373840,0.8352496
2,37447826,11337671,26110155,1838008,766181,2366755,237434,0.09117387,2085782,357945,0.853525
3,33483973,11301515,22182458,1832174,579291,2211758,199707,0.08281563,1898266,377021,0.8342974
