pid,execution_cycles,compute_cycles,idle_cycles,loads,stores,hit_count,miss_count,miss_rate,private,shared,private_rate
0,26761891,11337782,15424109,1832392,744111,2450998,125505,0.04871137,1993282,499778,0.7995323
1,25574703,11290799,14283904,1821846,585998,2291018,116826,0.04851892,1860240,471493,0.7977929
2,26521802,11337671,15184131,1838008,766181,2480832,123357,0.04736868,2063753,459383,0.8179317
3,25663280,11301515,14361765,1832174,579291,2291944,119521,0.04956365,1813329,519452,0.777325
