pid,execution_cycles,compute_cycles,idle_cycles,loads,stores,hit_count,miss_count,miss_rate,private,shared,private_rate
0,21233847,11337782,9896065,1832392,744111,2507808,68695,0.02666211,1973427,562888,0.7780686
1,20445692,11290799,9154893,1821846,585998,2343657,64187,0.02665746,1841640,529924,0.7765508
2,21173701,11337671,9836030,1838008,766181,2535975,68214,0.02619395,2059892,504507,0.803265
3,20458165,11301515,9156650,1832174,579291,2346039,65426,0.02713123,1800059,573323,0.7584363
