pid,execution_cycles,compute_cycles,idle_cycles,loads,stores,hit_count,miss_count,miss_rate,private,shared,private_rate
0,17866029,11337782,6528247,1832392,744111,2543266,33237,0.01290004,2087918,469052,0.8165594
1,17425460,11290799,6134661,1821846,585998,2375035,32809,0.01362588,1899301,490640,0.7947062
2,18346476,11337671,7008805,1838008,766181,2566502,37687,0.01447168,2116364,465663,0.8196522
3,17352316,11301515,6050801,1832174,579291,2379524,31941,0.01324548,1874072,519546,0.7829453
