pid,execution_cycles,compute_cycles,idle_cycles,loads,stores,hit_count,miss_count,miss_rate,private,shared,private_rate
0,14998731,11337782,3660949,1832392,744111,2565549,10954,0.004251499,2035148,539203,0.790548
1,14878327,11290799,3587528,1821846,585998,2395928,11916,0.004948826,1903225,502709,0.7910545
2,15030860,11337671,3693189,1838008,766181,2593189,11000,0.004223964,2057001,544000,0.7908498
3,14907118,11301515,3605603,1832174,579291,2399403,12062,0.005001939,1868205,540537,0.7755937
