pid,execution_cycles,compute_cycles,idle_cycles,loads,stores,hit_count,miss_count,miss_rate,private,shared,private_rate
0,17634175,11337782,6296393,1832392,744111,2537749,38754,0.01504132,2042188,514053,0.7989028
1,17205094,11290799,5914295,1821846,585998,2370783,37061,0.01539178,1905213,483784,0.7974949
2,17595555,11337671,6257884,1838008,766181,2565300,38889,0.01493325,2093156,489549,0.8104511
3,17238909,11301515,5937394,1832174,579291,2373734,37731,0.01564651,1874916,516614,0.7839818
