pid,execution_cycles,compute_cycles,idle_cycles,loads,stores,hit_count,miss_count,miss_rate,private,shared,private_rate
0,50907879,11337782,39570097,1832392,744111,2202765,373738,0.1450563,2077697,348046,0.8565198
1,45982894,11290799,34692095,1821846,585998,2081631,326213,0.1354793,1934342,347849,0.8475811
2,52118549,11337671,40780878,1838008,766181,2218442,385747,0.1481256,2126829,320398,0.8690771
3,46179823,11301515,34878308,1832174,579291,2083428,328037,0.1360322,1928748,357921,0.8434749
