pid,execution_cycles,compute_cycles,idle_cycles,loads,stores,hit_count,miss_count,miss_rate,private,shared,private_rate
0,15715238,11337782,4377456,1832392,744111,2572225,4278,0.00166039,2006013,568449,0.779197
1,15256455,11290799,3965656,1821846,585998,2404137,3707,0.001539552,1847162,559112,0.7676441
2,15965577,11337671,4627906,1838008,766181,2599433,4756,0.001826288,2013365,588553,0.7738003
3,15404295,11301515,4102780,1832174,579291,2407639,3826,0.001586587,1760945,648803,0.730759
