pid,execution_cycles,compute_cycles,idle_cycles,loads,stores,hit_count,miss_count,miss_rate,private,shared,private_rate
0,15505451,11337782,4167669,1832392,744111,2561037,15466,0.00600271,2055527,515069,0.7996305
1,15349473,11290799,4058674,1821846,585998,2392074,15770,0.006549428,1911582,490864,0.7956816
2,15553700,11337671,4216029,1838008,766181,2588657,15532,0.005964237,2072303,524149,0.7981288
3,15402401,11301515,4100886,1832174,579291,2395478,15987,0.00662958,1875178,529357,0.7798506
