pid,execution_cycles,compute_cycles,idle_cycles,loads,stores,hit_count,miss_count,miss_rate,private,shared,private_rate
0,15549171,11337782,4211389,1832392,744111,2559989,16514,0.006409463,2050923,519391,0.797927
1,15255220,11290799,3964421,1821846,585998,2392121,15723,0.006529908,1915263,486937,0.7972954
2,15574667,11337671,4236996,1838008,766181,2587696,16493,0.006333258,2073008,523246,0.7984612
3,15336283,11301515,4034768,1832174,579291,2395068,16397,0.006799601,1874439,529750,0.7796554
