pid,execution_cycles,compute_cycles,idle_cycles,loads,stores,hit_count,miss_count,miss_rate,private,shared,private_rate
0,26480322,11337782,15142540,1832392,744111,2448040,128463,0.04985944,2027801,455653,0.8165245
1,25297623,11290799,14006824,1821846,585998,2289468,118376,0.04916265,1912661,413983,0.8220686
2,26326658,11337671,14988987,1838008,766181,2478131,126058,0.04840586,2088011,427079,0.8301934
3,25522751,11301515,14221236,1832174,579291,2290300,121165,0.05024539,1868630,457572,0.8032965
