pid,execution_cycles,compute_cycles,idle_cycles,loads,stores,hit_count,miss_count,miss_rate,private,shared,private_rate
0,15237325,11337782,3899543,1832392,744111,2571792,4711,0.001828447,1880997,693455,0.7306398
1,14805543,11290799,3514744,1821846,585998,2403524,4320,0.001794136,1784796,621274,0.7417889
2,15453194,11337671,4115523,1838008,766181,2599288,4901,0.001881968,1864590,736907,0.7167373
3,14971017,11301515,3669502,1832174,579291,2407007,4458,0.001848669,1683543,725610,0.6988112
