pid,execution_cycles,compute_cycles,idle_cycles,loads,stores,hit_count,miss_count,miss_rate,private,shared,private_rate
0,16058526,11337782,4720744,1832392,744111,2554844,21659,0.008406355,2018759,552262,0.7851974
1,15952675,11290799,4661876,1821846,585998,2385076,22768,0.009455762,1906386,496035,0.793527
2,16157381,11337671,4819710,1838008,766181,2581810,22379,0.008593462,2030465,565937,0.7820303
3,15987604,11301515,4686089,1832174,579291,2388489,22976,0.009527818,1864757,539948,0.7754619
