pid,execution_cycles,compute_cycles,idle_cycles,loads,stores,hit_count,miss_count,miss_rate,private,shared,private_rate
0,31812194,11337782,20474412,1832392,744111,2395572,180931,0.07022348,2032020,411579,0.8315685
1,30671790,11290799,19380991,1821846,585998,2235939,171905,0.07139374,1881243,402789,0.82365
2,33015222,11337671,21677551,1838008,766181,2411355,192834,0.07404762,2076758,385236,0.8435268
3,30402921,11301515,19101406,1832174,579291,2242206,169259,0.07018928,1876431,412369,0.8198318
