pid,execution_cycles,compute_cycles,idle_cycles,loads,stores,hit_count,miss_count,miss_rate,private,shared,private_rate
0,22373956,11337782,11036174,1832392,744111,2497255,79248,0.03075797,2055723,464542,0.8156773
1,21219075,11290799,9928276,1821846,585998,2335859,71985,0.02989604,1903271,457431,0.8062309
2,22851737,11337671,11514066,1838008,766181,2520615,83574,0.03209214,2105358,439407,0.827329
3,21226678,11301515,9925163,1832174,579291,2339008,72457,0.03004688,1852297,509839,0.7841619
