pid,execution_cycles,compute_cycles,idle_cycles,loads,stores,hit_count,miss_count,miss_rate,private,shared,private_rate
0,15017398,11337782,3679616,1832392,744111,2574124,2379,0.0009233445,1817831,757955,0.7057384
1,14616773,11290799,3325974,1821846,585998,2405606,2238,0.0009294622,1751496,655722,0.7276017
2,15406511,11337671,4068840,1838008,766181,2601722,2467,0.0009473199,1773862,829165,0.6814612
3,14926475,11301515,3624960,1832174,579291,2409181,2284,0.0009471421,1589823,820645,0.6595495
