pid,execution_cycles,compute_cycles,idle_cycles,loads,stores,hit_count,miss_count,miss_rate,private,shared,private_rate
0,25356012,11337782,14018230,1832392,744111,2460930,115573,0.04485654,2088807,458105,0.8201332
1,21963955,11290799,10673156,1821846,585998,2324356,83488,0.03467334,1938907,450544,0.8114446
2,26568914,11337671,15231243,1838008,766181,2476643,127546,0.04897724,2120202,454939,0.8233343
3,22674064,11301515,11372549,1832174,579291,2320949,90516,0.03753569,1928263,463433,0.8062325
