pid,execution_cycles,compute_cycles,idle_cycles,loads,stores,hit_count,miss_count,miss_rate,private,shared,private_rate
0,19038426,11337782,7700644,1832392,744111,2524744,51759,0.02008886,2085320,457977,0.8199278
1,18562711,11290799,7271912,1821846,585998,2358712,49132,0.02040498,1906551,472768,0.8013011
2,19366763,11337671,8029092,1838008,766181,2549392,54797,0.02104187,2120507,448887,0.8252946
3,18502600,11301515,7201085,1832174,579291,2363085,48380,0.02006249,1904932,478083,0.7993789
