pid,execution_cycles,compute_cycles,idle_cycles,loads,stores,hit_count,miss_count,miss_rate,private,shared,private_rate
0,15497157,11337782,4159375,1832392,744111,2561099,15404,0.005978646,2055974,514624,0.7998038
1,15340016,11290799,4049217,1821846,585998,2392137,15707,0.006523263,1911640,490810,0.7957044
2,15548506,11337671,4210835,1838008,766181,2588699,15490,0.005948109,2072331,524120,0.7981398
3,15391428,11301515,4089913,1832174,579291,2395545,15920,0.006601796,1875326,529206,0.7799131
