pid,execution_cycles,compute_cycles,idle_cycles,loads,stores,hit_count,miss_count,miss_rate,private,shared,private_rate
0,15058463,11337782,3720681,1832392,744111,2573989,2514,0.0009757411,1884098,691438,0.7315363
1,14643032,11290799,3352233,1821846,585998,2405518,2326,0.0009660094,1803476,603521,0.7492639
2,15350796,11337671,4013125,1838008,766181,2601622,2567,0.0009857195,1792805,809925,0.6888171
3,14916268,11301515,3614753,1832174,579291,2409088,2377,0.0009857079,1652364,757844,0.685569
