pid,execution_cycles,compute_cycles,idle_cycles,loads,stores,hit_count,miss_count,miss_rate,private,shared,private_rate
0,16186857,11337782,4849075,1832392,744111,2553075,23428,0.009092945,2057749,508493,0.8018531
1,15997441,11290799,4706642,1821846,585998,2383286,24558,0.01019917,1901439,496138,0.7930669
2,16243682,11337671,4906011,1838008,766181,2579923,24266,0.009318064,2075593,515378,0.8010869
3,16010356,11301515,4708841,1832174,579291,2386773,24692,0.01023942,1873209,526937,0.7804563
