pid,execution_cycles,compute_cycles,idle_cycles,loads,stores,hit_count,miss_count,miss_rate,private,shared,private_rate
0,27388284,11337782,16050502,1832392,744111,2440402,136101,0.05282392,2041755,436015,0.8240293
1,25716055,11290799,14425256,1821846,585998,2286456,121388,0.05041356,1922472,401445,0.827255
2,27468923,11337671,16131252,1838008,766181,2467552,136637,0.05246816,2081549,424476,0.8306178
3,26057983,11301515,14756468,1832174,579291,2286768,124697,0.05171006,1873212,449068,0.8066262
