pid,execution_cycles,compute_cycles,idle_cycles,loads,stores,hit_count,miss_count,miss_rate,private,shared,private_rate
0,25720380,11337782,14382598,1832392,744111,2454102,122401,0.04750664,1965685,548582,0.7818124
1,24672563,11290799,13381764,1821846,585998,2293728,114116,0.04739344,1923393,429570,0.8174344
2,25334658,11337671,13996987,1838008,766181,2483383,120806,0.04638911,2023085,522004,0.7948975
3,24839910,11301515,13538395,1832174,579291,2294495,116970,0.04850578,1888891,465932,0.8021371
