pid,execution_cycles,compute_cycles,idle_cycles,loads,stores,hit_count,miss_count,miss_rate,private,shared,private_rate
0,15551438,11337782,4213656,1832392,744111,2567952,8551,0.00331884,1977173,595032,0.7686685
1,15088916,11290799,3798117,1821846,585998,2400136,7708,0.003201204,1878395,525796,0.7813002
2,15715160,11337671,4377489,1838008,766181,2595383,8806,0.003381475,1939862,658969,0.7464364
3,15193486,11301515,3891971,1832174,579291,2403625,7840,0.003251136,1762798,644093,0.7323963
