pid,execution_cycles,compute_cycles,idle_cycles,loads,stores,hit_count,miss_count,miss_rate,private,shared,private_rate
0,21228697,11337782,9890915,1832392,744111,2507810,68693,0.02666133,1973403,562978,0.7780389
1,20441735,11290799,9150936,1821846,585998,2343624,64220,0.02667116,1843424,528250,0.777267
2,21175229,11337671,9837558,1838008,766181,2535957,68232,0.02620086,2059124,505207,0.8029868
3,20467841,11301515,9166326,1832174,579291,2346010,65455,0.02714325,1797530,575664,0.7574307
