pid,execution_cycles,compute_cycles,idle_cycles,loads,stores,hit_count,miss_count,miss_rate,private,shared,private_rate
0,15392355,11337782,4054573,1832392,744111,2561573,14930,0.005794676,2021953,551529,0.7856876
1,15265912,11290799,3975113,1821846,585998,2392013,15831,0.006574761,1905210,499780,0.7921904
2,15429830,11337671,4092159,1838008,766181,2589159,15030,0.005771471,2046348,553166,0.7872041
3,15292030,11301515,3990515,1832174,579291,2395515,15950,0.006614237,1866975,540430,0.7755135
