pid,execution_cycles,compute_cycles,idle_cycles,loads,stores,hit_count,miss_count,miss_rate,private,shared,private_rate
0,19058523,11337782,7720741,1832392,744111,2524541,51962,0.02016765,2051078,506678,0.8019053
1,17539843,11290799,6249044,1821846,585998,2369044,38800,0.016114,1922330,470862,0.8032494
2,18536153,11337671,7198482,1838008,766181,2557782,46407,0.01782014,2104915,479810,0.8143671
3,17633182,11301515,6331667,1832174,579291,2371867,39598,0.01642072,1899515,495723,0.7930381
