pid,execution_cycles,compute_cycles,idle_cycles,loads,stores,hit_count,miss_count,miss_rate,private,shared,private_rate
0,27913858,11337782,16576076,1832392,744111,2441014,135489,0.05258639,2035830,441118,0.8219107
1,26086307,11290799,14795508,1821846,585998,2286427,121417,0.05042561,1897780,425548,0.8168369
2,28254471,11337671,16916800,1838008,766181,2465618,138571,0.05321081,2078398,423393,0.830764
3,26347409,11301515,15045894,1832174,579291,2286975,124490,0.05162422,1847635,474044,0.7958185
