pid,execution_cycles,compute_cycles,idle_cycles,loads,stores,hit_count,miss_count,miss_rate,private,shared,private_rate
0,93874605,11337782,82536823,1832392,744111,1768823,807680,0.3134792,2310253,94437,0.960728
1,85290889,11290799,74000090,1821846,585998,1684690,723154,0.3003326,2175681,98650,0.9566246
2,94587557,11337671,83249886,1838008,766181,1789586,814603,0.3128049,2343942,85257,0.9649032
3,85314829,11301515,74013314,1832174,579291,1688214,723251,0.2999218,2176169,102309,0.9550977
