pid,execution_cycles,compute_cycles,idle_cycles,loads,stores,hit_count,miss_count,miss_rate,private,shared,private_rate
0,17908848,11337782,6571066,1832392,744111,2535818,40685,0.01579078,2067210,483021,0.8105972
1,17330204,11290799,6039405,1821846,585998,2369873,37971,0.01576971,1914676,471505,0.8024018
2,17975169,11337671,6637498,1838008,766181,2562978,41211,0.01582489,2094676,482231,0.8128644
3,17390108,11301515,6088593,1832174,579291,2372737,38728,0.01605995,1871695,515957,0.7839061
