pid,execution_cycles,compute_cycles,idle_cycles,loads,stores,hit_count,miss_count,miss_rate,private,shared,private_rate
0,17808846,11337782,6471064,1832392,744111,2537164,39339,0.01526837,2059720,494915,0.8062678
1,17363722,11290799,6072923,1821846,585998,2370823,37021,0.01537517,1913293,473996,0.8014501
2,17854043,11337671,6516372,1838008,766181,2564672,39517,0.0151744,2080927,497436,0.8070729
3,17449438,11301515,6147923,1832174,579291,2373723,37742,0.01565107,1866949,521154,0.7817707
