pid,execution_cycles,compute_cycles,idle_cycles,loads,stores,hit_count,miss_count,miss_rate,private,shared,private_rate
0,16779166,11337782,5441384,1832392,744111,2554751,21752,0.008442451,1940692,627034,0.7558018
1,16263382,11290799,4972583,1821846,585998,2387400,20444,0.008490583,1801263,598218,0.7506886
2,16791200,11337671,5453529,1838008,766181,2582217,21972,0.008437176,1974573,618576,0.7614576
3,16266676,11301515,4965161,1832174,579291,2390740,20725,0.008594361,1736766,665158,0.7230728
