pid,execution_cycles,compute_cycles,idle_cycles,loads,stores,hit_count,miss_count,miss_rate,private,shared,private_rate
0,20649789,11337782,9312007,1832392,744111,2506903,69600,0.02701336,2041531,494838,0.804903
1,19985305,11290799,8694506,1821846,585998,2342642,65202,0.027079,1906105,465651,0.8036683
2,20543939,11337671,9206268,1838008,766181,2534916,69273,0.0266006,2096488,468005,0.8175058
3,20054320,11301515,8752805,1832174,579291,2344729,66736,0.02767446,1878438,495090,0.7914118
