pid,execution_cycles,compute_cycles,idle_cycles,loads,stores,hit_count,miss_count,miss_rate,private,shared,private_rate
0,26041363,11337782,14703581,1832392,744111,2451277,125226,0.04860309,2008744,491330,0.8034738
1,24969649,11290799,13678850,1821846,585998,2291478,116366,0.04832788,1909690,429087,0.8165336
2,25713552,11337671,14375881,1838008,766181,2481117,123072,0.04725924,2081618,448733,0.8226598
3,25085311,11301515,13783796,1832174,579291,2292216,119249,0.04945085,1875676,464877,0.8013816
