pid,execution_cycles,compute_cycles,idle_cycles,loads,stores,hit_count,miss_count,miss_rate,private,shared,private_rate
0,15215841,11337782,3878059,1832392,744111,2571859,4644,0.001802443,1916722,657627,0.7445463
1,14795994,11290799,3505195,1821846,585998,2403554,4290,0.001781677,1837683,568270,0.7638067
2,15407000,11337671,4069329,1838008,766181,2599451,4738,0.001819376,1854282,747056,0.7128186
3,14949891,11301515,3648376,1832174,579291,2407104,4361,0.001808444,1722339,686657,0.7149613
