pid,execution_cycles,compute_cycles,idle_cycles,loads,stores,hit_count,miss_count,miss_rate,private,shared,private_rate
0,21353132,11337782,10015350,1832392,744111,2506860,69643,0.02703005,1997223,535686,0.7885096
1,20541626,11290799,9250827,1821846,585998,2342716,65128,0.02704826,1857194,510874,0.7842655
2,21297496,11337671,9959825,1838008,766181,2535290,68899,0.02645699,2052097,508238,0.8014955
3,20570635,11301515,9269120,1832174,579291,2345132,66333,0.02750735,1809066,560452,0.7634743
