pid,execution_cycles,compute_cycles,idle_cycles,loads,stores,hit_count,miss_count,miss_rate,private,shared,private_rate
0,25704591,11337782,14366809,1832392,744111,2457409,119094,0.04622312,1998167,547199,0.7850215
1,24686554,11290799,13395755,1821846,585998,2296855,110989,0.04609476,1962471,419810,0.8237781
2,25569608,11337671,14231937,1838008,766181,2486737,117452,0.04510118,2040859,528171,0.7944084
3,24956212,11301515,13654697,1832174,579291,2297897,113568,0.04709502,1916745,463827,0.8051615
