pid,execution_cycles,compute_cycles,idle_cycles,loads,stores,hit_count,miss_count,miss_rate,private,shared,private_rate
0,16264905,11337782,4927123,1832392,744111,2552371,24132,0.009366184,2058674,505882,0.8027409
1,16035808,11290799,4745009,1821846,585998,2383037,24807,0.01030258,1902082,494195,0.7937655
2,16316987,11337671,4979316,1838008,766181,2579364,24825,0.009532718,2077415,511950,0.8022874
3,16051531,11301515,4750016,1832174,579291,2386504,24961,0.01035097,1870871,527767,0.7799722
