pid,execution_cycles,compute_cycles,idle_cycles,loads,stores,hit_count,miss_count,miss_rate,private,shared,private_rate
0,16859271,11337782,5521489,1832392,744111,2571125,5378,0.002087325,2048456,526948,0.7953921
1,16503643,11290799,5212844,1821846,585998,2402816,5028,0.002088175,1902672,504007,0.7905799
2,16777880,11337671,5440209,1838008,766181,2598857,5332,0.00204747,2053701,548869,0.789105
3,16177783,11301515,4876268,1832174,579291,2406728,4737,0.001964366,1909966,500311,0.7924259
