pid,execution_cycles,compute_cycles,idle_cycles,loads,stores,hit_count,miss_count,miss_rate,private,shared,private_rate
0,26538510,11337782,15200728,1832392,744111,2452805,123698,0.04801004,1941224,559109,0.7763862
1,25382129,11290799,14091330,1821846,585998,2292641,115203,0.04784488,1846590,492573,0.7894234
2,26277612,11337671,14939941,1838008,766181,2482253,121936,0.04682302,2038118,492296,0.8054484
3,25465625,11301515,14164110,1832174,579291,2293583,117882,0.04888398,1807197,532991,0.7722444
