pid,execution_cycles,compute_cycles,idle_cycles,loads,stores,hit_count,miss_count,miss_rate,private,shared,private_rate
0,19845848,11337782,8508066,1832392,744111,2519930,56573,0.02195728,2131191,428394,0.8326315
1,17222550,11290799,5931751,1821846,585998,2379099,28745,0.01193807,1975959,422588,0.823815
2,20213327,11337671,8875656,1838008,766181,2544012,60177,0.02310777,2150963,435092,0.8317545
3,17047616,11301515,5746101,1832174,579291,2384353,27112,0.01124296,1961949,440703,0.8165764
