pid,execution_cycles,compute_cycles,idle_cycles,loads,stores,hit_count,miss_count,miss_rate,private,shared,private_rate
0,26294925,11337782,14957143,1832392,744111,2449751,126752,0.04919536,2032189,458037,0.8160661
1,25193401,11290799,13902602,1821846,585998,2289926,117918,0.04897244,1907218,421929,0.8188483
2,26104684,11337671,14767013,1838008,766181,2479613,124576,0.04783677,2084833,433556,0.8278439
3,25357062,11301515,14055547,1832174,579291,2290707,120758,0.05007661,1864877,464197,0.8006946
