pid,execution_cycles,compute_cycles,idle_cycles,loads,stores,hit_count,miss_count,miss_rate,private,shared,private_rate
0,16992903,11337782,5655121,1832392,744111,2546501,30002,0.01164447,2093603,469672,0.8167688
1,16393840,11290799,5103041,1821846,585998,2383817,24027,0.009978636,1941347,456682,0.8095594
2,17318162,11337671,5980491,1838008,766181,2571199,32990,0.01266805,2117864,472214,0.8176835
3,16370392,11301515,5068877,1832174,579291,2387941,23524,0.009755066,1935446,466085,0.8059217
