pid,execution_cycles,compute_cycles,idle_cycles,loads,stores,hit_count,miss_count,miss_rate,private,shared,private_rate
0,17932675,11337782,6594893,1832392,744111,2541509,34994,0.01358198,1799857,765933,0.7014826
1,17376172,11290799,6085373,1821846,585998,2374787,33057,0.01372888,1755683,642221,0.732174
2,17934070,11337671,6596399,1838008,766181,2568865,35324,0.0135643,1944281,647493,0.7501738
3,17374312,11301515,6072797,1832174,579291,2378001,33464,0.01387704,1701500,699490,0.708666
