pid,execution_cycles,compute_cycles,idle_cycles,loads,stores,hit_count,miss_count,miss_rate,private,shared,private_rate
0,25217582,11337782,13879800,1832392,744111,2468357,108146,0.04197395,2065867,434172,0.8263339
1,24354481,11290799,13063682,1821846,585998,2304350,103494,0.04298202,1906558,429642,0.8160937
2,25988766,11337671,14651095,1838008,766181,2488717,115472,0.04434087,2118789,403604,0.8399916
3,24189336,11301515,12887821,1832174,579291,2309801,101664,0.0421586,1905028,435904,0.8137904
