pid,execution_cycles,compute_cycles,idle_cycles,loads,stores,hit_count,miss_count,miss_rate,private,shared,private_rate
0,26341992,11337782,15004210,1832392,744111,2455547,120956,0.0469458,2071838,424857,0.8298322
1,25093102,11290799,13802303,1821846,585998,2295504,112340,0.04665585,1914833,420560,0.819919
2,27013736,11337671,15676065,1838008,766181,2476890,127299,0.0488824,2129256,390639,0.8449781
3,24988159,11301515,13686644,1832174,579291,2300426,111039,0.04604628,1912099,427321,0.8173389
