pid,execution_cycles,compute_cycles,idle_cycles,loads,stores,hit_count,miss_count,miss_rate,private,shared,private_rate
0,15494424,11337782,4156642,1832392,744111,2560542,15961,0.006194831,2062669,505961,0.803023
1,15365605,11290799,4074806,1821846,585998,2391006,16838,0.006992978,1910479,491163,0.7954887
2,15560312,11337671,4222641,1838008,766181,2587841,16348,0.006277578,2081621,513544,0.8021151
3,15398752,11301515,4097237,1832174,579291,2394437,17028,0.007061268,1878502,525248,0.7814881
