pid,execution_cycles,compute_cycles,idle_cycles,loads,stores,hit_count,miss_count,miss_rate,private,shared,private_rate
0,21016001,11337782,9678219,1832392,744111,2509481,67022,0.02601278,1900895,642303,0.7474428
1,20265887,11290799,8975088,1821846,585998,2344873,62971,0.02615244,1811813,566101,0.7619338
2,20973516,11337671,9635845,1838008,766181,2537302,66887,0.02568439,1995516,575410,0.7761857
3,20287031,11301515,8985516,1832174,579291,2347197,64268,0.02665102,1765210,614404,0.7418052
