pid,execution_cycles,compute_cycles,idle_cycles,loads,stores,hit_count,miss_count,miss_rate,private,shared,private_rate
0,21646908,11337782,10309126,1832392,744111,2504760,71743,0.02784511,2033169,494162,0.8044728
1,20677315,11290799,9386516,1821846,585998,2341726,66118,0.02745942,1896877,468411,0.8019645
2,21674007,11337671,10336336,1838008,766181,2532197,71992,0.02764469,2069229,484240,0.8103599
3,20743541,11301515,9442026,1832174,579291,2344105,67360,0.02793323,1827211,538615,0.7723353
