pid,execution_cycles,compute_cycles,idle_cycles,loads,stores,hit_count,miss_count,miss_rate,private,shared,private_rate
0,16083529,11337782,4745747,1832392,744111,2562140,14363,0.00557461,2031429,536881,0.7909594
1,15569227,11290799,4278428,1821846,585998,2394909,12935,0.005372026,1887053,514465,0.7857751
2,16216135,11337671,4878464,1838008,766181,2589109,15080,0.00579067,2030507,564493,0.782469
3,15620358,11301515,4318843,1832174,579291,2398309,13156,0.005455605,1782446,621222,0.7415525
