pid,execution_cycles,compute_cycles,idle_cycles,loads,stores,hit_count,miss_count,miss_rate,private,shared,private_rate
0,28642761,11337782,17304979,1832392,744111,2430106,146397,0.05682004,2124855,395657,0.8430251
1,24347492,11290799,13056693,1821846,585998,2302180,105664,0.04388324,1963192,401684,0.8301459
2,29442439,11337671,18104768,1838008,766181,2449358,154831,0.05945459,2156034,390943,0.8465071
3,24350259,11301515,13048744,1832174,579291,2306232,105233,0.04363862,1947500,420479,0.8224313
