pid,execution_cycles,compute_cycles,idle_cycles,loads,stores,hit_count,miss_count,miss_rate,private,shared,private_rate
0,17942397,11337782,6604615,1832392,744111,2535815,40688,0.01579195,2067782,482268,0.810879
1,17411143,11290799,6120344,1821846,585998,2370344,37500,0.0155741,1919314,466881,0.8043408
2,18015908,11337671,6678237,1838008,766181,2563037,41152,0.01580223,2095273,481662,0.8130873
3,17500225,11301515,6198710,1832174,579291,2373210,38255,0.0158638,1868892,518618,0.7827787
