pid,execution_cycles,compute_cycles,idle_cycles,loads,stores,hit_count,miss_count,miss_rate,private,shared,private_rate
0,16191105,11337782,4853323,1832392,744111,2552895,23608,0.009162807,2056119,510067,0.8012354
1,15987343,11290799,4696544,1821846,585998,2383168,24676,0.01024817,1901325,496209,0.7930336
2,16238489,11337671,4900818,1838008,766181,2579718,24471,0.009396783,2075557,515394,0.8010792
3,15999151,11301515,4697636,1832174,579291,2386692,24773,0.01027301,1872938,527154,0.7803609
