pid,execution_cycles,compute_cycles,idle_cycles,loads,stores,hit_count,miss_count,miss_rate,private,shared,private_rate
0,16015617,11337782,4677835,1832392,744111,2562834,13669,0.005305253,1958691,611578,0.7620568
1,15552432,11290799,4261633,1821846,585998,2395090,12754,0.005296855,1851941,550216,0.7709492
2,16110773,11337671,4773102,1838008,766181,2590336,13853,0.005319506,1934433,661765,0.7451023
3,15657429,11301515,4355914,1832174,579291,2398016,13449,0.005577108,1773092,631071,0.7375091
