pid,execution_cycles,compute_cycles,idle_cycles,loads,stores,hit_count,miss_count,miss_rate,private,shared,private_rate
0,21803676,11337782,10465894,1832392,744111,2496550,79953,0.0310316,2063029,457640,0.818445
1,20792527,11290799,9501728,1821846,585998,2335128,72716,0.03019963,1918753,442417,0.8126281
2,22186373,11337671,10848702,1838008,766181,2520626,83563,0.03208792,2108246,437618,0.8281063
3,20889673,11301515,9588158,1832174,579291,2337910,73555,0.03050221,1893120,469461,0.8012932
