pid,execution_cycles,compute_cycles,idle_cycles,loads,stores,hit_count,miss_count,miss_rate,private,shared,private_rate
0,23426184,11337782,12088402,1832392,744111,2503049,73454,0.02850918,2123209,428767,0.8319863
1,18466119,11290799,7175320,1821846,585998,2371104,36740,0.01525846,1966332,427355,0.8214658
2,23949261,11337671,12611590,1838008,766181,2526394,77795,0.02987302,2165053,413308,0.8397013
3,18412248,11301515,7110733,1832174,579291,2375006,36459,0.01511903,1947659,449375,0.8125287
