pid,execution_cycles,compute_cycles,idle_cycles,loads,stores,hit_count,miss_count,miss_rate,private,shared,private_rate
0,21238612,11337782,9900830,1832392,744111,2507804,68699,0.02666366,1974152,562135,0.778363
1,20442939,11290799,9152140,1821846,585998,2343639,64205,0.02666493,1844166,527526,0.777574
2,21175950,11337671,9838279,1838008,766181,2535965,68224,0.02619779,2060295,504119,0.8034175
3,20469064,11301515,9167549,1832174,579291,2346018,65447,0.02713993,1798912,574301,0.758007
