pid,execution_cycles,compute_cycles,idle_cycles,loads,stores,hit_count,miss_count,miss_rate,private,shared,private_rate
0,42374805,11337782,31037023,1832392,744111,2289023,287480,0.1115776,2009268,389432,0.8376487
1,40400626,11290799,29109827,1821846,585998,2138127,269717,0.112016,1869244,374442,0.833113
2,44445641,11337671,33107970,1838008,766181,2296070,308119,0.1183167,2061016,354325,0.8533023
3,40156078,11301515,28854563,1832174,579291,2144363,267102,0.1107634,1875504,375698,0.8331123
