pid,execution_cycles,compute_cycles,idle_cycles,loads,stores,hit_count,miss_count,miss_rate,private,shared,private_rate
0,17812509,11337782,6474727,1832392,744111,2537127,39376,0.01528273,2058533,496067,0.8058142
1,17363326,11290799,6072527,1821846,585998,2370827,37017,0.0153735,1913269,474035,0.801435
2,17855627,11337671,6517956,1838008,766181,2564656,39533,0.01518054,2081694,496744,0.8073469
3,17448052,11301515,6146537,1832174,579291,2373737,37728,0.01564526,1866952,521162,0.7817684
