pid,execution_cycles,compute_cycles,idle_cycles,loads,stores,hit_count,miss_count,miss_rate,private,shared,private_rate
0,21037093,11337782,9699311,1832392,744111,2509335,67168,0.02606944,1877183,665996,0.7381246
1,20276440,11290799,8985641,1821846,585998,2344913,62931,0.02613583,1800974,577140,0.7573119
2,20965306,11337671,9627635,1838008,766181,2537350,66839,0.02566596,2000834,570188,0.7782252
3,20289467,11301515,8987952,1832174,579291,2347439,64026,0.02655067,1787577,592935,0.7509212
