pid,execution_cycles,compute_cycles,idle_cycles,loads,stores,hit_count,miss_count,miss_rate,private,shared,private_rate
0,16052829,11337782,4715047,1832392,744111,2553995,22508,0.008735872,2001470,569904,0.778366
1,15843865,11290799,4553066,1821846,585998,2384494,23350,0.009697472,1901334,501133,0.791409
2,16107467,11337671,4769796,1838008,766181,2580672,23517,0.009030451,2023433,573022,0.779306
3,15847258,11301515,4545743,1832174,579291,2388039,23426,0.009714427,1866723,538664,0.7760593
