pid,execution_cycles,compute_cycles,idle_cycles,loads,stores,hit_count,miss_count,miss_rate,private,shared,private_rate
0,98656190,11337782,87318408,1832392,744111,1692193,884310,0.343221,2228478,125868,0.946538
1,90379170,11290799,79088371,1821846,585998,1608459,799385,0.331992,2107549,117999,0.9469798
2,99337072,11337671,87999401,1838008,766181,1715264,888925,0.3413443,2258928,118759,0.9500527
3,90290054,11301515,78988539,1832174,579291,1605151,806314,0.3343669,2118827,119172,0.9467506
