pid,execution_cycles,compute_cycles,idle_cycles,loads,stores,hit_count,miss_count,miss_rate,private,shared,private_rate
0,16161981,11337782,4824199,1832392,744111,2553799,22704,0.008811944,2048193,519926,0.797546
1,16035637,11290799,4744838,1821846,585998,2384238,23606,0.009803791,1906319,493609,0.7943234
2,16257965,11337671,4920294,1838008,766181,2580794,23395,0.008983603,2060805,532131,0.7947767
3,16069378,11301515,4767863,1832174,579291,2387663,23802,0.009870349,1861102,540586,0.7749141
