pid,execution_cycles,compute_cycles,idle_cycles,loads,stores,hit_count,miss_count,miss_rate,private,shared,private_rate
0,15269962,11337782,3932180,1832392,744111,2571287,5216,0.002024449,1997582,575972,0.7761959
1,14834819,11290799,3544020,1821846,585998,2403245,4599,0.001910007,1867062,538524,0.776136
2,15461848,11337671,4124177,1838008,766181,2598547,5642,0.002166509,1993023,607806,0.766303
3,14970686,11301515,3669171,1832174,579291,2406769,4696,0.001947364,1760693,648078,0.7309508
