pid,execution_cycles,compute_cycles,idle_cycles,loads,stores,hit_count,miss_count,miss_rate,private,shared,private_rate
0,15216144,11337782,3878362,1832392,744111,2566506,9997,0.003880065,2055326,517931,0.7987255
1,15107023,11290799,3816224,1821846,585998,2397696,10148,0.004214559,1915970,488987,0.7966754
2,15303764,11337671,3966093,1838008,766181,2594033,10156,0.003899871,2063131,536710,0.7935605
3,15198577,11301515,3897062,1832174,579291,2401202,10263,0.004255919,1878864,528805,0.7803664
