pid,execution_cycles,compute_cycles,idle_cycles,loads,stores,hit_count,miss_count,miss_rate,private,shared,private_rate
0,16216134,11337782,4878352,1832392,744111,2553252,23251,0.009024247,2062508,502793,0.8040023
1,16109491,11290799,4818692,1821846,585998,2383492,24352,0.01011361,1905813,491160,0.7950916
2,16306376,11337671,4968705,1838008,766181,2580305,23884,0.009171377,2074371,515658,0.8009065
3,16135312,11301515,4833797,1832174,579291,2386997,24468,0.01014653,1870341,528568,0.7796632
