pid,execution_cycles,compute_cycles,idle_cycles,loads,stores,hit_count,miss_count,miss_rate,private,shared,private_rate
0,14698167,11337782,3360385,1832392,744111,2568585,7918,0.003073158,2038017,537747,0.7912282
1,14511334,11290799,3220535,1821846,585998,2399635,8209,0.003409274,1892253,514934,0.7860848
2,14691785,11337671,3354114,1838008,766181,2596614,7575,0.002908775,2046136,556882,0.7860629
3,14539234,11301515,3237719,1832174,579291,2403119,8346,0.003460967,1870634,539783,0.7760624
