pid,execution_cycles,compute_cycles,idle_cycles,loads,stores,hit_count,miss_count,miss_rate,private,shared,private_rate
0,17758455,11337782,6420673,1832392,744111,2537673,38830,0.01507081,2053686,503650,0.8030568
1,17301055,11290799,6010256,1821846,585998,2371456,36388,0.01511227,1919499,470625,0.803096
2,17799197,11337671,6461526,1838008,766181,2565226,38963,0.01496166,2075057,506175,0.8039018
3,17440231,11301515,6138716,1832174,579291,2373816,37649,0.0156125,1867492,522400,0.7814127
