pid,execution_cycles,compute_cycles,idle_cycles,loads,stores,hit_count,miss_count,miss_rate,private,shared,private_rate
0,16729490,11337782,5391708,1832392,744111,2559715,16788,0.006515808,2076174,492354,0.8083128
1,16448712,11290799,5157913,1821846,585998,2391152,16692,0.006932343,1895495,505158,0.7895748
2,17085853,11337671,5748182,1838008,766181,2585043,19146,0.007352001,2102048,493231,0.8099507
3,16345860,11301515,5044345,1832174,579291,2395607,15858,0.006576085,1870635,533830,0.7779839
