pid,execution_cycles,compute_cycles,idle_cycles,loads,stores,hit_count,miss_count,miss_rate,private,shared,private_rate
0,17753406,11337782,6415624,1832392,744111,2537724,38779,0.01505102,2058028,497775,0.8052373
1,17351248,11290799,6060449,1821846,585998,2370949,36895,0.01532284,1913400,474789,0.8011929
2,17797415,11337671,6459744,1838008,766181,2565244,38945,0.01495475,2079492,500124,0.8061246
3,17433796,11301515,6132281,1832174,579291,2373881,37584,0.01558555,1867687,521334,0.7817792
