pid,execution_cycles,compute_cycles,idle_cycles,loads,stores,hit_count,miss_count,miss_rate,private,shared,private_rate
0,15953184,11337782,4615402,1832392,744111,2563438,13065,0.005070827,1952402,618166,0.7595216
1,15509850,11290799,4219051,1821846,585998,2395493,12351,0.005129485,1852105,550250,0.7709539
2,16054642,11337671,4716971,1838008,766181,2590902,13287,0.005102164,1927043,669351,0.7421998
3,15561349,11301515,4259834,1832174,579291,2398931,12534,0.00519767,1746818,657624,0.7264962
