pid,execution_cycles,compute_cycles,idle_cycles,loads,stores,hit_count,miss_count,miss_rate,private,shared,private_rate
0,18124878,11337782,6787096,1832392,744111,2540061,36442,0.01414398,1852711,706786,0.7238575
1,17551992,11290799,6261193,1821846,585998,2373475,34369,0.01427377,1802908,589381,0.753633
2,18119135,11337671,6781464,1838008,766181,2567528,36661,0.0140777,1951157,634927,0.7544832
3,17543656,11301515,6242141,1832174,579291,2376651,34814,0.01443687,1749528,645338,0.7305327
