pid,execution_cycles,compute_cycles,idle_cycles,loads,stores,hit_count,miss_count,miss_rate,private,shared,private_rate
0,20688269,11337782,9350487,1832392,744111,2511741,64762,0.02513562,1824668,731886,0.7137217
1,19950143,11290799,8659344,1821846,585998,2347317,60527,0.02513743,1775681,614631,0.7428658
2,20647741,11337671,9310070,1838008,766181,2539645,64544,0.02478468,1968396,614242,0.7621649
3,19995014,11301515,8693499,1832174,579291,2349751,61714,0.02559191,1734343,658433,0.7248246
