pid,execution_cycles,compute_cycles,idle_cycles,loads,stores,hit_count,miss_count,miss_rate,private,shared,private_rate
0,83024657,11337782,71686875,1832392,744111,1830056,746447,0.2897132,2018966,256710,0.887194
1,67252737,11290799,55961938,1821846,585998,1828472,579372,0.2406186,1922945,258663,0.8814347
2,84730649,11337671,73392978,1838008,766181,1845171,759018,0.2914604,2068481,224221,0.9022023
3,66795750,11301515,55494235,1832174,579291,1837344,574121,0.2380798,1911201,275774,0.8739016
