pid,execution_cycles,compute_cycles,idle_cycles,loads,stores,hit_count,miss_count,miss_rate,private,shared,private_rate
0,14890920,11337782,3553138,1832392,744111,2566638,9865,0.003828833,2051891,521749,0.797272
1,14692405,11290799,3401606,1821846,585998,2397806,10038,0.004168875,1908927,496693,0.7935281
2,14921168,11337671,3583497,1838008,766181,2594297,9892,0.003798495,2065964,534732,0.7943889
3,14734462,11301515,3432947,1832174,579291,2401147,10318,0.004278727,1883779,524877,0.7820872
