pid,execution_cycles,compute_cycles,idle_cycles,loads,stores,hit_count,miss_count,miss_rate,private,shared,private_rate
0,48247099,11337782,36909317,1832392,744111,2245210,331293,0.1285824,2144918,332197,0.8658936
1,37127742,11290799,25836943,1821846,585998,2182822,225022,0.09345373,2003598,337649,0.8557824
2,49050373,11337671,37712702,1838008,766181,2265152,339037,0.1301891,2185684,317111,0.8732973
3,36692023,11301515,25390508,1832174,579291,2190604,220861,0.09158789,1984565,361077,0.8460647
