pid,execution_cycles,compute_cycles,idle_cycles,loads,stores,hit_count,miss_count,miss_rate,private,shared,private_rate
0,26540304,11337782,15202522,1832392,744111,2452667,123836,0.0480636,1945756,554280,0.7782912
1,25398320,11290799,14107521,1821846,585998,2292553,115291,0.04788142,1851246,487837,0.7914409
2,26298883,11337671,14961212,1838008,766181,2482239,121950,0.0468284,2046254,484141,0.8086698
3,25481532,11301515,14180017,1832174,579291,2293548,117917,0.04889849,1815714,524609,0.7758391
