pid,execution_cycles,compute_cycles,idle_cycles,loads,stores,hit_count,miss_count,miss_rate,private,shared,private_rate
0,15148573,11337782,3810791,1832392,744111,2572210,4293,0.001666212,1838072,737050,0.7137806
1,14752077,11290799,3461278,1821846,585998,2403773,4071,0.001690724,1759988,646629,0.731312
2,15424743,11337671,4087072,1838008,766181,2599738,4451,0.001709169,1836527,765621,0.7057735
3,14944753,11301515,3643238,1832174,579291,2407335,4130,0.001712652,1633603,776102,0.6779266
