pid,execution_cycles,compute_cycles,idle_cycles,loads,stores,hit_count,miss_count,miss_rate,private,shared,private_rate
0,24884707,11337782,13546925,1832392,744111,2468938,107565,0.04174845,2061068,460665,0.8173221
1,22716075,11290799,11425276,1821846,585998,2319034,88810,0.03688362,1921646,439082,0.8140057
2,24785505,11337671,13447834,1838008,766181,2497979,106210,0.04078429,2087890,460242,0.8193806
3,23010737,11301515,11709222,1832174,579291,2320116,91349,0.03788112,1885189,478443,0.7975814
