pid,execution_cycles,compute_cycles,idle_cycles,loads,stores,hit_count,miss_count,miss_rate,private,shared,private_rate
0,34171533,11337782,22833751,1832392,744111,2374255,202248,0.07849709,2107515,369989,0.8506606
1,31069665,11290799,19778866,1821846,585998,2234458,173386,0.07200882,1966646,357337,0.8462394
2,35126528,11337671,23788857,1838008,766181,2392831,211358,0.08116078,2173657,325538,0.8697429
3,30942412,11301515,19640897,1832174,579291,2239576,171889,0.07127991,1962143,367191,0.8423622
