pid,execution_cycles,compute_cycles,idle_cycles,loads,stores,hit_count,miss_count,miss_rate,private,shared,private_rate
0,40764351,11337782,29426569,1832392,744111,2305131,271372,0.1053257,2043734,370441,0.8465559
1,36871325,11290799,25580526,1821846,585998,2172836,235008,0.09760101,1897509,363875,0.8390919
2,42547472,11337671,31209801,1838008,766181,2315181,289008,0.1109781,2095878,335225,0.8621099
3,36704916,11301515,25403401,1832174,579291,2178362,233103,0.09666448,1902509,365214,0.8389512
