pid,execution_cycles,compute_cycles,idle_cycles,loads,stores,hit_count,miss_count,miss_rate,private,shared,private_rate
0,66957557,11337782,55619775,1832392,744111,2009451,567052,0.2200859,2168560,240533,0.9001562
1,57497641,11290799,46206842,1821846,585998,1935286,472558,0.1962577,2047302,229984,0.8990096
2,66801346,11337671,55463675,1838008,766181,2042233,561956,0.2157893,2200243,233162,0.9041828
3,55944288,11301515,44642773,1832174,579291,1956118,455347,0.1888259,2046799,242753,0.8939736
