pid,execution_cycles,compute_cycles,idle_cycles,loads,stores,hit_count,miss_count,miss_rate,private,shared,private_rate
0,20427792,11337782,9090010,1832392,744111,2510710,65793,0.02553577,1987480,572338,0.7764146
1,19793380,11290799,8502581,1821846,585998,2346281,61563,0.02556769,1934516,458791,0.8083025
2,20439230,11337671,9101559,1838008,766181,2538559,65630,0.0252017,2016068,566595,0.780616
3,19951960,11301515,8650445,1832174,579291,2348445,63020,0.02613349,1896960,496159,0.7926727
