pid,execution_cycles,compute_cycles,idle_cycles,loads,stores,hit_count,miss_count,miss_rate,private,shared,private_rate
0,32505936,11337782,21168154,1832392,744111,2388562,187941,0.07294422,2133369,379687,0.8489142
1,25833991,11290799,14543192,1821846,585998,2284804,123040,0.05109966,1974368,389109,0.8353659
2,32606897,11337671,21269226,1838008,766181,2415514,188675,0.07245058,2169348,369789,0.8543643
3,25609144,11301515,14307629,1832174,579291,2290869,120596,0.05000943,1968827,399383,0.8313566
