pid,execution_cycles,compute_cycles,idle_cycles,loads,stores,hit_count,miss_count,miss_rate,private,shared,private_rate
0,17812311,11337782,6474529,1832392,744111,2537129,39374,0.01528195,2058857,495729,0.8059455
1,17363623,11290799,6072824,1821846,585998,2370824,37020,0.01537475,1913276,474020,0.8014406
2,17854241,11337671,6516570,1838008,766181,2564670,39519,0.01517517,2081643,496761,0.8073378
3,17448349,11301515,6146834,1832174,579291,2373734,37731,0.01564651,1866954,521144,0.7817744
