pid,execution_cycles,compute_cycles,idle_cycles,loads,stores,hit_count,miss_count,miss_rate,private,shared,private_rate
0,16791522,11337782,5453740,1832392,744111,2571156,5347,0.002075294,2037212,537968,0.791095
1,16315840,11290799,5025041,1821846,585998,2402865,4979,0.002067825,1906137,500413,0.7920621
2,16710626,11337671,5372955,1838008,766181,2598799,5390,0.002069742,2067291,535304,0.7943191
3,16001101,11301515,4699586,1832174,579291,2406814,4651,0.001928703,1911861,498313,0.793246
