pid,execution_cycles,compute_cycles,idle_cycles,loads,stores,hit_count,miss_count,miss_rate,private,shared,private_rate
0,45854358,11337782,34516576,1832392,744111,2253876,322627,0.1252189,2130319,337059,0.8633939
1,40403695,11290799,29112896,1821846,585998,2138096,269748,0.1120289,1981824,340745,0.8532896
2,46807880,11337671,35470209,1838008,766181,2272209,331980,0.1274792,2175125,317098,0.872765
3,39995995,11301515,28694480,1832174,579291,2145980,265485,0.1100928,1977256,349365,0.8498402
