pid,execution_cycles,compute_cycles,idle_cycles,loads,stores,hit_count,miss_count,miss_rate,private,shared,private_rate
0,46672987,11337782,35335205,1832392,744111,2245777,330726,0.1283624,2148686,330421,0.8667177
1,36028876,11290799,24738077,1821846,585998,2182533,225311,0.09357375,2004077,337795,0.8557586
2,47432994,11337671,36095323,1838008,766181,2266063,338126,0.1298393,2190450,314351,0.8745006
3,35629700,11301515,24328185,1832174,579291,2190321,221144,0.09170525,1984176,362270,0.8456091
