pid,execution_cycles,compute_cycles,idle_cycles,loads,stores,hit_count,miss_count,miss_rate,private,shared,private_rate
0,20832504,11337782,9494722,1832392,744111,2506622,69881,0.02712242,2025764,512465,0.7981014
1,20149186,11290799,8858387,1821846,585998,2342687,65157,0.02706031,1919631,453691,0.8088371
2,20786918,11337671,9449247,1838008,766181,2535047,69142,0.0265503,2077763,484928,0.8107739
3,20313607,11301515,9012092,1832174,579291,2344792,66673,0.02764834,1879064,492819,0.7922246
