pid,execution_cycles,compute_cycles,idle_cycles,loads,stores,hit_count,miss_count,miss_rate,private,shared,private_rate
0,16162359,11337782,4824577,1832392,744111,2553121,23382,0.009075091,2041105,526971,0.7947993
1,15949669,11290799,4658870,1821846,585998,2383534,24310,0.01009617,1899281,500164,0.7915501
2,16203956,11337671,4866285,1838008,766181,2579965,24224,0.009301936,2057538,535395,0.7935176
3,15966715,11301515,4665200,1832174,579291,2386964,24501,0.01016021,1863658,538336,0.7758795
