pid,execution_cycles,compute_cycles,idle_cycles,loads,stores,hit_count,miss_count,miss_rate,private,shared,private_rate
0,27064669,11337782,15726887,1832392,744111,2448848,127655,0.04954584,2008524,475530,0.808567
1,25728394,11290799,14437595,1821846,585998,2290035,117809,0.04892717,1883981,442575,0.8097725
2,27020388,11337671,15682717,1838008,766181,2477657,126532,0.04858787,2070166,442807,0.8237916
3,25908778,11301515,14607263,1832174,579291,2290927,120538,0.04998538,1832152,493699,0.787734
