pid,execution_cycles,compute_cycles,idle_cycles,loads,stores,hit_count,miss_count,miss_rate,private,shared,private_rate
0,15878852,11337782,4541070,1832392,744111,2557306,19197,0.007450797,2051742,518738,0.7981941
1,15703535,11290799,4412736,1821846,585998,2388628,19216,0.007980583,1900608,500826,0.7914471
2,15912440,11337671,4574769,1838008,766181,2585153,19036,0.007309761,2075734,520496,0.7995185
3,15609350,11301515,4307835,1832174,579291,2393475,17990,0.007460195,1892437,512328,0.786953
