pid,execution_cycles,compute_cycles,idle_cycles,loads,stores,hit_count,miss_count,miss_rate,private,shared,private_rate
0,38113282,11337782,26775500,1832392,744111,2332012,244491,0.09489257,2065785,356730,0.8527439
1,34380221,11290799,23089422,1821846,585998,2198810,209034,0.08681376,1906202,363180,0.8399652
2,39551181,11337671,28213510,1838008,766181,2345430,258759,0.0993626,2113487,326306,0.8662567
3,34073525,11301515,22772010,1832174,579291,2205710,205755,0.08532365,1905272,370807,0.8370852
