pid,execution_cycles,compute_cycles,idle_cycles,loads,stores,hit_count,miss_count,miss_rate,private,shared,private_rate
0,16567446,11337782,5229664,1832392,744111,2557625,18878,0.007326985,2072819,493423,0.8077255
1,16156972,11290799,4866173,1821846,585998,2389529,18315,0.00760639,1871859,527117,0.7802742
2,16886866,11337671,5549195,1838008,766181,2582674,21515,0.008261689,2105099,487708,0.8118996
3,16096969,11301515,4795454,1832174,579291,2393791,17674,0.007329155,1844997,557678,0.7678929
