pid,execution_cycles,compute_cycles,idle_cycles,loads,stores,hit_count,miss_count,miss_rate,private,shared,private_rate
0,26608758,11337782,15270976,1832392,744111,2448276,128227,0.04976784,2027917,455434,0.8166051
1,25419451,11290799,14128652,1821846,585998,2289452,118392,0.0491693,1917356,409510,0.8240079
2,26421899,11337671,15084228,1838008,766181,2478128,126061,0.04840701,2088158,426978,0.8302366
3,25709602,11301515,14408087,1832174,579291,2290287,121178,0.05025078,1867547,457820,0.8031192
