pid,execution_cycles,compute_cycles,idle_cycles,loads,stores,hit_count,miss_count,miss_rate,private,shared,private_rate
0,15321486,11337782,3983704,1832392,744111,2573002,3501,0.001358819,1991670,582991,0.7735659
1,14778605,11290799,3487806,1821846,585998,2404923,2921,0.001213118,1861676,544720,0.7736366
2,15463848,11337671,4126177,1838008,766181,2600414,3775,0.001449588,2007762,594382,0.7715799
3,14982774,11301515,3681259,1832174,579291,2408388,3077,0.001275988,1765847,644075,0.7327403
