pid,execution_cycles,compute_cycles,idle_cycles,loads,stores,hit_count,miss_count,miss_rate,private,shared,private_rate
0,16045235,11337782,4707453,1832392,744111,2562561,13942,0.00541121,1974833,594953,0.7684815
1,15543989,11290799,4253190,1821846,585998,2395166,12678,0.005265291,1859142,542718,0.7740426
2,16120443,11337671,4782772,1838008,766181,2590210,13979,0.00536789,1949326,646382,0.7509805
3,15602232,11301515,4300717,1832174,579291,2398519,12946,0.005368521,1773955,630000,0.7379319
