pid,execution_cycles,compute_cycles,idle_cycles,loads,stores,hit_count,miss_count,miss_rate,private,shared,private_rate
0,21822603,11337782,10484821,1832392,744111,2496621,79882,0.03100404,2062905,457895,0.8183533
1,20909209,11290799,9618410,1821846,585998,2335010,72834,0.03024864,1915378,445466,0.8113107
2,22220438,11337671,10882767,1838008,766181,2520567,83622,0.03211057,2110344,435462,0.8289493
3,20975719,11301515,9674204,1832174,579291,2338104,73361,0.03042176,1889131,473969,0.7994291
